ticket,time_setup,type,state,volume_initial,volume_current,price_open,sl,tp,symbol,comment
127055393,2026-02-16 02:15:00,0,4,0.2,0.0,0.0,0.0,0.0,XAGUSD.p,Test : 0.04 / Act=t / Pow=50 / 
127075055,2026-02-16 02:49:25,1,4,0.2,0.0,76.685,0.0,0.0,XAGUSD.p,[tp 76.685]
127075062,2026-02-16 02:49:26,0,4,0.2,0.0,0.0,0.0,0.0,XAGUSD.p,Test : 0.04 / Act=t / Pow=50 / 
127085338,2026-02-16 03:07:49,1,4,0.2,0.0,76.915,0.0,0.0,XAGUSD.p,[tp 76.915]
127085349,2026-02-16 03:07:49,0,4,0.21,0.0,0.0,0.0,0.0,XAGUSD.p,Test : 0.04 / Act=t / Pow=50 / 
127091560,2026-02-16 03:19:27,1,4,0.21,0.0,77.145,0.0,0.0,XAGUSD.p,[tp 77.145]
127181330,2026-02-16 05:30:00,0,4,0.21,0.0,0.0,0.0,0.0,XAGUSD.p,Test : 0.04 / Act=t / Pow=50 / 
127281190,2026-02-16 07:54:20,1,4,0.21,0.0,75.819,0.0,0.0,XAGUSD.p,[tp 75.819]
127281211,2026-02-16 07:54:21,0,4,0.21,0.0,0.0,0.0,0.0,XAGUSD.p,Test : 0.04 / Act=t / Pow=50 / 
127290295,2026-02-16 08:10:55,0,4,0.34,0.0,0.0,0.0,0.0,XAGUSD.p,Test : 0.04 / Act=t / Pow=80 / 
127298202,2026-02-16 08:25:42,1,4,0.21,0.0,76.089,0.0,0.0,XAGUSD.p,[tp 76.089]
127305305,2026-02-16 08:36:04,1,4,0.34,0.0,76.29,0.0,0.0,XAGUSD.p,[tp 76.290]
127321065,2026-02-16 09:00:00,1,4,0.36,0.0,0.0,0.0,0.0,XAGUSD.p,Test : 0.04 / Act=t / Pow=80 / 
127496770,2026-02-16 14:28:02,1,4,0.1,0.0,0.0,0.0,0.0,XAGUSD.p,Test : 0.04 / Act=t / Pow=25 / 
127499465,2026-02-16 14:32:02,0,4,0.1,0.0,0.0,0.0,0.0,XAGUSD.p,
127515082,2026-02-16 15:00:00,1,4,0.07,0.0,0.0,0.0,0.0,XAGUSD.p,Test : 0.04 / Act=t / Pow=17 / 
127544241,2026-02-16 15:47:13,0,4,0.07,0.0,76.827,0.0,0.0,XAGUSD.p,[tp 76.827]
127579382,2026-02-16 16:45:46,0,4,0.36,0.0,76.415,0.0,0.0,XAGUSD.p,[tp 76.415]
127615275,2026-02-16 17:30:00,0,4,0.08,0.0,0.0,0.0,0.0,XAGUSD.p,Test : 0.07 / Act=t / Pow=17 / 
127659121,2026-02-16 18:31:14,1,4,0.08,0.0,76.517,0.0,0.0,XAGUSD.p,[tp 76.517]
127659177,2026-02-16 18:31:14,0,4,0.08,0.0,0.0,0.0,0.0,XAGUSD.p,Test : 0.07 / Act=t / Pow=17 / 
127710454,2026-02-16 20:10:30,1,4,0.08,0.0,76.726,0.0,0.0,XAGUSD.p,[tp 76.726]
127730022,2026-02-16 20:30:00,1,4,0.08,0.0,0.0,0.0,0.0,XAGUSD.p,Test : 0.07 / Act=t / Pow=17 / 
127766672,2026-02-16 21:18:15,0,4,0.08,0.0,76.544,0.0,0.0,XAGUSD.p,[tp 76.544]
127801605,2026-02-17 01:17:29,0,4,0.08,0.0,0.0,0.0,0.0,XAGUSD.p,Test : 0.07 / Act=t / Pow=17 / 
127806596,2026-02-17 01:22:16,1,4,0.08,0.0,76.472,0.0,0.0,XAGUSD.p,[tp 76.472]
127853403,2026-02-17 02:30:02,0,4,0.08,0.0,0.0,0.0,0.0,XAGUSD.p,Test : 0.07 / Act=t / Pow=17 / 
127862318,2026-02-17 02:45:00,0,4,0.08,0.0,0.0,0.0,0.0,XAGUSD.p,Test : 0.07 / Act=t / Pow=17 / 
127871279,2026-02-17 02:54:50,0,4,0.16,0.0,0.0,0.0,0.0,XAGUSD.p,Test : 0.07 / Act=t / Pow=17 / 
127901889,2026-02-17 03:27:04,1,4,0.08,0.0,75.525,0.0,0.0,XAGUSD.p,[tp 75.525]
127901890,2026-02-17 03:27:04,1,4,0.08,0.0,75.525,0.0,0.0,XAGUSD.p,[tp 75.525]
127901929,2026-02-17 03:27:04,1,4,0.16,0.0,75.527,0.0,0.0,XAGUSD.p,[tp 75.527]
127901938,2026-02-17 03:27:04,0,4,0.08,0.0,0.0,0.0,0.0,XAGUSD.p,Test : 0.07 / Act=t / Pow=17 / 
127902414,2026-02-17 03:27:46,1,4,0.08,0.0,75.764,0.0,0.0,XAGUSD.p,[tp 75.764]
127903753,2026-02-17 03:30:00,0,4,0.08,0.0,0.0,0.0,0.0,XAGUSD.p,Test : 0.07 / Act=t / Pow=17 / 
127909662,2026-02-17 03:43:36,1,4,0.08,0.0,75.969,0.0,0.0,XAGUSD.p,[tp 75.969]
127910667,2026-02-17 03:45:00,0,4,0.08,0.0,0.0,0.0,0.0,XAGUSD.p,Test : 0.07 / Act=t / Pow=17 / 
127929429,2026-02-17 04:20:13,1,4,0.08,0.0,76.352,0.0,0.0,XAGUSD.p,[tp 76.352]
127929436,2026-02-17 04:20:13,0,4,0.08,0.0,0.0,0.0,0.0,XAGUSD.p,Test : 0.07 / Act=t / Pow=17 / 
128306487,2026-02-17 13:29:43,1,4,0.08,0.0,0.0,0.0,0.0,XAGUSD.p,
128325888,2026-02-17 14:00:00,0,4,0.1,0.0,0.0,0.0,0.0,XAGUSD.p,Lot0.1/E30/TP15/Mbd5/Recv2
128337631,2026-02-17 14:12:15,1,4,0.1,0.0,74.976,0.0,0.0,XAGUSD.p,[tp 74.976]
128365274,2026-02-17 14:45:00,1,4,0.1,0.0,0.0,0.0,0.0,XAGUSD.p,Lot0.1/E30/TP15/Mbd5/Recv2
128381458,2026-02-17 15:00:19,0,4,0.1,0.0,74.621,0.0,0.0,XAGUSD.p,[tp 74.621]
128415142,2026-02-17 15:30:00,0,4,0.1,0.0,0.0,0.0,0.0,XAGUSD.p,Lot0.1/E30/TP15/Mbd5/Recv2
128428445,2026-02-17 15:41:15,1,4,0.1,0.0,74.575,0.0,0.0,XAGUSD.p,[tp 74.575]
128432427,2026-02-17 15:45:00,0,4,0.1,0.0,0.0,0.0,0.0,XAGUSD.p,Lot0.1/E30/TP15/Mbd5/Recv2
128642746,2026-02-17 17:49:17,1,4,0.1,0.0,0.0,0.0,0.0,XAGUSD.p,
128657062,2026-02-17 18:00:00,0,4,0.1,0.0,0.0,0.0,0.0,XAGUSD.p,E15/TP8/Mbd1/Tstop5/Recv2
128659456,2026-02-17 18:01:52,1,4,0.1,0.0,73.437,0.0,0.0,XAGUSD.p,[tp 73.437]
128748019,2026-02-17 19:30:00,0,4,0.1,0.0,0.0,0.0,0.0,XAGUSD.p,E15/TP8/Mbd1/Tstop5/Recv2
128775100,2026-02-17 20:04:02,1,4,0.1,0.0,73.044,0.0,0.0,XAGUSD.p,[tp 73.044]
128775103,2026-02-17 20:04:02,0,4,0.1,0.0,0.0,0.0,0.0,XAGUSD.p,E15/TP8/Mbd1/Tstop5/Recv2
128783560,2026-02-17 20:11:18,1,4,0.1,0.0,73.22,0.0,0.0,XAGUSD.p,[tp 73.220]
128788232,2026-02-17 20:15:00,0,4,0.1,0.0,0.0,0.0,0.0,XAGUSD.p,E15/TP8/Mbd1/Tstop5/Recv2
128790389,2026-02-17 20:16:06,1,4,0.1,0.0,73.247,0.0,0.0,XAGUSD.p,[tp 73.247]
128835461,2026-02-17 20:45:00,1,4,0.1,0.0,0.0,0.0,0.0,XAGUSD.p,E15/TP8/Mbd1/Tstop5/Recv2
128896143,2026-02-17 22:02:28,0,4,0.1,0.0,73.418,0.0,0.0,XAGUSD.p,[tp 73.418]
128990518,2026-02-18 01:30:00,1,4,0.1,0.0,0.0,0.0,0.0,XAGUSD.p,E15/TP8/Mbd1/Tstop5/Recv2
128993507,2026-02-18 01:34:04,0,4,0.1,0.0,73.353,0.0,0.0,XAGUSD.p,[tp 73.353]
129026139,2026-02-18 02:15:00,0,4,0.1,0.0,0.0,0.0,0.0,XAGUSD.p,E15/TP8/Mbd1/Tstop5/Recv1
129027667,2026-02-18 02:16:55,1,4,0.1,0.0,72.725,0.0,0.0,XAGUSD.p,[tp 72.725]
129057938,2026-02-18 02:55:00,0,4,0.1,0.0,0.0,0.0,0.0,XAGUSD.p,M5/E15/TP8/Mbd2/Tstop4/Recv1
129066669,2026-02-18 03:03:08,1,4,0.1,0.0,72.954,0.0,0.0,XAGUSD.p,[tp 72.954]
129068563,2026-02-18 03:05:00,0,4,0.1,0.0,0.0,0.0,0.0,XAGUSD.p,M5/E15/TP8/Mbd2/Tstop4/Recv1
129070392,2026-02-18 03:08:22,1,4,0.1,0.0,72.869,0.0,0.0,XAGUSD.p,[tp 72.869]
129083166,2026-02-18 03:25:00,1,4,0.1,0.0,0.0,0.0,0.0,XAGUSD.p,M5/E15/TP8/Mbd2/Tstop4/Recv1
129155172,2026-02-18 05:20:01,1,4,0.1,0.0,0.0,0.0,0.0,XAGUSD.p,M5/E15/TP8/Mbd2/Tstop4/Recv1
129165521,2026-02-18 05:45:33,1,4,0.2,0.0,0.0,0.0,0.0,XAGUSD.p,M5/E15/TP8/Mbd2/Tstop4/Recv1
129179121,2026-02-18 06:15:00,1,4,0.4,0.0,0.0,0.0,0.0,XAGUSD.p,M5/E15/TP8/Mbd2/Tstop4/Recv1
129179188,2026-02-18 06:15:05,0,4,0.4,0.0,0.0,0.0,0.0,XAGUSD.p,from #129179121
129179190,2026-02-18 06:15:05,0,4,0.2,0.0,0.0,0.0,0.0,XAGUSD.p,from #129165521
129179192,2026-02-18 06:15:05,0,4,0.1,0.0,0.0,0.0,0.0,XAGUSD.p,from #129155172
129179195,2026-02-18 06:15:06,0,4,0.1,0.0,0.0,0.0,0.0,XAGUSD.p,from #129083166
129181226,2026-02-18 06:20:01,1,4,0.1,0.0,0.0,0.0,0.0,XAGUSD.p,M5/E15/TP8/Mbd2/Tstop4/Recv1
129185515,2026-02-18 06:30:00,1,4,0.1,0.0,0.0,0.0,0.0,XAGUSD.p,M5/E15/TP8/Mbd2/Tstop4/Recv1
129235768,2026-02-18 08:45:00,0,4,0.1,0.0,0.0,0.0,0.0,USOUSD.p,M5/E15/TP8/Mbd2/Tstop4/Recv2
129238806,2026-02-18 08:50:31,1,4,0.1,0.0,62.641,0.0,0.0,USOUSD.p,[tp 62.641]
129239864,2026-02-18 08:55:04,1,4,0.1,0.0,0.0,0.0,0.0,USOUSD.p,M5/E15/TP8/Mbd2/Tstop4/Recv2
129260214,2026-02-18 09:35:07,0,4,0.1,0.0,62.481,0.0,0.0,USOUSD.p,[tp 62.481]
129377797,2026-02-18 13:10:02,1,4,0.1,0.0,0.0,0.0,0.0,USOUSD.p,M5/E15/TP8/Mbd2/Tstop4/Recv2
129417676,2026-02-18 14:15:01,1,4,0.1,0.0,0.0,0.0,0.0,USOUSD.p,M5/E15/TP8/Mbd2/Tstop4/Recv2
129489739,2026-02-18 15:36:26,0,4,0.1,0.0,0.0,0.0,0.0,XAGUSD.p,from #129185515
129489740,2026-02-18 15:36:26,0,4,0.1,0.0,0.0,0.0,0.0,XAGUSD.p,from #129181226
129502831,2026-02-18 15:45:00,1,4,0.1,0.0,0.0,0.0,0.0,XAGUSD.p,M5/E15/TP8/Mbd2/Tstop4/Recv1
129507701,2026-02-18 15:48:56,0,4,0.1,0.0,76.57,0.0,0.0,XAGUSD.p,[tp 76.570]
129508752,2026-02-18 15:50:00,1,4,0.1,0.0,0.0,0.0,0.0,XAGUSD.p,M5/E15/TP8/Mbd2/Tstop4/Recv1
129512732,2026-02-18 15:54:10,0,4,0.1,0.0,76.492,0.0,0.0,XAGUSD.p,[tp 76.492]
129513375,2026-02-18 15:55:01,1,4,0.1,0.0,0.0,0.0,0.0,XAGUSD.p,M5/E15/TP8/Mbd2/Tstop4/Recv1
129568992,2026-02-18 16:40:00,1,4,0.1,0.0,0.0,0.0,0.0,XAGUSD.p,M5/E15/TP8/Mbd2/Tstop4/Recv1
129608651,2026-02-18 17:05:00,1,4,0.2,0.0,0.0,0.0,0.0,XAGUSD.p,M5/E15/TP8/Mbd2/Tstop4/Recv1
129643452,2026-02-18 17:34:57,0,4,0.02,0.0,0.0,0.0,0.0,GBPAUD.p,M5/E15/TP8/Mbd2/Tstop4/Recv2
129650040,2026-02-18 17:42:14,1,4,0.02,0.0,1.91658,0.0,0.0,GBPAUD.p,[tp 1.91658]
129650041,2026-02-18 17:42:14,0,4,0.5,0.0,0.0,0.0,0.0,GBPAUD.p,M5/E15/TP8/Mbd2/Tstop4/Recv2
129660008,2026-02-18 17:55:00,1,4,0.5,0.0,0.0,0.0,0.0,GBPJPY.p,M5/E15/TP8/Mbd2/Tstop4/Recv2
129660022,2026-02-18 17:55:00,1,4,0.5,0.0,0.0,0.0,0.0,AUDJPY.p,M5/E15/TP8/Mbd2/Tstop4/Recv2
129713953,2026-02-18 19:15:00,1,4,0.2,0.0,0.0,0.0,0.0,USOUSD.p,M5/E15/TP8/Mbd2/Tstop4/Recv2
129725841,2026-02-18 19:40:23,0,4,0.5,0.0,208.946,0.0,0.0,GBPJPY.p,[tp 208.946]
129735985,2026-02-18 20:05:02,1,4,0.4,0.0,0.0,0.0,0.0,USOUSD.p,M5/E15/TP8/Mbd2/Tstop4/Recv2
129752982,2026-02-18 20:31:31,0,4,0.1,0.0,77.347,0.0,0.0,XAGUSD.p,[tp 77.347]
129752983,2026-02-18 20:31:31,0,4,0.1,0.0,77.347,0.0,0.0,XAGUSD.p,[tp 77.347]
129752984,2026-02-18 20:31:31,0,4,0.2,0.0,77.356,0.0,0.0,XAGUSD.p,[tp 77.356]
129768412,2026-02-18 20:50:00,0,4,0.1,0.0,0.0,0.0,0.0,XAGUSD.p,M5/E15/TP8/Mbd2/Tstop4/Recv1
129774196,2026-02-18 21:01:00,1,4,0.1,0.0,77.347,0.0,0.0,XAGUSD.p,[tp 77.347]
129775695,2026-02-18 21:03:21,0,4,0.5,0.0,109.019,0.0,0.0,AUDJPY.p,[tp 109.019]
129777406,2026-02-18 21:05:00,1,4,0.5,0.0,0.0,0.0,0.0,GBPJPY.p,M5/E15/TP8/Mbd2/Tstop4/Recv2
129777417,2026-02-18 21:05:00,0,4,0.1,0.0,0.0,0.0,0.0,XAGUSD.p,M5/E15/TP8/Mbd2/Tstop4/Recv1
129780622,2026-02-18 21:10:00,0,4,0.5,0.0,0.0,0.0,0.0,AUDJPY.p,M5/E15/TP8/Mbd2/Tstop4/Recv2
129794335,2026-02-18 21:30:00,0,4,0.1,0.0,0.0,0.0,0.0,XAGUSD.p,M5/E15/TP8/Mbd2/Tstop4/Recv1
129796039,2026-02-18 21:31:34,0,4,0.2,0.0,0.0,0.0,0.0,XAGUSD.p,M5/E15/TP8/Mbd2/Tstop4/Recv1
129796087,2026-02-18 21:31:37,1,4,0.5,0.0,1.91747,0.0,0.0,GBPAUD.p,[tp 1.91747]
129814165,2026-02-18 22:00:00,1,4,0.5,0.0,0.0,0.0,0.0,GBPAUD.p,M5/E15/TP8/Mbd2/Tstop4/Recv2
129826929,2026-02-18 22:25:12,1,4,0.1,0.0,76.901,0.0,0.0,XAGUSD.p,[tp 76.901]
129826930,2026-02-18 22:25:12,1,4,0.1,0.0,76.901,0.0,0.0,XAGUSD.p,[tp 76.901]
129826931,2026-02-18 22:25:12,1,4,0.2,0.0,76.901,0.0,0.0,XAGUSD.p,[tp 76.901]
129835637,2026-02-18 22:40:00,1,4,0.1,0.0,0.0,0.0,0.0,XAGUSD.p,M5/E15/TP8/Mbd2/Tstop4/Recv1
129840654,2026-02-18 22:49:58,0,4,0.5,0.0,1.91731,0.0,0.0,GBPAUD.p,[tp 1.91731]
129907794,2026-02-19 02:01:40,0,4,0.5,0.0,208.738,0.0,0.0,GBPJPY.p,[tp 208.738]
129908785,2026-02-19 02:02:36,0,4,0.1,0.0,76.989,0.0,0.0,XAGUSD.p,[tp 76.989]
129908901,2026-02-19 02:02:37,0,4,0.1,0.0,0.0,0.0,0.0,XAGUSD.p,M5/E15/TP8/Mbd2/Tstop4/Recv1
129913532,2026-02-19 02:09:12,1,4,0.5,0.0,0.0,0.0,0.0,AUDJPY.p,
129913554,2026-02-19 02:09:13,0,4,0.1,0.0,0.0,0.0,0.0,USOUSD.p,
129913571,2026-02-19 02:09:15,0,4,0.1,0.0,0.0,0.0,0.0,USOUSD.p,
129913575,2026-02-19 02:09:15,0,4,0.2,0.0,0.0,0.0,0.0,USOUSD.p,
129913588,2026-02-19 02:09:16,0,4,0.4,0.0,0.0,0.0,0.0,USOUSD.p,
129913592,2026-02-19 02:09:17,1,4,0.1,0.0,0.0,0.0,0.0,XAGUSD.p,
129922754,2026-02-19 02:30:00,1,4,1.0,0.0,0.0,0.0,0.0,GBPAUD.p,E25/TP8/Tsto4/Tste2/Recv2
129923476,2026-02-19 02:30:44,0,4,1.0,0.0,1.9135900000000001,0.0,0.0,GBPAUD.p,[tp 1.91359]
129925530,2026-02-19 02:35:00,0,4,0.1,0.0,0.0,0.0,0.0,XAGUSD.p,E25/TP8/Tsto4/Tste2/Recv2
129925536,2026-02-19 02:35:00,0,4,1.0,0.0,0.0,0.0,0.0,GBPAUD.p,E25/TP8/Tsto4/Tste2/Recv2
129926813,2026-02-19 02:37:00,1,4,1.0,0.0,1.9156300000000002,0.0,0.0,GBPAUD.p,[tp 1.91563]
129928499,2026-02-19 02:40:00,1,4,1.0,0.0,0.0,0.0,0.0,AUDJPY.p,E25/TP8/Tsto4/Tste2/Recv2
129928540,2026-02-19 02:40:00,0,4,1.0,0.0,0.0,0.0,0.0,GBPAUD.p,E25/TP8/Tsto4/Tste2/Recv2
129945250,2026-02-19 03:15:00,1,4,1.0,0.0,0.0,0.0,0.0,EURCAD.p,E25/TP8/Tsto4/Tste2/Recv2
129955897,2026-02-19 03:45:00,0,4,1.0,0.0,0.0,0.0,0.0,GBPAUD.p,E25/TP8/Tsto4/Tste2/Recv2
129955902,2026-02-19 03:45:00,1,4,1.0,0.0,0.0,0.0,0.0,GBPJPY.p,E25/TP8/Tsto4/Tste2/Recv2
129958023,2026-02-19 03:51:12,1,4,0.1,0.0,77.11,0.0,0.0,XAGUSD.p,[tp 77.110]
129968564,2026-02-19 04:15:00,1,4,0.1,0.0,0.0,0.0,0.0,XAGUSD.p,E25/TP8/Tsto4/Tste2/Recv2
129970438,2026-02-19 04:16:35,0,4,0.1,0.0,77.113,0.0,0.0,XAGUSD.p,[tp 77.113]
129972034,2026-02-19 04:20:00,1,4,0.1,0.0,0.0,0.0,0.0,XAGUSD.p,E25/TP8/Tsto4/Tste2/Recv2
129972045,2026-02-19 04:20:00,1,4,0.5,0.0,0.0,0.0,0.0,USOUSD.p,E25/TP8/Tsto4/Tste2/Recv2
129972454,2026-02-19 04:21:10,0,4,1.0,0.0,208.922,0.0,0.0,GBPJPY.p,[tp 208.922]
129972486,2026-02-19 04:21:10,1,4,1.0,0.0,0.0,0.0,0.0,GBPJPY.p,E25/TP8/Tsto4/Tste2/Recv2
130002522,2026-02-19 05:45:00,1,4,0.1,0.0,0.0,0.0,0.0,XAGUSD.p,E25/TP8/Tsto4/Tste2/Recv2
130078884,2026-02-19 08:35:00,1,4,0.2,0.0,0.0,0.0,0.0,XAGUSD.p,E25/TP8/Tsto4/Tste2/Recv2
130097326,2026-02-19 09:14:16,0,4,1.0,0.0,1.61389,0.0,0.0,EURCAD.p,[tp 1.61389]
130100823,2026-02-19 09:26:50,0,4,0.2,0.0,0.0,0.0,0.0,XAGUSD.p,from #130078884
130100825,2026-02-19 09:26:50,0,4,0.1,0.0,0.0,0.0,0.0,XAGUSD.p,from #130002522
130100828,2026-02-19 09:26:51,0,4,0.1,0.0,0.0,0.0,0.0,XAGUSD.p,from #129972034
130102737,2026-02-19 09:35:00,1,4,0.1,0.0,0.0,0.0,0.0,XAGUSD.p,E25/TP8/Tsto4/Tste2/Recv2
130109332,2026-02-19 09:56:34,0,4,0.1,0.0,78.972,0.0,0.0,XAGUSD.p,[tp 78.972]
130109333,2026-02-19 09:56:34,1,4,0.1,0.0,0.0,0.0,0.0,XAGUSD.p,E25/TP8/Tsto4/Tste2/Recv2
130112449,2026-02-19 10:02:14,0,4,0.1,0.0,78.771,0.0,0.0,XAGUSD.p,[tp 78.771]
130112452,2026-02-19 10:02:15,1,4,0.1,0.0,0.0,0.0,0.0,XAGUSD.p,E25/TP8/Tsto4/Tste2/Recv2
130126044,2026-02-19 10:35:05,1,4,0.5,0.0,0.0,0.0,0.0,USOUSD.p,E25/TP8/Tsto4/Tste2/Recv2
130159160,2026-02-19 11:36:43,0,4,0.1,0.0,78.588,0.0,0.0,XAGUSD.p,[tp 78.588]
130159174,2026-02-19 11:36:44,0,4,0.1,0.0,0.0,0.0,0.0,XAGUSD.p,E25/TP8/Tsto4/Tste2/Recv2
130162769,2026-02-19 11:42:58,1,4,0.1,0.0,78.68,0.0,0.0,XAGUSD.p,[tp 78.680]
130163752,2026-02-19 11:45:00,0,4,0.1,0.0,0.0,0.0,0.0,XAGUSD.p,E25/TP8/Tsto4/Tste2/Recv2
130188636,2026-02-19 12:30:37,0,4,1.0,0.0,208.786,0.0,0.0,GBPJPY.p,[tp 208.786]
130195108,2026-02-19 12:40:00,0,4,1.0,0.0,0.0,0.0,0.0,GBPJPY.p,E25/TP8/Tsto4/Tste2/Recv2
130219375,2026-02-19 13:30:00,0,4,1.0,0.0,0.0,0.0,0.0,GBPJPY.p,E25/TP8/Tsto4/Tste2/Recv2
130228786,2026-02-19 13:50:36,0,4,1.0,0.0,108.921,0.0,0.0,AUDJPY.p,[tp 108.921]
130232763,2026-02-19 13:55:00,0,4,0.1,0.0,0.0,0.0,0.0,XAGUSD.p,E25/TP8/Tsto4/Tste2/Recv2
130234430,2026-02-19 13:59:35,0,4,0.2,0.0,0.0,0.0,0.0,XAGUSD.p,E25/TP8/Tsto4/Tste2/Recv2
130234671,2026-02-19 14:00:00,0,4,1.0,0.0,0.0,0.0,0.0,AUDJPY.p,E25/TP8/Tsto4/Tste2/Recv2
130234716,2026-02-19 14:00:00,0,4,1.0,0.0,0.0,0.0,0.0,EURCAD.p,E25/TP8/Tsto4/Tste2/Recv2
130249067,2026-02-19 14:27:46,1,4,1.0,0.0,109.036,0.0,0.0,AUDJPY.p,[tp 109.036]
130249068,2026-02-19 14:27:46,0,4,1.0,0.0,0.0,0.0,0.0,AUDJPY.p,E25/TP8/Tsto4/Tste2/Recv2
130252448,2026-02-19 14:35:15,1,4,1.0,0.0,109.127,0.0,0.0,AUDJPY.p,[tp 109.127]
130252450,2026-02-19 14:35:15,0,4,1.0,0.0,0.0,0.0,0.0,AUDJPY.p,E25/TP8/Tsto4/Tste2/Recv2
130261286,2026-02-19 14:53:05,1,4,0.1,0.0,78.24,0.0,0.0,XAGUSD.p,[tp 78.240]
130261287,2026-02-19 14:53:05,1,4,0.1,0.0,78.24,0.0,0.0,XAGUSD.p,[tp 78.240]
130261288,2026-02-19 14:53:05,1,4,0.2,0.0,78.235,0.0,0.0,XAGUSD.p,[tp 78.235]
130273187,2026-02-19 15:10:00,0,4,0.1,0.0,0.0,0.0,0.0,XAGUSD.p,E25/TP8/Tsto4/Tste2/Recv2
130280226,2026-02-19 15:22:00,1,4,0.1,0.0,77.948,0.0,0.0,XAGUSD.p,[tp 77.948]
130282147,2026-02-19 15:25:00,0,4,0.1,0.0,0.0,0.0,0.0,XAGUSD.p,E25/TP8/Tsto4/Tste2/Recv2
130292252,2026-02-19 15:36:34,1,4,0.1,0.0,78.17,0.0,0.0,XAGUSD.p,[tp 78.170]
130292614,2026-02-19 15:36:58,1,4,1.0,0.0,109.219,0.0,0.0,AUDJPY.p,[tp 109.219]
130300347,2026-02-19 15:44:34,1,4,1.0,0.0,0.0,0.0,0.0,EURCAD.p,
130300353,2026-02-19 15:44:35,1,4,1.0,0.0,0.0,0.0,0.0,GBPAUD.p,
130300359,2026-02-19 15:44:35,1,4,1.0,0.0,0.0,0.0,0.0,GBPAUD.p,
130300363,2026-02-19 15:44:35,1,4,1.0,0.0,0.0,0.0,0.0,GBPJPY.p,
130300370,2026-02-19 15:44:36,1,4,1.0,0.0,0.0,0.0,0.0,GBPJPY.p,
130300374,2026-02-19 15:44:36,0,4,0.5,0.0,0.0,0.0,0.0,USOUSD.p,
130300393,2026-02-19 15:44:38,0,4,0.5,0.0,0.0,0.0,0.0,USOUSD.p,
130324144,2026-02-19 16:15:00,0,4,1.0,0.0,0.0,0.0,0.0,GBPAUD.p,E18/TP6/Mbody2/Tsto4/Tste1/Recv
130324154,2026-02-19 16:15:00,0,4,1.0,0.0,0.0,0.0,0.0,EURCAD.p,E18/TP6/Mbody2/Tsto4/Tste1/Recv
130324167,2026-02-19 16:15:00,1,4,0.5,0.0,0.0,0.0,0.0,USOUSD.p,E18/TP6/Mbody2/Tsto4/Tste1/Recv
130333806,2026-02-19 16:30:00,0,4,0.1,0.0,0.0,0.0,0.0,XAGUSD.p,E18/TP6/Mbody2/Tsto4/Tste1/Recv
130334054,2026-02-19 16:30:00,0,4,0.5,0.0,66.185,0.0,0.0,USOUSD.p,[tp 66.185]
130339734,2026-02-19 16:33:57,1,4,1.0,0.0,1.9109699999999998,0.0,0.0,GBPAUD.p,[tp 1.91097]
130356662,2026-02-19 16:45:00,1,4,1.0,0.0,0.0,0.0,0.0,AUDJPY.p,E18/TP6/Mbody2/Tsto4/Tste1/Recv
130356668,2026-02-19 16:45:00,1,4,1.0,0.0,0.0,0.0,0.0,GBPJPY.p,E18/TP6/Mbody2/Tsto4/Tste1/Recv
130371413,2026-02-19 16:56:00,1,4,0.1,0.0,78.086,0.0,0.0,XAGUSD.p,[tp 78.086]
130374924,2026-02-19 17:00:00,1,4,0.5,0.0,0.0,0.0,0.0,USOUSD.p,E18/TP6/Mbody2/Tsto4/Tste1/Recv
130376159,2026-02-19 17:00:55,0,4,0.5,0.0,66.435,0.0,0.0,USOUSD.p,[tp 66.435]
130377702,2026-02-19 17:02:15,1,4,1.0,0.0,1.61121,0.0,0.0,EURCAD.p,[tp 1.61121]
130392952,2026-02-19 17:15:00,1,4,0.5,0.0,0.0,0.0,0.0,USOUSD.p,E18/TP6/Mbody2/Tsto4/Tste1/Recv
130392974,2026-02-19 17:15:00,0,4,1.0,0.0,0.0,0.0,0.0,EURCAD.p,E18/TP6/Mbody2/Tsto4/Tste1/Recv
130438543,2026-02-19 18:00:00,1,4,0.1,0.0,0.0,0.0,0.0,XAGUSD.p,E18/TP6/Mbody2/Tsto4/Tste1/Recv
130438916,2026-02-19 18:00:16,0,4,1.0,0.0,208.535,0.0,0.0,GBPJPY.p,[tp 208.535]
130439452,2026-02-19 18:01:24,0,4,0.1,0.0,78.549,0.0,0.0,XAGUSD.p,[tp 78.549]
130450353,2026-02-19 18:15:00,1,4,0.1,0.0,0.0,0.0,0.0,XAGUSD.p,E18/TP6/Mbody2/Tsto4/Tste1/Recv
130454991,2026-02-19 18:20:47,0,4,0.1,0.0,78.183,0.0,0.0,XAGUSD.p,[tp 78.183]
130462886,2026-02-19 18:30:00,0,4,1.0,0.0,0.0,0.0,0.0,GBPAUD.p,E18/TP6/Mbody2/Tsto4/Tste1/Recv
130490950,2026-02-19 18:59:40,1,4,1.0,0.0,1.90743,0.0,0.0,GBPAUD.p,[tp 1.90743]
130491193,2026-02-19 19:00:00,0,4,1.0,0.0,0.0,0.0,0.0,GBPAUD.p,E18/TP6/Mbody2/Tsto4/Tste1/Recv
130498137,2026-02-19 19:09:58,1,4,1.0,0.0,1.9080599999999999,0.0,0.0,GBPAUD.p,[tp 1.90806]
130500701,2026-02-19 19:15:00,0,4,0.1,0.0,0.0,0.0,0.0,XAGUSD.p,E18/TP6/Mbody2/Tsto4/Tste1/Recv
130502518,2026-02-19 19:18:04,1,4,0.1,0.0,77.841,0.0,0.0,XAGUSD.p,[tp 77.841]
130510214,2026-02-19 19:30:00,0,4,0.1,0.0,0.0,0.0,0.0,XAGUSD.p,E18/TP6/Mbody2/Tsto4/Tste1/Recv
130510251,2026-02-19 19:30:00,0,4,1.0,0.0,0.0,0.0,0.0,GBPJPY.p,E18/TP6/Mbody2/Tsto4/Tste1/Recv
130513697,2026-02-19 19:34:04,1,4,0.1,0.0,78.053,0.0,0.0,XAGUSD.p,[tp 78.053]
130517883,2026-02-19 19:38:19,1,4,1.0,0.0,208.477,0.0,0.0,GBPJPY.p,[tp 208.477]
130521486,2026-02-19 19:45:00,0,4,1.0,0.0,0.0,0.0,0.0,GBPAUD.p,E18/TP6/Mbody2/Tsto4/Tste1/Recv
130521488,2026-02-19 19:45:00,0,4,1.0,0.0,0.0,0.0,0.0,GBPJPY.p,E18/TP6/Mbody2/Tsto4/Tste1/Recv
130522796,2026-02-19 19:48:35,1,4,1.0,0.0,1.90821,0.0,0.0,GBPAUD.p,[tp 1.90821]
130543355,2026-02-19 20:15:00,0,4,0.1,0.0,0.0,0.0,0.0,XAGUSD.p,E18/TP6/Mbody2/Tsto4/Tste1/Recv
130552874,2026-02-19 20:30:01,0,4,1.0,0.0,0.0,0.0,0.0,GBPAUD.p,E18/TP6/Mbody2/Tsto4/Tste1/Recv
130553097,2026-02-19 20:30:32,1,4,1.0,0.0,208.578,0.0,0.0,GBPJPY.p,[tp 208.578]
130556070,2026-02-19 20:34:12,1,4,1.0,0.0,1.90882,0.0,0.0,GBPAUD.p,[tp 1.90882]
130566860,2026-02-19 20:53:03,1,4,0.1,0.0,77.931,0.0,0.0,XAGUSD.p,[tp 77.931]
130566866,2026-02-19 20:53:03,0,4,0.1,0.0,0.0,0.0,0.0,XAGUSD.p,E18/TP6/Mbody2/Tsto4/Tste1/Recv
130582274,2026-02-19 21:26:00,1,4,0.1,0.0,78.062,0.0,0.0,XAGUSD.p,[tp 78.062]
130590075,2026-02-19 21:43:52,1,4,1.0,0.0,1.61202,0.0,0.0,EURCAD.p,[tp 1.61202]
130656597,2026-02-20 01:15:00,1,4,0.1,0.0,0.0,0.0,0.0,XAGUSD.p,E18/TP6/Mbody2/Tsto4/Tste1/Recv
130675444,2026-02-20 01:54:43,0,4,0.1,0.0,78.139,0.0,0.0,XAGUSD.p,[tp 78.139]
130680200,2026-02-20 02:00:00,1,4,1.0,0.0,0.0,0.0,0.0,GBPJPY.p,E18/TP6/Mbody2/Tsto4/Tste1/Recv
130681433,2026-02-20 02:00:48,0,4,1.0,0.0,208.817,0.0,0.0,GBPJPY.p,[tp 208.817]
130688112,2026-02-20 02:15:00,0,4,0.1,0.0,0.0,0.0,0.0,XAGUSD.p,E18/TP6/Mbody2/Tsto4/Tste1/Recv
130693736,2026-02-20 02:30:00,1,4,1.0,0.0,0.0,0.0,0.0,GBPJPY.p,E18/TP6/Mbody2/Tsto4/Tste1/Recv
130699777,2026-02-20 02:44:08,1,4,0.1,0.0,78.333,0.0,0.0,XAGUSD.p,[tp 78.333]
130703816,2026-02-20 02:50:07,0,4,1.0,0.0,208.752,0.0,0.0,GBPJPY.p,[tp 208.752]
130709349,2026-02-20 03:00:00,1,4,1.0,0.0,0.0,0.0,0.0,GBPJPY.p,E18/TP6/Mbody2/Tsto4/Tste1/Recv
130714827,2026-02-20 03:06:18,0,4,1.0,0.0,208.708,0.0,0.0,GBPJPY.p,[tp 208.708]
130718886,2026-02-20 03:15:00,1,4,0.1,0.0,0.0,0.0,0.0,XAGUSD.p,E18/TP6/Mbody2/Tsto4/Tste1/Recv
130720826,2026-02-20 03:18:07,0,4,0.1,0.0,78.42,0.0,0.0,XAGUSD.p,[tp 78.420]
130728168,2026-02-20 03:30:00,1,4,0.1,0.0,0.0,0.0,0.0,XAGUSD.p,E18/TP6/Mbody2/Tsto4/Tste1/Recv
130732264,2026-02-20 03:37:57,0,4,0.1,0.0,78.209,0.0,0.0,XAGUSD.p,[tp 78.209]
130736335,2026-02-20 03:50:13,0,4,1.0,0.0,109.094,0.0,0.0,AUDJPY.p,[tp 109.094]
130753795,2026-02-20 04:30:01,0,4,1.0,0.0,0.0,0.0,0.0,GBPJPY.p,E18/TP6/Mbody2/Tsto4/Tste1/Recv
130759881,2026-02-20 04:50:52,1,4,1.0,0.0,208.591,0.0,0.0,GBPJPY.p,[tp 208.591]
130762306,2026-02-20 05:00:00,0,4,1.0,0.0,0.0,0.0,0.0,GBPJPY.p,E18/TP6/Mbody2/Tsto4/Tste1/Recv
130767168,2026-02-20 05:15:00,1,4,1.0,0.0,0.0,0.0,0.0,GBPAUD.p,E18/TP6/Mbody2/Tsto4/Tste1/Recv
130767186,2026-02-20 05:15:00,0,4,1.0,0.0,0.0,0.0,0.0,AUDJPY.p,E18/TP6/Mbody2/Tsto4/Tste1/Recv
130767196,2026-02-20 05:15:00,0,4,0.1,0.0,0.0,0.0,0.0,XAGUSD.p,E18/TP6/Mbody2/Tsto4/Tste1/Recv
130772889,2026-02-20 05:37:09,1,4,0.1,0.0,78.547,0.0,0.0,XAGUSD.p,[tp 78.547]
130781033,2026-02-20 05:50:10,0,4,1.0,0.0,1.9120599999999999,0.0,0.0,GBPAUD.p,[tp 1.91206]
130781035,2026-02-20 05:50:10,1,4,1.0,0.0,0.0,0.0,0.0,GBPAUD.p,E18/TP6/Mbody2/Tsto4/Tste1/Recv
130787262,2026-02-20 06:07:14,0,4,1.0,0.0,1.91137,0.0,0.0,GBPAUD.p,[tp 1.91137]
130787266,2026-02-20 06:07:16,1,4,1.0,0.0,0.0,0.0,0.0,GBPAUD.p,E18/TP6/Mbody2/Tsto4/Tste1/Recv
130787362,2026-02-20 06:07:48,1,4,1.0,0.0,109.119,0.0,0.0,AUDJPY.p,[tp 109.119]
130787364,2026-02-20 06:07:49,0,4,1.0,0.0,0.0,0.0,0.0,AUDJPY.p,E18/TP6/Mbody2/Tsto4/Tste1/Recv
130788478,2026-02-20 06:15:00,0,4,0.1,0.0,0.0,0.0,0.0,XAGUSD.p,E18/TP6/Mbody2/Tsto4/Tste1/Recv
130793701,2026-02-20 06:40:48,1,4,0.1,0.0,78.145,0.0,0.0,XAGUSD.p,[tp 78.145]
130802039,2026-02-20 07:04:10,0,4,1.0,0.0,1.91065,0.0,0.0,GBPAUD.p,[tp 1.91065]
130802461,2026-02-20 07:05:51,1,4,1.0,0.0,109.19,0.0,0.0,AUDJPY.p,[tp 109.190]
130809852,2026-02-20 07:34:51,1,4,1.0,0.0,208.689,0.0,0.0,GBPJPY.p,[tp 208.689]
130813213,2026-02-20 07:45:02,1,4,0.1,0.0,0.0,0.0,0.0,XAGUSD.p,E18/TP6/Mbody2/Tsto4/Tste1/Recv
130828756,2026-02-20 08:15:00,1,4,1.0,0.0,0.0,0.0,0.0,AUDJPY.p,E18/TP6/Mbody2/Tsto4/Tste1/Recv
130828823,2026-02-20 08:15:00,1,4,1.0,0.0,0.0,0.0,0.0,GBPJPY.p,E18/TP6/Mbody2/Tsto4/Tste1/Recv
130847228,2026-02-20 09:00:00,0,4,1.0,0.0,0.0,0.0,0.0,GBPAUD.p,E18/TP6/Mbody2/Tsto4/Tste1/Recv
130863573,2026-02-20 09:32:19,0,4,1.0,0.0,109.267,0.0,0.0,AUDJPY.p,[tp 109.267]
130863577,2026-02-20 09:32:21,1,4,1.0,0.0,0.0,0.0,0.0,AUDJPY.p,E18/TP6/Mbody2/Tsto4/Tste1/Recv
130864255,2026-02-20 09:33:52,0,4,1.0,0.0,208.625,0.0,0.0,GBPJPY.p,[tp 208.625]
130865141,2026-02-20 09:37:34,1,4,1.0,0.0,1.91006,0.0,0.0,GBPAUD.p,[tp 1.91006]
130865145,2026-02-20 09:37:35,0,4,1.0,0.0,0.0,0.0,0.0,GBPAUD.p,E18/TP6/Mbody2/Tsto4/Tste1/Recv
130886738,2026-02-20 10:15:00,1,4,1.0,0.0,0.0,0.0,0.0,GBPJPY.p,E18/TP6/Mbody2/Tsto4/Tste1/Recv
130900451,2026-02-20 10:45:00,1,4,1.0,0.0,0.0,0.0,0.0,AUDJPY.p,E18/TP6/Mbody2/Tsto4/Tste1/Recv
130919234,2026-02-20 11:15:00,0,4,1.0,0.0,0.0,0.0,0.0,GBPAUD.p,E18/TP6/Mbody2/Tsto4/Tste1/Recv
130933995,2026-02-20 11:35:30,1,4,1.0,0.0,1.90862,0.0,0.0,GBPAUD.p,[tp 1.90862]
130933996,2026-02-20 11:35:30,1,4,1.0,0.0,1.90862,0.0,0.0,GBPAUD.p,[tp 1.90862]
130933998,2026-02-20 11:35:30,0,4,1.0,0.0,0.0,0.0,0.0,GBPAUD.p,E18/TP6/Mbody2/Tsto4/Tste1/Recv
130940813,2026-02-20 11:52:15,0,4,0.5,0.0,66.1,0.0,0.0,USOUSD.p,[tp 66.100]
130966811,2026-02-20 12:30:00,0,4,0.5,0.0,0.0,0.0,0.0,USOUSD.p,E18/TP6/Mbody2/Tsto4/Tste1/Recv
130968724,2026-02-20 12:33:13,1,4,0.5,0.0,66.244,0.0,0.0,USOUSD.p,[tp 66.244]
130974653,2026-02-20 12:43:51,1,4,1.0,0.0,1.90931,0.0,0.0,GBPAUD.p,[tp 1.90931]
130974656,2026-02-20 12:43:51,0,4,1.0,0.0,0.0,0.0,0.0,GBPAUD.p,E18/TP6/Mbody2/Tsto4/Tste1/Recv
130977668,2026-02-20 12:46:43,1,4,1.0,0.0,1.9100000000000001,0.0,0.0,GBPAUD.p,[tp 1.91000]
130990563,2026-02-20 13:15:00,1,4,1.0,0.0,0.0,0.0,0.0,GBPAUD.p,E18/TP6/Mbody2/Tsto4/Tste1/Recv
130990589,2026-02-20 13:15:00,0,4,0.5,0.0,0.0,0.0,0.0,USOUSD.p,E18/TP6/Mbody2/Tsto4/Tste1/Recv
131000833,2026-02-20 13:38:02,1,4,0.5,0.0,66.304,0.0,0.0,USOUSD.p,[tp 66.304]
131000840,2026-02-20 13:38:02,0,4,0.5,0.0,0.0,0.0,0.0,USOUSD.p,E18/TP6/Mbody2/Tsto4/Tste1/Recv
131001422,2026-02-20 13:39:07,1,4,0.5,0.0,66.404,0.0,0.0,USOUSD.p,[tp 66.404]
131005404,2026-02-20 13:45:00,0,4,0.5,0.0,0.0,0.0,0.0,USOUSD.p,E18/TP6/Mbody2/Tsto4/Tste1/Recv
131010407,2026-02-20 13:49:30,0,4,1.0,0.0,109.408,0.0,0.0,AUDJPY.p,[tp 109.408]
131010408,2026-02-20 13:49:30,0,4,1.0,0.0,109.408,0.0,0.0,AUDJPY.p,[tp 109.408]
131026975,2026-02-20 14:15:00,0,4,1.0,0.0,0.0,0.0,0.0,AUDJPY.p,E18/TP6/Mbody2/Tsto4/Tste1/Recv
131045472,2026-02-20 14:45:00,1,4,1.0,0.0,0.0,0.0,0.0,GBPAUD.p,E18/TP6/Mbody2/Tsto4/Tste1/Recv
131079973,2026-02-20 15:45:02,1,4,1.0,0.0,0.0,0.0,0.0,EURCAD.p,E18/TP6/Mbody2/Tsto4/Tste1/Recv
131089823,2026-02-20 15:53:10,1,4,1.0,0.0,109.538,0.0,0.0,AUDJPY.p,[tp 109.538]
131107427,2026-02-20 16:15:00,1,4,1.0,0.0,0.0,0.0,0.0,AUDJPY.p,E18/TP6/Mbody2/Tsto4/Tste1/Recv
131124261,2026-02-20 16:35:22,0,4,1.0,0.0,1.91107,0.0,0.0,GBPAUD.p,[tp 1.91107]
131124262,2026-02-20 16:35:22,0,4,1.0,0.0,1.91107,0.0,0.0,GBPAUD.p,[tp 1.91107]
131124267,2026-02-20 16:35:22,1,4,1.0,0.0,0.0,0.0,0.0,GBPAUD.p,E18/TP6/Mbody2/Tsto4/Tste1/Recv
131132716,2026-02-20 16:40:19,0,4,1.0,0.0,1.91038,0.0,0.0,GBPAUD.p,[tp 1.91038]
131133255,2026-02-20 16:40:47,1,4,0.5,0.0,66.604,0.0,0.0,USOUSD.p,[tp 66.604]
131138712,2026-02-20 16:45:00,1,4,1.0,0.0,0.0,0.0,0.0,GBPAUD.p,E18/TP6/Mbody2/Tsto4/Tste1/Recv
131142313,2026-02-20 16:46:22,0,4,1.0,0.0,1.90924,0.0,0.0,GBPAUD.p,[tp 1.90924]
131157029,2026-02-20 17:00:01,1,4,0.5,0.0,0.0,0.0,0.0,USOUSD.p,E18/TP6/Mbody2/Tsto4/Tste1/Recv
131209069,2026-02-20 17:12:42,0,4,0.5,0.0,66.359,0.0,0.0,USOUSD.p,[tp 66.359]
131214613,2026-02-20 17:15:00,1,4,1.0,0.0,0.0,0.0,0.0,EURCAD.p,E18/TP6/Mbody2/Tsto4/Tste1/Recv
131214636,2026-02-20 17:15:00,0,4,1.0,0.0,0.0,0.0,0.0,GBPAUD.p,E18/TP6/Mbody2/Tsto4/Tste1/Recv
131218787,2026-02-20 17:16:31,1,4,1.0,0.0,1.90997,0.0,0.0,GBPAUD.p,[tp 1.90997]
131306246,2026-02-20 18:15:00,0,4,1.0,0.0,0.0,0.0,0.0,GBPAUD.p,E18/TP6/Mbody2/Tsto4/Tste1/Recv
131306260,2026-02-20 18:15:02,0,4,0.5,0.0,0.0,0.0,0.0,USOUSD.p,E18/TP6/Mbody2/Tsto4/Tste1/Recv
131307103,2026-02-20 18:15:54,1,4,1.0,0.0,1.90723,0.0,0.0,GBPAUD.p,[tp 1.90723]
131318994,2026-02-20 18:30:00,0,4,1.0,0.0,0.0,0.0,0.0,GBPAUD.p,E18/TP6/Mbody2/Tsto4/Tste1/Recv
131320361,2026-02-20 18:30:56,1,4,0.5,0.0,66.294,0.0,0.0,USOUSD.p,[tp 66.294]
131343057,2026-02-20 19:00:00,1,4,0.5,0.0,0.0,0.0,0.0,USOUSD.p,E18/TP6/Mbody2/Tsto4/Tste1/Recv
131362706,2026-02-20 19:19:13,1,4,1.0,0.0,1.90863,0.0,0.0,GBPAUD.p,[tp 1.90863]
131362720,2026-02-20 19:19:14,0,4,1.0,0.0,0.0,0.0,0.0,GBPAUD.p,E18/TP6/Mbody2/Tsto4/Tste1/Recv
131374239,2026-02-20 19:36:38,0,4,1.0,0.0,1.6117,0.0,0.0,EURCAD.p,[tp 1.61170]
131374240,2026-02-20 19:36:38,0,4,1.0,0.0,1.6117,0.0,0.0,EURCAD.p,[tp 1.61170]
131374245,2026-02-20 19:36:38,1,4,1.0,0.0,0.0,0.0,0.0,EURCAD.p,E18/TP6/Mbody2/Tsto4/Tste1/Recv
131471664,2026-02-20 22:30:00,1,4,0.1,0.0,0.0,0.0,0.0,XAGUSD.p,E18/TP6/Mbody2/Tsto4/Tste1/Recv
131472598,2026-02-20 22:30:55,0,4,0.1,0.0,0.0,0.0,0.0,XAGUSD.p,from #131471664
131472599,2026-02-20 22:30:55,0,4,0.1,0.0,0.0,0.0,0.0,XAGUSD.p,from #130813213
131883726,2026-02-23 01:00:20,0,4,0.5,0.0,66.264,0.0,0.0,USOUSD.p,[tp 66.264]
131909887,2026-02-23 01:15:00,0,4,0.5,0.0,0.0,0.0,0.0,USOUSD.p,E18/TP6/Mbody2/Tsto4/Tste1/Recv
131912513,2026-02-23 01:16:17,1,4,0.5,0.0,66.176,0.0,0.0,USOUSD.p,[tp 66.176]
131922445,2026-02-23 01:26:34,0,4,1.0,0.0,208.839,0.0,0.0,GBPJPY.p,[tp 208.839]
131922453,2026-02-23 01:26:34,0,4,1.0,0.0,0.0,0.0,0.0,GBPJPY.p,E18/TP6/Mbody2/Tsto4/Tste1/Recv
131927727,2026-02-23 01:31:02,1,4,1.0,0.0,208.907,0.0,0.0,GBPJPY.p,[tp 208.907]
131956856,2026-02-23 02:00:00,0,4,0.5,0.0,0.0,0.0,0.0,USOUSD.p,E18/TP6/Mbody2/Tsto4/Tste1/Recv
131986890,2026-02-23 02:15:00,1,4,0.1,0.0,0.0,0.0,0.0,XAGUSD.p,E18/TP6/Mbody2/Tsto4/Tste1/Recv
131989144,2026-02-23 02:16:13,0,4,0.1,0.0,86.497,0.0,0.0,XAGUSD.p,[tp 86.497]
132021295,2026-02-23 02:37:07,0,4,1.0,0.0,109.405,0.0,0.0,AUDJPY.p,[tp 109.405]
132030639,2026-02-23 02:45:00,1,4,0.1,0.0,0.0,0.0,0.0,XAGUSD.p,E18/TP6/Mbody2/Tsto4/Tste1/Recv
132031208,2026-02-23 02:45:15,0,4,0.1,0.0,86.225,0.0,0.0,XAGUSD.p,[tp 86.225]
132043316,2026-02-23 03:00:00,1,4,0.1,0.0,0.0,0.0,0.0,XAGUSD.p,E18/TP6/Mbody2/Tsto4/Tste1/Recv
132045156,2026-02-23 03:01:01,0,4,0.1,0.0,86.143,0.0,0.0,XAGUSD.p,[tp 86.143]
132072253,2026-02-23 03:24:57,1,4,1.0,0.0,1.9093200000000001,0.0,0.0,GBPAUD.p,[tp 1.90932]
132076463,2026-02-23 03:30:00,0,4,1.0,0.0,0.0,0.0,0.0,GBPJPY.p,E18/TP6/Mbody2/Tsto4/Tste1/Recv
132077763,2026-02-23 03:31:40,1,4,1.0,0.0,208.494,0.0,0.0,GBPJPY.p,[tp 208.494]
132089295,2026-02-23 03:45:00,0,4,1.0,0.0,0.0,0.0,0.0,AUDJPY.p,E18/TP6/Mbody2/Tsto4/Tste1/Recv
132089300,2026-02-23 03:45:00,1,4,1.0,0.0,0.0,0.0,0.0,GBPAUD.p,E18/TP6/Mbody2/Tsto4/Tste1/Recv
132089312,2026-02-23 03:45:00,0,4,1.0,0.0,0.0,0.0,0.0,GBPJPY.p,E18/TP6/Mbody2/Tsto4/Tste1/Recv
132105320,2026-02-23 04:00:00,1,4,0.1,0.0,0.0,0.0,0.0,XAGUSD.p,E18/TP6/Mbody2/Tsto4/Tste1/Recv
132130603,2026-02-23 04:36:41,1,4,1.0,0.0,208.583,0.0,0.0,GBPJPY.p,[tp 208.583]
132130607,2026-02-23 04:36:41,0,4,1.0,0.0,0.0,0.0,0.0,GBPJPY.p,E18/TP6/Mbody2/Tsto4/Tste1/Recv
132216425,2026-02-23 06:37:22,1,4,1.0,0.0,208.673,0.0,0.0,GBPJPY.p,[tp 208.673]
132257534,2026-02-23 08:37:28,0,4,0.1,0.0,86.69,0.0,0.0,XAGUSD.p,[tp 86.690]
132266470,2026-02-23 08:49:13,1,4,1.0,0.0,109.288,0.0,0.0,AUDJPY.p,[tp 109.288]
132287836,2026-02-23 09:15:00,0,4,0.1,0.0,0.0,0.0,0.0,XAGUSD.p,E18/TP6/Mbody2/Tsto4/Tste1/Recv
132302403,2026-02-23 09:30:00,1,4,1.0,0.0,0.0,0.0,0.0,AUDJPY.p,E18/TP6/Mbody2/Tsto4/Tste1/Recv
132305794,2026-02-23 09:34:16,0,4,1.0,0.0,109.349,0.0,0.0,AUDJPY.p,[tp 109.349]
132315152,2026-02-23 09:45:00,1,4,1.0,0.0,0.0,0.0,0.0,AUDJPY.p,E18/TP6/Mbody2/Tsto4/Tste1/Recv
132315180,2026-02-23 09:45:00,1,4,1.0,0.0,0.0,0.0,0.0,GBPJPY.p,E18/TP6/Mbody2/Tsto4/Tste1/Recv
132320249,2026-02-23 09:57:17,0,4,1.0,0.0,208.933,0.0,0.0,GBPJPY.p,[tp 208.933]
132321034,2026-02-23 10:00:00,1,4,1.0,0.0,0.0,0.0,0.0,GBPJPY.p,E18/TP6/Mbody2/Tsto4/Tste1/Recv
132330355,2026-02-23 10:13:44,0,4,1.0,0.0,1.9083,0.0,0.0,GBPAUD.p,[tp 1.90830]
132340683,2026-02-23 10:30:00,0,4,1.0,0.0,0.0,0.0,0.0,GBPAUD.p,E18/TP6/Mbody2/Tsto4/Tste1/Recv
132367928,2026-02-23 11:15:00,1,4,0.1,0.0,86.599,0.0,0.0,XAGUSD.p,[tp 86.599]
132370360,2026-02-23 11:21:38,1,4,0.5,0.0,66.216,0.0,0.0,USOUSD.p,[tp 66.216]
132380111,2026-02-23 11:45:00,1,4,0.1,0.0,0.0,0.0,0.0,XAGUSD.p,E18/TP6/Mbody2/Tsto4/Tste1/Recv
132384743,2026-02-23 12:00:00,1,4,0.5,0.0,0.0,0.0,0.0,USOUSD.p,E18/TP6/Mbody2/Tsto4/Tste1/Recv
132385640,2026-02-23 12:01:13,0,4,0.5,0.0,66.271,0.0,0.0,USOUSD.p,[tp 66.271]
132392113,2026-02-23 12:15:00,1,4,0.5,0.0,0.0,0.0,0.0,USOUSD.p,E18/TP6/Mbody2/Tsto4/Tste1/Recv
132399290,2026-02-23 12:26:11,0,4,0.5,0.0,66.201,0.0,0.0,USOUSD.p,[tp 66.201]
132401686,2026-02-23 12:30:04,1,4,0.5,0.0,0.0,0.0,0.0,USOUSD.p,E18/TP6/Mbody2/Tsto4/Tste1/Recv
132421048,2026-02-23 13:05:04,0,4,1.0,0.0,0.0,0.0,0.0,AUDJPY.p,
132421056,2026-02-23 13:05:05,0,4,1.0,0.0,0.0,0.0,0.0,EURCAD.p,
132421060,2026-02-23 13:05:06,1,4,1.0,0.0,0.0,0.0,0.0,GBPAUD.p,
132421063,2026-02-23 13:05:07,0,4,1.0,0.0,0.0,0.0,0.0,GBPJPY.p,
132421064,2026-02-23 13:05:08,0,4,0.5,0.0,0.0,0.0,0.0,USOUSD.p,
132421068,2026-02-23 13:05:09,0,4,0.1,0.0,0.0,0.0,0.0,XAGUSD.p,
132435812,2026-02-23 13:30:00,1,4,1.0,0.0,0.0,0.0,0.0,GBPJPY.p,E20/TP6/Tsto5
132435832,2026-02-23 13:30:00,1,4,1.0,0.0,0.0,0.0,0.0,AUDJPY.p,E20/TP6/Tsto5
132442896,2026-02-23 13:45:00,0,4,1.0,0.0,0.0,0.0,0.0,GBPAUD.p,E20/TP6/Tsto5
132442906,2026-02-23 13:45:00,0,4,0.1,0.0,0.0,0.0,0.0,XAGUSD.p,E20/TP6/Tsto5
132451842,2026-02-23 14:00:00,0,4,1.0,0.0,0.0,0.0,0.0,EURCAD.p,E20/TP6/Tsto5
132453087,2026-02-23 14:01:01,1,4,0.1,0.0,86.691,0.0,0.0,XAGUSD.p,[tp 86.691]
132459894,2026-02-23 14:11:51,0,4,1.0,0.0,109.458,0.0,0.0,AUDJPY.p,[tp 109.458]
132459901,2026-02-23 14:11:51,1,4,1.0,0.0,0.0,0.0,0.0,AUDJPY.p,E20/TP6/Tsto5
132460493,2026-02-23 14:12:58,1,4,1.0,0.0,1.90906,0.0,0.0,GBPAUD.p,[tp 1.90906]
132461840,2026-02-23 14:17:14,0,4,1.0,0.0,109.388,0.0,0.0,AUDJPY.p,[tp 109.388]
132462361,2026-02-23 14:17:48,0,4,1.0,0.0,208.889,0.0,0.0,GBPJPY.p,[tp 208.889]
132481845,2026-02-23 14:45:00,0,4,1.0,0.0,0.0,0.0,0.0,AUDJPY.p,E20/TP6/Tsto5
132500468,2026-02-23 15:15:00,1,4,0.5,0.0,0.0,0.0,0.0,USOUSD.p,E20/TP6/Tsto5
132500500,2026-02-23 15:15:00,1,4,0.1,0.0,0.0,0.0,0.0,XAGUSD.p,E20/TP6/Tsto5
132501324,2026-02-23 15:15:51,1,4,1.0,0.0,1.61361,0.0,0.0,EURCAD.p,[tp 1.61361]
132501328,2026-02-23 15:15:52,0,4,1.0,0.0,0.0,0.0,0.0,EURCAD.p,E20/TP6/Tsto5
132503586,2026-02-23 15:20:05,1,4,1.0,0.0,1.61426,0.0,0.0,EURCAD.p,[tp 1.61426]
132504151,2026-02-23 15:21:08,0,4,0.1,0.0,86.816,0.0,0.0,XAGUSD.p,[tp 86.816]
132513196,2026-02-23 15:30:01,1,4,0.1,0.0,0.0,0.0,0.0,XAGUSD.p,E20/TP6/Tsto5
132515143,2026-02-23 15:31:26,0,4,0.1,0.0,86.37,0.0,0.0,XAGUSD.p,[tp 86.370]
132516336,2026-02-23 15:33:01,0,4,0.5,0.0,66.706,0.0,0.0,USOUSD.p,[tp 66.706]
132531484,2026-02-23 16:00:00,0,4,1.0,0.0,0.0,0.0,0.0,GBPJPY.p,E20/TP6/Tsto5
132531515,2026-02-23 16:00:00,1,4,1.0,0.0,0.0,0.0,0.0,EURCAD.p,E20/TP6/Tsto5
132543968,2026-02-23 16:15:00,0,4,0.1,0.0,0.0,0.0,0.0,XAGUSD.p,E20/TP6/Tsto5
132544253,2026-02-23 16:15:04,1,4,0.5,0.0,0.0,0.0,0.0,USOUSD.p,E20/TP6/Tsto5
132548017,2026-02-23 16:20:41,1,4,0.1,0.0,86.527,0.0,0.0,XAGUSD.p,[tp 86.527]
132550220,2026-02-23 16:24:04,1,4,1.0,0.0,208.919,0.0,0.0,GBPJPY.p,[tp 208.919]
132550282,2026-02-23 16:24:05,0,4,1.0,0.0,0.0,0.0,0.0,GBPJPY.p,E20/TP6/Tsto5
132556502,2026-02-23 16:30:21,1,4,1.0,0.0,209.013,0.0,0.0,GBPJPY.p,[tp 209.013]
132557103,2026-02-23 16:30:31,1,4,1.0,0.0,109.494,0.0,0.0,AUDJPY.p,[tp 109.494]
132562454,2026-02-23 16:33:19,0,4,1.0,0.0,1.61276,0.0,0.0,EURCAD.p,[tp 1.61276]
132600073,2026-02-23 17:00:00,0,4,1.0,0.0,0.0,0.0,0.0,EURCAD.p,E20/TP6/Tsto5
132600098,2026-02-23 17:00:00,1,4,0.1,0.0,0.0,0.0,0.0,XAGUSD.p,E20/TP6/Tsto5
132603335,2026-02-23 17:01:48,0,4,0.1,0.0,87.15,0.0,0.0,XAGUSD.p,[tp 87.150]
132638532,2026-02-23 17:30:00,0,4,1.0,0.0,0.0,0.0,0.0,GBPJPY.p,E20/TP6/Tsto5
132638570,2026-02-23 17:30:00,1,4,0.1,0.0,0.0,0.0,0.0,XAGUSD.p,E20/TP6/Tsto5
132641090,2026-02-23 17:33:16,1,4,1.0,0.0,208.824,0.0,0.0,GBPJPY.p,[tp 208.824]
132641859,2026-02-23 17:34:24,0,4,0.1,0.0,87.259,0.0,0.0,XAGUSD.p,[tp 87.259]
132652432,2026-02-23 17:45:00,1,4,0.1,0.0,0.0,0.0,0.0,XAGUSD.p,E20/TP6/Tsto5
132659693,2026-02-23 17:52:23,0,4,0.1,0.0,87.138,0.0,0.0,XAGUSD.p,[tp 87.138]
132670025,2026-02-23 18:00:00,1,4,0.1,0.0,0.0,0.0,0.0,XAGUSD.p,E20/TP6/Tsto5
132671910,2026-02-23 18:01:05,0,4,0.5,0.0,66.841,0.0,0.0,USOUSD.p,[tp 66.841]
132671920,2026-02-23 18:01:05,1,4,0.5,0.0,0.0,0.0,0.0,USOUSD.p,E20/TP6/Tsto5
132672240,2026-02-23 18:01:28,0,4,0.5,0.0,66.741,0.0,0.0,USOUSD.p,[tp 66.741]
132672448,2026-02-23 18:01:39,0,4,0.1,0.0,86.564,0.0,0.0,XAGUSD.p,[tp 86.564]
132707862,2026-02-23 18:30:00,0,4,1.0,0.0,0.0,0.0,0.0,GBPJPY.p,E20/TP6/Tsto5
132707869,2026-02-23 18:30:00,1,4,1.0,0.0,0.0,0.0,0.0,GBPAUD.p,E20/TP6/Tsto5
132707920,2026-02-23 18:30:00,0,4,1.0,0.0,0.0,0.0,0.0,AUDJPY.p,E20/TP6/Tsto5
132722010,2026-02-23 18:45:00,1,4,0.1,0.0,0.0,0.0,0.0,XAGUSD.p,E20/TP6/Tsto5
132722034,2026-02-23 18:45:00,1,4,0.5,0.0,0.0,0.0,0.0,USOUSD.p,E20/TP6/Tsto5
132724810,2026-02-23 18:48:19,0,4,0.5,0.0,66.561,0.0,0.0,USOUSD.p,[tp 66.561]
132725254,2026-02-23 18:48:53,1,4,1.0,0.0,1.61509,0.0,0.0,EURCAD.p,[tp 1.61509]
132727276,2026-02-23 18:51:10,0,4,0.1,0.0,87.126,0.0,0.0,XAGUSD.p,[tp 87.126]
132728641,2026-02-23 18:52:15,1,4,1.0,0.0,208.516,0.0,0.0,GBPJPY.p,[tp 208.516]
132728653,2026-02-23 18:52:15,0,4,1.0,0.0,0.0,0.0,0.0,GBPJPY.p,E20/TP6/Tsto5
132736544,2026-02-23 19:00:00,1,4,0.1,0.0,0.0,0.0,0.0,XAGUSD.p,E20/TP6/Tsto5
132738476,2026-02-23 19:02:55,0,4,0.1,0.0,86.643,0.0,0.0,XAGUSD.p,[tp 86.643]
132752149,2026-02-23 19:15:00,1,4,1.0,0.0,0.0,0.0,0.0,EURCAD.p,E20/TP6/Tsto5
132765111,2026-02-23 19:30:07,0,4,0.5,0.0,0.0,0.0,0.0,USOUSD.p,E20/TP6/Tsto5
132766985,2026-02-23 19:33:48,0,4,1.0,0.0,1.61452,0.0,0.0,EURCAD.p,[tp 1.61452]
132766996,2026-02-23 19:33:50,1,4,1.0,0.0,0.0,0.0,0.0,EURCAD.p,E20/TP6/Tsto5
132810285,2026-02-23 20:18:32,1,4,1.0,0.0,109.13,0.0,0.0,AUDJPY.p,[tp 109.130]
132810296,2026-02-23 20:18:32,0,4,1.0,0.0,0.0,0.0,0.0,AUDJPY.p,E20/TP6/Tsto5
132813630,2026-02-23 20:22:29,1,4,1.0,0.0,208.608,0.0,0.0,GBPJPY.p,[tp 208.608]
132813637,2026-02-23 20:22:30,0,4,1.0,0.0,0.0,0.0,0.0,GBPJPY.p,E20/TP6/Tsto5
132820267,2026-02-23 20:28:25,1,4,1.0,0.0,109.197,0.0,0.0,AUDJPY.p,[tp 109.197]
132820534,2026-02-23 20:28:33,1,4,1.0,0.0,208.702,0.0,0.0,GBPJPY.p,[tp 208.702]
132826225,2026-02-23 20:36:55,0,4,1.0,0.0,1.91042,0.0,0.0,GBPAUD.p,[tp 1.91042]
132831977,2026-02-23 20:45:00,1,4,1.0,0.0,0.0,0.0,0.0,AUDJPY.p,E20/TP6/Tsto5
132831979,2026-02-23 20:45:00,1,4,1.0,0.0,0.0,0.0,0.0,GBPJPY.p,E20/TP6/Tsto5
132857511,2026-02-23 21:30:00,1,4,0.1,0.0,0.0,0.0,0.0,XAGUSD.p,E20/TP6/Tsto5
132885256,2026-02-23 22:05:28,1,4,0.5,0.0,66.521,0.0,0.0,USOUSD.p,[tp 66.521]
132885418,2026-02-23 22:05:48,0,4,0.5,0.0,0.0,0.0,0.0,USOUSD.p,E20/TP6/Tsto5
132920398,2026-02-23 22:57:35,1,4,0.5,0.0,66.616,0.0,0.0,USOUSD.p,[tp 66.616]
133045272,2026-02-24 02:55:24,0,4,0.1,0.0,87.452,0.0,0.0,XAGUSD.p,[tp 87.452]
133156010,2026-02-24 03:45:00,0,4,0.1,0.0,0.0,0.0,0.0,XAGUSD.p,E20/TP6/Tsto5
133156061,2026-02-24 03:45:03,0,4,0.5,0.0,0.0,0.0,0.0,USOUSD.p,E20/TP6/Tsto5
133176451,2026-02-24 04:02:21,1,4,0.1,0.0,86.765,0.0,0.0,XAGUSD.p,[tp 86.765]
133185843,2026-02-24 04:11:46,1,4,0.5,0.0,66.679,0.0,0.0,USOUSD.p,[tp 66.679]
133187900,2026-02-24 04:15:00,0,4,0.1,0.0,0.0,0.0,0.0,XAGUSD.p,E20/TP6/Tsto5
133196692,2026-02-24 04:30:00,1,4,0.5,0.0,0.0,0.0,0.0,USOUSD.p,E20/TP6/Tsto5
133206081,2026-02-24 04:42:01,1,4,0.1,0.0,87.098,0.0,0.0,XAGUSD.p,[tp 87.098]
133208105,2026-02-24 04:45:00,0,4,0.1,0.0,0.0,0.0,0.0,XAGUSD.p,E20/TP6/Tsto5
133208891,2026-02-24 04:46:50,1,4,0.1,0.0,87.167,0.0,0.0,XAGUSD.p,[tp 87.167]
133221810,2026-02-24 05:15:00,0,4,1.0,0.0,0.0,0.0,0.0,GBPAUD.p,E20/TP6/Tsto5
133228867,2026-02-24 05:30:32,1,4,1.0,0.0,1.9100899999999998,0.0,0.0,GBPAUD.p,[tp 1.91009]
133228874,2026-02-24 05:30:32,0,4,1.0,0.0,0.0,0.0,0.0,GBPAUD.p,E20/TP6/Tsto5
133240707,2026-02-24 05:54:20,0,4,1.0,0.0,1.61388,0.0,0.0,EURCAD.p,[tp 1.61388]
133263187,2026-02-24 06:30:00,0,4,0.1,0.0,0.0,0.0,0.0,XAGUSD.p,E20/TP6/Tsto5
133281608,2026-02-24 07:12:54,1,4,0.1,0.0,87.107,0.0,0.0,XAGUSD.p,[tp 87.107]
133281615,2026-02-24 07:12:54,0,4,0.1,0.0,0.0,0.0,0.0,XAGUSD.p,E20/TP6/Tsto5
133283578,2026-02-24 07:16:15,1,4,0.1,0.0,87.364,0.0,0.0,XAGUSD.p,[tp 87.364]
133283581,2026-02-24 07:16:15,0,4,0.1,0.0,0.0,0.0,0.0,XAGUSD.p,E20/TP6/Tsto5
133298490,2026-02-24 07:39:41,1,4,0.1,0.0,87.539,0.0,0.0,XAGUSD.p,[tp 87.539]
133327525,2026-02-24 08:30:00,1,4,0.1,0.0,0.0,0.0,0.0,XAGUSD.p,E20/TP6/Tsto5
133364416,2026-02-24 09:15:00,1,4,1.0,0.0,0.0,0.0,0.0,GBPJPY.p,E20/TP6/Tsto5
133364430,2026-02-24 09:15:00,1,4,1.0,0.0,0.0,0.0,0.0,AUDJPY.p,E20/TP6/Tsto5
133389782,2026-02-24 09:47:08,0,4,0.5,0.0,66.62,0.0,0.0,USOUSD.p,[tp 66.620]
133398901,2026-02-24 10:04:43,0,4,0.1,0.0,87.741,0.0,0.0,XAGUSD.p,[tp 87.741]
133398918,2026-02-24 10:04:45,1,4,0.1,0.0,0.0,0.0,0.0,XAGUSD.p,E20/TP6/Tsto5
133426857,2026-02-24 10:45:03,0,4,0.5,0.0,0.0,0.0,0.0,USOUSD.p,E20/TP6/Tsto5
133432440,2026-02-24 10:54:22,1,4,0.5,0.0,66.634,0.0,0.0,USOUSD.p,[tp 66.634]
133435440,2026-02-24 11:00:00,0,4,0.5,0.0,0.0,0.0,0.0,USOUSD.p,E20/TP6/Tsto5
133456462,2026-02-24 11:35:55,1,4,1.0,0.0,1.9108100000000001,0.0,0.0,GBPAUD.p,[tp 1.91081]
133533597,2026-02-24 14:17:57,0,4,0.1,0.0,87.491,0.0,0.0,XAGUSD.p,[tp 87.491]
133557900,2026-02-24 14:39:11,1,4,0.5,0.0,66.75,0.0,0.0,USOUSD.p,[tp 66.750]
133557903,2026-02-24 14:39:11,0,4,0.5,0.0,0.0,0.0,0.0,USOUSD.p,E20/TP6/Tsto5
133562984,2026-02-24 14:45:00,0,4,0.1,0.0,0.0,0.0,0.0,XAGUSD.p,E20/TP6/Tsto5
133575393,2026-02-24 15:00:07,1,4,0.1,0.0,87.888,0.0,0.0,XAGUSD.p,[tp 87.888]
133576750,2026-02-24 15:00:33,1,4,0.5,0.0,66.849,0.0,0.0,USOUSD.p,[tp 66.849]
133589297,2026-02-24 15:15:00,1,4,1.0,0.0,0.0,0.0,0.0,GBPAUD.p,E20/TP6/Tsto5
133600095,2026-02-24 15:30:00,1,4,0.1,0.0,0.0,0.0,0.0,XAGUSD.p,E20/TP6/Tsto5
133601660,2026-02-24 15:30:53,0,4,0.1,0.0,87.846,0.0,0.0,XAGUSD.p,[tp 87.846]
133622632,2026-02-24 15:45:00,1,4,0.5,0.0,0.0,0.0,0.0,USOUSD.p,E20/TP6/Tsto5
133657345,2026-02-24 16:01:30,0,4,0.5,0.0,66.925,0.0,0.0,USOUSD.p,[tp 66.925]
133680543,2026-02-24 16:15:00,1,4,0.5,0.0,0.0,0.0,0.0,USOUSD.p,E20/TP6/Tsto5
133682993,2026-02-24 16:16:20,0,4,0.5,0.0,66.784,0.0,0.0,USOUSD.p,[tp 66.784]
133689155,2026-02-24 16:20:30,1,4,1.0,0.0,0.0,0.0,0.0,GBPAUD.p,E20/TP6/Tsto5
133700868,2026-02-24 16:30:00,0,4,0.1,0.0,0.0,0.0,0.0,XAGUSD.p,E20/TP6/Tsto5
133700933,2026-02-24 16:30:00,1,4,0.5,0.0,0.0,0.0,0.0,USOUSD.p,E20/TP6/Tsto5
133702512,2026-02-24 16:30:31,1,4,0.1,0.0,86.49,0.0,0.0,XAGUSD.p,[tp 86.490]
133705326,2026-02-24 16:31:36,0,4,0.5,0.0,66.705,0.0,0.0,USOUSD.p,[tp 66.705]
133727046,2026-02-24 16:41:34,0,4,1.0,0.0,1.91611,0.0,0.0,GBPAUD.p,[tp 1.91611]
133727047,2026-02-24 16:41:34,0,4,1.0,0.0,1.91611,0.0,0.0,GBPAUD.p,[tp 1.91611]
133732530,2026-02-24 16:45:00,0,4,0.1,0.0,0.0,0.0,0.0,XAGUSD.p,E20/TP6/Tsto5
133732533,2026-02-24 16:45:00,1,4,1.0,0.0,0.0,0.0,0.0,GBPAUD.p,E20/TP6/Tsto5
133745469,2026-02-24 16:52:55,1,4,0.1,0.0,87.28,0.0,0.0,XAGUSD.p,[tp 87.280]
133755831,2026-02-24 17:00:00,0,4,0.5,0.0,0.0,0.0,0.0,USOUSD.p,E20/TP6/Tsto5
133760749,2026-02-24 17:02:16,1,4,0.5,0.0,66.729,0.0,0.0,USOUSD.p,[tp 66.729]
133820934,2026-02-24 17:45:00,0,4,0.5,0.0,0.0,0.0,0.0,USOUSD.p,E20/TP6/Tsto5
133833379,2026-02-24 18:00:00,1,4,0.1,0.0,0.0,0.0,0.0,XAGUSD.p,E20/TP6/Tsto5
133849836,2026-02-24 18:15:58,1,4,0.5,0.0,66.22,0.0,0.0,USOUSD.p,[tp 66.220]
133849844,2026-02-24 18:15:58,0,4,0.5,0.0,0.0,0.0,0.0,USOUSD.p,E20/TP6/Tsto5
133852017,2026-02-24 18:18:29,1,4,0.5,0.0,66.319,0.0,0.0,USOUSD.p,[tp 66.319]
133860768,2026-02-24 18:30:18,0,4,0.1,0.0,87.697,0.0,0.0,XAGUSD.p,[tp 87.697]
133860784,2026-02-24 18:30:18,1,4,0.1,0.0,0.0,0.0,0.0,XAGUSD.p,E20/TP6/Tsto5
133864144,2026-02-24 18:33:56,0,4,0.1,0.0,87.493,0.0,0.0,XAGUSD.p,[tp 87.493]
133873851,2026-02-24 18:45:02,0,4,0.5,0.0,0.0,0.0,0.0,USOUSD.p,E20/TP6/Tsto5
133888994,2026-02-24 19:02:52,0,4,1.0,0.0,1.9141,0.0,0.0,GBPAUD.p,[tp 1.91410]
133897568,2026-02-24 19:16:02,1,4,0.5,0.0,66.274,0.0,0.0,USOUSD.p,[tp 66.274]
133897578,2026-02-24 19:16:02,0,4,0.5,0.0,0.0,0.0,0.0,USOUSD.p,E20/TP6/Tsto5
133901388,2026-02-24 19:20:42,1,4,0.5,0.0,66.37,0.0,0.0,USOUSD.p,[tp 66.370]
133907650,2026-02-24 19:30:00,0,4,0.5,0.0,0.0,0.0,0.0,USOUSD.p,E20/TP6/Tsto5
133913579,2026-02-24 19:45:00,0,4,1.0,0.0,0.0,0.0,0.0,GBPAUD.p,E20/TP6/Tsto5
133940142,2026-02-24 20:30:00,1,4,0.1,0.0,0.0,0.0,0.0,XAGUSD.p,E20/TP6/Tsto5
133942150,2026-02-24 20:33:54,0,4,0.1,0.0,87.515,0.0,0.0,XAGUSD.p,[tp 87.515]
133987948,2026-02-24 21:30:00,0,4,0.1,0.0,0.0,0.0,0.0,XAGUSD.p,E20/TP6/Tsto5
133993365,2026-02-24 21:39:00,1,4,0.1,0.0,87.175,0.0,0.0,XAGUSD.p,[tp 87.175]
133995917,2026-02-24 21:45:00,0,4,0.1,0.0,0.0,0.0,0.0,XAGUSD.p,E20/TP6/Tsto5
134022482,2026-02-24 22:21:31,1,4,0.5,0.0,66.384,0.0,0.0,USOUSD.p,[tp 66.384]
134025233,2026-02-24 22:23:57,1,4,0.1,0.0,87.232,0.0,0.0,XAGUSD.p,[tp 87.232]
134030718,2026-02-24 22:30:00,0,4,0.1,0.0,0.0,0.0,0.0,XAGUSD.p,E20/TP6/Tsto5
134030815,2026-02-24 22:30:02,0,4,0.5,0.0,0.0,0.0,0.0,USOUSD.p,E20/TP6/Tsto5
134036205,2026-02-24 22:35:08,1,4,0.1,0.0,87.447,0.0,0.0,XAGUSD.p,[tp 87.447]
134143032,2026-02-25 01:45:00,0,4,0.1,0.0,0.0,0.0,0.0,XAGUSD.p,E20/TP6/Tsto5
134186846,2026-02-25 03:00:00,1,4,0.1,0.0,87.487,0.0,0.0,XAGUSD.p,[tp 87.487]
134249945,2026-02-25 03:45:00,1,4,0.1,0.0,0.0,0.0,0.0,XAGUSD.p,E20/TP6/Tsto5
134343463,2026-02-25 05:15:00,1,4,2.0,0.0,0.0,0.0,0.0,AUDJPY.p,E20/TP6/Tsto5
134362375,2026-02-25 05:33:42,1,4,0.5,0.0,66.533,0.0,0.0,USOUSD.p,[tp 66.533]
134373864,2026-02-25 05:45:00,0,4,1.0,0.0,0.0,0.0,0.0,GBPAUD.p,E20/TP6/Tsto5
134373880,2026-02-25 05:45:00,1,4,0.5,0.0,0.0,0.0,0.0,USOUSD.p,E20/TP6/Tsto5
134377743,2026-02-25 05:48:47,0,4,0.5,0.0,66.139,0.0,0.0,USOUSD.p,[tp 66.139]
134400898,2026-02-25 06:15:17,0,4,0.5,0.0,0.0,0.0,0.0,USOUSD.p,E20/TP6/Tsto5
134411487,2026-02-25 06:33:00,1,4,0.5,0.0,66.253,0.0,0.0,USOUSD.p,[tp 66.253]
134411537,2026-02-25 06:33:03,0,4,0.5,0.0,0.0,0.0,0.0,USOUSD.p,E20/TP6/Tsto5
134472718,2026-02-25 07:45:00,1,4,0.1,0.0,0.0,0.0,0.0,XAGUSD.p,E20/TP6/Tsto5
134486595,2026-02-25 07:55:21,1,4,0.2,0.0,0.0,0.0,0.0,XAGUSD.p,E20/TP6/Tsto5
134502799,2026-02-25 08:07:49,0,4,0.1,0.0,90.246,0.0,0.0,XAGUSD.p,[tp 90.246]
134502800,2026-02-25 08:07:49,0,4,0.1,0.0,90.246,0.0,0.0,XAGUSD.p,[tp 90.246]
134502801,2026-02-25 08:07:49,0,4,0.2,0.0,90.247,0.0,0.0,XAGUSD.p,[tp 90.247]
134502824,2026-02-25 08:07:50,1,4,0.1,0.0,0.0,0.0,0.0,XAGUSD.p,E20/TP6/Tsto5
134728740,2026-02-25 13:12:14,0,4,0.1,0.0,90.017,0.0,0.0,XAGUSD.p,[tp 90.017]
134745499,2026-02-25 13:30:00,0,4,0.1,0.0,0.0,0.0,0.0,XAGUSD.p,E20/TP6/Tsto5
134751764,2026-02-25 13:41:01,1,4,0.1,0.0,90.255,0.0,0.0,XAGUSD.p,[tp 90.255]
134753621,2026-02-25 13:45:00,0,4,0.1,0.0,0.0,0.0,0.0,XAGUSD.p,E20/TP6/Tsto5
134763103,2026-02-25 13:59:55,1,4,0.1,0.0,90.422,0.0,0.0,XAGUSD.p,[tp 90.422]
134778588,2026-02-25 14:31:22,1,4,0.5,0.0,66.343,0.0,0.0,USOUSD.p,[tp 66.343]
134790800,2026-02-25 14:45:02,1,4,0.5,0.0,0.0,0.0,0.0,USOUSD.p,E20/TP6/Tsto5
134838606,2026-02-25 15:41:38,0,4,0.5,0.0,66.138,0.0,0.0,USOUSD.p,[tp 66.138]
134845024,2026-02-25 15:45:00,1,4,0.5,0.0,0.0,0.0,0.0,USOUSD.p,E20/TP6/Tsto5
134845038,2026-02-25 15:45:00,1,4,0.1,0.0,0.0,0.0,0.0,XAGUSD.p,E20/TP6/Tsto5
134853782,2026-02-25 15:52:30,0,4,0.5,0.0,66.053,0.0,0.0,USOUSD.p,[tp 66.053]
134854074,2026-02-25 15:52:54,0,4,0.1,0.0,90.342,0.0,0.0,XAGUSD.p,[tp 90.342]
134883677,2026-02-25 16:30:00,1,4,0.1,0.0,0.0,0.0,0.0,XAGUSD.p,E20/TP6/Tsto5
134886003,2026-02-25 16:31:02,0,4,0.1,0.0,90.209,0.0,0.0,XAGUSD.p,[tp 90.209]
134917237,2026-02-25 16:45:00,0,4,1.0,0.0,0.0,0.0,0.0,EURCAD.p,E20/TP6/Tsto5
134960378,2026-02-25 17:15:00,0,4,0.5,0.0,0.0,0.0,0.0,USOUSD.p,E20/TP6/Tsto5
134962489,2026-02-25 17:17:30,1,4,0.5,0.0,65.743,0.0,0.0,USOUSD.p,[tp 65.743]
134999015,2026-02-25 17:45:00,0,4,0.1,0.0,0.0,0.0,0.0,XAGUSD.p,E20/TP6/Tsto5
135001523,2026-02-25 17:46:52,1,4,0.1,0.0,90.333,0.0,0.0,XAGUSD.p,[tp 90.333]
135036094,2026-02-25 18:30:00,0,4,0.5,0.0,0.0,0.0,0.0,USOUSD.p,E20/TP6/Tsto5
135055387,2026-02-25 18:59:53,1,4,1.0,0.0,1.61543,0.0,0.0,EURCAD.p,[tp 1.61543]
135071197,2026-02-25 19:30:00,1,4,1.0,0.0,0.0,0.0,0.0,EURCAD.p,E20/TP6/Tsto5
135078066,2026-02-25 19:45:00,1,4,0.1,0.0,0.0,0.0,0.0,XAGUSD.p,E20/TP6/Tsto5
135090207,2026-02-25 20:07:37,1,4,0.5,0.0,65.733,0.0,0.0,USOUSD.p,[tp 65.733]
135090250,2026-02-25 20:07:44,0,4,0.5,0.0,0.0,0.0,0.0,USOUSD.p,E20/TP6/Tsto5
135091856,2026-02-25 20:15:28,1,4,0.5,0.0,65.823,0.0,0.0,USOUSD.p,[tp 65.823]
135094092,2026-02-25 20:24:53,0,4,1.0,0.0,1.61514,0.0,0.0,EURCAD.p,[tp 1.61514]
135094131,2026-02-25 20:24:57,1,4,1.0,0.0,0.0,0.0,0.0,EURCAD.p,E20/TP6/Tsto5
135098868,2026-02-25 20:45:00,1,4,0.5,0.0,0.0,0.0,0.0,USOUSD.p,E20/TP6/Tsto5
135101204,2026-02-25 20:49:17,0,4,0.5,0.0,65.709,0.0,0.0,USOUSD.p,[tp 65.709]
135105491,2026-02-25 20:59:33,0,4,0.1,0.0,90.611,0.0,0.0,XAGUSD.p,[tp 90.611]
135105609,2026-02-25 21:00:00,1,4,0.1,0.0,0.0,0.0,0.0,XAGUSD.p,E20/TP6/Tsto5
135131053,2026-02-25 21:30:01,0,4,0.5,0.0,0.0,0.0,0.0,USOUSD.p,E20/TP6/Tsto5
135134642,2026-02-25 21:35:36,1,4,0.5,0.0,65.663,0.0,0.0,USOUSD.p,[tp 65.663]
135140565,2026-02-25 21:45:00,0,4,0.5,0.0,0.0,0.0,0.0,USOUSD.p,E20/TP6/Tsto5
135150640,2026-02-25 21:54:58,1,4,0.5,0.0,65.843,0.0,0.0,USOUSD.p,[tp 65.843]
135163262,2026-02-25 22:15:04,1,4,0.5,0.0,0.0,0.0,0.0,USOUSD.p,E20/TP6/Tsto5
135170543,2026-02-25 22:22:59,0,4,0.5,0.0,65.723,0.0,0.0,USOUSD.p,[tp 65.723]
135173362,2026-02-25 22:26:43,0,4,0.1,0.0,90.484,0.0,0.0,XAGUSD.p,[tp 90.484]
135173364,2026-02-25 22:26:44,1,4,0.1,0.0,0.0,0.0,0.0,XAGUSD.p,E20/TP6/Tsto5
135173682,2026-02-25 22:27:36,0,4,0.1,0.0,90.299,0.0,0.0,XAGUSD.p,[tp 90.299]
135175387,2026-02-25 22:30:01,1,4,0.5,0.0,0.0,0.0,0.0,USOUSD.p,E20/TP6/Tsto5
135185762,2026-02-25 22:42:28,0,4,0.5,0.0,65.619,0.0,0.0,USOUSD.p,[tp 65.619]
135258935,2026-02-26 01:15:00,0,4,0.1,0.0,0.0,0.0,0.0,XAGUSD.p,E20/TP6/Tsto5
135265049,2026-02-26 01:20:08,1,4,0.1,0.0,89.191,0.0,0.0,XAGUSD.p,[tp 89.191]
135271092,2026-02-26 01:30:00,0,4,0.1,0.0,0.0,0.0,0.0,XAGUSD.p,E20/TP6/Tsto5
135299857,2026-02-26 02:00:00,0,4,0.1,0.0,0.0,0.0,0.0,XAGUSD.p,E20/TP6/Tsto5
135303533,2026-02-26 02:01:47,0,4,0.2,0.0,0.0,0.0,0.0,XAGUSD.p,E20/TP6/Tsto5
135311110,2026-02-26 02:07:13,1,4,0.2,0.0,88.286,0.0,0.0,XAGUSD.p,[tp 88.286]
135319269,2026-02-26 02:17:14,1,4,0.1,0.0,88.314,0.0,0.0,XAGUSD.p,[tp 88.314]
135319270,2026-02-26 02:17:14,1,4,0.1,0.0,88.314,0.0,0.0,XAGUSD.p,[tp 88.314]
135319271,2026-02-26 02:17:14,0,4,0.1,0.0,0.0,0.0,0.0,XAGUSD.p,E20/TP6/Tsto5
135320073,2026-02-26 02:18:37,1,4,0.1,0.0,88.498,0.0,0.0,XAGUSD.p,[tp 88.498]
135328694,2026-02-26 02:30:00,0,4,0.1,0.0,0.0,0.0,0.0,XAGUSD.p,E20/TP6/Tsto5
135332672,2026-02-26 02:33:33,1,4,0.1,0.0,89.064,0.0,0.0,XAGUSD.p,[tp 89.064]
135339556,2026-02-26 02:45:00,0,4,0.1,0.0,0.0,0.0,0.0,XAGUSD.p,E20/TP6/Tsto5
135344759,2026-02-26 02:55:02,1,4,0.1,0.0,89.198,0.0,0.0,XAGUSD.p,[tp 89.198]
135366513,2026-02-26 03:15:01,1,4,0.5,0.0,0.0,0.0,0.0,USOUSD.p,E20/TP6/Tsto5
135378266,2026-02-26 03:30:00,1,4,0.1,0.0,0.0,0.0,0.0,XAGUSD.p,E20/TP6/Tsto5
135394859,2026-02-26 03:50:03,0,4,0.1,0.0,89.61,0.0,0.0,XAGUSD.p,[tp 89.610]
135401960,2026-02-26 04:00:00,1,4,0.1,0.0,0.0,0.0,0.0,XAGUSD.p,E20/TP6/Tsto5
135404635,2026-02-26 04:03:08,0,4,0.1,0.0,89.47,0.0,0.0,XAGUSD.p,[tp 89.470]
135420614,2026-02-26 04:30:03,0,4,0.5,0.0,65.582,0.0,0.0,USOUSD.p,[tp 65.582]
135439881,2026-02-26 05:00:00,0,4,0.1,0.0,0.0,0.0,0.0,XAGUSD.p,E20/TP6/Tsto5
135439924,2026-02-26 05:00:00,0,4,0.5,0.0,0.0,0.0,0.0,USOUSD.p,E20/TP6/Tsto5
135441447,2026-02-26 05:01:34,1,4,0.1,0.0,88.969,0.0,0.0,XAGUSD.p,[tp 88.969]
135451007,2026-02-26 05:15:00,0,4,0.1,0.0,0.0,0.0,0.0,XAGUSD.p,E20/TP6/Tsto5
135456632,2026-02-26 05:23:36,1,4,0.5,0.0,65.677,0.0,0.0,USOUSD.p,[tp 65.677]
135458780,2026-02-26 05:30:00,0,4,0.5,0.0,0.0,0.0,0.0,USOUSD.p,E20/TP6/Tsto5
135461146,2026-02-26 05:38:42,1,4,0.1,0.0,89.205,0.0,0.0,XAGUSD.p,[tp 89.205]
135502578,2026-02-26 07:30:00,1,4,0.1,0.0,0.0,0.0,0.0,XAGUSD.p,E20/TP6/Tsto5
135502884,2026-02-26 07:30:03,1,4,0.5,0.0,65.747,0.0,0.0,USOUSD.p,[tp 65.747]
135503943,2026-02-26 07:33:03,0,4,0.1,0.0,89.658,0.0,0.0,XAGUSD.p,[tp 89.658]
135510252,2026-02-26 07:45:00,1,4,0.1,0.0,0.0,0.0,0.0,XAGUSD.p,E20/TP6/Tsto5
135512151,2026-02-26 07:46:25,0,4,0.1,0.0,89.455,0.0,0.0,XAGUSD.p,[tp 89.455]
135538268,2026-02-26 08:46:42,0,4,1.0,0.0,1.6145,0.0,0.0,EURCAD.p,[tp 1.61450]
135573261,2026-02-26 09:45:00,0,4,0.1,0.0,0.0,0.0,0.0,XAGUSD.p,E20/TP6/Tsto5
135584308,2026-02-26 10:00:01,1,4,0.1,0.0,88.531,0.0,0.0,XAGUSD.p,[tp 88.531]
135584316,2026-02-26 10:00:01,0,4,0.1,0.0,0.0,0.0,0.0,XAGUSD.p,E20/TP6/Tsto5
135611948,2026-02-26 10:30:00,0,4,0.1,0.0,0.0,0.0,0.0,XAGUSD.p,E20/TP6/Tsto5
135617750,2026-02-26 10:34:00,0,4,0.2,0.0,0.0,0.0,0.0,XAGUSD.p,E20/TP6/Tsto5
135635742,2026-02-26 10:50:27,1,4,0.1,0.0,87.246,0.0,0.0,XAGUSD.p,[tp 87.246]
135635743,2026-02-26 10:50:27,1,4,0.1,0.0,87.246,0.0,0.0,XAGUSD.p,[tp 87.246]
135635744,2026-02-26 10:50:27,1,4,0.2,0.0,87.246,0.0,0.0,XAGUSD.p,[tp 87.246]
135635761,2026-02-26 10:50:28,0,4,0.1,0.0,0.0,0.0,0.0,XAGUSD.p,E20/TP6/Tsto5
135637627,2026-02-26 10:52:31,1,4,0.1,0.0,87.385,0.0,0.0,XAGUSD.p,[tp 87.385]
135643224,2026-02-26 11:00:00,0,4,0.1,0.0,0.0,0.0,0.0,XAGUSD.p,E20/TP6/Tsto5
135652545,2026-02-26 11:13:31,1,4,0.1,0.0,87.568,0.0,0.0,XAGUSD.p,[tp 87.568]
135652751,2026-02-26 11:14:03,0,4,1.0,0.0,0.0,0.0,0.0,AUDJPY.p,
135652752,2026-02-26 11:14:04,0,4,1.0,0.0,0.0,0.0,0.0,AUDJPY.p,
135652754,2026-02-26 11:14:04,0,4,2.0,0.0,0.0,0.0,0.0,AUDJPY.p,
135652796,2026-02-26 11:14:11,1,4,1.0,0.0,0.0,0.0,0.0,GBPAUD.p,
135652801,2026-02-26 11:14:12,1,4,1.0,0.0,0.0,0.0,0.0,GBPAUD.p,
135652826,2026-02-26 11:14:16,0,4,1.0,0.0,0.0,0.0,0.0,GBPJPY.p,
135652832,2026-02-26 11:14:18,0,4,1.0,0.0,0.0,0.0,0.0,GBPJPY.p,
135680140,2026-02-26 12:00:00,0,4,0.2,0.0,0.0,0.0,0.0,XAGUSD.p,XU/P50/E25/TP6/Tsto5
135682656,2026-02-26 12:05:03,1,4,0.2,0.0,87.666,0.0,0.0,XAGUSD.p,[tp 87.666]
135741261,2026-02-26 13:15:00,0,4,0.2,0.0,0.0,0.0,0.0,XAGUSD.p,XU/P50/E25/TP6/Tsto5
135746291,2026-02-26 13:22:23,1,4,0.2,0.0,87.599,0.0,0.0,XAGUSD.p,[tp 87.599]
135750859,2026-02-26 13:30:00,0,4,0.2,0.0,0.0,0.0,0.0,XAGUSD.p,XU/P50/E25/TP6/Tsto5
135768647,2026-02-26 14:01:55,1,4,0.2,0.0,0.0,0.0,0.0,XAGUSD.p,from #135750859
135794910,2026-02-26 14:30:00,0,4,0.1,0.0,0.0,0.0,0.0,XAGUSD.p,XU/P25/E25/TP6/Tsto5
135796242,2026-02-26 14:31:31,1,4,0.1,0.0,86.956,0.0,0.0,XAGUSD.p,[tp 86.956]
135806519,2026-02-26 14:45:00,0,4,0.1,0.0,0.0,0.0,0.0,XAGUSD.p,XU/P25/E25/TP6/Tsto5
135815465,2026-02-26 15:00:00,1,4,0.1,0.0,87.189,0.0,0.0,XAGUSD.p,[tp 87.189]
135815498,2026-02-26 15:00:00,0,4,0.1,0.0,0.0,0.0,0.0,XAGUSD.p,XU/P25/E25/TP6/Tsto5
135816324,2026-02-26 15:00:26,1,4,0.1,0.0,87.36,0.0,0.0,XAGUSD.p,[tp 87.360]
135845047,2026-02-26 15:30:00,0,4,0.1,0.0,0.0,0.0,0.0,XAGUSD.p,XU/P25/E25/TP6/Tsto5
135856769,2026-02-26 15:39:07,1,4,0.1,0.0,87.354,0.0,0.0,XAGUSD.p,[tp 87.354]
135875583,2026-02-26 16:00:00,0,4,0.1,0.0,0.0,0.0,0.0,XAGUSD.p,XU/P25/E25/TP6/Tsto5
136107916,2026-02-26 17:45:00,0,4,0.12,0.0,0.0,0.0,0.0,XAGUSD.p,XU/P30/E25/TP6/Tsto5
136108955,2026-02-26 17:45:22,1,4,0.12,0.0,86.732,0.0,0.0,XAGUSD.p,[tp 86.732]
136138146,2026-02-26 18:00:00,0,4,0.13,0.0,0.0,0.0,0.0,XAGUSD.p,XU/P30/E25/TP6/Tsto5
136145830,2026-02-26 18:04:00,1,4,0.1,0.0,0.0,0.0,0.0,XAGUSD.p,
136417121,2026-02-26 21:01:23,1,4,0.13,0.0,87.619,0.0,0.0,XAGUSD.p,[tp 87.619]
136417155,2026-02-26 21:01:23,1,4,0.12,0.0,0.0,0.0,0.0,XAGUSD.p,XU/P30/E25/TP6/Tsto5
136844818,2026-02-27 07:53:40,0,4,0.12,0.0,0.0,0.0,0.0,XAGUSD.p,
136844820,2026-02-27 07:53:41,1,4,0.11,0.0,0.0,0.0,0.0,XAGUSD.p,XU/P30/E25/TP6/Tsto5
136845171,2026-02-27 07:54:07,0,4,0.11,0.0,0.0,0.0,0.0,XAGUSD.p,
136866172,2026-02-27 08:30:00,1,4,0.12,0.0,0.0,0.0,0.0,XAGUSD.p,XU/P30/E25/TP6/Tsto5
136868302,2026-02-27 08:33:42,0,4,0.12,0.0,90.164,0.0,0.0,XAGUSD.p,[tp 90.164]
136875452,2026-02-27 08:45:00,1,4,0.12,0.0,0.0,0.0,0.0,XAGUSD.p,XU/P30/E25/TP6/Tsto5
136906612,2026-02-27 09:22:48,0,4,0.12,0.0,0.0,0.0,0.0,XAGUSD.p,
136912115,2026-02-27 09:30:00,0,4,37.09,0.0,0.0,0.0,0.0,GBPSGD.p,P200/E25/TP6/Tsto4
136922496,2026-02-27 09:45:00,1,4,0.34,0.0,0.0,0.0,0.0,USDJPY.p,P200/E25/TP6/Tsto4
136922509,2026-02-27 09:45:00,1,4,0.17,0.0,0.0,0.0,0.0,USDCHF.p,P200/E25/TP6/Tsto4
136923024,2026-02-27 09:45:36,1,4,37.09,0.0,1.70512,0.0,0.0,GBPSGD.p,[tp 1.70512]
136934317,2026-02-27 10:00:00,1,4,0.32,0.0,0.0,0.0,0.0,NZDCAD.p,P200/E25/TP6/Tsto4
136940204,2026-02-27 10:06:26,0,4,0.17,0.0,0.77239,0.0,0.0,USDCHF.p,[tp 0.77239]
136940303,2026-02-27 10:06:34,0,4,0.34,0.0,155.989,0.0,0.0,USDJPY.p,[tp 155.989]
136945415,2026-02-27 10:15:00,1,4,0.37,0.0,0.0,0.0,0.0,USDJPY.p,P200/E25/TP6/Tsto4
136945436,2026-02-27 10:15:00,1,4,0.24,0.0,0.0,0.0,0.0,AUDUSD.p,P200/E25/TP6/Tsto4
136956230,2026-02-27 10:30:00,1,4,0.3,0.0,0.0,0.0,0.0,GBPSGD.p,P200/E25/TP6/Tsto4
136956275,2026-02-27 10:30:00,1,4,0.4,0.0,0.0,0.0,0.0,EURNZD.p,P200/E15/T65/Tsto4
136964763,2026-02-27 10:45:00,0,4,0.18,0.0,0.0,0.0,0.0,USDCHF.p,P200/E25/TP6/Tsto4
136966081,2026-02-27 10:47:28,0,4,0.24,0.0,0.71155,0.0,0.0,AUDUSD.p,[tp 0.71155]
136966084,2026-02-27 10:47:28,1,4,0.24,0.0,0.0,0.0,0.0,AUDUSD.p,P200/E25/TP6/Tsto4
137006214,2026-02-27 11:50:32,0,4,0.4,0.0,1.97125,0.0,0.0,EURNZD.p,[tp 1.97125]
137017621,2026-02-27 12:04:24,0,4,0.24,0.0,0.71089,0.0,0.0,AUDUSD.p,[tp 0.71089]
137022038,2026-02-27 12:11:01,0,4,0.32,0.0,0.81818,0.0,0.0,NZDCAD.p,[tp 0.81818]
137041456,2026-02-27 12:30:00,0,4,0.24,0.0,0.0,0.0,0.0,AUDUSD.p,P200/E25/TP6/Tsto4
137049580,2026-02-27 12:38:42,0,4,0.37,0.0,155.947,0.0,0.0,USDJPY.p,[tp 155.947]
137057003,2026-02-27 12:53:29,0,4,0.3,0.0,1.70572,0.0,0.0,GBPSGD.p,[tp 1.70572]
137057006,2026-02-27 12:53:29,1,4,0.3,0.0,0.0,0.0,0.0,GBPSGD.p,P200/E25/TP6/Tsto4
137059229,2026-02-27 13:00:00,0,4,0.37,0.0,0.0,0.0,0.0,USDJPY.p,P200/E25/TP6/Tsto4
137061564,2026-02-27 13:06:09,0,4,0.3,0.0,1.70505,0.0,0.0,GBPSGD.p,[tp 1.70505]
137087048,2026-02-27 14:00:00,1,4,0.3,0.0,0.0,0.0,0.0,GBPSGD.p,P200/E25/TP6/Tsto4
137178771,2026-02-27 15:28:54,0,4,0.3,0.0,1.70396,0.0,0.0,GBPSGD.p,[tp 1.70396]
137180552,2026-02-27 15:30:01,1,4,0.37,0.0,156.052,0.0,0.0,USDJPY.p,[tp 156.052]
137214259,2026-02-27 15:45:01,0,4,0.3,0.0,0.0,0.0,0.0,GBPSGD.p,P200/E25/TP6/Tsto4
137228022,2026-02-27 15:54:38,1,4,0.24,0.0,0.0,0.0,0.0,AUDUSD.p,
137228045,2026-02-27 15:54:39,1,4,0.3,0.0,0.0,0.0,0.0,GBPSGD.p,
137228069,2026-02-27 15:54:41,1,4,0.18,0.0,0.0,0.0,0.0,USDCHF.p,
137235789,2026-02-27 16:00:00,0,4,0.2,0.0,0.0,0.0,0.0,AUDUSD.p,P200/E25/TP6/Tsto4
137252172,2026-02-27 16:12:06,1,4,0.2,0.0,0.71043,0.0,0.0,AUDUSD.p,[tp 0.71043]
137255180,2026-02-27 16:15:00,0,4,0.25,0.0,0.0,0.0,0.0,GBPSGD.p,P200/E25/TP6/Tsto4
137255194,2026-02-27 16:15:00,1,4,0.31,0.0,0.0,0.0,0.0,USDJPY.p,P200/E25/TP6/Tsto4
137255240,2026-02-27 16:15:00,0,4,0.2,0.0,0.0,0.0,0.0,AUDUSD.p,P200/E25/TP6/Tsto4
137281655,2026-02-27 16:32:35,1,4,0.2,0.0,0.71116,0.0,0.0,AUDUSD.p,[tp 0.71116]
137287139,2026-02-27 16:35:03,0,4,0.31,0.0,155.997,0.0,0.0,USDJPY.p,[tp 155.997]
137287162,2026-02-27 16:35:03,1,4,0.31,0.0,0.0,0.0,0.0,USDJPY.p,P200/E25/TP6/Tsto4
137291316,2026-02-27 16:37:13,1,4,0.25,0.0,1.70458,0.0,0.0,GBPSGD.p,[tp 1.70458]
137291334,2026-02-27 16:37:14,0,4,0.25,0.0,0.0,0.0,0.0,GBPSGD.p,P200/E25/TP6/Tsto4
137328793,2026-02-27 17:00:00,0,4,0.15,0.0,0.0,0.0,0.0,USDCHF.p,P200/E25/TP6/Tsto4
137328848,2026-02-27 17:00:00,1,4,0.33,0.0,0.0,0.0,0.0,EURNZD.p,P200/E15/T65/Tsto4
137344918,2026-02-27 17:08:11,0,4,0.33,0.0,1.97089,0.0,0.0,EURNZD.p,[tp 1.97089]
137410748,2026-02-27 18:00:00,1,4,0.2,0.0,0.0,0.0,0.0,AUDUSD.p,P200/E25/TP6/Tsto4
137431923,2026-02-27 18:15:00,0,4,0.33,0.0,0.0,0.0,0.0,EURNZD.p,P200/E15/T65/Tsto4
137438381,2026-02-27 18:20:14,1,4,0.33,0.0,1.96925,0.0,0.0,EURNZD.p,[tp 1.96925]
137454577,2026-02-27 18:30:00,0,4,0.33,0.0,0.0,0.0,0.0,EURNZD.p,P200/E15/T65/Tsto4
137462812,2026-02-27 18:35:44,1,4,0.33,0.0,1.97082,0.0,0.0,EURNZD.p,[tp 1.97082]
137470938,2026-02-27 18:43:28,0,4,0.2,0.0,0.71197,0.0,0.0,AUDUSD.p,[tp 0.71197]
137470942,2026-02-27 18:43:29,1,4,0.2,0.0,0.0,0.0,0.0,AUDUSD.p,P200/E25/TP6/Tsto4
137472247,2026-02-27 18:45:00,0,4,0.33,0.0,0.0,0.0,0.0,EURNZD.p,P200/E15/T65/Tsto4
137509172,2026-02-27 19:23:01,1,4,0.33,0.0,1.97157,0.0,0.0,EURNZD.p,[tp 1.97157]
137509258,2026-02-27 19:23:04,0,4,0.2,0.0,0.71133,0.0,0.0,AUDUSD.p,[tp 0.71133]
137509264,2026-02-27 19:23:05,1,4,0.2,0.0,0.0,0.0,0.0,AUDUSD.p,P200/E25/TP6/Tsto4
137523806,2026-02-27 19:37:24,0,4,0.31,0.0,155.924,0.0,0.0,USDJPY.p,[tp 155.924]
137549242,2026-02-27 20:15:00,0,4,0.34,0.0,0.0,0.0,0.0,EURNZD.p,P200/E15/T65/Tsto4
137600595,2026-02-27 21:22:54,1,4,0.34,0.0,1.9710299999999998,0.0,0.0,EURNZD.p,[tp 1.97103]
137633865,2026-02-27 22:23:32,1,4,0.25,0.0,1.70533,0.0,0.0,GBPSGD.p,[tp 1.70533]
137679889,2026-02-27 23:53:17,1,4,0.15,0.0,0.76943,0.0,0.0,USDCHF.p,[tp 0.76943]
137920881,2026-03-02 00:01:00,0,4,0.2,0.0,0.71068,0.0,0.0,AUDUSD.p,[tp 0.71068]
137975412,2026-03-02 01:15:00,1,4,0.28,0.0,0.0,0.0,0.0,GBPAUD.p,P200/E25/TP6/Tsto4
137975440,2026-03-02 01:15:00,0,4,0.2,0.0,0.0,0.0,0.0,AUDUSD.p,P200/E25/TP6/Tsto4
137975455,2026-03-02 01:15:00,0,4,0.32,0.0,0.0,0.0,0.0,GBPJPY.p,P200/E25/TP6/Tsto4
137975547,2026-03-02 01:15:00,1,4,0.34,0.0,0.0,0.0,0.0,EURNZD.p,P200/E15/T65/Tsto4
137975548,2026-03-02 01:15:00,0,4,0.28,0.0,0.0,0.0,0.0,GBPCAD.p,P200/E25/TP6/Tsto4
137975549,2026-03-02 01:15:00,0,4,0.26,0.0,0.0,0.0,0.0,GBPSGD.p,P200/E25/TP6/Tsto4
137975565,2026-03-02 01:15:00,0,4,0.16,0.0,0.0,0.0,0.0,GBPCHF.p,P200/E25/TP6/Tsto4
137979285,2026-03-02 01:17:12,0,4,0.34,0.0,1.97353,0.0,0.0,EURNZD.p,[tp 1.97353]
137981510,2026-03-02 01:18:50,0,4,0.28,0.0,1.89787,0.0,0.0,GBPAUD.p,[tp 1.89787]
137990722,2026-03-02 01:24:10,1,4,0.32,0.0,209.974,0.0,0.0,GBPJPY.p,[tp 209.974]
137997888,2026-03-02 01:30:00,1,4,0.34,0.0,0.0,0.0,0.0,EURNZD.p,P200/E15/T65/Tsto4
137997889,2026-03-02 01:30:00,0,4,0.32,0.0,0.0,0.0,0.0,GBPJPY.p,P200/E25/TP6/Tsto4
138001672,2026-03-02 01:31:50,0,4,0.34,0.0,1.97323,0.0,0.0,EURNZD.p,[tp 1.97323]
138027302,2026-03-02 01:44:48,1,4,0.32,0.0,209.984,0.0,0.0,GBPJPY.p,[tp 209.984]
138027606,2026-03-02 01:45:00,1,4,0.34,0.0,0.0,0.0,0.0,EURNZD.p,P200/E15/T65/Tsto4
138073183,2026-03-02 02:15:22,1,4,0.2,0.0,0.0,0.0,0.0,AUDUSD.p,
138073184,2026-03-02 02:15:22,1,4,0.28,0.0,0.0,0.0,0.0,GBPCAD.p,
138073185,2026-03-02 02:15:22,1,4,0.26,0.0,0.0,0.0,0.0,GBPSGD.p,
138073186,2026-03-02 02:15:22,1,4,0.16,0.0,0.0,0.0,0.0,GBPCHF.p,
138073187,2026-03-02 02:15:22,0,4,0.34,0.0,0.0,0.0,0.0,EURNZD.p,
138095262,2026-03-02 02:30:00,0,4,0.25,0.0,0.0,0.0,0.0,GBPSGD.p,P200/E25/TP6/Tsto4
138095263,2026-03-02 02:30:00,0,4,0.2,0.0,0.0,0.0,0.0,AUDUSD.p,P200/E25/TP6/Tsto4
138095301,2026-03-02 02:30:00,0,4,0.27,0.0,0.0,0.0,0.0,GBPCAD.p,P200/E25/TP6/Tsto4
138104869,2026-03-02 02:39:19,1,4,0.2,0.0,0.7072,0.0,0.0,AUDUSD.p,[tp 0.70720]
138109121,2026-03-02 02:44:23,1,4,0.25,0.0,1.70288,0.0,0.0,GBPSGD.p,[tp 1.70288]
138109960,2026-03-02 02:45:00,1,4,0.28,0.0,0.0,0.0,0.0,GBPAUD.p,P200/E25/TP6/Tsto4
138109961,2026-03-02 02:45:00,0,4,0.31,0.0,0.0,0.0,0.0,GBPJPY.p,P200/E25/TP6/Tsto4
138109962,2026-03-02 02:45:00,0,4,0.2,0.0,0.0,0.0,0.0,AUDUSD.p,P200/E25/TP6/Tsto4
138109993,2026-03-02 02:45:00,0,4,0.15,0.0,0.0,0.0,0.0,GBPCHF.p,P200/E25/TP6/Tsto4
138109999,2026-03-02 02:45:00,1,4,0.34,0.0,0.0,0.0,0.0,EURNZD.p,P200/E15/T65/Tsto4
138110879,2026-03-02 02:45:34,0,4,0.28,0.0,1.89715,0.0,0.0,GBPAUD.p,[tp 1.89715]
138110977,2026-03-02 02:45:42,0,4,0.34,0.0,1.9726,0.0,0.0,EURNZD.p,[tp 1.97260]
138118271,2026-03-02 02:52:19,1,4,0.2,0.0,0.70802,0.0,0.0,AUDUSD.p,[tp 0.70802]
138122612,2026-03-02 02:54:52,1,4,0.31,0.0,210.009,0.0,0.0,GBPJPY.p,[tp 210.009]
138126793,2026-03-02 02:57:39,1,4,0.15,0.0,1.03267,0.0,0.0,GBPCHF.p,[tp 1.03267]
138127391,2026-03-02 02:58:26,1,4,0.27,0.0,1.8338,0.0,0.0,GBPCAD.p,[tp 1.83380]
138129526,2026-03-02 03:00:00,0,4,0.16,0.0,0.0,0.0,0.0,GBPCHF.p,P200/E25/TP6/Tsto4
138129549,2026-03-02 03:00:00,1,4,0.28,0.0,0.0,0.0,0.0,GBPAUD.p,P200/E25/TP6/Tsto4
138129601,2026-03-02 03:00:00,0,4,0.2,0.0,0.0,0.0,0.0,AUDUSD.p,P200/E25/TP6/Tsto4
138129636,2026-03-02 03:00:00,0,4,0.28,0.0,0.0,0.0,0.0,GBPCAD.p,P200/E25/TP6/Tsto4
138134506,2026-03-02 03:00:48,0,4,0.28,0.0,1.89532,0.0,0.0,GBPAUD.p,[tp 1.89532]
138136048,2026-03-02 03:01:12,1,4,0.2,0.0,0.70909,0.0,0.0,AUDUSD.p,[tp 0.70909]
138140692,2026-03-02 03:02:10,1,4,0.16,0.0,1.0333,0.0,0.0,GBPCHF.p,[tp 1.03330]
138161322,2026-03-02 03:09:16,1,4,0.28,0.0,1.83457,0.0,0.0,GBPCAD.p,[tp 1.83457]
138207766,2026-03-02 03:30:00,1,4,0.16,0.0,0.0,0.0,0.0,GBPCHF.p,P200/E25/TP6/Tsto4
138207767,2026-03-02 03:30:00,0,4,0.28,0.0,0.0,0.0,0.0,GBPAUD.p,P200/E25/TP6/Tsto4
138207778,2026-03-02 03:30:00,1,4,0.32,0.0,0.0,0.0,0.0,GBPJPY.p,P200/E25/TP6/Tsto4
138207831,2026-03-02 03:30:00,1,4,0.2,0.0,0.0,0.0,0.0,AUDUSD.p,P200/E25/TP6/Tsto4
138207849,2026-03-02 03:30:00,0,4,0.34,0.0,0.0,0.0,0.0,EURNZD.p,P200/E15/T65/Tsto4
138243899,2026-03-02 03:53:04,0,4,0.32,0.0,210.132,0.0,0.0,GBPJPY.p,[tp 210.132]
138253497,2026-03-02 04:00:00,1,4,0.32,0.0,0.0,0.0,0.0,GBPJPY.p,P200/E25/TP6/Tsto4
138272906,2026-03-02 04:15:00,1,4,0.28,0.0,0.0,0.0,0.0,GBPCAD.p,P200/E25/TP6/Tsto4
138336004,2026-03-02 05:35:03,0,4,0.16,0.0,1.03287,0.0,0.0,GBPCHF.p,[tp 1.03287]
138363143,2026-03-02 06:20:05,1,4,0.34,0.0,1.97116,0.0,0.0,EURNZD.p,[tp 1.97116]
138367639,2026-03-02 06:30:00,0,4,0.34,0.0,0.0,0.0,0.0,EURNZD.p,P200/E15/T65/Tsto4
138369507,2026-03-02 06:32:35,1,4,0.34,0.0,1.97133,0.0,0.0,EURNZD.p,[tp 1.97133]
138379987,2026-03-02 06:46:12,0,4,0.28,0.0,1.83429,0.0,0.0,GBPCAD.p,[tp 1.83429]
138390555,2026-03-02 07:06:17,0,4,0.2,0.0,0.70886,0.0,0.0,AUDUSD.p,[tp 0.70886]
138390975,2026-03-02 07:07:39,1,4,0.28,0.0,1.89507,0.0,0.0,GBPAUD.p,[tp 1.89507]
138406400,2026-03-02 07:30:00,0,4,0.2,0.0,0.0,0.0,0.0,AUDUSD.p,P200/E25/TP6/Tsto4
138406403,2026-03-02 07:30:00,1,4,0.34,0.0,0.0,0.0,0.0,EURNZD.p,P200/E15/T65/Tsto4
138406432,2026-03-02 07:30:00,1,4,0.28,0.0,0.0,0.0,0.0,GBPAUD.p,P200/E25/TP6/Tsto4
138434489,2026-03-02 08:08:59,0,4,0.28,0.0,1.89347,0.0,0.0,GBPAUD.p,[tp 1.89347]
138439002,2026-03-02 08:15:00,1,4,0.28,0.0,0.0,0.0,0.0,GBPAUD.p,P200/E25/TP6/Tsto4
138443859,2026-03-02 08:23:45,0,4,0.28,0.0,1.8933900000000001,0.0,0.0,GBPAUD.p,[tp 1.89339]
138444182,2026-03-02 08:24:35,0,4,0.34,0.0,1.97261,0.0,0.0,EURNZD.p,[tp 1.97261]
138444186,2026-03-02 08:24:35,1,4,0.34,0.0,0.0,0.0,0.0,EURNZD.p,P200/E15/T65/Tsto4
138456760,2026-03-02 08:40:08,0,4,0.32,0.0,210.043,0.0,0.0,GBPJPY.p,[tp 210.043]
138460348,2026-03-02 08:45:00,0,4,0.16,0.0,0.0,0.0,0.0,GBPCHF.p,P200/E25/TP6/Tsto4
138467008,2026-03-02 08:50:53,0,4,0.34,0.0,1.97195,0.0,0.0,EURNZD.p,[tp 1.97195]
138474765,2026-03-02 09:00:00,0,4,0.28,0.0,0.0,0.0,0.0,GBPCAD.p,P200/E25/TP6/Tsto4
138474772,2026-03-02 09:00:00,0,4,0.26,0.0,0.0,0.0,0.0,GBPSGD.p,P200/E25/TP6/Tsto4
138475663,2026-03-02 09:01:40,1,4,0.16,0.0,1.03118,0.0,0.0,GBPCHF.p,[tp 1.03118]
138475666,2026-03-02 09:01:40,0,4,0.16,0.0,0.0,0.0,0.0,GBPCHF.p,P200/E25/TP6/Tsto4
138478422,2026-03-02 09:04:17,1,4,0.16,0.0,1.0318,0.0,0.0,GBPCHF.p,[tp 1.03180]
138522964,2026-03-02 09:45:00,0,4,0.16,0.0,0.0,0.0,0.0,GBPCHF.p,P200/E25/TP6/Tsto4
138522976,2026-03-02 09:45:00,0,4,0.32,0.0,0.0,0.0,0.0,GBPJPY.p,P200/E25/TP6/Tsto4
138522987,2026-03-02 09:45:00,0,4,0.28,0.0,0.0,0.0,0.0,GBPAUD.p,P200/E25/TP6/Tsto4
138523316,2026-03-02 09:45:52,1,4,0.16,0.0,1.03315,0.0,0.0,GBPCHF.p,[tp 1.03315]
138536549,2026-03-02 10:00:00,0,4,0.34,0.0,0.0,0.0,0.0,EURNZD.p,P200/E15/T65/Tsto4
138541453,2026-03-02 10:03:03,1,4,0.32,0.0,209.879,0.0,0.0,GBPJPY.p,[tp 209.879]
138549992,2026-03-02 10:11:39,1,4,0.34,0.0,1.97191,0.0,0.0,EURNZD.p,[tp 1.97191]
138553280,2026-03-02 10:15:00,0,4,0.32,0.0,0.0,0.0,0.0,GBPJPY.p,P200/E25/TP6/Tsto4
138566260,2026-03-02 10:30:00,0,4,0.32,0.0,0.0,0.0,0.0,GBPJPY.p,P200/E25/TP6/Tsto4
138566263,2026-03-02 10:30:00,0,4,0.26,0.0,0.0,0.0,0.0,GBPSGD.p,P200/E25/TP6/Tsto4
138580173,2026-03-02 10:45:00,0,4,0.16,0.0,0.0,0.0,0.0,GBPCHF.p,P200/E25/TP6/Tsto4
138609556,2026-03-02 11:15:00,0,4,0.28,0.0,0.0,0.0,0.0,GBPAUD.p,P200/E25/TP6/Tsto4
138611683,2026-03-02 11:18:07,1,4,0.26,0.0,1.69973,0.0,0.0,GBPSGD.p,[tp 1.69973]
138611684,2026-03-02 11:18:07,1,4,0.26,0.0,1.69973,0.0,0.0,GBPSGD.p,[tp 1.69973]
138611701,2026-03-02 11:18:07,0,4,0.26,0.0,0.0,0.0,0.0,GBPSGD.p,P200/E25/TP6/Tsto4
138611724,2026-03-02 11:18:13,1,4,0.32,0.0,209.732,0.0,0.0,GBPJPY.p,[tp 209.732]
138611725,2026-03-02 11:18:13,1,4,0.32,0.0,209.732,0.0,0.0,GBPJPY.p,[tp 209.732]
138611731,2026-03-02 11:18:13,0,4,0.32,0.0,0.0,0.0,0.0,GBPJPY.p,P200/E25/TP6/Tsto4
138625841,2026-03-02 11:32:56,1,4,0.32,0.0,209.825,0.0,0.0,GBPJPY.p,[tp 209.825]
138625849,2026-03-02 11:32:57,0,4,0.32,0.0,0.0,0.0,0.0,GBPJPY.p,P200/E25/TP6/Tsto4
138640455,2026-03-02 11:56:45,1,4,0.32,0.0,209.92,0.0,0.0,GBPJPY.p,[tp 209.920]
138640458,2026-03-02 11:56:45,0,4,0.33,0.0,0.0,0.0,0.0,GBPJPY.p,P200/E25/TP6/Tsto4
138640992,2026-03-02 11:58:24,1,4,0.16,0.0,1.03242,0.0,0.0,GBPCHF.p,[tp 1.03242]
138644183,2026-03-02 12:01:43,1,4,0.26,0.0,1.70039,0.0,0.0,GBPSGD.p,[tp 1.70039]
138652170,2026-03-02 12:07:15,1,4,0.33,0.0,210.009,0.0,0.0,GBPJPY.p,[tp 210.009]
138664501,2026-03-02 12:20:44,1,4,0.2,0.0,0.7094,0.0,0.0,AUDUSD.p,[tp 0.70940]
138685012,2026-03-02 12:44:44,1,4,0.28,0.0,1.82866,0.0,0.0,GBPCAD.p,[tp 1.82866]
138685317,2026-03-02 12:44:58,0,4,0.28,0.0,0.0,0.0,0.0,GBPCAD.p,P200/E25/TP6/Tsto4
138685435,2026-03-02 12:45:00,1,4,0.21,0.0,0.0,0.0,0.0,AUDUSD.p,P200/E25/TP6/Tsto4
138685463,2026-03-02 12:45:00,0,4,0.35,0.0,0.0,0.0,0.0,EURNZD.p,P200/E15/T65/Tsto4
138691839,2026-03-02 12:52:51,1,4,0.28,0.0,1.89055,0.0,0.0,GBPAUD.p,[tp 1.89055]
138691840,2026-03-02 12:52:51,1,4,0.28,0.0,1.89055,0.0,0.0,GBPAUD.p,[tp 1.89055]
138691846,2026-03-02 12:52:51,0,4,0.3,0.0,0.0,0.0,0.0,GBPAUD.p,P200/E25/TP6/Tsto4
138694972,2026-03-02 12:54:36,1,4,0.28,0.0,1.8296700000000001,0.0,0.0,GBPCAD.p,[tp 1.82967]
138695013,2026-03-02 12:54:36,1,4,0.3,0.0,1.89124,0.0,0.0,GBPAUD.p,[tp 1.89124]
138698163,2026-03-02 12:56:48,0,4,0.21,0.0,0.7086,0.0,0.0,AUDUSD.p,[tp 0.70860]
138701397,2026-03-02 13:00:00,1,4,0.21,0.0,0.0,0.0,0.0,AUDUSD.p,P200/E25/TP6/Tsto4
138708389,2026-03-02 13:08:14,0,4,0.21,0.0,0.70828,0.0,0.0,AUDUSD.p,[tp 0.70828]
138713443,2026-03-02 13:15:00,1,4,0.21,0.0,0.0,0.0,0.0,AUDUSD.p,P200/E25/TP6/Tsto4
138725753,2026-03-02 13:30:00,1,4,0.33,0.0,0.0,0.0,0.0,GBPJPY.p,P200/E25/TP6/Tsto4
138767386,2026-03-02 14:09:16,1,4,0.35,0.0,1.96976,0.0,0.0,EURNZD.p,[tp 1.96976]
138767393,2026-03-02 14:09:17,0,4,0.36,0.0,0.0,0.0,0.0,EURNZD.p,P200/E15/T65/Tsto4
138773876,2026-03-02 14:15:00,1,4,0.28,0.0,0.0,0.0,0.0,GBPCAD.p,P200/E25/TP6/Tsto4
138775672,2026-03-02 14:16:17,0,4,0.21,0.0,0.70752,0.0,0.0,AUDUSD.p,[tp 0.70752]
138800801,2026-03-02 14:44:54,0,4,0.28,0.0,1.83037,0.0,0.0,GBPCAD.p,[tp 1.83037]
138800990,2026-03-02 14:45:00,1,4,0.28,0.0,0.0,0.0,0.0,GBPCAD.p,P200/E25/TP6/Tsto4
138802293,2026-03-02 14:46:02,0,4,0.28,0.0,1.82962,0.0,0.0,GBPCAD.p,[tp 1.82962]
138805120,2026-03-02 14:49:32,1,4,0.36,0.0,1.97044,0.0,0.0,EURNZD.p,[tp 1.97044]
138815548,2026-03-02 15:00:00,1,4,0.16,0.0,0.0,0.0,0.0,GBPCHF.p,P200/E25/TP6/Tsto4
138815583,2026-03-02 15:00:00,1,4,0.27,0.0,0.0,0.0,0.0,GBPSGD.p,P200/E25/TP6/Tsto4
138824179,2026-03-02 15:05:02,0,4,0.27,0.0,1.70493,0.0,0.0,GBPSGD.p,[tp 1.70493]
138855556,2026-03-02 15:20:15,0,4,0.33,0.0,0.0,0.0,0.0,GBPJPY.p,
138855577,2026-03-02 15:20:16,0,4,0.16,0.0,0.0,0.0,0.0,GBPCHF.p,
138898615,2026-03-02 15:45:00,1,4,0.16,0.0,0.0,0.0,0.0,GBPCHF.p,P200/E15/TP5/Tsto2
138898616,2026-03-02 15:45:00,1,4,0.32,0.0,0.0,0.0,0.0,GBPJPY.p,P200/E15/TP5/Tsto2
138898645,2026-03-02 15:45:00,1,4,0.25,0.0,0.0,0.0,0.0,GBPSGD.p,P200/E15/TP5/Tsto2
138898647,2026-03-02 15:45:00,1,4,0.27,0.0,0.0,0.0,0.0,GBPCAD.p,P200/E15/TP5/Tsto2
138911481,2026-03-02 15:54:51,0,4,0.16,0.0,1.04177,0.0,0.0,GBPCHF.p,[tp 1.04177]
138912264,2026-03-02 15:55:43,0,4,0.25,0.0,1.7050800000000002,0.0,0.0,GBPSGD.p,[tp 1.70508]
138914188,2026-03-02 15:57:36,0,4,0.32,0.0,0.0,0.0,0.0,GBPJPY.p,
138914203,2026-03-02 15:57:37,0,4,0.27,0.0,0.0,0.0,0.0,GBPCAD.p,
138950438,2026-03-02 16:15:00,0,4,0.2,0.0,0.0,0.0,0.0,AUDUSD.p,P200/E15/TP4/Tsto2
139001307,2026-03-02 16:30:00,1,4,0.27,0.0,0.0,0.0,0.0,GBPCAD.p,P200/E15/TP4/Tsto2
139001310,2026-03-02 16:30:00,1,4,0.16,0.0,0.0,0.0,0.0,GBPCHF.p,P200/E15/TP4/Tsto2
139001327,2026-03-02 16:30:00,1,4,0.31,0.0,0.0,0.0,0.0,GBPJPY.p,P200/E15/TP4/Tsto2
139001343,2026-03-02 16:30:00,1,4,0.25,0.0,0.0,0.0,0.0,GBPSGD.p,P200/E15/TP4/Tsto2
139004046,2026-03-02 16:30:35,0,4,0.27,0.0,1.83095,0.0,0.0,GBPCAD.p,[tp 1.83095]
139012821,2026-03-02 16:32:23,1,4,0.2,0.0,0.70666,0.0,0.0,AUDUSD.p,[tp 0.70666]
139051280,2026-03-02 16:45:00,0,4,0.2,0.0,0.0,0.0,0.0,AUDUSD.p,P200/E15/TP4/Tsto2
139051308,2026-03-02 16:45:00,1,4,0.28,0.0,0.0,0.0,0.0,GBPAUD.p,P200/E15/TP4/Tsto2
139051318,2026-03-02 16:45:00,1,4,0.33,0.0,0.0,0.0,0.0,EURNZD.p,P200/E15/TP4/Tsto2
139064955,2026-03-02 16:49:36,0,4,0.33,0.0,1.96908,0.0,0.0,EURNZD.p,[tp 1.96908]
139069370,2026-03-02 16:51:11,1,4,0.2,0.0,0.70828,0.0,0.0,AUDUSD.p,[tp 0.70828]
139092351,2026-03-02 17:00:00,1,4,0.2,0.0,0.0,0.0,0.0,AUDUSD.p,P200/E15/TP4/Tsto2
139092406,2026-03-02 17:00:00,0,4,0.33,0.0,0.0,0.0,0.0,EURNZD.p,P200/E15/TP4/Tsto2
139094340,2026-03-02 17:00:30,1,4,0.33,0.0,1.97112,0.0,0.0,EURNZD.p,[tp 1.97112]
139106647,2026-03-02 17:03:47,0,4,0.28,0.0,1.89432,0.0,0.0,GBPAUD.p,[tp 1.89432]
139156650,2026-03-02 17:22:22,0,4,0.2,0.0,0.70731,0.0,0.0,AUDUSD.p,[tp 0.70731]
139171962,2026-03-02 17:30:00,1,4,0.27,0.0,0.0,0.0,0.0,GBPCAD.p,P200/E15/TP4/Tsto2
139171969,2026-03-02 17:30:00,1,4,0.2,0.0,0.0,0.0,0.0,AUDUSD.p,P200/E15/TP4/Tsto2
139171991,2026-03-02 17:30:00,0,4,0.28,0.0,0.0,0.0,0.0,GBPAUD.p,P200/E15/TP4/Tsto2
139181812,2026-03-02 17:35:36,0,4,0.25,0.0,1.7063000000000001,0.0,0.0,GBPSGD.p,[tp 1.70630]
139181816,2026-03-02 17:35:37,1,4,0.25,0.0,0.0,0.0,0.0,GBPSGD.p,P200/E15/TP4/Tsto2
139182509,2026-03-02 17:36:00,0,4,0.2,0.0,0.70693,0.0,0.0,AUDUSD.p,[tp 0.70693]
139182641,2026-03-02 17:36:01,1,4,0.28,0.0,1.8935300000000002,0.0,0.0,GBPAUD.p,[tp 1.89353]
139186992,2026-03-02 17:38:44,0,4,0.25,0.0,1.70577,0.0,0.0,GBPSGD.p,[tp 1.70577]
139188527,2026-03-02 17:39:41,0,4,0.27,0.0,1.8319999999999999,0.0,0.0,GBPCAD.p,[tp 1.83200]
139195327,2026-03-02 17:45:00,1,4,0.34,0.0,0.0,0.0,0.0,EURNZD.p,P200/E15/TP4/Tsto2
139211284,2026-03-02 17:52:49,0,4,0.31,0.0,210.881,0.0,0.0,GBPJPY.p,[tp 210.881]
139211289,2026-03-02 17:52:49,1,4,0.32,0.0,0.0,0.0,0.0,GBPJPY.p,P200/E15/TP4/Tsto2
139215325,2026-03-02 17:55:19,0,4,0.32,0.0,210.81,0.0,0.0,GBPJPY.p,[tp 210.810]
139218961,2026-03-02 17:57:09,0,4,0.34,0.0,1.97093,0.0,0.0,EURNZD.p,[tp 1.97093]
139227220,2026-03-02 18:00:00,1,4,0.32,0.0,0.0,0.0,0.0,GBPJPY.p,P200/E15/TP4/Tsto2
139227227,2026-03-02 18:00:00,1,4,0.28,0.0,0.0,0.0,0.0,GBPCAD.p,P200/E15/TP4/Tsto2
139227306,2026-03-02 18:00:00,0,4,0.28,0.0,0.0,0.0,0.0,GBPAUD.p,P200/E15/TP4/Tsto2
139233878,2026-03-02 18:01:00,1,4,0.28,0.0,1.89493,0.0,0.0,GBPAUD.p,[tp 1.89493]
139243143,2026-03-02 18:02:30,0,4,0.32,0.0,210.841,0.0,0.0,GBPJPY.p,[tp 210.841]
139284182,2026-03-02 18:15:00,0,4,0.2,0.0,0.0,0.0,0.0,AUDUSD.p,P200/E15/TP4/Tsto2
139318413,2026-03-02 18:30:00,0,4,0.28,0.0,0.0,0.0,0.0,GBPAUD.p,P200/E15/TP4/Tsto2
139320752,2026-03-02 18:31:36,1,4,0.28,0.0,1.89438,0.0,0.0,GBPAUD.p,[tp 1.89438]
139343879,2026-03-02 18:41:39,1,4,0.2,0.0,0.70692,0.0,0.0,AUDUSD.p,[tp 0.70692]
139349952,2026-03-02 18:45:00,0,4,0.2,0.0,0.0,0.0,0.0,AUDUSD.p,P200/E15/TP4/Tsto2
139377331,2026-03-02 19:00:00,0,4,0.32,0.0,0.0,0.0,0.0,GBPJPY.p,P200/E15/TP4/Tsto2
139377390,2026-03-02 19:00:00,0,4,0.28,0.0,0.0,0.0,0.0,GBPAUD.p,P200/E15/TP4/Tsto2
139383888,2026-03-02 19:02:58,1,4,0.28,0.0,1.8955199999999999,0.0,0.0,GBPAUD.p,[tp 1.89552]
139388779,2026-03-02 19:05:51,1,4,0.32,0.0,210.948,0.0,0.0,GBPJPY.p,[tp 210.948]
139401542,2026-03-02 19:15:00,1,4,0.28,0.0,0.0,0.0,0.0,GBPCAD.p,P200/E15/TP4/Tsto2
139402930,2026-03-02 19:16:01,1,4,0.2,0.0,0.70742,0.0,0.0,AUDUSD.p,[tp 0.70742]
139421233,2026-03-02 19:30:00,1,4,0.28,0.0,0.0,0.0,0.0,GBPAUD.p,P200/E15/TP4/Tsto2
139440200,2026-03-02 19:45:00,1,4,0.25,0.0,0.0,0.0,0.0,GBPSGD.p,P200/E15/TP4/Tsto2
139456003,2026-03-02 19:59:27,0,4,0.28,0.0,1.89412,0.0,0.0,GBPAUD.p,[tp 1.89412]
139461564,2026-03-02 20:03:37,0,4,0.25,0.0,1.70769,0.0,0.0,GBPSGD.p,[tp 1.70769]
139474309,2026-03-02 20:15:00,1,4,0.32,0.0,0.0,0.0,0.0,GBPJPY.p,P200/E15/TP4/Tsto2
139474358,2026-03-02 20:15:00,1,4,0.26,0.0,0.0,0.0,0.0,GBPSGD.p,P200/E15/TP4/Tsto2
139492845,2026-03-02 20:30:32,0,4,0.26,0.0,1.70743,0.0,0.0,GBPSGD.p,[tp 1.70743]
139493280,2026-03-02 20:30:47,1,4,0.26,0.0,0.0,0.0,0.0,GBPSGD.p,P200/E15/TP4/Tsto2
139502794,2026-03-02 20:41:05,0,4,0.32,0.0,210.942,0.0,0.0,GBPJPY.p,[tp 210.942]
139522381,2026-03-02 21:00:00,0,4,0.28,0.0,0.0,0.0,0.0,GBPAUD.p,P200/E15/TP4/Tsto2
139571218,2026-03-02 22:00:00,0,4,0.34,0.0,0.0,0.0,0.0,EURNZD.p,P200/E15/TP4/Tsto2
139575898,2026-03-02 22:06:16,0,4,0.28,0.0,1.83415,0.0,0.0,GBPCAD.p,[tp 1.83415]
139575899,2026-03-02 22:06:16,0,4,0.28,0.0,1.83415,0.0,0.0,GBPCAD.p,[tp 1.83415]
139576524,2026-03-02 22:06:43,1,4,0.34,0.0,1.96742,0.0,0.0,EURNZD.p,[tp 1.96742]
139578825,2026-03-02 22:08:02,0,4,0.26,0.0,1.7069,0.0,0.0,GBPSGD.p,[tp 1.70690]
139590255,2026-03-02 22:15:00,1,4,0.2,0.0,0.0,0.0,0.0,AUDUSD.p,P200/E15/TP4/Tsto2
139590284,2026-03-02 22:15:00,0,4,0.34,0.0,0.0,0.0,0.0,EURNZD.p,P200/E15/TP4/Tsto2
139590300,2026-03-02 22:15:00,1,4,0.26,0.0,0.0,0.0,0.0,GBPSGD.p,P200/E15/TP4/Tsto2
139591036,2026-03-02 22:15:33,1,4,0.34,0.0,1.9692699999999999,0.0,0.0,EURNZD.p,[tp 1.96927]
139624954,2026-03-02 22:45:00,0,4,0.28,0.0,0.0,0.0,0.0,GBPCAD.p,P200/E15/TP4/Tsto2
139672498,2026-03-02 23:49:38,1,4,0.28,0.0,1.8332899999999999,0.0,0.0,GBPCAD.p,[tp 1.83329]
139695413,2026-03-03 01:15:00,0,4,0.34,0.0,0.0,0.0,0.0,EURNZD.p,P200/E15/TP4/Tsto2
139695476,2026-03-03 01:15:00,0,4,0.27,0.0,0.0,0.0,0.0,GBPCAD.p,P200/E15/TP4/Tsto2
139828509,2026-03-03 03:24:10,1,4,0.27,0.0,1.8337599999999998,0.0,0.0,GBPCAD.p,[tp 1.83376]
139834577,2026-03-03 03:30:00,1,4,0.31,0.0,0.0,0.0,0.0,GBPJPY.p,P200/E15/TP4/Tsto2
139835980,2026-03-03 03:30:56,0,4,0.31,0.0,211.153,0.0,0.0,GBPJPY.p,[tp 211.153]
139854418,2026-03-03 03:45:00,1,4,0.31,0.0,0.0,0.0,0.0,GBPJPY.p,P200/E15/TP4/Tsto2
139876587,2026-03-03 03:55:31,0,4,0.31,0.0,211.06,0.0,0.0,GBPJPY.p,[tp 211.060]
139887477,2026-03-03 04:00:00,1,4,0.32,0.0,0.0,0.0,0.0,GBPJPY.p,P200/E15/TP4/Tsto2
139889363,2026-03-03 04:00:22,1,4,0.34,0.0,1.96803,0.0,0.0,EURNZD.p,[tp 1.96803]
139895943,2026-03-03 04:02:28,0,4,0.26,0.0,1.70575,0.0,0.0,GBPSGD.p,[tp 1.70575]
139909540,2026-03-03 04:09:59,0,4,0.32,0.0,210.859,0.0,0.0,GBPJPY.p,[tp 210.859]
139955476,2026-03-03 04:45:00,0,4,0.32,0.0,0.0,0.0,0.0,GBPJPY.p,P200/E15/TP4/Tsto2
139955485,2026-03-03 04:45:00,1,4,0.34,0.0,0.0,0.0,0.0,EURNZD.p,P200/E15/TP4/Tsto2
139965699,2026-03-03 04:54:59,0,4,0.34,0.0,1.966,0.0,0.0,EURNZD.p,[tp 1.96600]
140012279,2026-03-03 06:00:00,0,4,0.34,0.0,0.0,0.0,0.0,EURNZD.p,P200/E15/TP4/Tsto2
140044402,2026-03-03 06:48:34,1,4,0.34,0.0,1.96693,0.0,0.0,EURNZD.p,[tp 1.96693]
140088943,2026-03-03 07:32:39,0,4,0.32,0.0,0.0,0.0,0.0,GBPJPY.p,P200/E15/TP4/Tsto2
140198299,2026-03-03 08:30:00,0,4,0.27,0.0,0.0,0.0,0.0,GBPCAD.p,P200/E15/TP4/Tsto2
140198317,2026-03-03 08:30:00,1,4,0.34,0.0,0.0,0.0,0.0,EURNZD.p,P200/E15/TP4/Tsto2
140198320,2026-03-03 08:30:00,0,4,0.25,0.0,0.0,0.0,0.0,GBPSGD.p,P200/E15/TP4/Tsto2
140237527,2026-03-03 08:55:14,0,4,0.34,0.0,1.9679,0.0,0.0,EURNZD.p,[tp 1.96790]
140243686,2026-03-03 09:00:00,1,4,0.33,0.0,0.0,0.0,0.0,EURNZD.p,P200/E15/TP4/Tsto2
140249886,2026-03-03 09:04:46,0,4,0.33,0.0,1.96698,0.0,0.0,EURNZD.p,[tp 1.96698]
140274948,2026-03-03 09:30:00,0,4,0.33,0.0,0.0,0.0,0.0,EURNZD.p,P200/E15/TP4/Tsto2
140275991,2026-03-03 09:31:00,1,4,0.33,0.0,1.96777,0.0,0.0,EURNZD.p,[tp 1.96777]
140323729,2026-03-03 10:15:00,1,4,0.32,0.0,0.0,0.0,0.0,EURNZD.p,P200/E15/TP4/Tsto2
140323734,2026-03-03 10:15:00,0,4,0.64,0.0,0.0,0.0,0.0,GBPJPY.p,P200/E15/TP4/Tsto2
140328236,2026-03-03 10:17:56,0,4,0.32,0.0,1.9694500000000001,0.0,0.0,EURNZD.p,[tp 1.96945]
140333393,2026-03-03 10:22:57,0,4,0.2,0.0,0.707,0.0,0.0,AUDUSD.p,[tp 0.70700]
140414942,2026-03-03 11:15:00,1,4,0.33,0.0,0.0,0.0,0.0,EURNZD.p,P200/E15/TP4/Tsto2
140414961,2026-03-03 11:15:00,0,4,0.19,0.0,0.0,0.0,0.0,AUDUSD.p,P200/E15/TP4/Tsto2
140557433,2026-03-03 12:34:45,1,4,0.28,0.0,1.89347,0.0,0.0,GBPAUD.p,[tp 1.89347]
140617793,2026-03-03 13:00:00,1,4,0.27,0.0,0.0,0.0,0.0,GBPAUD.p,P200/E15/TP4/Tsto2
140625072,2026-03-03 13:03:10,0,4,0.27,0.0,1.8910900000000002,0.0,0.0,GBPAUD.p,[tp 1.89109]
140805331,2026-03-03 13:54:24,0,4,0.33,0.0,1.96944,0.0,0.0,EURNZD.p,[tp 1.96944]
140805341,2026-03-03 13:54:24,1,4,0.33,0.0,0.0,0.0,0.0,EURNZD.p,P200/E15/TP4/Tsto2
140814359,2026-03-03 13:58:40,0,4,0.33,0.0,1.96895,0.0,0.0,EURNZD.p,[tp 1.96895]
140816550,2026-03-03 14:00:00,1,4,0.28,0.0,0.0,0.0,0.0,GBPAUD.p,P200/E15/TP4/Tsto2
140839258,2026-03-03 14:09:54,0,4,0.28,0.0,1.89147,0.0,0.0,GBPAUD.p,[tp 1.89147]
140872492,2026-03-03 14:30:00,1,4,0.28,0.0,0.0,0.0,0.0,GBPAUD.p,P200/E15/TP4/Tsto2
140971807,2026-03-03 15:15:00,1,4,0.28,0.0,0.0,0.0,0.0,GBPAUD.p,P200/E15/TP4/Tsto2
141004689,2026-03-03 15:30:00,0,4,0.34,0.0,0.0,0.0,0.0,EURNZD.p,P200/E15/TP4/Tsto2
141006643,2026-03-03 15:30:58,1,4,0.34,0.0,1.9695,0.0,0.0,EURNZD.p,[tp 1.96950]
141098234,2026-03-03 16:15:00,0,4,0.34,0.0,0.0,0.0,0.0,EURNZD.p,P200/E15/TP4/Tsto2
141099125,2026-03-03 16:15:40,1,4,0.34,0.0,1.96953,0.0,0.0,EURNZD.p,[tp 1.96953]
141110032,2026-03-03 16:20:05,1,4,0.25,0.0,1.70305,0.0,0.0,GBPSGD.p,[tp 1.70305]
141133068,2026-03-03 16:30:00,1,4,0.56,0.0,0.0,0.0,0.0,GBPAUD.p,P200/E15/TP4/Tsto2
141187423,2026-03-03 16:45:00,1,4,0.24,0.0,0.0,0.0,0.0,GBPSGD.p,P200/E15/TP4/Tsto2
141245980,2026-03-03 17:00:00,0,4,0.19,0.0,0.0,0.0,0.0,AUDUSD.p,P200/E15/TP4/Tsto2
141310415,2026-03-03 17:17:33,0,4,0.24,0.0,1.70123,0.0,0.0,GBPSGD.p,[tp 1.70123]
141340840,2026-03-03 17:30:00,1,4,0.31,0.0,0.0,0.0,0.0,EURNZD.p,P200/E15/TP4/Tsto2
141346402,2026-03-03 17:31:28,0,4,0.31,0.0,1.9741,0.0,0.0,EURNZD.p,[tp 1.97410]
141405967,2026-03-03 18:00:00,1,4,0.33,0.0,0.0,0.0,0.0,EURNZD.p,P200/E15/TP4/Tsto2
141412147,2026-03-03 18:03:53,0,4,0.33,0.0,1.97336,0.0,0.0,EURNZD.p,[tp 1.97336]
141436334,2026-03-03 18:15:00,1,4,0.35,0.0,0.0,0.0,0.0,EURNZD.p,P200/E15/TP4/Tsto2
141456002,2026-03-03 18:23:53,0,4,0.35,0.0,1.9714399999999999,0.0,0.0,EURNZD.p,[tp 1.97144]
141492122,2026-03-03 18:42:36,0,4,0.16,0.0,1.04173,0.0,0.0,GBPCHF.p,[tp 1.04173]
141497607,2026-03-03 18:45:04,1,4,0.19,0.0,0.70235,0.0,0.0,AUDUSD.p,[tp 0.70235]
141497608,2026-03-03 18:45:04,1,4,0.19,0.0,0.70235,0.0,0.0,AUDUSD.p,[tp 0.70235]
141497647,2026-03-03 18:45:05,0,4,0.56,0.0,1.89684,0.0,0.0,GBPAUD.p,[tp 1.89684]
141497674,2026-03-03 18:45:06,0,4,0.28,0.0,1.89677,0.0,0.0,GBPAUD.p,[tp 1.89677]
141497675,2026-03-03 18:45:06,0,4,0.28,0.0,1.89677,0.0,0.0,GBPAUD.p,[tp 1.89677]
141524952,2026-03-03 18:58:16,1,4,0.64,0.0,210.206,0.0,0.0,GBPJPY.p,[tp 210.206]
141524996,2026-03-03 18:58:17,1,4,0.32,0.0,210.207,0.0,0.0,GBPJPY.p,[tp 210.207]
141524997,2026-03-03 18:58:17,1,4,0.32,0.0,210.207,0.0,0.0,GBPJPY.p,[tp 210.207]
141527213,2026-03-03 19:00:00,0,4,0.16,0.0,0.0,0.0,0.0,GBPCHF.p,P200/E15/TP4/Tsto2
141558359,2026-03-03 19:15:00,1,4,0.33,0.0,0.0,0.0,0.0,GBPJPY.p,P200/E15/TP4/Tsto2
141558374,2026-03-03 19:15:00,1,4,0.21,0.0,0.0,0.0,0.0,AUDUSD.p,P200/E15/TP4/Tsto2
141589405,2026-03-03 19:33:46,0,4,0.21,0.0,0.70149,0.0,0.0,AUDUSD.p,[tp 0.70149]
141610244,2026-03-03 19:45:00,0,4,0.3,0.0,0.0,0.0,0.0,GBPAUD.p,P200/E15/TP4/Tsto2
141611501,2026-03-03 19:46:03,1,4,0.3,0.0,1.89711,0.0,0.0,GBPAUD.p,[tp 1.89711]
141632275,2026-03-03 20:00:00,1,4,0.21,0.0,0.0,0.0,0.0,AUDUSD.p,P200/E15/TP4/Tsto2
141632283,2026-03-03 20:00:00,0,4,0.3,0.0,0.0,0.0,0.0,GBPAUD.p,P200/E15/TP4/Tsto2
141699787,2026-03-03 20:41:13,1,4,0.16,0.0,1.04379,0.0,0.0,GBPCHF.p,[tp 1.04379]
141728327,2026-03-03 21:00:00,1,4,0.27,0.0,0.0,0.0,0.0,GBPSGD.p,P200/E15/TP4/Tsto2
141755848,2026-03-03 21:17:14,0,4,0.27,0.0,1.70489,0.0,0.0,GBPSGD.p,[tp 1.70489]
141770640,2026-03-03 21:30:00,1,4,0.27,0.0,0.0,0.0,0.0,GBPSGD.p,P200/E15/TP4/Tsto2
141812193,2026-03-03 22:00:00,0,4,0.35,0.0,0.0,0.0,0.0,EURNZD.p,P200/E15/TP4/Tsto2
141829693,2026-03-03 22:15:29,1,4,0.35,0.0,1.97034,0.0,0.0,EURNZD.p,[tp 1.97034]
141829705,2026-03-03 22:15:29,0,4,0.35,0.0,0.0,0.0,0.0,EURNZD.p,P200/E15/TP4/Tsto2
141832979,2026-03-03 22:19:15,1,4,0.35,0.0,1.97082,0.0,0.0,EURNZD.p,[tp 1.97082]
141867317,2026-03-03 22:50:50,1,4,0.3,0.0,1.89802,0.0,0.0,GBPAUD.p,[tp 1.89802]
141919414,2026-03-03 23:47:44,1,4,0.27,0.0,1.82793,0.0,0.0,GBPCAD.p,[tp 1.82793]
141932477,2026-03-04 00:55:43,0,4,0.21,0.0,0.0,0.0,0.0,AUDUSD.p,
141932478,2026-03-04 00:55:43,0,4,0.33,0.0,0.0,0.0,0.0,GBPJPY.p,
141932479,2026-03-04 00:55:44,0,4,0.27,0.0,0.0,0.0,0.0,GBPSGD.p,
141954439,2026-03-04 01:15:00,0,4,0.34,0.0,0.0,0.0,0.0,EURNZD.p,P200/E5/TP5/Tsto2
141954470,2026-03-04 01:15:00,0,4,0.32,0.0,0.0,0.0,0.0,GBPJPY.p,P200/E5/TP5/Tsto2
141961610,2026-03-04 01:20:20,1,4,0.32,0.0,210.61,0.0,0.0,GBPJPY.p,[tp 210.610]
141962140,2026-03-04 01:21:04,1,4,0.34,0.0,1.97145,0.0,0.0,EURNZD.p,[tp 1.97145]
141971212,2026-03-04 01:30:00,1,4,0.16,0.0,0.0,0.0,0.0,GBPCHF.p,P200/E5/TP5/Tsto2
141971230,2026-03-04 01:30:00,1,4,0.27,0.0,0.0,0.0,0.0,GBPCAD.p,P200/E5/TP5/Tsto2
141981843,2026-03-04 01:45:00,1,4,0.26,0.0,0.0,0.0,0.0,GBPSGD.p,P200/E5/TP5/Tsto2
141982992,2026-03-04 01:46:40,0,4,0.27,0.0,1.8259699999999999,0.0,0.0,GBPCAD.p,[tp 1.82597]
141986094,2026-03-04 01:50:40,0,4,0.26,0.0,1.70476,0.0,0.0,GBPSGD.p,[tp 1.70476]
141986375,2026-03-04 01:51:01,0,4,0.16,0.0,1.044,0.0,0.0,GBPCHF.p,[tp 1.04400]
142039669,2026-03-04 02:45:00,0,4,0.26,0.0,0.0,0.0,0.0,GBPSGD.p,P200/E5/TP5/Tsto2
142054148,2026-03-04 03:00:00,1,4,0.28,0.0,0.0,0.0,0.0,GBPAUD.p,P200/E5/TP5/Tsto2
142061418,2026-03-04 03:02:42,0,4,0.28,0.0,1.9005,0.0,0.0,GBPAUD.p,[tp 1.90050]
142120219,2026-03-04 03:45:00,0,4,0.2,0.0,0.0,0.0,0.0,AUDUSD.p,P200/E5/TP5/Tsto2
142120231,2026-03-04 03:45:00,0,4,0.32,0.0,0.0,0.0,0.0,GBPJPY.p,P200/E5/TP5/Tsto2
142120281,2026-03-04 03:45:00,1,4,0.34,0.0,0.0,0.0,0.0,EURNZD.p,P200/E5/TP5/Tsto2
142152525,2026-03-04 04:07:20,0,4,0.34,0.0,1.9721899999999999,0.0,0.0,EURNZD.p,[tp 1.97219]
142162496,2026-03-04 04:12:27,1,4,0.2,0.0,0.70138,0.0,0.0,AUDUSD.p,[tp 0.70138]
142169981,2026-03-04 04:18:39,1,4,0.26,0.0,1.70404,0.0,0.0,GBPSGD.p,[tp 1.70404]
142196684,2026-03-04 04:45:34,1,4,0.32,0.0,0.0,0.0,0.0,GBPJPY.p,
142213821,2026-03-04 05:00:00,0,4,0.34,0.0,0.0,0.0,0.0,EURNZD.p,P200/E10/TP7/Tsto6
142217343,2026-03-04 05:02:30,1,4,0.34,0.0,1.97072,0.0,0.0,EURNZD.p,[tp 1.97072]
142246452,2026-03-04 05:30:00,0,4,0.34,0.0,0.0,0.0,0.0,EURNZD.p,P200/E10/TP7/Tsto6
142251774,2026-03-04 05:33:45,1,4,0.34,0.0,1.97079,0.0,0.0,EURNZD.p,[tp 1.97079]
142277775,2026-03-04 06:00:00,1,4,0.28,0.0,0.0,0.0,0.0,GBPAUD.p,P200/E10/TP7/Tsto6
142281826,2026-03-04 06:05:43,0,4,0.28,0.0,1.90274,0.0,0.0,GBPAUD.p,[tp 1.90274]
142289789,2026-03-04 06:15:00,1,4,0.28,0.0,0.0,0.0,0.0,GBPAUD.p,P200/E10/TP7/Tsto6
142302052,2026-03-04 06:30:00,0,4,0.34,0.0,0.0,0.0,0.0,EURNZD.p,P200/E10/TP7/Tsto6
142311282,2026-03-04 06:41:04,1,4,0.34,0.0,1.9690400000000001,0.0,0.0,EURNZD.p,[tp 1.96904]
142317922,2026-03-04 06:45:00,0,4,0.32,0.0,0.0,0.0,0.0,GBPJPY.p,P200/E10/TP7/Tsto6
142340453,2026-03-04 07:12:08,1,4,0.32,0.0,209.748,0.0,0.0,GBPJPY.p,[tp 209.748]
142343454,2026-03-04 07:15:00,0,4,0.32,0.0,0.0,0.0,0.0,GBPJPY.p,P200/E10/TP7/Tsto6
142345661,2026-03-04 07:17:05,0,4,0.28,0.0,1.90164,0.0,0.0,GBPAUD.p,[tp 1.90164]
142355194,2026-03-04 07:30:00,0,4,0.35,0.0,0.0,0.0,0.0,EURNZD.p,P200/E10/TP7/Tsto6
142361781,2026-03-04 07:36:08,1,4,0.35,0.0,1.9679600000000002,0.0,0.0,EURNZD.p,[tp 1.96796]
142363854,2026-03-04 07:37:53,1,4,0.32,0.0,209.8,0.0,0.0,GBPJPY.p,[tp 209.800]
142390161,2026-03-04 08:00:00,0,4,0.35,0.0,0.0,0.0,0.0,EURNZD.p,P200/E10/TP7/Tsto1
142395158,2026-03-04 08:02:25,1,4,0.35,0.0,1.96828,0.0,0.0,EURNZD.p,[tp 1.96828]
142498748,2026-03-04 09:30:00,0,4,0.28,0.0,0.0,0.0,0.0,GBPAUD.p,P200/E10/TP7/Tsto1
142498800,2026-03-04 09:30:00,0,4,0.27,0.0,0.0,0.0,0.0,GBPCAD.p,P200/E10/TP7/Tsto1
142499855,2026-03-04 09:31:08,1,4,0.28,0.0,1.90028,0.0,0.0,GBPAUD.p,[tp 1.90028]
142500210,2026-03-04 09:31:45,1,4,0.27,0.0,1.82545,0.0,0.0,GBPCAD.p,[tp 1.82545]
142518344,2026-03-04 10:00:00,0,4,0.28,0.0,0.0,0.0,0.0,GBPAUD.p,P200/E10/TP7/Tsto1
142518353,2026-03-04 10:00:00,1,4,0.32,0.0,0.0,0.0,0.0,GBPJPY.p,P200/E10/TP7/Tsto1
142518381,2026-03-04 10:00:00,1,4,0.2,0.0,0.0,0.0,0.0,AUDUSD.p,P200/E10/TP7/Tsto1
142518421,2026-03-04 10:00:00,1,4,0.27,0.0,0.0,0.0,0.0,GBPCAD.p,P200/E10/TP7/Tsto1
142518438,2026-03-04 10:00:00,1,4,0.26,0.0,0.0,0.0,0.0,GBPSGD.p,P200/E10/TP7/Tsto1
142522060,2026-03-04 10:03:24,0,4,0.32,0.0,210.268,0.0,0.0,GBPJPY.p,[tp 210.268]
142522656,2026-03-04 10:03:29,1,4,0.28,0.0,1.90104,0.0,0.0,GBPAUD.p,[tp 1.90104]
142523538,2026-03-04 10:04:08,0,4,0.2,0.0,0.70231,0.0,0.0,AUDUSD.p,[tp 0.70231]
142538825,2026-03-04 10:15:00,1,4,0.32,0.0,0.0,0.0,0.0,GBPJPY.p,P200/E10/TP7/Tsto1
142538843,2026-03-04 10:15:00,1,4,0.2,0.0,0.0,0.0,0.0,AUDUSD.p,P200/E10/TP7/Tsto1
142545328,2026-03-04 10:22:00,0,4,0.27,0.0,1.82401,0.0,0.0,GBPCAD.p,[tp 1.82401]
142545351,2026-03-04 10:22:01,1,4,0.28,0.0,0.0,0.0,0.0,GBPCAD.p,P200/E10/TP7/Tsto1
142545692,2026-03-04 10:22:16,0,4,0.2,0.0,0.70217,0.0,0.0,AUDUSD.p,[tp 0.70217]
142545696,2026-03-04 10:22:16,0,4,0.32,0.0,210.027,0.0,0.0,GBPJPY.p,[tp 210.027]
142554896,2026-03-04 10:27:57,0,4,0.26,0.0,1.70506,0.0,0.0,GBPSGD.p,[tp 1.70506]
142554906,2026-03-04 10:27:58,1,4,0.26,0.0,0.0,0.0,0.0,GBPSGD.p,P200/E10/TP7/Tsto1
142556075,2026-03-04 10:28:38,0,4,0.28,0.0,1.82317,0.0,0.0,GBPCAD.p,[tp 1.82317]
142557845,2026-03-04 10:30:00,1,4,0.2,0.0,0.0,0.0,0.0,AUDUSD.p,P200/E10/TP7/Tsto1
142574945,2026-03-04 10:41:55,0,4,0.26,0.0,1.70424,0.0,0.0,GBPSGD.p,[tp 1.70424]
142574948,2026-03-04 10:41:55,1,4,0.26,0.0,0.0,0.0,0.0,GBPSGD.p,P200/E10/TP7/Tsto1
142582373,2026-03-04 10:45:00,0,4,0.28,0.0,0.0,0.0,0.0,GBPCAD.p,P200/E10/TP7/Tsto1
142582379,2026-03-04 10:45:00,0,4,0.34,0.0,0.0,0.0,0.0,EURNZD.p,P200/E10/TP7/Tsto1
142592580,2026-03-04 10:52:08,1,4,0.34,0.0,1.96632,0.0,0.0,EURNZD.p,[tp 1.96632]
142592679,2026-03-04 10:52:17,1,4,0.28,0.0,1.82471,0.0,0.0,GBPCAD.p,[tp 1.82471]
142600921,2026-03-04 11:00:00,0,4,0.35,0.0,0.0,0.0,0.0,EURNZD.p,P200/E10/TP7/Tsto1
142608694,2026-03-04 11:05:33,1,4,0.35,0.0,1.96757,0.0,0.0,EURNZD.p,[tp 1.96757]
142612898,2026-03-04 11:07:46,0,4,0.2,0.0,0.70145,0.0,0.0,AUDUSD.p,[tp 0.70145]
142619498,2026-03-04 11:11:58,1,4,0.16,0.0,0.0,0.0,0.0,GBPCHF.p,P200/E10/TP7/Tsto1
142654252,2026-03-04 11:30:00,1,4,0.28,0.0,0.0,0.0,0.0,GBPAUD.p,P200/E10/TP7/Tsto1
142654256,2026-03-04 11:30:00,1,4,0.34,0.0,0.0,0.0,0.0,EURNZD.p,P200/E10/TP7/Tsto1
142663206,2026-03-04 11:39:09,0,4,0.34,0.0,1.96495,0.0,0.0,EURNZD.p,[tp 1.96495]
142669840,2026-03-04 11:47:12,0,4,0.28,0.0,1.89909,0.0,0.0,GBPAUD.p,[tp 1.89909]
142719506,2026-03-04 12:30:00,0,4,0.34,0.0,0.0,0.0,0.0,EURNZD.p,P200/E10/TP7/Tsto1
142719536,2026-03-04 12:30:00,1,4,0.2,0.0,0.0,0.0,0.0,AUDUSD.p,P200/E10/TP7/Tsto1
142719587,2026-03-04 12:30:00,0,4,0.28,0.0,0.0,0.0,0.0,GBPAUD.p,P200/E10/TP7/Tsto1
142735081,2026-03-04 12:43:19,1,4,0.28,0.0,1.899,0.0,0.0,GBPAUD.p,[tp 1.89900]
142735719,2026-03-04 12:45:00,1,4,0.28,0.0,0.0,0.0,0.0,GBPCAD.p,P200/E10/TP7/Tsto1
142736608,2026-03-04 12:46:05,1,4,0.34,0.0,1.9680900000000001,0.0,0.0,EURNZD.p,[tp 1.96809]
142741548,2026-03-04 12:52:44,0,4,0.2,0.0,0.70424,0.0,0.0,AUDUSD.p,[tp 0.70424]
142741551,2026-03-04 12:52:44,1,4,0.21,0.0,0.0,0.0,0.0,AUDUSD.p,P200/E10/TP7/Tsto1
142773736,2026-03-04 13:30:00,1,4,0.32,0.0,0.0,0.0,0.0,GBPJPY.p,P200/E10/TP7/Tsto1
142777275,2026-03-04 13:33:41,0,4,0.32,0.0,210.379,0.0,0.0,GBPJPY.p,[tp 210.379]
142788214,2026-03-04 13:45:00,1,4,0.32,0.0,0.0,0.0,0.0,GBPJPY.p,P200/E10/TP7/Tsto1
142793096,2026-03-04 13:49:56,0,4,0.32,0.0,210.263,0.0,0.0,GBPJPY.p,[tp 210.263]
142795904,2026-03-04 13:52:29,0,4,0.28,0.0,1.82774,0.0,0.0,GBPCAD.p,[tp 1.82774]
142795906,2026-03-04 13:52:30,1,4,0.28,0.0,0.0,0.0,0.0,GBPCAD.p,P200/E10/TP7/Tsto1
142813510,2026-03-04 14:08:16,0,4,0.16,0.0,1.04386,0.0,0.0,GBPCHF.p,[tp 1.04386]
142815066,2026-03-04 14:09:34,0,4,0.28,0.0,1.82693,0.0,0.0,GBPCAD.p,[tp 1.82693]
142820992,2026-03-04 14:15:00,1,4,0.35,0.0,0.0,0.0,0.0,EURNZD.p,P200/E10/TP7/Tsto1
142880784,2026-03-04 14:53:45,0,4,0.26,0.0,1.70344,0.0,0.0,GBPSGD.p,[tp 1.70344]
142909373,2026-03-04 15:15:00,0,4,0.26,0.0,0.0,0.0,0.0,GBPSGD.p,P200/E10/TP7/Tsto1
142909416,2026-03-04 15:15:00,0,4,0.28,0.0,0.0,0.0,0.0,GBPCAD.p,P200/E10/TP7/Tsto1
142909423,2026-03-04 15:15:00,0,4,0.32,0.0,0.0,0.0,0.0,GBPJPY.p,P200/E10/TP7/Tsto1
142909428,2026-03-04 15:15:00,0,4,0.16,0.0,0.0,0.0,0.0,GBPCHF.p,P200/E10/TP7/Tsto1
142974417,2026-03-04 16:04:55,1,4,0.16,0.0,1.04377,0.0,0.0,GBPCHF.p,[tp 1.04377]
142974662,2026-03-04 16:05:06,1,4,0.28,0.0,1.8281,0.0,0.0,GBPCAD.p,[tp 1.82810]
142984115,2026-03-04 16:12:25,1,4,0.32,0.0,210.363,0.0,0.0,GBPJPY.p,[tp 210.363]
142993284,2026-03-04 16:15:00,0,4,0.28,0.0,0.0,0.0,0.0,GBPAUD.p,P200/E10/TP7/Tsto1
142997836,2026-03-04 16:16:22,1,4,0.26,0.0,1.70594,0.0,0.0,GBPSGD.p,[tp 1.70594]
143003400,2026-03-04 16:19:01,1,4,0.28,0.0,1.89737,0.0,0.0,GBPAUD.p,[tp 1.89737]
143043953,2026-03-04 16:35:46,0,4,0.21,0.0,0.70348,0.0,0.0,AUDUSD.p,[tp 0.70348]
143067609,2026-03-04 16:45:00,1,4,0.28,0.0,0.0,0.0,0.0,GBPCAD.p,P200/E10/TP7/Tsto1
143079299,2026-03-04 16:48:34,0,4,0.28,0.0,1.82823,0.0,0.0,GBPCAD.p,[tp 1.82823]
143111906,2026-03-04 17:00:00,1,4,0.64,0.0,0.0,0.0,0.0,GBPJPY.p,P200/E10/TP7/Tsto1
143111921,2026-03-04 17:00:00,1,4,0.57,0.0,0.0,0.0,0.0,GBPAUD.p,P200/E10/TP7/Tsto1
143111954,2026-03-04 17:00:00,1,4,0.56,0.0,0.0,0.0,0.0,GBPCAD.p,P200/E10/TP7/Tsto1
143114524,2026-03-04 17:00:30,0,4,0.35,0.0,1.96567,0.0,0.0,EURNZD.p,[tp 1.96567]
143117318,2026-03-04 17:01:28,0,4,0.57,0.0,1.89469,0.0,0.0,GBPAUD.p,[tp 1.89469]
143120731,2026-03-04 17:03:07,0,4,0.56,0.0,1.8271899999999999,0.0,0.0,GBPCAD.p,[tp 1.82719]
143218034,2026-03-04 17:45:00,0,4,0.69,0.0,0.0,0.0,0.0,EURNZD.p,P200/E10/TP7/Tsto1
143218054,2026-03-04 17:45:00,0,4,0.57,0.0,0.0,0.0,0.0,GBPAUD.p,P200/E10/TP7/Tsto1
143236924,2026-03-04 17:56:11,0,4,0.64,0.0,210.023,0.0,0.0,GBPJPY.p,[tp 210.023]
143265602,2026-03-04 18:15:00,0,4,0.56,0.0,0.0,0.0,0.0,GBPCAD.p,P200/E10/TP7/Tsto1
143302028,2026-03-04 18:41:30,1,4,0.56,0.0,1.82756,0.0,0.0,GBPCAD.p,[tp 1.82756]
143307849,2026-03-04 18:45:00,0,4,0.64,0.0,0.0,0.0,0.0,GBPJPY.p,P200/E10/TP7/Tsto1
143307878,2026-03-04 18:45:00,0,4,0.56,0.0,0.0,0.0,0.0,GBPCAD.p,P200/E10/TP7/Tsto1
143483863,2026-03-04 21:58:32,1,4,0.64,0.0,209.951,0.0,0.0,GBPJPY.p,[tp 209.951]
143577641,2026-03-05 01:15:00,0,4,0.63,0.0,0.0,0.0,0.0,GBPJPY.p,P200/E10/TP7/Tsto1
143582467,2026-03-05 01:22:09,0,4,0.51,0.0,0.0,0.0,0.0,GBPSGD.p,P200/E10/TP7/Tsto1
143652508,2026-03-05 02:54:27,1,4,0.69,0.0,0.0,0.0,0.0,EURNZD.p,
143652518,2026-03-05 02:54:27,1,4,0.57,0.0,0.0,0.0,0.0,GBPAUD.p,
143652527,2026-03-05 02:54:28,1,4,0.56,0.0,0.0,0.0,0.0,GBPCAD.p,
143652531,2026-03-05 02:54:29,1,4,0.63,0.0,0.0,0.0,0.0,GBPJPY.p,
143652568,2026-03-05 02:54:29,1,4,0.51,0.0,0.0,0.0,0.0,GBPSGD.p,
143682044,2026-03-05 03:15:00,0,4,0.63,0.0,0.0,0.0,0.0,GBPJPY.p,P200/E10/TP4/Tsto1
143718869,2026-03-05 03:45:00,1,4,0.4,0.0,0.0,0.0,0.0,AUDUSD.p,P200/E10/TP4/Tsto1
143730247,2026-03-05 03:55:21,0,4,0.4,0.0,0.70658,0.0,0.0,AUDUSD.p,[tp 0.70658]
143750801,2026-03-05 04:15:00,0,4,0.4,0.0,0.0,0.0,0.0,AUDUSD.p,P200/E10/TP4/Tsto1
143750806,2026-03-05 04:15:00,1,4,0.56,0.0,0.0,0.0,0.0,GBPAUD.p,P200/E10/TP4/Tsto1
143784389,2026-03-05 04:46:26,0,4,0.56,0.0,1.8904100000000001,0.0,0.0,GBPAUD.p,[tp 1.89041]
143784393,2026-03-05 04:46:27,1,4,0.56,0.0,0.0,0.0,0.0,GBPAUD.p,P200/E10/TP4/Tsto1
143802304,2026-03-05 05:00:04,0,4,0.56,0.0,1.88992,0.0,0.0,GBPAUD.p,[tp 1.88992]
143803591,2026-03-05 05:01:07,1,4,0.63,0.0,209.762,0.0,0.0,GBPJPY.p,[tp 209.762]
143816950,2026-03-05 05:15:00,1,4,0.63,0.0,0.0,0.0,0.0,GBPJPY.p,P200/E10/TP4/Tsto1
143824885,2026-03-05 05:25:21,0,4,0.63,0.0,209.507,0.0,0.0,GBPJPY.p,[tp 209.507]
143827947,2026-03-05 05:30:00,0,4,0.67,0.0,0.0,0.0,0.0,EURNZD.p,P200/E10/TP4/Tsto1
143830085,2026-03-05 05:31:00,1,4,0.67,0.0,1.95851,0.0,0.0,EURNZD.p,[tp 1.95851]
143850729,2026-03-05 06:00:00,0,4,0.63,0.0,0.0,0.0,0.0,GBPJPY.p,P200/E10/TP3/Tsto1
143856435,2026-03-05 06:05:41,1,4,0.63,0.0,209.492,0.0,0.0,GBPJPY.p,[tp 209.492]
143861060,2026-03-05 06:15:00,0,4,0.63,0.0,0.0,0.0,0.0,GBPJPY.p,P200/E10/TP3/Tsto1
143869824,2026-03-05 06:30:00,1,4,0.57,0.0,0.0,0.0,0.0,GBPAUD.p,P200/E10/TP3/Tsto1
143872969,2026-03-05 06:35:50,0,4,0.57,0.0,1.8898700000000002,0.0,0.0,GBPAUD.p,[tp 1.88987]
143891041,2026-03-05 07:00:00,0,4,0.55,0.0,0.0,0.0,0.0,GBPCAD.p,P200/E10/TP3/Tsto1
143893602,2026-03-05 07:02:24,1,4,0.63,0.0,209.567,0.0,0.0,GBPJPY.p,[tp 209.567]
143893757,2026-03-05 07:02:54,0,4,0.63,0.0,0.0,0.0,0.0,GBPJPY.p,P200/E10/TP3/Tsto1
143901712,2026-03-05 07:15:00,0,4,0.4,0.0,0.0,0.0,0.0,AUDUSD.p,P200/E10/TP3/Tsto1
143927035,2026-03-05 07:43:06,1,4,0.55,0.0,1.82056,0.0,0.0,GBPCAD.p,[tp 1.82056]
143928992,2026-03-05 07:45:00,0,4,0.54,0.0,0.0,0.0,0.0,GBPCAD.p,P200/E10/TP3/Tsto1
144015176,2026-03-05 08:38:27,0,4,72.56,0.0,0.0,0.0,0.0,GBPSGD.p,P200/E10/TP3/Tsto1
144021358,2026-03-05 08:43:14,1,4,72.56,0.0,1.70207,0.0,0.0,GBPSGD.p,[tp 1.70207]
144022769,2026-03-05 08:45:00,1,4,0.34,0.0,0.0,0.0,0.0,GBPCHF.p,P200/E10/TP3/Tsto1
144029315,2026-03-05 08:50:10,0,4,0.34,0.0,1.04026,0.0,0.0,GBPCHF.p,[tp 1.04026]
144042960,2026-03-05 09:00:00,1,4,0.63,0.0,0.0,0.0,0.0,GBPAUD.p,P200/E10/TP3/Tsto1
144062222,2026-03-05 09:15:00,0,4,92.0,0.0,0.0,0.0,0.0,EURNZD.p,P200/E10/TP3/Tsto1
144063492,2026-03-05 09:16:35,1,4,92.0,0.0,0.0,0.0,0.0,EURNZD.p,
144074963,2026-03-05 09:31:59,1,4,0.63,0.0,209.629,0.0,0.0,GBPJPY.p,[tp 209.629]
144075265,2026-03-05 09:32:33,1,4,0.54,0.0,1.82084,0.0,0.0,GBPCAD.p,[tp 1.82084]
144096322,2026-03-05 10:00:00,1,4,0.34,0.0,0.0,0.0,0.0,GBPCHF.p,P200/E10/TP3/Tsto1
144096356,2026-03-05 10:00:00,1,4,0.55,0.0,0.0,0.0,0.0,GBPSGD.p,P200/E10/TP3/Tsto1
144096368,2026-03-05 10:00:00,1,4,0.58,0.0,0.0,0.0,0.0,GBPCAD.p,P200/E10/TP3/Tsto1
144097424,2026-03-05 10:01:06,0,4,0.58,0.0,1.81985,0.0,0.0,GBPCAD.p,[tp 1.81985]
144097932,2026-03-05 10:01:19,0,4,0.55,0.0,1.70363,0.0,0.0,GBPSGD.p,[tp 1.70363]
144098584,2026-03-05 10:01:51,0,4,0.34,0.0,1.04099,0.0,0.0,GBPCHF.p,[tp 1.04099]
144124297,2026-03-05 10:15:00,1,4,0.68,0.0,0.0,0.0,0.0,GBPJPY.p,P200/E10/TP3/Tsto1
144124373,2026-03-05 10:15:00,0,4,0.01,0.0,0.0,0.0,0.0,AUDUSD.p,P200/E10/TP3/Tsto1
144124413,2026-03-05 10:15:00,1,4,0.55,0.0,0.0,0.0,0.0,GBPSGD.p,P200/E10/TP3/Tsto1
144135643,2026-03-05 10:23:07,0,4,0.68,0.0,209.555,0.0,0.0,GBPJPY.p,[tp 209.555]
144139288,2026-03-05 10:26:05,0,4,0.55,0.0,1.7029,0.0,0.0,GBPSGD.p,[tp 1.70290]
144155869,2026-03-05 10:45:00,1,4,0.73,0.0,0.0,0.0,0.0,EURNZD.p,P200/E10/TP3/Tsto1
144164063,2026-03-05 10:56:50,0,4,0.73,0.0,1.9615,0.0,0.0,EURNZD.p,[tp 1.96150]
144166368,2026-03-05 11:00:00,1,4,0.74,0.0,0.0,0.0,0.0,EURNZD.p,P200/E10/TP3/Tsto1
144169380,2026-03-05 11:03:57,0,4,0.74,0.0,1.96076,0.0,0.0,EURNZD.p,[tp 1.96076]
144172787,2026-03-05 11:06:21,1,4,0.4,0.0,0.70574,0.0,0.0,AUDUSD.p,[tp 0.70574]
144172788,2026-03-05 11:06:21,1,4,0.01,0.0,0.70574,0.0,0.0,AUDUSD.p,[tp 0.70574]
144172810,2026-03-05 11:06:21,0,4,0.44,0.0,0.0,0.0,0.0,AUDUSD.p,P200/E10/TP3/Tsto1
144174370,2026-03-05 11:07:17,1,4,0.44,0.0,0.70613,0.0,0.0,AUDUSD.p,[tp 0.70613]
144180640,2026-03-05 11:11:26,0,4,0.63,0.0,1.8915,0.0,0.0,GBPAUD.p,[tp 1.89150]
144180647,2026-03-05 11:11:26,1,4,0.63,0.0,0.0,0.0,0.0,GBPAUD.p,P200/E10/TP3/Tsto1
144201625,2026-03-05 11:30:00,1,4,0.44,0.0,0.0,0.0,0.0,AUDUSD.p,P200/E10/TP3/Tsto1
144201634,2026-03-05 11:30:00,1,4,0.69,0.0,0.0,0.0,0.0,GBPJPY.p,P200/E10/TP3/Tsto1
144201674,2026-03-05 11:30:00,1,4,0.6,0.0,0.0,0.0,0.0,GBPCAD.p,P200/E10/TP3/Tsto1
144201681,2026-03-05 11:30:00,1,4,0.56,0.0,0.0,0.0,0.0,GBPSGD.p,P200/E10/TP3/Tsto1
144201691,2026-03-05 11:30:00,0,4,0.74,0.0,0.0,0.0,0.0,EURNZD.p,P200/E10/TP3/Tsto1
144202101,2026-03-05 11:30:46,1,4,0.74,0.0,1.9603199999999998,0.0,0.0,EURNZD.p,[tp 1.96032]
144202449,2026-03-05 11:30:57,0,4,0.44,0.0,0.70462,0.0,0.0,AUDUSD.p,[tp 0.70462]
144205732,2026-03-05 11:34:33,0,4,0.6,0.0,1.82211,0.0,0.0,GBPCAD.p,[tp 1.82211]
144205795,2026-03-05 11:34:40,0,4,0.69,0.0,209.733,0.0,0.0,GBPJPY.p,[tp 209.733]
144205796,2026-03-05 11:34:40,0,4,0.56,0.0,1.7038799999999998,0.0,0.0,GBPSGD.p,[tp 1.70388]
144216915,2026-03-05 11:45:00,1,4,0.6,0.0,0.0,0.0,0.0,GBPCAD.p,P200/E10/TP3/Tsto1
144216926,2026-03-05 11:45:00,1,4,0.69,0.0,0.0,0.0,0.0,GBPJPY.p,P200/E10/TP3/Tsto1
144216969,2026-03-05 11:45:00,1,4,0.44,0.0,0.0,0.0,0.0,AUDUSD.p,P200/E10/TP3/Tsto1
144216971,2026-03-05 11:45:00,1,4,0.56,0.0,0.0,0.0,0.0,GBPSGD.p,P200/E10/TP3/Tsto1
144220487,2026-03-05 11:49:10,0,4,0.44,0.0,0.70418,0.0,0.0,AUDUSD.p,[tp 0.70418]
144223607,2026-03-05 11:53:08,0,4,0.56,0.0,1.70362,0.0,0.0,GBPSGD.p,[tp 1.70362]
144225104,2026-03-05 11:55:52,0,4,0.6,0.0,1.8210199999999999,0.0,0.0,GBPCAD.p,[tp 1.82102]
144241841,2026-03-05 12:15:00,1,4,0.6,0.0,0.0,0.0,0.0,GBPCAD.p,P200/E10/TP3/Tsto1
144242632,2026-03-05 12:16:21,0,4,0.6,0.0,1.82148,0.0,0.0,GBPCAD.p,[tp 1.82148]
144250397,2026-03-05 12:30:00,1,4,0.75,0.0,0.0,0.0,0.0,EURNZD.p,P200/E10/TP3/Tsto1
144252665,2026-03-05 12:32:25,0,4,0.75,0.0,1.96216,0.0,0.0,EURNZD.p,[tp 1.96216]
144260212,2026-03-05 12:41:59,0,4,0.69,0.0,209.726,0.0,0.0,GBPJPY.p,[tp 209.726]
144261480,2026-03-05 12:45:00,1,4,0.7,0.0,0.0,0.0,0.0,GBPJPY.p,P200/E10/TP3/Tsto1
144261489,2026-03-05 12:45:00,1,4,0.75,0.0,0.0,0.0,0.0,EURNZD.p,P200/E10/TP3/Tsto1
144261501,2026-03-05 12:45:00,1,4,0.61,0.0,0.0,0.0,0.0,GBPCAD.p,P200/E10/TP3/Tsto1
144261897,2026-03-05 12:45:49,0,4,0.75,0.0,1.96169,0.0,0.0,EURNZD.p,[tp 1.96169]
144271435,2026-03-05 13:00:00,0,4,0.34,0.0,0.0,0.0,0.0,GBPCHF.p,P200/E10/TP3/Tsto1
144288420,2026-03-05 13:30:00,0,4,0.74,0.0,0.0,0.0,0.0,EURNZD.p,P200/E10/TP3/Tsto1
144290824,2026-03-05 13:34:25,1,4,0.74,0.0,1.96006,0.0,0.0,EURNZD.p,[tp 1.96006]
144300418,2026-03-05 13:50:16,1,4,0.34,0.0,1.04228,0.0,0.0,GBPCHF.p,[tp 1.04228]
144305530,2026-03-05 14:00:00,0,4,0.74,0.0,0.0,0.0,0.0,EURNZD.p,P200/E10/TP3/Tsto1
144307379,2026-03-05 14:02:18,1,4,0.74,0.0,1.9606400000000002,0.0,0.0,EURNZD.p,[tp 1.96064]
144316575,2026-03-05 14:15:00,1,4,0.34,0.0,0.0,0.0,0.0,GBPCHF.p,P200/E10/TP3/Tsto1
144321357,2026-03-05 14:21:05,1,4,0.56,0.0,0.0,0.0,0.0,GBPSGD.p,P200/E10/TP3/Tsto1
144322655,2026-03-05 14:22:09,0,4,0.56,0.0,1.70649,0.0,0.0,GBPSGD.p,[tp 1.70649]
144322942,2026-03-05 14:22:25,0,4,0.34,0.0,1.0416,0.0,0.0,GBPCHF.p,[tp 1.04160]
144327701,2026-03-05 14:30:00,1,4,0.34,0.0,0.0,0.0,0.0,GBPCHF.p,P200/E10/TP3/Tsto1
144343788,2026-03-05 15:00:00,1,4,0.74,0.0,0.0,0.0,0.0,EURNZD.p,P200/E10/TP3/Tsto1
144374069,2026-03-05 15:17:52,0,4,0.61,0.0,1.81943,0.0,0.0,GBPCAD.p,[tp 1.81943]
144441676,2026-03-05 15:45:00,0,4,0.58,0.0,0.0,0.0,0.0,GBPCAD.p,P200/E10/TP3/Tsto1
144463831,2026-03-05 15:58:07,1,4,0.58,0.0,1.82119,0.0,0.0,GBPCAD.p,[tp 1.82119]
144484786,2026-03-05 16:10:25,1,4,0.4,0.0,0.0,0.0,0.0,AUDUSD.p,
144484795,2026-03-05 16:10:26,0,4,0.74,0.0,0.0,0.0,0.0,EURNZD.p,
144484800,2026-03-05 16:10:26,0,4,0.63,0.0,0.0,0.0,0.0,GBPAUD.p,
144484809,2026-03-05 16:10:27,0,4,0.34,0.0,0.0,0.0,0.0,GBPCHF.p,
144484814,2026-03-05 16:10:28,0,4,0.7,0.0,0.0,0.0,0.0,GBPJPY.p,
144519344,2026-03-05 16:30:00,1,4,0.32,0.0,0.0,0.0,0.0,GBPJPY.p,P200/E10/TP2/Tsto2
144519426,2026-03-05 16:30:00,1,4,0.27,0.0,0.0,0.0,0.0,GBPCAD.p,P200/E10/TP2/Tsto2
144537358,2026-03-05 16:36:19,0,4,0.32,0.0,210.417,0.0,0.0,GBPJPY.p,[tp 210.417]
144539969,2026-03-05 16:37:03,0,4,0.27,0.0,1.82099,0.0,0.0,GBPCAD.p,[tp 1.82099]
144603162,2026-03-05 17:00:00,0,4,0.2,0.0,0.0,0.0,0.0,AUDUSD.p,P200/E10/TP2/Tsto2
144603179,2026-03-05 17:00:00,0,4,0.16,0.0,0.0,0.0,0.0,GBPCHF.p,P200/E10/TP2/Tsto2
144603221,2026-03-05 17:00:00,0,4,0.32,0.0,0.0,0.0,0.0,GBPJPY.p,P200/E10/TP2/Tsto2
144603231,2026-03-05 17:00:00,1,4,0.28,0.0,0.0,0.0,0.0,GBPAUD.p,P200/E10/TP2/Tsto2
144605739,2026-03-05 17:00:50,0,4,0.28,0.0,1.8951500000000001,0.0,0.0,GBPAUD.p,[tp 1.89515]
144611983,2026-03-05 17:02:56,1,4,0.2,0.0,0.70441,0.0,0.0,AUDUSD.p,[tp 0.70441]
144622491,2026-03-05 17:06:11,1,4,0.16,0.0,0.0,0.0,0.0,GBPCHF.p,
144622513,2026-03-05 17:06:12,1,4,0.32,0.0,0.0,0.0,0.0,GBPJPY.p,
144650013,2026-03-05 17:15:00,0,4,0.28,0.0,0.0,0.0,0.0,GBPAUD.p,P200/E10/TP2/Tsto2
144652948,2026-03-05 17:16:12,1,4,0.28,0.0,1.8975499999999998,0.0,0.0,GBPAUD.p,[tp 1.89755]
144718913,2026-03-05 17:45:00,1,4,37.56,0.0,0.0,0.0,0.0,GBPCAD.p,P200/E10/TP2/Tsto2
144723750,2026-03-05 17:47:35,0,4,37.56,0.0,1.82176,0.0,0.0,GBPCAD.p,[tp 1.82176]
144743727,2026-03-05 18:00:00,0,4,0.21,0.0,0.0,0.0,0.0,AUDUSD.p,P200/E10/TP2/Tsto2
144743746,2026-03-05 18:00:00,1,4,0.3,0.0,0.0,0.0,0.0,GBPAUD.p,P200/E10/TP2/Tsto2
144743747,2026-03-05 18:00:00,0,4,0.17,0.0,0.0,0.0,0.0,GBPCHF.p,P200/E10/TP2/Tsto2
144767754,2026-03-05 18:15:00,0,4,38.95,0.0,0.0,0.0,0.0,GBPSGD.p,P200/E10/TP2/Tsto2
144774896,2026-03-05 18:20:21,1,4,38.95,0.0,1.7046299999999999,0.0,0.0,GBPSGD.p,[tp 1.70463]
144779063,2026-03-05 18:22:21,1,4,0.17,0.0,1.04189,0.0,0.0,GBPCHF.p,[tp 1.04189]
144792014,2026-03-05 18:30:00,1,4,0.38,0.0,0.0,0.0,0.0,EURNZD.p,P200/E10/TP2/Tsto2
144796944,2026-03-05 18:31:39,0,4,0.38,0.0,1.96692,0.0,0.0,EURNZD.p,[tp 1.96692]
144818215,2026-03-05 18:45:00,0,4,0.36,0.0,0.0,0.0,0.0,GBPJPY.p,P200/E10/TP2/Tsto2
144818225,2026-03-05 18:45:00,1,4,0.38,0.0,0.0,0.0,0.0,EURNZD.p,P200/E10/TP2/Tsto2
144818245,2026-03-05 18:45:00,0,4,0.28,0.0,0.0,0.0,0.0,GBPSGD.p,P200/E10/TP2/Tsto2
144821878,2026-03-05 18:48:33,0,4,0.38,0.0,1.96621,0.0,0.0,EURNZD.p,[tp 1.96621]
144837709,2026-03-05 19:02:16,1,4,0.28,0.0,1.70554,0.0,0.0,GBPSGD.p,[tp 1.70554]
144838204,2026-03-05 19:02:34,1,4,0.36,0.0,209.978,0.0,0.0,GBPJPY.p,[tp 209.978]
144851783,2026-03-05 19:15:00,0,4,0.36,0.0,0.0,0.0,0.0,GBPJPY.p,P200/E10/TP2/Tsto2
144864874,2026-03-05 19:28:10,1,4,0.36,0.0,210.041,0.0,0.0,GBPJPY.p,[tp 210.041]
144929067,2026-03-05 20:00:00,1,4,0.35,0.0,0.0,0.0,0.0,GBPJPY.p,P200/E10/TP2/Tsto2
144937369,2026-03-05 20:03:50,0,4,0.35,0.0,210.156,0.0,0.0,GBPJPY.p,[tp 210.156]
144951450,2026-03-05 20:15:00,1,4,0.38,0.0,0.0,0.0,0.0,EURNZD.p,P200/E10/TP2/Tsto2
144951460,2026-03-05 20:15:00,1,4,0.31,0.0,0.0,0.0,0.0,GBPCAD.p,P200/E10/TP2/Tsto2
144951478,2026-03-05 20:15:00,1,4,0.35,0.0,0.0,0.0,0.0,GBPJPY.p,P200/E10/TP2/Tsto2
144954055,2026-03-05 20:16:53,0,4,0.31,0.0,1.82484,0.0,0.0,GBPCAD.p,[tp 1.82484]
144954366,2026-03-05 20:17:16,0,4,0.38,0.0,1.96947,0.0,0.0,EURNZD.p,[tp 1.96947]
144959933,2026-03-05 20:21:07,0,4,0.35,0.0,210.141,0.0,0.0,GBPJPY.p,[tp 210.141]
144974928,2026-03-05 20:30:00,1,4,0.28,0.0,0.0,0.0,0.0,GBPSGD.p,P200/E10/TP2/Tsto2
144993268,2026-03-05 20:45:00,1,4,0.38,0.0,0.0,0.0,0.0,EURNZD.p,P200/E10/TP2/Tsto2
145008116,2026-03-05 21:00:00,1,4,0.35,0.0,0.0,0.0,0.0,GBPJPY.p,P200/E10/TP2/Tsto2
145008119,2026-03-05 21:00:00,1,4,0.31,0.0,0.0,0.0,0.0,GBPCAD.p,P200/E10/TP2/Tsto2
145011244,2026-03-05 21:02:29,0,4,0.38,0.0,1.96896,0.0,0.0,EURNZD.p,[tp 1.96896]
145015369,2026-03-05 21:06:31,0,4,0.31,0.0,1.82435,0.0,0.0,GBPCAD.p,[tp 1.82435]
145018775,2026-03-05 21:10:42,0,4,0.35,0.0,210.237,0.0,0.0,GBPJPY.p,[tp 210.237]
145038715,2026-03-05 21:30:00,0,4,0.31,0.0,0.0,0.0,0.0,GBPCAD.p,P200/E10/TP2/Tsto2
145041777,2026-03-05 21:32:34,1,4,0.31,0.0,1.82503,0.0,0.0,GBPCAD.p,[tp 1.82503]
145053953,2026-03-05 21:45:00,1,4,0.35,0.0,0.0,0.0,0.0,GBPJPY.p,P200/E10/TP2/Tsto2
145067139,2026-03-05 21:57:49,0,4,0.35,0.0,210.221,0.0,0.0,GBPJPY.p,[tp 210.221]
145090109,2026-03-05 22:15:00,0,4,0.31,0.0,0.0,0.0,0.0,GBPCAD.p,P200/E10/TP2/Tsto2
145111448,2026-03-05 22:30:00,1,4,0.35,0.0,0.0,0.0,0.0,GBPJPY.p,P200/E10/TP2/Tsto2
145227960,2026-03-06 02:01:01,0,4,0.35,0.0,210.286,0.0,0.0,GBPJPY.p,[tp 210.286]
145237606,2026-03-06 02:10:04,1,4,0.21,0.0,0.70156,0.0,0.0,AUDUSD.p,[tp 0.70156]
145266504,2026-03-06 02:44:17,0,4,0.3,0.0,0.0,0.0,0.0,GBPAUD.p,
145266540,2026-03-06 02:44:18,1,4,0.31,0.0,0.0,0.0,0.0,GBPCAD.p,
145266603,2026-03-06 02:44:18,0,4,0.28,0.0,0.0,0.0,0.0,GBPSGD.p,
145324086,2026-03-06 03:30:00,0,4,0.3,0.0,0.0,0.0,0.0,EURNZD.p,930/E10/TP2/Tsto2
145324088,2026-03-06 03:30:00,1,4,0.3,0.0,0.0,0.0,0.0,GBPJPY.p,930/E10/TP2/Tsto2
145326830,2026-03-06 03:32:06,1,4,0.3,0.0,1.9662199999999999,0.0,0.0,EURNZD.p,[tp 1.96622]
145408126,2026-03-06 04:45:00,0,4,0.3,0.0,0.0,0.0,0.0,EURNZD.p,930/E10/TP2/Tsto2
145408870,2026-03-06 04:46:12,1,4,0.3,0.0,1.9651399999999999,0.0,0.0,EURNZD.p,[tp 1.96514]
145418946,2026-03-06 05:00:00,0,4,0.3,0.0,0.0,0.0,0.0,EURNZD.p,930/E10/TP2/Tsto2
145418982,2026-03-06 05:00:00,0,4,0.3,0.0,0.0,0.0,0.0,GBPAUD.p,930/E10/TP2/Tsto2
145440832,2026-03-06 05:24:48,1,4,0.3,0.0,1.9662899999999999,0.0,0.0,EURNZD.p,[tp 1.96629]
145448453,2026-03-06 05:37:24,1,4,0.3,0.0,1.89993,0.0,0.0,GBPAUD.p,[tp 1.89993]
145458364,2026-03-06 06:00:00,1,4,0.3,0.0,0.0,0.0,0.0,EURNZD.p,930/E10/TP2/Tsto2
145459582,2026-03-06 06:02:36,0,4,0.3,0.0,1.96563,0.0,0.0,EURNZD.p,[tp 1.96563]
145469826,2026-03-06 06:30:00,0,4,0.3,0.0,0.0,0.0,0.0,GBPAUD.p,930/E10/TP2/Tsto2
145471021,2026-03-06 06:32:09,1,4,0.3,0.0,1.90019,0.0,0.0,GBPAUD.p,[tp 1.90019]
145492421,2026-03-06 07:15:00,1,4,0.3,0.0,0.0,0.0,0.0,GBPAUD.p,930/E10/TP2/Tsto2
145500195,2026-03-06 07:29:55,0,4,0.3,0.0,1.8997000000000002,0.0,0.0,GBPAUD.p,[tp 1.89970]
145528975,2026-03-06 08:00:00,0,4,0.3,0.0,0.0,0.0,0.0,GBPAUD.p,930/E10/TP2/Tsto2
145559597,2026-03-06 08:45:00,1,4,0.3,0.0,0.0,0.0,0.0,GBPJPY.p,930/E10/TP2/Tsto2
145596157,2026-03-06 09:32:43,0,4,0.3,0.0,210.675,0.0,0.0,GBPJPY.p,[tp 210.675]
145596158,2026-03-06 09:32:43,0,4,0.3,0.0,210.675,0.0,0.0,GBPJPY.p,[tp 210.675]
145642827,2026-03-06 10:29:54,1,4,0.3,0.0,1.9005,0.0,0.0,GBPAUD.p,[tp 1.90050]
145643141,2026-03-06 10:30:00,0,4,0.3,0.0,0.0,0.0,0.0,GBPJPY.p,930/E10/TP2/Tsto2
145647714,2026-03-06 10:32:40,1,4,0.3,0.0,210.648,0.0,0.0,GBPJPY.p,[tp 210.648]
145656911,2026-03-06 10:45:00,0,4,0.3,0.0,0.0,0.0,0.0,GBPJPY.p,930/E10/TP2/Tsto2
145656923,2026-03-06 10:45:00,1,4,0.3,0.0,0.0,0.0,0.0,GBPAUD.p,930/E10/TP2/Tsto2
145658847,2026-03-06 10:46:59,0,4,0.3,0.0,1.89989,0.0,0.0,GBPAUD.p,[tp 1.89989]
145665670,2026-03-06 11:00:00,1,4,0.3,0.0,0.0,0.0,0.0,GBPAUD.p,930/E10/TP2/Tsto2
145751355,2026-03-06 12:15:00,0,4,0.3,0.0,0.0,0.0,0.0,AUDUSD.p,930/E10/TP2/Tsto2
145751384,2026-03-06 12:15:00,0,4,0.3,0.0,0.0,0.0,0.0,GBPCAD.p,930/E10/TP2/Tsto2
145753485,2026-03-06 12:17:38,1,4,0.3,0.0,0.70056,0.0,0.0,AUDUSD.p,[tp 0.70056]
145764137,2026-03-06 12:30:00,0,4,0.3,0.0,0.0,0.0,0.0,AUDUSD.p,930/E10/TP2/Tsto2
145764160,2026-03-06 12:30:00,1,4,0.3,0.0,0.0,0.0,0.0,EURNZD.p,930/E10/TP2/Tsto2
145769134,2026-03-06 12:34:45,0,4,0.3,0.0,1.97051,0.0,0.0,EURNZD.p,[tp 1.97051]
145769885,2026-03-06 12:35:38,1,4,0.3,0.0,0.70086,0.0,0.0,AUDUSD.p,[tp 0.70086]
145776528,2026-03-06 12:45:00,1,4,0.3,0.0,0.0,0.0,0.0,EURNZD.p,930/E10/TP2/Tsto2
145778597,2026-03-06 12:47:07,0,4,0.3,0.0,1.9701300000000002,0.0,0.0,EURNZD.p,[tp 1.97013]
145788139,2026-03-06 13:00:00,1,4,0.3,0.0,0.0,0.0,0.0,EURNZD.p,930/E10/TP2/Tsto2
145788145,2026-03-06 13:00:00,0,4,0.3,0.0,0.0,0.0,0.0,AUDUSD.p,930/E10/TP2/Tsto2
145789048,2026-03-06 13:01:05,0,4,0.3,0.0,1.9687299999999999,0.0,0.0,EURNZD.p,[tp 1.96873]
145799669,2026-03-06 13:12:15,1,4,0.3,0.0,0.70126,0.0,0.0,AUDUSD.p,[tp 0.70126]
145813514,2026-03-06 13:30:00,1,4,0.3,0.0,0.0,0.0,0.0,EURNZD.p,930/E10/TP2/Tsto2
145819863,2026-03-06 13:35:23,0,4,0.3,0.0,1.96923,0.0,0.0,EURNZD.p,[tp 1.96923]
145871458,2026-03-06 14:15:00,1,4,0.3,0.0,0.0,0.0,0.0,EURNZD.p,930/E10/TP2/Tsto2
145883979,2026-03-06 14:30:00,0,4,0.3,0.0,0.0,0.0,0.0,AUDUSD.p,930/E10/TP2/Tsto2
145886746,2026-03-06 14:32:42,1,4,0.3,0.0,0.70042,0.0,0.0,AUDUSD.p,[tp 0.70042]
145900639,2026-03-06 14:45:36,0,4,0.3,0.0,1.96915,0.0,0.0,EURNZD.p,[tp 1.96915]
145952778,2026-03-06 15:20:40,1,4,0.3,0.0,1.8229899999999999,0.0,0.0,GBPCAD.p,[tp 1.82299]
145954492,2026-03-06 15:21:15,1,4,0.3,0.0,210.811,0.0,0.0,GBPJPY.p,[tp 210.811]
146008922,2026-03-06 15:45:00,1,4,0.3,0.0,0.0,0.0,0.0,GBPCAD.p,930/E10/TP2/Tsto2
146008939,2026-03-06 15:45:00,1,4,0.3,0.0,0.0,0.0,0.0,GBPSGD.p,930/E10/TP2/Tsto2
146008946,2026-03-06 15:45:00,0,4,0.3,0.0,0.0,0.0,0.0,EURNZD.p,930/E10/TP2/Tsto2
146008980,2026-03-06 15:45:00,1,4,0.3,0.0,0.0,0.0,0.0,GBPCHF.p,930/E10/TP2/Tsto2
146008987,2026-03-06 15:45:00,1,4,0.3,0.0,0.0,0.0,0.0,GBPJPY.p,930/E10/TP2/Tsto2
146012991,2026-03-06 15:46:31,1,4,0.3,0.0,1.97086,0.0,0.0,EURNZD.p,[tp 1.97086]
146013195,2026-03-06 15:46:37,0,4,0.3,0.0,1.71106,0.0,0.0,GBPSGD.p,[tp 1.71106]
146013509,2026-03-06 15:46:46,0,4,0.3,0.0,1.82271,0.0,0.0,GBPCAD.p,[tp 1.82271]
146013748,2026-03-06 15:46:52,0,4,0.3,0.0,210.688,0.0,0.0,GBPJPY.p,[tp 210.688]
146035427,2026-03-06 15:55:54,0,4,0.3,0.0,1.04298,0.0,0.0,GBPCHF.p,[tp 1.04298]
146046578,2026-03-06 16:00:00,1,4,0.3,0.0,0.0,0.0,0.0,AUDUSD.p,930/E10/TP2/Tsto2
146046608,2026-03-06 16:00:00,1,4,0.3,0.0,0.0,0.0,0.0,GBPSGD.p,930/E10/TP2/Tsto2
146046684,2026-03-06 16:00:00,1,4,0.3,0.0,0.0,0.0,0.0,GBPJPY.p,930/E10/TP2/Tsto2
146046777,2026-03-06 16:00:00,1,4,0.3,0.0,0.0,0.0,0.0,GBPCAD.p,930/E10/TP2/Tsto2
146063801,2026-03-06 16:06:16,0,4,0.3,0.0,1.70923,0.0,0.0,GBPSGD.p,[tp 1.70923]
146067267,2026-03-06 16:08:36,0,4,0.3,0.0,0.69813,0.0,0.0,AUDUSD.p,[tp 0.69813]
146068550,2026-03-06 16:09:13,0,4,0.3,0.0,210.537,0.0,0.0,GBPJPY.p,[tp 210.537]
146078734,2026-03-06 16:15:00,0,4,0.3,0.0,0.0,0.0,0.0,AUDUSD.p,930/E10/TP2/Tsto2
146078774,2026-03-06 16:15:00,1,4,0.3,0.0,0.0,0.0,0.0,EURNZD.p,930/E10/TP2/Tsto2
146081636,2026-03-06 16:16:35,0,4,0.3,0.0,1.96892,0.0,0.0,EURNZD.p,[tp 1.96892]
146098788,2026-03-06 16:28:18,1,4,0.3,0.0,0.69885,0.0,0.0,AUDUSD.p,[tp 0.69885]
146101197,2026-03-06 16:30:00,0,4,0.3,0.0,0.0,0.0,0.0,AUDUSD.p,930/E10/TP2/Tsto2
146147629,2026-03-06 16:45:00,1,4,0.3,0.0,0.0,0.0,0.0,GBPJPY.p,930/E10/TP2/Tsto2
146147634,2026-03-06 16:45:00,1,4,0.3,0.0,0.0,0.0,0.0,GBPAUD.p,930/E10/TP2/Tsto2
146151101,2026-03-06 16:46:29,0,4,0.3,0.0,210.533,0.0,0.0,GBPJPY.p,[tp 210.533]
146163140,2026-03-06 16:51:48,1,4,0.3,0.0,0.6993,0.0,0.0,AUDUSD.p,[tp 0.69930]
146180975,2026-03-06 17:00:00,0,4,0.3,0.0,0.0,0.0,0.0,AUDUSD.p,930/E10/TP2/Tsto2
146184628,2026-03-06 17:01:01,1,4,0.3,0.0,0.70058,0.0,0.0,AUDUSD.p,[tp 0.70058]
146219578,2026-03-06 17:15:00,0,4,0.3,0.0,0.0,0.0,0.0,GBPSGD.p,930/E10/TP2/Tsto2
146219624,2026-03-06 17:15:00,0,4,0.3,0.0,0.0,0.0,0.0,GBPJPY.p,930/E10/TP2/Tsto2
146219633,2026-03-06 17:15:00,1,4,0.3,0.0,0.0,0.0,0.0,EURNZD.p,930/E10/TP2/Tsto2
146219694,2026-03-06 17:15:00,0,4,0.3,0.0,0.0,0.0,0.0,GBPCHF.p,930/E10/TP2/Tsto2
146224291,2026-03-06 17:17:26,0,4,0.3,0.0,1.96886,0.0,0.0,EURNZD.p,[tp 1.96886]
146247151,2026-03-06 17:28:17,0,4,0.3,0.0,1.8201,0.0,0.0,GBPCAD.p,[tp 1.82010]
146250660,2026-03-06 17:30:00,1,4,0.3,0.0,0.0,0.0,0.0,AUDUSD.p,930/E10/TP2/Tsto2
146254316,2026-03-06 17:31:25,0,4,0.3,0.0,1.90439,0.0,0.0,GBPAUD.p,[tp 1.90439]
146254317,2026-03-06 17:31:25,0,4,0.3,0.0,1.90439,0.0,0.0,GBPAUD.p,[tp 1.90439]
146254620,2026-03-06 17:31:38,1,4,0.3,0.0,1.0415,0.0,0.0,GBPCHF.p,[tp 1.04150]
146276333,2026-03-06 17:43:31,0,4,0.3,0.0,0.70079,0.0,0.0,AUDUSD.p,[tp 0.70079]
146302855,2026-03-06 18:00:00,0,4,0.3,0.0,0.0,0.0,0.0,EURNZD.p,930/E10/TP2/Tsto2
146302910,2026-03-06 18:00:00,1,4,0.3,0.0,0.0,0.0,0.0,AUDUSD.p,930/E10/TP2/Tsto2
146302941,2026-03-06 18:00:00,0,4,0.3,0.0,0.0,0.0,0.0,GBPAUD.p,930/E10/TP2/Tsto2
146303056,2026-03-06 18:00:00,0,4,0.3,0.0,0.0,0.0,0.0,GBPCAD.p,930/E10/TP2/Tsto2
146306018,2026-03-06 18:01:34,1,4,0.3,0.0,1.8208600000000001,0.0,0.0,GBPCAD.p,[tp 1.82086]
146306708,2026-03-06 18:02:01,1,4,0.3,0.0,1.90787,0.0,0.0,GBPAUD.p,[tp 1.90787]
146306900,2026-03-06 18:02:05,1,4,0.3,0.0,1.9675099999999999,0.0,0.0,EURNZD.p,[tp 1.96751]
146308911,2026-03-06 18:03:50,1,4,0.3,0.0,1.7109100000000002,0.0,0.0,GBPSGD.p,[tp 1.71091]
146310350,2026-03-06 18:04:15,1,4,0.3,0.0,210.875,0.0,0.0,GBPJPY.p,[tp 210.875]
146326041,2026-03-06 18:15:00,0,4,0.3,0.0,0.0,0.0,0.0,EURNZD.p,930/E10/TP2/Tsto2
146334670,2026-03-06 18:21:30,1,4,0.3,0.0,1.9681,0.0,0.0,EURNZD.p,[tp 1.96810]
146344252,2026-03-06 18:30:00,1,4,0.3,0.0,0.0,0.0,0.0,GBPAUD.p,930/E10/TP2/Tsto2
146355042,2026-03-06 18:36:56,0,4,0.3,0.0,1.90843,0.0,0.0,GBPAUD.p,[tp 1.90843]
146367218,2026-03-06 18:45:00,1,4,0.3,0.0,0.0,0.0,0.0,GBPCAD.p,930/E10/TP2/Tsto2
146377593,2026-03-06 18:54:02,0,4,0.3,0.0,1.82294,0.0,0.0,GBPCAD.p,[tp 1.82294]
146387513,2026-03-06 19:00:00,1,4,0.3,0.0,0.0,0.0,0.0,GBPAUD.p,930/E10/TP2/Tsto2
146387521,2026-03-06 19:00:00,1,4,0.3,0.0,0.0,0.0,0.0,GBPCAD.p,930/E10/TP2/Tsto2
146387554,2026-03-06 19:00:00,1,4,0.3,0.0,0.0,0.0,0.0,GBPSGD.p,930/E10/TP2/Tsto2
146388863,2026-03-06 19:01:15,0,4,0.3,0.0,1.9077,0.0,0.0,GBPAUD.p,[tp 1.90770]
146408140,2026-03-06 19:15:00,1,4,0.3,0.0,0.0,0.0,0.0,GBPJPY.p,930/E10/TP2/Tsto2
146436253,2026-03-06 19:37:33,0,4,0.3,0.0,1.8215599999999998,0.0,0.0,GBPCAD.p,[tp 1.82156]
146474558,2026-03-06 20:15:00,0,4,0.3,0.0,0.0,0.0,0.0,GBPCAD.p,930/E10/TP2/Tsto2
146474614,2026-03-06 20:15:00,1,4,0.3,0.0,0.0,0.0,0.0,GBPAUD.p,930/E10/TP2/Tsto2
146476456,2026-03-06 20:17:07,1,4,0.3,0.0,1.82127,0.0,0.0,GBPCAD.p,[tp 1.82127]
146478866,2026-03-06 20:20:30,0,4,0.3,0.0,1.90662,0.0,0.0,GBPAUD.p,[tp 1.90662]
146482020,2026-03-06 20:24:16,0,4,0.3,0.0,211.15,0.0,0.0,GBPJPY.p,[tp 211.150]
146482038,2026-03-06 20:24:16,1,4,0.3,0.0,0.0,0.0,0.0,GBPJPY.p,930/E10/TP2/Tsto2
146482041,2026-03-06 20:24:16,0,4,0.3,0.0,1.71183,0.0,0.0,GBPSGD.p,[tp 1.71183]
146486597,2026-03-06 20:30:00,1,4,0.3,0.0,0.0,0.0,0.0,GBPSGD.p,930/E10/TP2/Tsto2
146502477,2026-03-06 20:45:00,0,4,0.3,0.0,0.0,0.0,0.0,GBPAUD.p,930/E10/TP2/Tsto2
146508569,2026-03-06 20:50:52,1,4,0.3,0.0,1.90682,0.0,0.0,GBPAUD.p,[tp 1.90682]
146511600,2026-03-06 20:54:08,0,4,0.3,0.0,1.7117200000000001,0.0,0.0,GBPSGD.p,[tp 1.71172]
146516939,2026-03-06 21:00:00,0,4,0.3,0.0,0.0,0.0,0.0,GBPAUD.p,930/E10/TP2/Tsto2
146520274,2026-03-06 21:04:00,1,4,0.3,0.0,1.9073099999999998,0.0,0.0,GBPAUD.p,[tp 1.90731]
146577857,2026-03-06 22:15:00,0,4,0.3,0.0,0.0,0.0,0.0,GBPCAD.p,930/E10/TP2/Tsto2
146577862,2026-03-06 22:15:00,0,4,0.3,0.0,0.0,0.0,0.0,GBPAUD.p,930/E10/TP2/Tsto2
146580367,2026-03-06 22:17:41,1,4,0.3,0.0,1.81925,0.0,0.0,GBPCAD.p,[tp 1.81925]
146582506,2026-03-06 22:21:27,1,4,0.3,0.0,1.90636,0.0,0.0,GBPAUD.p,[tp 1.90636]
146856408,2026-03-09 00:01:06,0,4,0.3,0.0,211.099,0.0,0.0,GBPJPY.p,[tp 211.099]
146856696,2026-03-09 00:01:12,0,4,0.3,0.0,0.7002,0.0,0.0,AUDUSD.p,[tp 0.70020]
146914597,2026-03-09 01:15:00,0,4,0.3,0.0,0.0,0.0,0.0,GBPJPY.p,930/E10/TP2/Tsto2
146914658,2026-03-09 01:15:00,1,4,0.3,0.0,0.0,0.0,0.0,GBPAUD.p,930/E10/TP2/Tsto2
146945113,2026-03-09 01:23:55,1,4,0.3,0.0,211.087,0.0,0.0,GBPJPY.p,[tp 211.087]
146957382,2026-03-09 01:30:00,0,4,0.3,0.0,0.0,0.0,0.0,GBPSGD.p,930/E10/TP2/Tsto2
146957387,2026-03-09 01:30:00,0,4,0.3,0.0,0.0,0.0,0.0,GBPCAD.p,930/E10/TP2/Tsto2
146963604,2026-03-09 01:32:10,0,4,0.3,0.0,1.90672,0.0,0.0,GBPAUD.p,[tp 1.90672]
146978785,2026-03-09 01:38:41,1,4,0.3,0.0,1.70909,0.0,0.0,GBPSGD.p,[tp 1.70909]
146997007,2026-03-09 01:45:00,1,4,0.3,0.0,0.0,0.0,0.0,EURNZD.p,930/E10/TP2/Tsto2
146999664,2026-03-09 01:46:13,1,4,0.3,0.0,1.81086,0.0,0.0,GBPCAD.p,[tp 1.81086]
147001090,2026-03-09 01:47:04,0,4,0.3,0.0,1.9681899999999999,0.0,0.0,EURNZD.p,[tp 1.96819]
147030537,2026-03-09 02:00:00,0,4,0.3,0.0,0.0,0.0,0.0,GBPCAD.p,930/E10/TP2/Tsto2
147069406,2026-03-09 02:11:57,1,4,0.3,0.0,0.0,0.0,0.0,GBPCAD.p,
147216228,2026-03-09 03:15:00,1,4,0.3,0.0,0.0,0.0,0.0,EURNZD.p,F30/E20/TP5/Tsto2
147250601,2026-03-09 03:29:15,0,4,0.3,0.0,1.96795,0.0,0.0,EURNZD.p,[tp 1.96795]
147252221,2026-03-09 03:30:00,0,4,0.3,0.0,0.0,0.0,0.0,AUDJPY.p,F30/E20/TP5/Tsto2
147258019,2026-03-09 03:32:41,1,4,0.3,0.0,110.442,0.0,0.0,AUDJPY.p,[tp 110.442]
147281875,2026-03-09 03:45:00,0,4,0.3,0.0,0.0,0.0,0.0,GBPCAD.p,F30/E20/TP5/Tsto2
147281919,2026-03-09 03:45:00,0,4,0.3,0.0,0.0,0.0,0.0,AUDJPY.p,F30/E20/TP5/Tsto2
147312119,2026-03-09 03:58:52,1,4,0.3,0.0,110.47,0.0,0.0,AUDJPY.p,[tp 110.470]
147314878,2026-03-09 04:00:00,1,4,0.3,0.0,0.0,0.0,0.0,GBPAUD.p,F30/E20/TP5/Tsto2
147314959,2026-03-09 04:00:00,0,4,0.3,0.0,0.0,0.0,0.0,AUDJPY.p,F30/E20/TP5/Tsto2
147322881,2026-03-09 04:01:24,0,4,0.3,0.0,1.9085999999999999,0.0,0.0,GBPAUD.p,[tp 1.90860]
147323103,2026-03-09 04:01:28,1,4,0.3,0.0,110.553,0.0,0.0,AUDJPY.p,[tp 110.553]
147364395,2026-03-09 04:15:00,1,4,0.3,0.0,0.0,0.0,0.0,GBPAUD.p,F30/E20/TP5/Tsto2
147364420,2026-03-09 04:15:00,0,4,0.3,0.0,0.0,0.0,0.0,AUDUSD.p,F30/E20/TP5/Tsto2
147410284,2026-03-09 04:33:17,0,4,0.3,0.0,1.9068,0.0,0.0,GBPAUD.p,[tp 1.90680]
147410299,2026-03-09 04:33:18,0,4,0.3,0.0,0.0,0.0,0.0,GBPAUD.p,F30/E20/TP5/Tsto2
147414160,2026-03-09 04:35:21,1,4,0.3,0.0,0.6975,0.0,0.0,AUDUSD.p,[tp 0.69750]
147423890,2026-03-09 04:40:02,1,4,0.3,0.0,1.9074200000000001,0.0,0.0,GBPAUD.p,[tp 1.90742]
147430690,2026-03-09 04:45:00,0,4,0.3,0.0,0.0,0.0,0.0,AUDUSD.p,F30/E20/TP5/Tsto2
147430724,2026-03-09 04:45:00,1,4,0.3,0.0,0.0,0.0,0.0,SGDJPY.p,F30/E20/TP5/Tsto2
147453496,2026-03-09 04:59:50,0,4,0.3,0.0,0.0,0.0,0.0,GBPSGD.p,F30/E20/TP5/Tsto2
147453688,2026-03-09 05:00:00,0,4,0.3,0.0,0.0,0.0,0.0,EURNZD.p,F30/E20/TP5/Tsto2
147462081,2026-03-09 05:04:36,1,4,0.3,0.0,1.70679,0.0,0.0,GBPSGD.p,[tp 1.70679]
147471263,2026-03-09 05:10:21,1,4,0.3,0.0,0.69759,0.0,0.0,AUDUSD.p,[tp 0.69759]
147476643,2026-03-09 05:15:00,0,4,0.3,0.0,0.0,0.0,0.0,GBPSGD.p,F30/E20/TP5/Tsto2
147476682,2026-03-09 05:15:00,0,4,0.3,0.0,0.0,0.0,0.0,AUDUSD.p,F30/E20/TP5/Tsto2
147507429,2026-03-09 05:40:00,1,4,0.3,0.0,0.69834,0.0,0.0,AUDUSD.p,[tp 0.69834]
147533993,2026-03-09 06:05:42,1,4,0.3,0.0,1.7072500000000002,0.0,0.0,GBPSGD.p,[tp 1.70725]
147544273,2026-03-09 06:15:00,0,4,0.3,0.0,0.0,0.0,0.0,GBPAUD.p,F30/E20/TP5/Tsto2
147544282,2026-03-09 06:15:00,1,4,0.3,0.0,0.0,0.0,0.0,AUDUSD.p,F30/E20/TP5/Tsto2
147544300,2026-03-09 06:15:00,1,4,0.3,0.0,0.0,0.0,0.0,AUDJPY.p,F30/E20/TP5/Tsto2
147560514,2026-03-09 06:30:00,0,4,0.3,0.0,0.0,0.0,0.0,GBPSGD.p,F30/E20/TP5/Tsto2
147568387,2026-03-09 06:39:41,1,4,0.3,0.0,1.9031799999999999,0.0,0.0,GBPAUD.p,[tp 1.90318]
147568401,2026-03-09 06:39:41,0,4,0.3,0.0,0.69861,0.0,0.0,AUDUSD.p,[tp 0.69861]
147568406,2026-03-09 06:39:42,1,4,0.3,0.0,0.0,0.0,0.0,AUDUSD.p,F30/E20/TP5/Tsto2
147568407,2026-03-09 06:39:42,0,4,0.3,0.0,0.0,0.0,0.0,GBPAUD.p,F30/E20/TP5/Tsto2
147637996,2026-03-09 08:22:52,1,4,0.3,0.0,1.7074799999999999,0.0,0.0,GBPSGD.p,[tp 1.70748]
147638037,2026-03-09 08:22:52,0,4,0.3,0.0,0.0,0.0,0.0,GBPSGD.p,F30/E20/TP5/Tsto2
147648511,2026-03-09 08:30:00,0,4,0.3,0.0,0.0,0.0,0.0,GBPAUD.p,F30/E20/TP5/Tsto2
147648601,2026-03-09 08:30:00,1,4,0.3,0.0,0.0,0.0,0.0,AUDUSD.p,F30/E20/TP5/Tsto2
147674939,2026-03-09 08:46:35,1,4,0.3,0.0,1.90137,0.0,0.0,GBPAUD.p,[tp 1.90137]
147674962,2026-03-09 08:46:35,1,4,0.3,0.0,1.90137,0.0,0.0,GBPAUD.p,[tp 1.90137]
147677706,2026-03-09 08:47:43,0,4,0.3,0.0,0.0,0.0,0.0,GBPAUD.p,F30/E20/TP5/Tsto2
147707520,2026-03-09 09:10:05,1,4,0.3,0.0,1.70825,0.0,0.0,GBPSGD.p,[tp 1.70825]
147707667,2026-03-09 09:10:08,1,4,0.3,0.0,1.9020000000000001,0.0,0.0,GBPAUD.p,[tp 1.90200]
147707679,2026-03-09 09:10:08,0,4,0.3,0.0,0.0,0.0,0.0,GBPAUD.p,F30/E20/TP5/Tsto2
147713682,2026-03-09 09:15:00,1,4,0.3,0.0,0.0,0.0,0.0,GBPSGD.p,F30/E20/TP5/Tsto2
147752188,2026-03-09 09:53:14,0,4,0.3,0.0,0.69985,0.0,0.0,AUDUSD.p,[tp 0.69985]
147752189,2026-03-09 09:53:14,0,4,0.3,0.0,0.69985,0.0,0.0,AUDUSD.p,[tp 0.69985]
147752257,2026-03-09 09:53:22,1,4,0.3,0.0,1.90265,0.0,0.0,GBPAUD.p,[tp 1.90265]
147752265,2026-03-09 09:53:22,0,4,0.3,0.0,0.0,0.0,0.0,GBPAUD.p,F30/E20/TP5/Tsto2
147757511,2026-03-09 09:58:32,0,4,0.3,0.0,1.70724,0.0,0.0,GBPSGD.p,[tp 1.70724]
147758729,2026-03-09 10:00:00,1,4,0.3,0.0,0.0,0.0,0.0,AUDUSD.p,F30/E20/TP5/Tsto2
147793097,2026-03-09 10:31:54,1,4,0.3,0.0,1.90326,0.0,0.0,GBPAUD.p,[tp 1.90326]
147836295,2026-03-09 11:13:22,0,4,0.3,0.0,110.906,0.0,0.0,AUDJPY.p,[tp 110.906]
147837661,2026-03-09 11:15:00,1,4,0.3,0.0,0.0,0.0,0.0,AUDJPY.p,F30/E20/TP5/Tsto2
147838782,2026-03-09 11:15:18,0,4,0.3,0.0,0.69932,0.0,0.0,AUDUSD.p,[tp 0.69932]
147838790,2026-03-09 11:15:19,1,4,0.3,0.0,0.0,0.0,0.0,AUDUSD.p,F30/E20/TP5/Tsto2
147843742,2026-03-09 11:19:12,0,4,0.3,0.0,110.83,0.0,0.0,AUDJPY.p,[tp 110.830]
147851639,2026-03-09 11:27:58,0,4,0.3,0.0,0.69876,0.0,0.0,AUDUSD.p,[tp 0.69876]
147871913,2026-03-09 11:45:00,1,4,0.3,0.0,0.0,0.0,0.0,GBPAUD.p,F30/E20/TP5/Tsto2
147871956,2026-03-09 11:45:00,0,4,0.3,0.0,0.0,0.0,0.0,AUDJPY.p,F30/E20/TP5/Tsto2
147871964,2026-03-09 11:45:00,0,4,0.3,0.0,0.0,0.0,0.0,AUDUSD.p,F30/E20/TP5/Tsto2
147876600,2026-03-09 11:48:38,0,4,0.3,0.0,1.90511,0.0,0.0,GBPAUD.p,[tp 1.90511]
147882988,2026-03-09 11:54:04,1,4,0.3,0.0,110.88,0.0,0.0,AUDJPY.p,[tp 110.880]
147883704,2026-03-09 11:55:07,1,4,0.3,0.0,0.69917,0.0,0.0,AUDUSD.p,[tp 0.69917]
147888329,2026-03-09 12:00:00,1,4,0.3,0.0,0.0,0.0,0.0,GBPAUD.p,F30/E20/TP5/Tsto2
147888380,2026-03-09 12:00:00,0,4,0.3,0.0,0.0,0.0,0.0,AUDJPY.p,F30/E20/TP5/Tsto2
147888415,2026-03-09 12:00:00,0,4,0.3,0.0,0.0,0.0,0.0,AUDUSD.p,F30/E20/TP5/Tsto2
147890870,2026-03-09 12:02:28,0,4,0.3,0.0,1.9040599999999999,0.0,0.0,GBPAUD.p,[tp 1.90406]
147904807,2026-03-09 12:12:18,1,4,0.3,0.0,0.69992,0.0,0.0,AUDUSD.p,[tp 0.69992]
147911209,2026-03-09 12:17:05,1,4,0.3,0.0,110.989,0.0,0.0,AUDJPY.p,[tp 110.989]
147923172,2026-03-09 12:30:00,0,4,0.3,0.0,0.0,0.0,0.0,EURNZD.p,F30/E20/TP5/Tsto2
147927239,2026-03-09 12:33:04,1,4,0.3,0.0,1.81046,0.0,0.0,GBPCAD.p,[tp 1.81046]
147944317,2026-03-09 12:45:00,1,4,0.3,0.0,0.0,0.0,0.0,GBPCAD.p,F30/E20/TP5/Tsto2
147948947,2026-03-09 12:47:39,0,4,0.3,0.0,1.80849,0.0,0.0,GBPCAD.p,[tp 1.80849]
147958680,2026-03-09 13:00:00,1,4,0.3,0.0,0.0,0.0,0.0,GBPCAD.p,F30/E20/TP5/Tsto2
147966556,2026-03-09 13:11:36,0,4,0.3,0.0,1.8068,0.0,0.0,GBPCAD.p,[tp 1.80680]
147968103,2026-03-09 13:15:00,0,4,0.3,0.0,0.0,0.0,0.0,GBPAUD.p,F30/E20/TP5/Tsto2
147968105,2026-03-09 13:15:00,1,4,0.3,0.0,0.0,0.0,0.0,AUDJPY.p,F30/E20/TP5/Tsto2
147968107,2026-03-09 13:15:00,1,4,0.3,0.0,0.0,0.0,0.0,AUDUSD.p,F30/E20/TP5/Tsto2
147977680,2026-03-09 13:28:52,1,4,0.3,0.0,1.90218,0.0,0.0,GBPAUD.p,[tp 1.90218]
147979149,2026-03-09 13:30:02,0,4,0.3,0.0,0.0,0.0,0.0,GBPAUD.p,F30/E20/TP5/Tsto2
147981331,2026-03-09 13:31:05,0,4,0.3,0.0,111.081,0.0,0.0,AUDJPY.p,[tp 111.081]
147981384,2026-03-09 13:31:06,1,4,0.3,0.0,0.0,0.0,0.0,AUDJPY.p,F30/E20/TP5/Tsto2
148003661,2026-03-09 13:51:37,0,4,0.3,0.0,0.70075,0.0,0.0,AUDUSD.p,[tp 0.70075]
148011722,2026-03-09 14:00:00,0,4,0.3,0.0,0.0,0.0,0.0,GBPCAD.p,F30/E20/TP5/Tsto2
148011740,2026-03-09 14:00:00,1,4,0.3,0.0,0.0,0.0,0.0,AUDUSD.p,F30/E20/TP5/Tsto2
148016500,2026-03-09 14:04:52,1,4,0.3,0.0,1.80724,0.0,0.0,GBPCAD.p,[tp 1.80724]
148031136,2026-03-09 14:23:01,1,4,0.3,0.0,1.90266,0.0,0.0,GBPAUD.p,[tp 1.90266]
148037613,2026-03-09 14:30:00,1,4,0.3,0.0,0.0,0.0,0.0,GBPCAD.p,F30/E20/TP5/Tsto2
148040598,2026-03-09 14:33:06,0,4,0.3,0.0,1.80528,0.0,0.0,GBPCAD.p,[tp 1.80528]
148061671,2026-03-09 15:00:00,0,4,0.3,0.0,0.0,0.0,0.0,GBPCAD.p,F30/E20/TP5/Tsto2
148062061,2026-03-09 15:00:22,0,4,0.3,0.0,0.70115,0.0,0.0,AUDUSD.p,[tp 0.70115]
148064744,2026-03-09 15:02:14,1,4,0.3,0.0,1.8081,0.0,0.0,GBPCAD.p,[tp 1.80810]
148098763,2026-03-09 15:45:00,1,4,0.3,0.0,0.0,0.0,0.0,AUDUSD.p,F30/E20/TP5/Tsto2
148098778,2026-03-09 15:45:00,1,4,0.3,0.0,0.0,0.0,0.0,GBPCAD.p,F30/E20/TP5/Tsto2
148105113,2026-03-09 15:52:10,0,4,0.3,0.0,0.70079,0.0,0.0,AUDUSD.p,[tp 0.70079]
148131661,2026-03-09 16:15:00,1,4,0.3,0.0,0.0,0.0,0.0,GBPAUD.p,F30/E20/TP5/Tsto2
148156626,2026-03-09 16:32:46,0,4,0.3,0.0,1.90206,0.0,0.0,GBPAUD.p,[tp 1.90206]
148182580,2026-03-09 16:45:00,1,4,0.3,0.0,0.0,0.0,0.0,AUDUSD.p,F30/E20/TP5/Tsto2
148201822,2026-03-09 16:53:44,0,4,0.3,0.0,0.70183,0.0,0.0,AUDUSD.p,[tp 0.70183]
148217506,2026-03-09 17:00:00,1,4,0.3,0.0,0.0,0.0,0.0,GBPAUD.p,F30/E20/TP5/Tsto2
148217558,2026-03-09 17:00:00,1,4,0.3,0.0,0.0,0.0,0.0,GBPSGD.p,F30/E20/TP5/Tsto2
148222466,2026-03-09 17:02:37,0,4,0.3,0.0,1.90253,0.0,0.0,GBPAUD.p,[tp 1.90253]
148228451,2026-03-09 17:05:49,0,4,0.3,0.0,1.70952,0.0,0.0,GBPSGD.p,[tp 1.70952]
148248079,2026-03-09 17:15:00,1,4,0.3,0.0,0.0,0.0,0.0,GBPSGD.p,F30/E20/TP5/Tsto2
148248141,2026-03-09 17:15:00,1,4,0.3,0.0,0.0,0.0,0.0,AUDUSD.p,F30/E20/TP5/Tsto2
148254508,2026-03-09 17:18:34,0,4,0.3,0.0,1.70941,0.0,0.0,GBPSGD.p,[tp 1.70941]
148270337,2026-03-09 17:30:00,1,4,0.3,0.0,0.0,0.0,0.0,GBPSGD.p,F30/E20/TP5/Tsto2
148270551,2026-03-09 17:30:00,1,4,0.3,0.0,0.0,0.0,0.0,GBPCHF.p,F30/E20/TP5/Tsto2
148292400,2026-03-09 17:45:00,0,4,0.3,0.0,0.0,0.0,0.0,GBPAUD.p,F30/E20/TP5/Tsto2
148301353,2026-03-09 17:50:17,1,4,0.3,0.0,1.90027,0.0,0.0,GBPAUD.p,[tp 1.90027]
148314935,2026-03-09 18:00:00,0,4,0.3,0.0,0.0,0.0,0.0,GBPAUD.p,F30/E20/TP5/Tsto2
148317202,2026-03-09 18:01:32,1,4,0.3,0.0,1.90252,0.0,0.0,GBPAUD.p,[tp 1.90252]
148378391,2026-03-09 19:00:00,0,4,0.3,0.0,0.0,0.0,0.0,GBPAUD.p,F30/E20/TP5/Tsto2
148384407,2026-03-09 19:05:39,1,4,0.3,0.0,1.9017300000000001,0.0,0.0,GBPAUD.p,[tp 1.90173]
148439083,2026-03-09 20:15:00,0,4,0.3,0.0,0.0,0.0,0.0,GBPAUD.p,F30/E20/TP5/Tsto2
148445060,2026-03-09 20:21:37,1,4,0.3,0.0,1.90131,0.0,0.0,GBPAUD.p,[tp 1.90131]
148560178,2026-03-09 22:30:00,1,4,0.3,0.0,0.0,0.0,0.0,AUDUSD.p,F30/E20/TP5/Tsto2
148560224,2026-03-09 22:30:00,1,4,0.3,0.0,0.0,0.0,0.0,AUDJPY.p,F30/E20/TP5/Tsto2
148578297,2026-03-09 22:45:00,0,4,0.3,0.0,0.0,0.0,0.0,GBPAUD.p,F30/E20/TP5/Tsto2
148583464,2026-03-09 22:48:38,1,4,0.3,0.0,1.89978,0.0,0.0,GBPAUD.p,[tp 1.89978]
148665500,2026-03-10 01:15:00,0,4,0.3,0.0,0.0,0.0,0.0,GBPAUD.p,F30/E20/TP5/Tsto2
148679773,2026-03-10 01:33:13,1,4,0.3,0.0,1.89932,0.0,0.0,GBPAUD.p,[tp 1.89932]
148687604,2026-03-10 01:45:00,0,4,0.3,0.0,0.0,0.0,0.0,GBPAUD.p,F30/E20/TP5/Tsto2
148766944,2026-03-10 03:07:13,1,4,0.3,0.0,1.90002,0.0,0.0,GBPAUD.p,[tp 1.90002]
148805678,2026-03-10 03:59:38,1,4,0.3,0.0,1.96178,0.0,0.0,EURNZD.p,[tp 1.96178]
148805679,2026-03-10 03:59:38,1,4,0.3,0.0,1.96178,0.0,0.0,EURNZD.p,[tp 1.96178]
148848954,2026-03-10 04:30:00,1,4,0.3,0.0,0.0,0.0,0.0,EURNZD.p,F30/E20/TP5/Tsto2
148858751,2026-03-10 04:37:40,0,4,0.3,0.0,111.348,0.0,0.0,AUDJPY.p,[tp 111.348]
148858752,2026-03-10 04:37:40,0,4,0.3,0.0,111.348,0.0,0.0,AUDJPY.p,[tp 111.348]
148859642,2026-03-10 04:38:28,0,4,0.3,0.0,0.0,0.0,0.0,AUDJPY.p,F30/E20/TP5/Tsto2
148865714,2026-03-10 04:45:41,1,4,0.3,0.0,111.37,0.0,0.0,AUDJPY.p,[tp 111.370]
148878918,2026-03-10 05:00:00,0,4,0.3,0.0,0.0,0.0,0.0,AUDJPY.p,F30/E20/TP5/Tsto2
148885758,2026-03-10 05:07:45,1,4,0.3,0.0,111.525,0.0,0.0,AUDJPY.p,[tp 111.525]
148932810,2026-03-10 06:15:00,0,4,0.3,0.0,0.0,0.0,0.0,AUDJPY.p,F30/E20/TP5/Tsto2
148936476,2026-03-10 06:21:28,1,4,0.3,0.0,111.497,0.0,0.0,AUDJPY.p,[tp 111.497]
149008097,2026-03-10 09:00:00,0,4,0.3,0.0,0.0,0.0,0.0,AUDJPY.p,F30/E20/TP5/Tsto2
149008111,2026-03-10 09:00:00,1,4,0.3,0.0,0.0,0.0,0.0,GBPAUD.p,F30/E20/TP5/Tsto2
149013222,2026-03-10 09:09:03,0,4,0.3,0.0,1.89806,0.0,0.0,GBPAUD.p,[tp 1.89806]
149014422,2026-03-10 09:11:16,1,4,0.3,0.0,111.609,0.0,0.0,AUDJPY.p,[tp 111.609]
149033997,2026-03-10 09:45:00,0,4,0.3,0.0,0.0,0.0,0.0,GBPAUD.p,F30/E20/TP5/Tsto2
149039089,2026-03-10 10:00:00,1,4,0.3,0.0,0.0,0.0,0.0,AUDJPY.p,F30/E20/TP5/Tsto2
149058468,2026-03-10 10:22:54,0,4,0.3,0.0,1.96136,0.0,0.0,EURNZD.p,[tp 1.96136]
149066764,2026-03-10 10:30:00,1,4,0.3,0.0,0.0,0.0,0.0,GBPCAD.p,F30/E20/TP5/Tsto2
149077817,2026-03-10 10:45:00,0,4,0.3,0.0,0.0,0.0,0.0,EURNZD.p,F30/E20/TP5/Tsto2
149082982,2026-03-10 10:54:10,1,4,0.3,0.0,1.9624899999999998,0.0,0.0,EURNZD.p,[tp 1.96249]
149085570,2026-03-10 11:00:00,0,4,0.3,0.0,0.0,0.0,0.0,EURNZD.p,F30/E20/TP5/Tsto2
149088504,2026-03-10 11:01:53,1,4,0.3,0.0,1.96386,0.0,0.0,EURNZD.p,[tp 1.96386]
149093174,2026-03-10 11:06:09,1,4,0.3,0.0,1.8971200000000001,0.0,0.0,GBPAUD.p,[tp 1.89712]
149093184,2026-03-10 11:06:09,0,4,0.3,0.0,0.0,0.0,0.0,GBPAUD.p,F30/E20/TP5/Tsto2
149100133,2026-03-10 11:12:45,1,4,0.3,0.0,1.89767,0.0,0.0,GBPAUD.p,[tp 1.89767]
149101846,2026-03-10 11:15:00,0,4,0.3,0.0,0.0,0.0,0.0,GBPAUD.p,F30/E20/TP5/Tsto2
149110117,2026-03-10 11:30:00,1,4,0.3,0.0,0.0,0.0,0.0,EURNZD.p,F30/E20/TP5/Tsto2
149155265,2026-03-10 12:36:06,0,4,0.3,0.0,1.9630100000000001,0.0,0.0,EURNZD.p,[tp 1.96301]
149205029,2026-03-10 13:15:00,1,4,0.3,0.0,0.0,0.0,0.0,AUDJPY.p,F30/E20/TP5/Tsto2
149205038,2026-03-10 13:15:00,1,4,0.3,0.0,0.0,0.0,0.0,SGDJPY.p,F30/E20/TP5/Tsto2
149268105,2026-03-10 14:15:00,0,4,0.3,0.0,0.0,0.0,0.0,EURNZD.p,F30/E20/TP5/Tsto2
149524434,2026-03-10 17:45:00,0,4,0.3,0.0,0.0,0.0,0.0,GBPAUD.p,F30/E20/TP5/Tsto2
149538607,2026-03-10 18:00:00,1,4,0.6,0.0,0.0,0.0,0.0,AUDJPY.p,F30/E20/TP5/Tsto2
149658812,2026-03-10 20:30:00,1,4,0.6,0.0,0.0,0.0,0.0,AUDUSD.p,F30/E20/TP5/Tsto2
149830046,2026-03-10 23:05:44,0,4,0.3,0.0,1.70819,0.0,0.0,GBPSGD.p,[tp 1.70819]
149871792,2026-03-11 01:30:00,0,4,0.3,0.0,0.0,0.0,0.0,GBPSGD.p,F30/E20/TP5/Tsto2
149948791,2026-03-11 03:41:35,1,4,0.3,0.0,1.70932,0.0,0.0,GBPSGD.p,[tp 1.70932]
150043587,2026-03-11 05:45:00,0,4,0.6,0.0,0.0,0.0,0.0,GBPAUD.p,F30/E20/TP5/Tsto2
150263150,2026-03-11 12:03:32,0,4,0.3,0.0,1.81874,0.0,0.0,GBPCAD.p,[tp 1.81874]
150263151,2026-03-11 12:03:32,0,4,0.3,0.0,1.81874,0.0,0.0,GBPCAD.p,[tp 1.81874]
150263167,2026-03-11 12:03:32,0,4,0.3,0.0,0.0,0.0,0.0,GBPCAD.p,F30/E20/TP5/Tsto2
150267553,2026-03-11 12:08:37,1,4,0.3,0.0,1.8193000000000001,0.0,0.0,GBPCAD.p,[tp 1.81930]
150291418,2026-03-11 12:45:00,0,4,0.3,0.0,0.0,0.0,0.0,GBPCAD.p,F30/E20/TP5/Tsto2
150303509,2026-03-11 13:03:34,1,4,0.3,0.0,1.82151,0.0,0.0,GBPCAD.p,[tp 1.82151]
150309845,2026-03-11 13:15:00,0,4,0.3,0.0,0.0,0.0,0.0,GBPCAD.p,F30/E20/TP5/Tsto2
150312693,2026-03-11 13:22:24,1,4,0.3,0.0,1.82256,0.0,0.0,GBPCAD.p,[tp 1.82256]
150361829,2026-03-11 14:30:00,1,4,0.3,0.0,0.0,0.0,0.0,GBPCAD.p,F30/E20/TP5/Tsto2
150366325,2026-03-11 14:37:42,0,4,0.3,0.0,1.82273,0.0,0.0,GBPCAD.p,[tp 1.82273]
150405468,2026-03-11 15:15:00,0,4,0.3,0.0,0.0,0.0,0.0,GBPCAD.p,F30/E20/TP5/Tsto2
150407817,2026-03-11 15:17:14,1,4,0.3,0.0,1.82279,0.0,0.0,GBPCAD.p,[tp 1.82279]
150500550,2026-03-11 16:15:00,0,4,0.3,0.0,0.0,0.0,0.0,GBPCAD.p,F30/E20/TP5/Tsto2
150503670,2026-03-11 16:17:56,1,4,0.3,0.0,1.82328,0.0,0.0,GBPCAD.p,[tp 1.82328]
150546650,2026-03-11 16:45:00,1,4,0.3,0.0,0.0,0.0,0.0,GBPCAD.p,F30/E20/TP5/Tsto2
150576524,2026-03-11 17:00:00,0,4,0.3,0.0,0.0,0.0,0.0,GBPSGD.p,F30/E20/TP5/Tsto2
150592441,2026-03-11 17:07:06,1,4,0.3,0.0,1.7081499999999998,0.0,0.0,GBPSGD.p,[tp 1.70815]
150604309,2026-03-11 17:15:00,0,4,0.3,0.0,0.0,0.0,0.0,EURNZD.p,F30/E20/TP5/Tsto2
150604341,2026-03-11 17:15:00,0,4,0.3,0.0,0.0,0.0,0.0,GBPSGD.p,F30/E20/TP5/Tsto2
150655707,2026-03-11 17:51:05,1,4,0.3,0.0,1.70898,0.0,0.0,GBPSGD.p,[tp 1.70898]
150748874,2026-03-11 18:57:41,1,4,0.3,0.0,1.9577900000000001,0.0,0.0,EURNZD.p,[tp 1.95779]
150748875,2026-03-11 18:57:41,1,4,0.3,0.0,1.9577900000000001,0.0,0.0,EURNZD.p,[tp 1.95779]
150767980,2026-03-11 19:15:00,1,4,0.3,0.0,0.0,0.0,0.0,EURNZD.p,F30/E20/TP5/Tsto2
150778596,2026-03-11 19:25:19,0,4,0.3,0.0,1.95716,0.0,0.0,EURNZD.p,[tp 1.95716]
150782475,2026-03-11 19:30:00,1,4,0.3,0.0,0.0,0.0,0.0,EURNZD.p,F30/E20/TP5/Tsto2
150786069,2026-03-11 19:33:55,0,4,0.3,0.0,1.95641,0.0,0.0,EURNZD.p,[tp 1.95641]
150797207,2026-03-11 19:45:00,1,4,0.3,0.0,0.0,0.0,0.0,EURNZD.p,F30/E20/TP5/Tsto2
150849116,2026-03-11 20:37:27,0,4,0.3,0.0,1.8207499999999999,0.0,0.0,GBPCAD.p,[tp 1.82075]
150872082,2026-03-11 21:00:00,0,4,0.3,0.0,0.0,0.0,0.0,GBPCAD.p,F30/E20/TP5/Tsto2
150872136,2026-03-11 21:00:01,0,4,0.3,0.0,1.9555,0.0,0.0,EURNZD.p,[tp 1.95550]
150872142,2026-03-11 21:00:02,1,4,0.3,0.0,0.0,0.0,0.0,EURNZD.p,F30/E20/TP5/Tsto2
150888395,2026-03-11 21:24:43,1,4,0.3,0.0,1.82223,0.0,0.0,GBPCAD.p,[tp 1.82223]
150919865,2026-03-11 22:30:00,1,4,0.3,0.0,0.0,0.0,0.0,GBPCAD.p,F30/E20/TP5/Tsto2
150960398,2026-03-12 01:03:14,0,4,0.3,0.0,1.8224399999999998,0.0,0.0,GBPCAD.p,[tp 1.82244]
151012291,2026-03-12 02:00:00,0,4,0.3,0.0,0.0,0.0,0.0,GBPCAD.p,F30/E20/TP5/Tsto2
151181798,2026-03-12 04:32:07,0,4,0.3,0.0,1.95468,0.0,0.0,EURNZD.p,[tp 1.95468]
151209253,2026-03-12 05:00:00,0,4,0.3,0.0,0.0,0.0,0.0,EURNZD.p,F30/E20/TP5/Tsto2
151235426,2026-03-12 05:34:33,1,4,0.3,0.0,1.95579,0.0,0.0,EURNZD.p,[tp 1.95579]
151248481,2026-03-12 05:45:00,0,4,0.3,0.0,0.0,0.0,0.0,GBPCAD.p,F30/E20/TP5/Tsto2
151279524,2026-03-12 06:15:00,0,4,0.3,0.0,0.0,0.0,0.0,EURNZD.p,F30/E20/TP5/Tsto2
151388861,2026-03-12 08:52:19,1,4,0.3,0.0,1.95678,0.0,0.0,EURNZD.p,[tp 1.95678]
151416471,2026-03-12 09:30:00,1,4,0.3,0.0,0.0,0.0,0.0,EURNZD.p,F30/E20/TP5/Tsto2
151479848,2026-03-12 10:59:33,1,4,0.3,0.0,1.8192,0.0,0.0,GBPCAD.p,[tp 1.81920]
151479849,2026-03-12 10:59:33,1,4,0.3,0.0,1.8192,0.0,0.0,GBPCAD.p,[tp 1.81920]
151480677,2026-03-12 11:00:01,1,4,0.3,0.0,0.0,0.0,0.0,GBPCHF.p,F30/E20/TP5/Tsto2
151488633,2026-03-12 11:07:08,0,4,0.3,0.0,1.95511,0.0,0.0,EURNZD.p,[tp 1.95511]
151488636,2026-03-12 11:07:08,1,4,0.3,0.0,0.0,0.0,0.0,EURNZD.p,F30/E20/TP5/Tsto2
151493915,2026-03-12 11:15:00,1,4,0.3,0.0,0.0,0.0,0.0,GBPCAD.p,F30/E20/TP5/Tsto2
151501531,2026-03-12 11:28:35,0,4,0.3,0.0,1.81762,0.0,0.0,GBPCAD.p,[tp 1.81762]
151572395,2026-03-12 13:30:00,1,4,0.3,0.0,0.0,0.0,0.0,GBPCAD.p,F30/E20/TP5/Tsto2
151671495,2026-03-12 15:40:42,0,4,0.3,0.0,1.81814,0.0,0.0,GBPCAD.p,[tp 1.81814]
151671515,2026-03-12 15:40:43,1,4,0.3,0.0,0.0,0.0,0.0,GBPCAD.p,F30/E20/TP5/Tsto2
151764638,2026-03-12 16:47:35,0,4,0.3,0.0,0.71029,0.0,0.0,AUDUSD.p,[tp 0.71029]
151764639,2026-03-12 16:47:35,0,4,0.3,0.0,0.71029,0.0,0.0,AUDUSD.p,[tp 0.71029]
151764640,2026-03-12 16:47:35,0,4,0.6,0.0,0.71029,0.0,0.0,AUDUSD.p,[tp 0.71029]
151798619,2026-03-12 17:06:42,0,4,0.3,0.0,0.0,0.0,0.0,AUDJPY.p,
151798841,2026-03-12 17:06:53,0,4,0.3,0.0,0.0,0.0,0.0,EURNZD.p,
151799352,2026-03-12 17:07:00,1,4,0.3,0.0,0.0,0.0,0.0,GBPAUD.p,
151799624,2026-03-12 17:07:09,0,4,0.3,0.0,0.0,0.0,0.0,GBPCAD.p,
151799861,2026-03-12 17:07:18,0,4,0.3,0.0,0.0,0.0,0.0,GBPCHF.p,
151799946,2026-03-12 17:07:24,0,4,0.3,0.0,0.0,0.0,0.0,SGDJPY.p,
151802022,2026-03-12 17:08:59,0,4,0.3,0.0,0.0,0.0,0.0,AUDJPY.p,
151802094,2026-03-12 17:09:00,0,4,0.6,0.0,0.0,0.0,0.0,AUDJPY.p,
151802135,2026-03-12 17:09:01,1,4,0.3,0.0,0.0,0.0,0.0,GBPAUD.p,
151802140,2026-03-12 17:09:02,1,4,0.6,0.0,0.0,0.0,0.0,GBPAUD.p,
151802152,2026-03-12 17:09:03,0,4,0.3,0.0,0.0,0.0,0.0,GBPCHF.p,
151802160,2026-03-12 17:09:03,0,4,0.3,0.0,0.0,0.0,0.0,SGDJPY.p,
151853425,2026-03-12 17:45:00,0,4,0.01,0.0,0.0,0.0,0.0,AUDUSD.p,F001/E30/TP6/Tsto2
151853441,2026-03-12 17:45:00,1,4,0.01,0.0,0.0,0.0,0.0,GBPAUD.p,F001/E30/TP6/Tsto2
151874687,2026-03-12 18:00:00,0,4,0.01,0.0,0.0,0.0,0.0,GBPCAD.p,F001/E30/TP6/Tsto2
151904315,2026-03-12 18:14:21,1,4,0.01,0.0,1.81871,0.0,0.0,GBPCAD.p,[tp 1.81871]
151907399,2026-03-12 18:16:04,0,4,0.01,0.0,0.0,0.0,0.0,GBPCAD.p,F001/E30/TP6/Tsto2
151921747,2026-03-12 18:30:00,1,4,0.01,0.0,0.0,0.0,0.0,EURNZD.p,F001/E30/TP6/Tsto2
151921842,2026-03-12 18:30:00,0,4,0.01,0.0,0.0,0.0,0.0,AUDJPY.p,F001/E30/TP6/Tsto2
151934460,2026-03-12 18:39:33,1,4,0.01,0.0,112.835,0.0,0.0,AUDJPY.p,[tp 112.835]
151934871,2026-03-12 18:39:35,0,4,0.01,0.0,1.96415,0.0,0.0,EURNZD.p,[tp 1.96415]
151935861,2026-03-12 18:39:51,0,4,0.01,0.0,1.88263,0.0,0.0,GBPAUD.p,[tp 1.88263]
151935954,2026-03-12 18:39:51,1,4,0.01,0.0,0.0,0.0,0.0,GBPAUD.p,F001/E30/TP6/Tsto2
151944335,2026-03-12 18:45:00,1,4,0.01,0.0,0.0,0.0,0.0,EURNZD.p,F001/E30/TP6/Tsto2
151944369,2026-03-12 18:45:00,0,4,0.01,0.0,0.0,0.0,0.0,AUDJPY.p,F001/E30/TP6/Tsto2
151981820,2026-03-12 19:21:38,1,4,0.01,0.0,112.969,0.0,0.0,AUDJPY.p,[tp 112.969]
151982949,2026-03-12 19:22:23,1,4,0.01,0.0,0.71,0.0,0.0,AUDUSD.p,[tp 0.71000]
152008387,2026-03-12 19:45:00,0,4,0.01,0.0,0.0,0.0,0.0,AUDJPY.p,F001/E30/TP6/Tsto2
152008398,2026-03-12 19:45:00,0,4,0.01,0.0,0.0,0.0,0.0,AUDUSD.p,F001/E30/TP6/Tsto2
152028990,2026-03-12 20:07:37,1,4,0.01,0.0,1.81959,0.0,0.0,GBPCAD.p,[tp 1.81959]
152167769,2026-03-12 22:15:00,0,4,0.01,0.0,0.0,0.0,0.0,GBPCAD.p,F001/E30/TP6/Tsto2
152185818,2026-03-12 22:39:36,1,4,0.01,0.0,1.8185,0.0,0.0,GBPCAD.p,[tp 1.81850]
152188765,2026-03-12 22:45:00,0,4,0.01,0.0,0.0,0.0,0.0,GBPCAD.p,F001/E30/TP6/Tsto2
152206990,2026-03-12 23:13:31,1,4,0.01,0.0,1.8193000000000001,0.0,0.0,GBPCAD.p,[tp 1.81930]
152263482,2026-03-13 01:18:17,0,4,0.01,0.0,0.0,0.0,0.0,GBPAUD.p,
152263483,2026-03-13 01:18:17,0,4,0.01,0.0,0.0,0.0,0.0,EURNZD.p,
152263484,2026-03-13 01:18:17,1,4,0.01,0.0,0.0,0.0,0.0,AUDJPY.p,
152263485,2026-03-13 01:18:17,1,4,0.01,0.0,0.0,0.0,0.0,AUDUSD.p,
152281042,2026-03-13 01:45:00,1,4,0.01,0.0,0.0,0.0,0.0,GBPAUD.p,M15/E10/TP2/Tsto1
152281234,2026-03-13 01:45:03,1,4,0.01,0.0,0.0,0.0,0.0,EURNZD.p,M15/E10/TP2/Tsto1
152286024,2026-03-13 01:52:45,0,4,0.01,0.0,1.88578,0.0,0.0,GBPAUD.p,[tp 1.88578]
152299292,2026-03-13 02:15:01,1,4,0.01,0.0,0.0,0.0,0.0,GBPSGD.p,M15/E10/TP2/Tsto1
152310851,2026-03-13 02:30:00,1,4,0.01,0.0,0.0,0.0,0.0,AUDJPY.p,M15/E10/TP2/Tsto1
152310863,2026-03-13 02:30:00,1,4,0.01,0.0,0.0,0.0,0.0,AUDUSD.p,M15/E10/TP2/Tsto1
152323295,2026-03-13 02:55:13,0,4,0.01,0.0,112.709,0.0,0.0,AUDJPY.p,[tp 112.709]
152329999,2026-03-13 03:02:38,0,4,0.01,0.0,0.70739,0.0,0.0,AUDUSD.p,[tp 0.70739]
152331362,2026-03-13 03:04:25,0,4,0.01,0.0,1.96788,0.0,0.0,EURNZD.p,[tp 1.96788]
152331366,2026-03-13 03:04:25,1,4,0.01,0.0,0.0,0.0,0.0,EURNZD.p,M15/E10/TP2/Tsto1
152334524,2026-03-13 03:07:29,0,4,0.01,0.0,1.96761,0.0,0.0,EURNZD.p,[tp 1.96761]
152341582,2026-03-13 03:15:00,1,4,0.01,0.0,0.0,0.0,0.0,GBPAUD.p,M15/E10/TP2/Tsto1
152346037,2026-03-13 03:20:02,0,4,0.01,0.0,1.88631,0.0,0.0,GBPAUD.p,[tp 1.88631]
152352487,2026-03-13 03:30:00,0,4,0.01,0.0,0.0,0.0,0.0,EURNZD.p,M15/E10/TP2/Tsto1
152361288,2026-03-13 03:41:49,1,4,0.01,0.0,1.96835,0.0,0.0,EURNZD.p,[tp 1.96835]
152364112,2026-03-13 03:45:01,1,4,0.01,0.0,0.0,0.0,0.0,AUDUSD.p,M15/E10/TP2/Tsto1
152375952,2026-03-13 04:00:00,1,4,0.01,0.0,0.0,0.0,0.0,EURNZD.p,M15/E10/TP2/Tsto1
152380316,2026-03-13 04:02:56,0,4,0.01,0.0,1.96753,0.0,0.0,EURNZD.p,[tp 1.96753]
152401099,2026-03-13 04:30:00,0,4,0.01,0.0,0.0,0.0,0.0,GBPAUD.p,M15/E10/TP2/Tsto1
152401128,2026-03-13 04:30:00,1,4,0.01,0.0,0.0,0.0,0.0,AUDJPY.p,M15/E10/TP2/Tsto1
152415488,2026-03-13 04:46:05,1,4,0.01,0.0,1.88624,0.0,0.0,GBPAUD.p,[tp 1.88624]
152418317,2026-03-13 04:48:32,0,4,0.01,0.0,112.722,0.0,0.0,AUDJPY.p,[tp 112.722]
152460146,2026-03-13 05:39:38,0,4,0.01,0.0,0.70791,0.0,0.0,AUDUSD.p,[tp 0.70791]
152493189,2026-03-13 06:14:05,0,4,0.01,0.0,1.7067700000000001,0.0,0.0,GBPSGD.p,[tp 1.70677]
152528240,2026-03-13 07:00:00,1,4,0.01,0.0,0.0,0.0,0.0,GBPAUD.p,M15/E10/TP2/Tsto1
152535195,2026-03-13 07:09:57,0,4,0.01,0.0,1.8872200000000001,0.0,0.0,GBPAUD.p,[tp 1.88722]
152560140,2026-03-13 08:00:00,1,4,0.01,0.0,0.0,0.0,0.0,GBPAUD.p,M15/E10/TP2/Tsto1
152562799,2026-03-13 08:07:14,0,4,0.01,0.0,1.88726,0.0,0.0,GBPAUD.p,[tp 1.88726]
152576829,2026-03-13 08:30:00,1,4,0.01,0.0,0.0,0.0,0.0,EURNZD.p,M15/E10/TP2/Tsto1
152677486,2026-03-13 10:15:00,1,4,0.01,0.0,0.0,0.0,0.0,GBPAUD.p,M15/E10/TP2/Tsto1
152697640,2026-03-13 10:32:01,0,4,0.01,0.0,1.88967,0.0,0.0,GBPAUD.p,[tp 1.88967]
152712836,2026-03-13 10:49:44,0,4,0.01,0.0,1.97276,0.0,0.0,EURNZD.p,[tp 1.97276]
152720987,2026-03-13 11:00:00,1,4,0.01,0.0,0.0,0.0,0.0,GBPAUD.p,M15/E10/TP2/Tsto1
152721024,2026-03-13 11:00:00,0,4,0.01,0.0,0.0,0.0,0.0,AUDUSD.p,M15/E10/TP2/Tsto1
152721044,2026-03-13 11:00:00,0,4,0.01,0.0,0.0,0.0,0.0,AUDJPY.p,M15/E10/TP2/Tsto1
152725160,2026-03-13 11:02:56,0,4,0.01,0.0,1.88992,0.0,0.0,GBPAUD.p,[tp 1.88992]
152752916,2026-03-13 11:30:00,0,4,0.01,0.0,0.0,0.0,0.0,EURNZD.p,M15/E10/TP2/Tsto1
152758381,2026-03-13 11:35:51,1,4,0.01,0.0,112.029,0.0,0.0,AUDJPY.p,[tp 112.029]
152758392,2026-03-13 11:35:51,0,4,0.01,0.0,0.0,0.0,0.0,AUDJPY.p,M15/E10/TP2/Tsto1
152760563,2026-03-13 11:38:13,1,4,0.01,0.0,0.70283,0.0,0.0,AUDUSD.p,[tp 0.70283]
152760971,2026-03-13 11:38:38,1,4,0.01,0.0,112.065,0.0,0.0,AUDJPY.p,[tp 112.065]
152768253,2026-03-13 11:45:02,0,4,0.01,0.0,0.0,0.0,0.0,GBPCAD.p,M15/E10/TP2/Tsto1
152768254,2026-03-13 11:45:02,0,4,0.01,0.0,0.0,0.0,0.0,AUDUSD.p,M15/E10/TP2/Tsto1
152768258,2026-03-13 11:45:02,0,4,0.01,0.0,0.0,0.0,0.0,AUDJPY.p,M15/E10/TP2/Tsto1
152771406,2026-03-13 11:49:18,1,4,0.01,0.0,0.70288,0.0,0.0,AUDUSD.p,[tp 0.70288]
152772324,2026-03-13 11:49:57,1,4,0.01,0.0,112.063,0.0,0.0,AUDJPY.p,[tp 112.063]
152780100,2026-03-13 12:00:00,0,4,0.01,0.0,0.0,0.0,0.0,AUDUSD.p,M15/E10/TP2/Tsto1
152780156,2026-03-13 12:00:00,0,4,0.01,0.0,0.0,0.0,0.0,AUDJPY.p,M15/E10/TP2/Tsto1
152784678,2026-03-13 12:03:03,1,4,0.01,0.0,112.231,0.0,0.0,AUDJPY.p,[tp 112.231]
152784944,2026-03-13 12:03:29,1,4,0.01,0.0,0.70467,0.0,0.0,AUDUSD.p,[tp 0.70467]
152795231,2026-03-13 12:14:22,1,4,0.01,0.0,1.81365,0.0,0.0,GBPCAD.p,[tp 1.81365]
152796220,2026-03-13 12:15:00,0,4,0.01,0.0,0.0,0.0,0.0,GBPAUD.p,M15/E10/TP2/Tsto1
152796236,2026-03-13 12:15:00,0,4,0.01,0.0,0.0,0.0,0.0,GBPSGD.p,M15/E10/TP2/Tsto1
152796253,2026-03-13 12:15:00,0,4,0.01,0.0,0.0,0.0,0.0,GBPCAD.p,M15/E10/TP2/Tsto1
152800254,2026-03-13 12:19:36,1,4,0.01,0.0,1.8851,0.0,0.0,GBPAUD.p,[tp 1.88510]
152808467,2026-03-13 12:30:05,1,4,0.01,0.0,1.81434,0.0,0.0,GBPCAD.p,[tp 1.81434]
152817073,2026-03-13 12:45:00,1,4,0.01,0.0,0.0,0.0,0.0,AUDJPY.p,M15/E10/TP2/Tsto1
152817116,2026-03-13 12:45:00,1,4,0.01,0.0,0.0,0.0,0.0,AUDUSD.p,M15/E10/TP2/Tsto1
152828038,2026-03-13 13:00:00,0,4,0.01,0.0,0.0,0.0,0.0,GBPAUD.p,M15/E10/TP2/Tsto1
152828044,2026-03-13 13:00:00,0,4,0.01,0.0,0.0,0.0,0.0,GBPCAD.p,M15/E10/TP2/Tsto1
152831855,2026-03-13 13:04:00,1,4,0.01,0.0,1.8132000000000001,0.0,0.0,GBPCAD.p,[tp 1.81320]
152833964,2026-03-13 13:07:04,1,4,0.01,0.0,1.8852799999999998,0.0,0.0,GBPAUD.p,[tp 1.88528]
152838897,2026-03-13 13:15:00,0,4,0.01,0.0,0.0,0.0,0.0,GBPCAD.p,M15/E10/TP2/Tsto1
152863397,2026-03-13 13:48:53,1,4,0.01,0.0,1.814,0.0,0.0,GBPCAD.p,[tp 1.81400]
152879039,2026-03-13 14:08:50,0,4,0.01,0.0,112.15,0.0,0.0,AUDJPY.p,[tp 112.150]
152880474,2026-03-13 14:10:37,0,4,0.01,0.0,0.70335,0.0,0.0,AUDUSD.p,[tp 0.70335]
152933678,2026-03-13 15:15:00,0,4,0.01,0.0,0.0,0.0,0.0,GBPAUD.p,M15/E10/TP2/Tsto1
152941718,2026-03-13 15:23:52,1,4,0.01,0.0,1.8814600000000001,0.0,0.0,GBPAUD.p,[tp 1.88146]
152946204,2026-03-13 15:30:00,0,4,0.01,0.0,0.0,0.0,0.0,GBPCAD.p,M15/E10/TP2/Tsto1
152946303,2026-03-13 15:30:00,0,4,0.01,0.0,0.0,0.0,0.0,GBPAUD.p,M15/E10/TP2/Tsto1
152948707,2026-03-13 15:32:03,1,4,0.01,0.0,1.8154400000000002,0.0,0.0,GBPCAD.p,[tp 1.81544]
152948769,2026-03-13 15:32:12,1,4,0.01,0.0,1.88208,0.0,0.0,GBPAUD.p,[tp 1.88208]
152994282,2026-03-13 16:15:00,1,4,0.01,0.0,0.0,0.0,0.0,GBPCAD.p,M15/E10/TP2/Tsto1
152994292,2026-03-13 16:15:00,1,4,0.01,0.0,0.0,0.0,0.0,AUDJPY.p,M15/E10/TP2/Tsto1
152994347,2026-03-13 16:15:01,0,4,0.01,0.0,0.0,0.0,0.0,GBPAUD.p,M15/E10/TP2/Tsto1
152998921,2026-03-13 16:19:30,1,4,0.01,0.0,1.88411,0.0,0.0,GBPAUD.p,[tp 1.88411]
152999867,2026-03-13 16:20:40,0,4,0.01,0.0,112.212,0.0,0.0,AUDJPY.p,[tp 112.212]
153001398,2026-03-13 16:22:53,0,4,0.01,0.0,1.8178999999999998,0.0,0.0,GBPCAD.p,[tp 1.81790]
153051076,2026-03-13 17:00:00,1,4,0.01,0.0,0.0,0.0,0.0,GBPCAD.p,M15/E10/TP2/Tsto1
153056582,2026-03-13 17:03:18,0,4,0.01,0.0,1.81651,0.0,0.0,GBPCAD.p,[tp 1.81651]
153071513,2026-03-13 17:15:00,1,4,0.01,0.0,0.0,0.0,0.0,GBPCAD.p,M15/E10/TP2/Tsto1
153077640,2026-03-13 17:18:10,0,4,0.01,0.0,1.81608,0.0,0.0,GBPCAD.p,[tp 1.81608]
153091917,2026-03-13 17:30:00,0,4,0.01,0.0,0.0,0.0,0.0,AUDJPY.p,M15/E10/TP2/Tsto1
153095736,2026-03-13 17:32:30,1,4,0.01,0.0,112.204,0.0,0.0,AUDJPY.p,[tp 112.204]
153174938,2026-03-13 18:15:00,0,4,0.01,0.0,0.0,0.0,0.0,AUDJPY.p,M15/E10/TP2/Tsto1
153174951,2026-03-13 18:15:00,1,4,0.01,0.0,0.0,0.0,0.0,GBPAUD.p,M15/E10/TP2/Tsto1
153174968,2026-03-13 18:15:00,0,4,0.01,0.0,0.0,0.0,0.0,AUDUSD.p,M15/E10/TP2/Tsto1
153186221,2026-03-13 18:23:59,1,4,0.01,0.0,1.9707400000000002,0.0,0.0,EURNZD.p,[tp 1.97074]
153193986,2026-03-13 18:30:00,1,4,0.01,0.0,0.0,0.0,0.0,GBPCAD.p,M15/E10/TP2/Tsto1
153201133,2026-03-13 18:36:08,0,4,0.01,0.0,1.81803,0.0,0.0,GBPCAD.p,[tp 1.81803]
153218533,2026-03-13 18:47:17,0,4,0.01,0.0,1.88654,0.0,0.0,GBPAUD.p,[tp 1.88654]
153289096,2026-03-13 19:30:00,1,4,0.01,0.0,0.0,0.0,0.0,EURNZD.p,M15/E10/TP2/Tsto1
153295085,2026-03-13 19:33:55,0,4,0.01,0.0,1.9717500000000001,0.0,0.0,EURNZD.p,[tp 1.97175]
153310696,2026-03-13 19:45:00,1,4,0.01,0.0,0.0,0.0,0.0,GBPAUD.p,M15/E10/TP2/Tsto1
153319195,2026-03-13 19:53:10,0,4,0.01,0.0,1.88889,0.0,0.0,GBPAUD.p,[tp 1.88889]
153340587,2026-03-13 20:15:00,1,4,0.01,0.0,0.0,0.0,0.0,GBPAUD.p,M15/E10/TP2/Tsto1
153340596,2026-03-13 20:15:00,1,4,0.01,0.0,0.0,0.0,0.0,EURNZD.p,M15/E10/TP2/Tsto1
153344020,2026-03-13 20:17:52,0,4,0.01,0.0,1.9716399999999998,0.0,0.0,EURNZD.p,[tp 1.97164]
153346818,2026-03-13 20:21:29,0,4,0.01,0.0,1.88893,0.0,0.0,GBPAUD.p,[tp 1.88893]
153355244,2026-03-13 20:30:00,1,4,0.01,0.0,0.0,0.0,0.0,EURNZD.p,M15/E10/TP2/Tsto1
153402083,2026-03-13 21:15:00,1,4,0.01,0.0,0.0,0.0,0.0,GBPAUD.p,M15/E10/TP2/Tsto1
153426635,2026-03-13 21:31:11,0,4,0.01,0.0,1.8906100000000001,0.0,0.0,GBPAUD.p,[tp 1.89061]
153446312,2026-03-13 21:45:00,1,4,0.01,0.0,0.0,0.0,0.0,GBPAUD.p,M15/E10/TP2/Tsto1
153875349,2026-03-16 01:30:00,1,4,0.01,0.0,0.0,0.0,0.0,SGDJPY.p,M15/E10/TP2/Tsto1
153889160,2026-03-16 01:45:00,0,4,0.01,0.0,0.0,0.0,0.0,GBPCAD.p,M15/E10/TP2/Tsto1
153897589,2026-03-16 01:54:28,1,4,0.01,0.0,1.81552,0.0,0.0,GBPCAD.p,[tp 1.81552]
153898908,2026-03-16 01:56:01,0,4,0.01,0.0,124.364,0.0,0.0,SGDJPY.p,[tp 124.364]
153901620,2026-03-16 02:00:00,0,4,0.01,0.0,0.0,0.0,0.0,GBPCAD.p,M15/E10/TP2/Tsto1
153901755,2026-03-16 02:00:00,1,4,0.01,0.0,0.0,0.0,0.0,SGDJPY.p,M15/E10/TP2/Tsto1
153968724,2026-03-16 02:42:04,1,4,0.01,0.0,1.81589,0.0,0.0,GBPCAD.p,[tp 1.81589]
153993874,2026-03-16 03:00:00,1,4,0.01,0.0,0.0,0.0,0.0,GBPCHF.p,M15/E10/TP2/Tsto1
153996395,2026-03-16 03:00:54,0,4,0.01,0.0,1.8901400000000002,0.0,0.0,GBPAUD.p,[tp 1.89014]
154030327,2026-03-16 03:30:00,0,4,0.01,0.0,0.0,0.0,0.0,GBPAUD.p,M15/E10/TP2/Tsto1
154030655,2026-03-16 03:30:34,0,4,0.01,0.0,124.319,0.0,0.0,SGDJPY.p,[tp 124.319]
154030662,2026-03-16 03:30:34,1,4,0.01,0.0,0.0,0.0,0.0,SGDJPY.p,M15/E10/TP2/Tsto1
154044564,2026-03-16 03:42:19,0,4,0.01,0.0,1.04619,0.0,0.0,GBPCHF.p,[tp 1.04619]
154099820,2026-03-16 04:15:13,1,4,0.01,0.0,1.89123,0.0,0.0,GBPAUD.p,[tp 1.89123]
154145004,2026-03-16 04:45:00,1,4,0.01,0.0,0.0,0.0,0.0,GBPAUD.p,M15/E10/TP2/Tsto1
154158622,2026-03-16 04:58:46,0,4,0.01,0.0,1.89035,0.0,0.0,GBPAUD.p,[tp 1.89035]
154179935,2026-03-16 05:26:37,0,4,0.01,0.0,1.97153,0.0,0.0,EURNZD.p,[tp 1.97153]
154366475,2026-03-16 09:26:24,0,4,0.01,0.0,124.291,0.0,0.0,SGDJPY.p,[tp 124.291]
154450879,2026-03-16 09:45:00,0,4,0.01,0.0,0.0,0.0,0.0,EURNZD.p,M15/E10/TP2/Tsto1
154463288,2026-03-16 09:53:09,1,4,0.01,0.0,1.96887,0.0,0.0,EURNZD.p,[tp 1.96887]
154501380,2026-03-16 10:30:00,0,4,0.01,0.0,0.0,0.0,0.0,EURNZD.p,M15/E10/TP2/Tsto1
154501392,2026-03-16 10:30:00,0,4,0.01,0.0,0.0,0.0,0.0,GBPAUD.p,M15/E10/TP2/Tsto1
154509479,2026-03-16 10:37:29,1,4,0.01,0.0,1.8877000000000002,0.0,0.0,GBPAUD.p,[tp 1.88770]
154518614,2026-03-16 10:45:00,0,4,0.01,0.0,0.0,0.0,0.0,GBPAUD.p,M15/E10/TP2/Tsto1
154558727,2026-03-16 11:24:40,1,4,0.01,0.0,1.9687000000000001,0.0,0.0,EURNZD.p,[tp 1.96870]
154558736,2026-03-16 11:24:41,0,4,0.01,0.0,0.0,0.0,0.0,EURNZD.p,M15/E10/TP2/Tsto1
154565065,2026-03-16 11:29:52,1,4,0.01,0.0,1.96914,0.0,0.0,EURNZD.p,[tp 1.96914]
154565222,2026-03-16 11:30:00,0,4,0.01,0.0,0.0,0.0,0.0,GBPCAD.p,M15/E10/TP2/Tsto1
154582171,2026-03-16 11:45:00,1,4,0.01,0.0,0.0,0.0,0.0,EURNZD.p,M15/E10/TP2/Tsto1
154584719,2026-03-16 11:47:43,0,4,0.01,0.0,1.9684300000000001,0.0,0.0,EURNZD.p,[tp 1.96843]
154636368,2026-03-16 12:46:54,1,4,0.01,0.0,1.81578,0.0,0.0,GBPCAD.p,[tp 1.81578]
154660377,2026-03-16 13:11:21,1,4,0.01,0.0,0.70305,0.0,0.0,AUDUSD.p,[tp 0.70305]
154663103,2026-03-16 13:15:00,0,4,0.01,0.0,0.0,0.0,0.0,GBPAUD.p,M15/E10/TP2/Tsto1
154663127,2026-03-16 13:15:00,0,4,0.01,0.0,0.0,0.0,0.0,GBPCAD.p,M15/E10/TP2/Tsto1
154666080,2026-03-16 13:18:56,1,4,0.01,0.0,1.81616,0.0,0.0,GBPCAD.p,[tp 1.81616]
154669915,2026-03-16 13:23:27,1,4,0.01,0.0,112.052,0.0,0.0,AUDJPY.p,[tp 112.052]
154677500,2026-03-16 13:30:00,0,4,0.01,0.0,0.0,0.0,0.0,EURNZD.p,M15/E10/TP2/Tsto1
154737598,2026-03-16 14:30:00,1,4,0.01,0.0,0.0,0.0,0.0,AUDJPY.p,M15/E10/TP2/Tsto1
154737625,2026-03-16 14:30:00,1,4,0.01,0.0,0.0,0.0,0.0,AUDUSD.p,M15/E10/TP2/Tsto1
154740406,2026-03-16 14:33:54,0,4,0.01,0.0,112.24,0.0,0.0,AUDJPY.p,[tp 112.240]
154746803,2026-03-16 14:45:00,1,4,0.01,0.0,0.0,0.0,0.0,AUDJPY.p,M15/E10/TP2/Tsto1
154750005,2026-03-16 14:48:41,0,4,0.01,0.0,112.202,0.0,0.0,AUDJPY.p,[tp 112.202]
154760728,2026-03-16 14:54:38,0,4,0.01,0.0,0.70473,0.0,0.0,AUDUSD.p,[tp 0.70473]
154766596,2026-03-16 15:00:00,1,4,0.01,0.0,0.0,0.0,0.0,AUDUSD.p,M15/E10/TP2/Tsto1
154766665,2026-03-16 15:00:00,1,4,0.01,0.0,0.0,0.0,0.0,AUDJPY.p,M15/E10/TP2/Tsto1
154822054,2026-03-16 15:48:43,0,4,0.01,0.0,112.16,0.0,0.0,AUDJPY.p,[tp 112.160]
154822069,2026-03-16 15:48:44,1,4,0.01,0.0,0.0,0.0,0.0,AUDJPY.p,M15/E10/TP2/Tsto1
154835469,2026-03-16 16:00:00,1,4,0.01,0.0,0.0,0.0,0.0,GBPCAD.p,M15/E10/TP2/Tsto1
154843172,2026-03-16 16:04:20,0,4,0.01,0.0,1.81749,0.0,0.0,GBPCAD.p,[tp 1.81749]
154853491,2026-03-16 16:15:00,1,4,0.01,0.0,0.0,0.0,0.0,GBPCAD.p,M15/E10/TP2/Tsto1
154859469,2026-03-16 16:17:39,0,4,0.01,0.0,1.8169300000000002,0.0,0.0,GBPCAD.p,[tp 1.81693]
154917570,2026-03-16 16:55:25,1,4,0.01,0.0,1.7,0.0,0.0,GBPSGD.p,[tp 1.70000]
154948850,2026-03-16 17:15:00,1,4,0.01,0.0,0.0,0.0,0.0,GBPCAD.p,M15/E10/TP2/Tsto1
154954078,2026-03-16 17:18:09,0,4,0.01,0.0,1.81708,0.0,0.0,GBPCAD.p,[tp 1.81708]
155000289,2026-03-16 17:45:00,1,4,0.01,0.0,0.0,0.0,0.0,GBPCAD.p,M15/E10/TP2/Tsto1
155040672,2026-03-16 18:08:33,1,4,0.01,0.0,0.0,0.0,0.0,GBPAUD.p,
155040673,2026-03-16 18:08:33,1,4,0.01,0.0,0.0,0.0,0.0,GBPAUD.p,
155040674,2026-03-16 18:08:33,1,4,0.01,0.0,0.0,0.0,0.0,EURNZD.p,
155040675,2026-03-16 18:08:33,0,4,0.01,0.0,0.0,0.0,0.0,AUDUSD.p,
155040676,2026-03-16 18:08:33,0,4,0.01,0.0,0.0,0.0,0.0,AUDJPY.p,
155040677,2026-03-16 18:08:33,0,4,0.01,0.0,0.0,0.0,0.0,GBPCAD.p,
155083875,2026-03-16 18:45:01,1,4,0.1,0.0,0.0,0.0,0.0,AUDJPY.p,E30/TP5/Tsto1
155091892,2026-03-16 18:52:33,0,4,0.1,0.0,112.313,0.0,0.0,AUDJPY.p,[tp 112.313]
155100075,2026-03-16 19:00:00,1,4,0.1,0.0,0.0,0.0,0.0,AUDUSD.p,E30/TP5/Tsto1
155114155,2026-03-16 19:15:00,1,4,0.1,0.0,0.0,0.0,0.0,GBPCHF.p,E30/TP5/Tsto1
155114162,2026-03-16 19:15:00,1,4,0.1,0.0,0.0,0.0,0.0,GBPSGD.p,E30/TP5/Tsto1
155119729,2026-03-16 19:22:21,0,4,0.1,0.0,0.70494,0.0,0.0,AUDUSD.p,[tp 0.70494]
155126067,2026-03-16 19:27:35,0,4,0.1,0.0,1.04824,0.0,0.0,GBPCHF.p,[tp 1.04824]
155129430,2026-03-16 19:30:00,1,4,0.1,0.0,0.0,0.0,0.0,GBPCHF.p,E30/TP5/Tsto1
155129524,2026-03-16 19:30:00,1,4,0.1,0.0,0.0,0.0,0.0,GBPCAD.p,E30/TP5/Tsto1
155129560,2026-03-16 19:30:01,1,4,0.1,0.0,0.0,0.0,0.0,AUDUSD.p,E30/TP5/Tsto1
155129621,2026-03-16 19:30:01,1,4,0.1,0.0,0.0,0.0,0.0,AUDJPY.p,E30/TP5/Tsto1
155134698,2026-03-16 19:33:01,0,4,0.1,0.0,1.70066,0.0,0.0,GBPSGD.p,[tp 1.70066]
155134718,2026-03-16 19:33:02,1,4,0.1,0.0,0.0,0.0,0.0,GBPSGD.p,E30/TP5/Tsto1
155239598,2026-03-16 21:30:00,1,4,0.1,0.0,0.0,0.0,0.0,GBPCAD.p,E30/TP5/Tsto1
155345233,2026-03-17 01:15:00,0,4,0.1,0.0,0.0,0.0,0.0,EURNZD.p,E30/TP5/Tsto1
155345277,2026-03-17 01:15:00,0,4,0.1,0.0,0.0,0.0,0.0,GBPAUD.p,E30/TP5/Tsto1
155345285,2026-03-17 01:15:00,0,4,0.1,0.0,0.0,0.0,0.0,SGDJPY.p,E30/TP5/Tsto1
155356855,2026-03-17 01:32:00,1,4,0.1,0.0,124.49,0.0,0.0,SGDJPY.p,[tp 124.490]
155358676,2026-03-17 01:37:34,1,4,0.1,0.0,1.9651399999999999,0.0,0.0,EURNZD.p,[tp 1.96514]
155373970,2026-03-17 02:15:00,1,4,0.1,0.0,0.0,0.0,0.0,EURNZD.p,E30/TP5/Tsto1
155379167,2026-03-17 02:30:00,1,4,0.1,0.0,0.0,0.0,0.0,SGDJPY.p,E30/TP5/Tsto1
155388564,2026-03-17 02:48:23,0,4,0.1,0.0,124.488,0.0,0.0,SGDJPY.p,[tp 124.488]
155388565,2026-03-17 02:48:24,1,4,0.1,0.0,0.0,0.0,0.0,SGDJPY.p,E30/TP5/Tsto1
155389406,2026-03-17 02:49:57,0,4,0.1,0.0,1.96441,0.0,0.0,EURNZD.p,[tp 1.96441]
155453386,2026-03-17 04:02:36,0,4,0.1,0.0,1.82044,0.0,0.0,GBPCAD.p,[tp 1.82044]
155453387,2026-03-17 04:02:36,0,4,0.1,0.0,1.82044,0.0,0.0,GBPCAD.p,[tp 1.82044]
155512996,2026-03-17 05:05:57,1,4,0.1,0.0,0.0,0.0,0.0,AUDUSD.p,E30/TP5/Tsto1
155559055,2026-03-17 06:30:37,1,4,0.1,0.0,1.88461,0.0,0.0,GBPAUD.p,[tp 1.88461]
155559503,2026-03-17 06:30:44,0,4,0.1,0.0,0.70589,0.0,0.0,AUDUSD.p,[tp 0.70589]
155559504,2026-03-17 06:30:44,0,4,0.1,0.0,0.70589,0.0,0.0,AUDUSD.p,[tp 0.70589]
155567723,2026-03-17 06:45:00,1,4,0.1,0.0,0.0,0.0,0.0,AUDUSD.p,E30/TP5/Tsto1
155567736,2026-03-17 06:45:00,0,4,0.1,0.0,0.0,0.0,0.0,GBPAUD.p,E30/TP5/Tsto1
155574781,2026-03-17 07:00:01,1,4,0.1,0.0,0.0,0.0,0.0,EURNZD.p,E30/TP5/Tsto1
155581142,2026-03-17 07:15:57,0,4,0.1,0.0,1.9660600000000001,0.0,0.0,EURNZD.p,[tp 1.96606]
155581144,2026-03-17 07:15:58,1,4,0.1,0.0,0.0,0.0,0.0,EURNZD.p,E30/TP5/Tsto1
155653423,2026-03-17 08:56:58,0,4,0.1,0.0,1.69994,0.0,0.0,GBPSGD.p,[tp 1.69994]
155695419,2026-03-17 09:30:00,0,4,0.1,0.0,0.0,0.0,0.0,GBPCAD.p,E30/TP5/Tsto1
155695472,2026-03-17 09:30:00,0,4,0.1,0.0,0.0,0.0,0.0,GBPSGD.p,E30/TP5/Tsto1
155715729,2026-03-17 10:02:41,1,4,0.1,0.0,1.70027,0.0,0.0,GBPSGD.p,[tp 1.70027]
155722701,2026-03-17 10:13:10,1,4,0.1,0.0,1.82026,0.0,0.0,GBPCAD.p,[tp 1.82026]
155722704,2026-03-17 10:13:10,0,4,0.1,0.0,0.0,0.0,0.0,GBPCAD.p,E30/TP5/Tsto1
155723360,2026-03-17 10:15:00,0,4,0.1,0.0,0.0,0.0,0.0,GBPSGD.p,E30/TP5/Tsto1
155728202,2026-03-17 10:23:18,1,4,0.1,0.0,1.8209,0.0,0.0,GBPCAD.p,[tp 1.82090]
155728203,2026-03-17 10:23:18,0,4,0.1,0.0,0.0,0.0,0.0,GBPCAD.p,E30/TP5/Tsto1
155730321,2026-03-17 10:26:48,1,4,0.1,0.0,1.70105,0.0,0.0,GBPSGD.p,[tp 1.70105]
155731879,2026-03-17 10:28:14,1,4,0.1,0.0,1.82155,0.0,0.0,GBPCAD.p,[tp 1.82155]
155732573,2026-03-17 10:30:00,0,4,0.1,0.0,0.0,0.0,0.0,GBPCAD.p,E30/TP5/Tsto1
155757052,2026-03-17 11:00:00,1,4,0.1,0.0,0.0,0.0,0.0,GBPSGD.p,E30/TP5/Tsto1
155783301,2026-03-17 11:25:32,1,4,0.1,0.0,1.82225,0.0,0.0,GBPCAD.p,[tp 1.82225]
155907451,2026-03-17 13:30:00,1,4,0.1,0.0,0.0,0.0,0.0,GBPCAD.p,E30/TP5/Tsto1
155984611,2026-03-17 15:03:55,0,4,0.1,0.0,1.82453,0.0,0.0,GBPCAD.p,[tp 1.82453]
155984612,2026-03-17 15:03:55,1,4,0.1,0.0,0.0,0.0,0.0,GBPCAD.p,E30/TP5/Tsto1
156084870,2026-03-17 16:34:00,0,4,0.1,0.0,124.427,0.0,0.0,SGDJPY.p,[tp 124.427]
156355756,2026-03-17 19:30:35,0,4,0.1,0.0,1.04773,0.0,0.0,GBPCHF.p,[tp 1.04773]
156603274,2026-03-18 01:15:00,0,4,0.1,0.0,0.0,0.0,0.0,SGDJPY.p,E30/TP5/Tsto1
156689351,2026-03-18 03:37:04,1,4,0.1,0.0,124.613,0.0,0.0,SGDJPY.p,[tp 124.613]
157714357,2026-03-18 16:15:58,1,4,0.1,0.0,1.8879899999999998,0.0,0.0,GBPAUD.p,[tp 1.88799]
157821474,2026-03-18 16:45:00,1,4,0.1,0.0,0.0,0.0,0.0,GBPAUD.p,E30/TP5/Tsto1
157837410,2026-03-18 16:49:27,0,4,0.1,0.0,1.88597,0.0,0.0,GBPAUD.p,[tp 1.88597]
157871807,2026-03-18 17:00:00,1,4,0.1,0.0,0.0,0.0,0.0,GBPAUD.p,E30/TP5/Tsto1
157890700,2026-03-18 17:06:31,0,4,0.1,0.0,1.88498,0.0,0.0,GBPAUD.p,[tp 1.88498]
157912527,2026-03-18 17:15:00,1,4,0.1,0.0,0.0,0.0,0.0,GBPAUD.p,E30/TP5/Tsto1
157943245,2026-03-18 17:29:00,0,4,0.1,0.0,0.0,0.0,0.0,AUDJPY.p,
157943246,2026-03-18 17:29:00,0,4,0.1,0.0,0.0,0.0,0.0,AUDUSD.p,
157943247,2026-03-18 17:29:00,0,4,0.1,0.0,0.0,0.0,0.0,EURNZD.p,
157943248,2026-03-18 17:29:00,0,4,0.1,0.0,0.0,0.0,0.0,GBPSGD.p,
157943249,2026-03-18 17:29:00,0,4,0.1,0.0,0.0,0.0,0.0,GBPCAD.p,
157943250,2026-03-18 17:29:00,0,4,0.1,0.0,0.0,0.0,0.0,GBPAUD.p,
158006712,2026-03-18 18:00:00,0,4,0.1,0.0,0.0,0.0,0.0,GBPCAD.p,E25/TP2/Tsto1
158006847,2026-03-18 18:00:00,0,4,0.1,0.0,0.0,0.0,0.0,AUDUSD.p,E25/TP2/Tsto1
158006995,2026-03-18 18:00:00,1,4,0.1,0.0,0.0,0.0,0.0,GBPAUD.p,E25/TP2/Tsto1
158007049,2026-03-18 18:00:00,1,4,0.1,0.0,0.0,0.0,0.0,EURNZD.p,E25/TP2/Tsto1
158020230,2026-03-18 18:05:56,0,4,0.1,0.0,1.8817300000000001,0.0,0.0,GBPAUD.p,[tp 1.88173]
158020627,2026-03-18 18:06:11,1,4,0.1,0.0,1.82622,0.0,0.0,GBPCAD.p,[tp 1.82622]
158021270,2026-03-18 18:06:48,0,4,0.1,0.0,1.97061,0.0,0.0,EURNZD.p,[tp 1.97061]
158031786,2026-03-18 18:13:33,1,4,0.1,0.0,0.70827,0.0,0.0,AUDUSD.p,[tp 0.70827]
158033084,2026-03-18 18:15:00,0,4,0.1,0.0,0.0,0.0,0.0,GBPCAD.p,E25/TP2/Tsto1
158033106,2026-03-18 18:15:00,0,4,0.1,0.0,0.0,0.0,0.0,AUDUSD.p,E25/TP2/Tsto1
158055511,2026-03-18 18:30:00,1,4,0.1,0.0,0.0,0.0,0.0,AUDJPY.p,E25/TP2/Tsto1
158055546,2026-03-18 18:30:00,0,4,0.1,0.0,0.0,0.0,0.0,EURNZD.p,E25/TP2/Tsto1
158055557,2026-03-18 18:30:00,0,4,0.1,0.0,0.0,0.0,0.0,GBPAUD.p,E25/TP2/Tsto1
158058474,2026-03-18 18:33:25,1,4,0.1,0.0,1.82649,0.0,0.0,GBPCAD.p,[tp 1.82649]
158061729,2026-03-18 18:38:37,1,4,0.1,0.0,0.70847,0.0,0.0,AUDUSD.p,[tp 0.70847]
158070524,2026-03-18 18:45:00,0,4,0.1,0.0,0.0,0.0,0.0,GBPCAD.p,E25/TP2/Tsto1
158077547,2026-03-18 18:49:03,1,4,0.1,0.0,1.8822999999999999,0.0,0.0,GBPAUD.p,[tp 1.88230]
158078489,2026-03-18 18:49:57,1,4,0.1,0.0,1.97167,0.0,0.0,EURNZD.p,[tp 1.97167]
158081279,2026-03-18 18:52:47,0,4,0.1,0.0,112.851,0.0,0.0,AUDJPY.p,[tp 112.851]
158088640,2026-03-18 19:00:00,0,4,0.1,0.0,0.0,0.0,0.0,EURNZD.p,E25/TP2/Tsto1
158088681,2026-03-18 19:00:00,1,4,0.1,0.0,0.0,0.0,0.0,AUDJPY.p,E25/TP2/Tsto1
158088694,2026-03-18 19:00:00,0,4,0.1,0.0,0.0,0.0,0.0,GBPAUD.p,E25/TP2/Tsto1
158108410,2026-03-18 19:13:41,1,4,0.1,0.0,1.88286,0.0,0.0,GBPAUD.p,[tp 1.88286]
158111134,2026-03-18 19:15:01,0,4,0.1,0.0,0.0,0.0,0.0,AUDUSD.p,E25/TP2/Tsto1
158119208,2026-03-18 19:23:10,1,4,0.1,0.0,0.70849,0.0,0.0,AUDUSD.p,[tp 0.70849]
158169046,2026-03-18 19:57:56,1,4,0.1,0.0,1.8263,0.0,0.0,GBPCAD.p,[tp 1.82630]
158171278,2026-03-18 20:00:00,0,4,0.1,0.0,0.0,0.0,0.0,GBPCAD.p,E25/TP2/Tsto1
158189575,2026-03-18 20:16:16,1,4,0.1,0.0,1.97201,0.0,0.0,EURNZD.p,[tp 1.97201]
158189596,2026-03-18 20:16:16,0,4,0.1,0.0,0.0,0.0,0.0,EURNZD.p,E25/TP2/Tsto1
158211996,2026-03-18 20:30:40,1,4,0.1,0.0,1.82688,0.0,0.0,GBPCAD.p,[tp 1.82688]
158276429,2026-03-18 21:07:35,0,4,0.1,0.0,112.831,0.0,0.0,AUDJPY.p,[tp 112.831]
158290064,2026-03-18 21:15:00,0,4,0.1,0.0,0.0,0.0,0.0,GBPSGD.p,E25/TP2/Tsto1
158290092,2026-03-18 21:15:00,0,4,0.1,0.0,0.0,0.0,0.0,AUDJPY.p,E25/TP2/Tsto1
158290114,2026-03-18 21:15:00,1,4,0.1,0.0,0.0,0.0,0.0,GBPCHF.p,E25/TP2/Tsto1
158308649,2026-03-18 21:23:30,0,4,0.1,0.0,1.05325,0.0,0.0,GBPCHF.p,[tp 1.05325]
158319596,2026-03-18 21:30:00,1,4,0.1,0.0,0.0,0.0,0.0,GBPCAD.p,E25/TP2/Tsto1
158330069,2026-03-18 21:34:09,0,4,0.1,0.0,1.82619,0.0,0.0,GBPCAD.p,[tp 1.82619]
158330759,2026-03-18 21:34:21,1,4,0.1,0.0,1.9723000000000002,0.0,0.0,EURNZD.p,[tp 1.97230]
158393764,2026-03-18 22:00:00,1,4,0.1,0.0,0.0,0.0,0.0,GBPCHF.p,E25/TP2/Tsto1
158410964,2026-03-18 22:08:16,0,4,0.1,0.0,1.0526200000000001,0.0,0.0,GBPCHF.p,[tp 1.05262]
158420454,2026-03-18 22:15:00,0,4,0.1,0.0,0.0,0.0,0.0,GBPCAD.p,E25/TP2/Tsto1
158420498,2026-03-18 22:15:00,1,4,0.1,0.0,0.0,0.0,0.0,GBPCHF.p,E25/TP2/Tsto1
158478290,2026-03-18 22:45:00,1,4,0.1,0.0,0.0,0.0,0.0,EURNZD.p,E25/TP2/Tsto1
158491694,2026-03-18 22:51:22,0,4,0.1,0.0,1.05243,0.0,0.0,GBPCHF.p,[tp 1.05243]
158510857,2026-03-18 23:00:00,0,4,0.1,0.0,0.0,0.0,0.0,AUDJPY.p,E25/TP2/Tsto1
158603061,2026-03-19 00:23:31,0,4,0.1,0.0,1.9715799999999999,0.0,0.0,EURNZD.p,[tp 1.97158]
158639824,2026-03-19 01:15:00,0,4,0.1,0.0,0.0,0.0,0.0,GBPCHF.p,E25/TP2/Tsto1
158639860,2026-03-19 01:15:00,0,4,0.1,0.0,0.0,0.0,0.0,SGDJPY.p,E25/TP2/Tsto1
158696289,2026-03-19 01:45:00,0,4,0.1,0.0,0.0,0.0,0.0,AUDUSD.p,E25/TP2/Tsto1
158696305,2026-03-19 01:45:00,1,4,0.1,0.0,0.0,0.0,0.0,EURNZD.p,E25/TP2/Tsto1
158774285,2026-03-19 02:40:00,1,4,0.1,0.0,0.70278,0.0,0.0,AUDUSD.p,[tp 0.70278]
158774294,2026-03-19 02:40:01,0,4,0.1,0.0,0.0,0.0,0.0,AUDUSD.p,E25/TP2/Tsto1
158776043,2026-03-19 02:41:10,0,4,0.1,0.0,1.97884,0.0,0.0,EURNZD.p,[tp 1.97884]
158776055,2026-03-19 02:41:11,1,4,0.1,0.0,0.0,0.0,0.0,EURNZD.p,E25/TP2/Tsto1
158803064,2026-03-19 02:57:27,0,4,0.1,0.0,1.97837,0.0,0.0,EURNZD.p,[tp 1.97837]
158804101,2026-03-19 02:58:31,1,4,0.1,0.0,1.05151,0.0,0.0,GBPCHF.p,[tp 1.05151]
158806053,2026-03-19 02:59:54,1,4,0.1,0.0,0.70302,0.0,0.0,AUDUSD.p,[tp 0.70302]
158806244,2026-03-19 03:00:00,0,4,0.1,0.0,0.0,0.0,0.0,AUDUSD.p,E25/TP2/Tsto1
158806282,2026-03-19 03:00:00,1,4,0.1,0.0,0.0,0.0,0.0,GBPAUD.p,E25/TP2/Tsto1
158815928,2026-03-19 03:06:03,1,4,0.1,0.0,0.0,0.0,0.0,EURNZD.p,E25/TP2/Tsto1
158823037,2026-03-19 03:10:06,0,4,0.1,0.0,1.88544,0.0,0.0,GBPAUD.p,[tp 1.88544]
158830459,2026-03-19 03:14:05,1,4,0.1,0.0,0.70407,0.0,0.0,AUDUSD.p,[tp 0.70407]
158830859,2026-03-19 03:15:00,1,4,0.1,0.0,0.0,0.0,0.0,GBPAUD.p,E25/TP2/Tsto1
158830885,2026-03-19 03:15:00,0,4,0.1,0.0,0.0,0.0,0.0,AUDUSD.p,E25/TP2/Tsto1
158831786,2026-03-19 03:16:41,0,4,0.1,0.0,1.9749400000000001,0.0,0.0,EURNZD.p,[tp 1.97494]
158831790,2026-03-19 03:16:41,1,4,0.1,0.0,0.0,0.0,0.0,EURNZD.p,E25/TP2/Tsto1
158846792,2026-03-19 03:27:39,0,4,0.1,0.0,1.97355,0.0,0.0,EURNZD.p,[tp 1.97355]
158850968,2026-03-19 03:30:01,1,4,0.1,0.0,0.70413,0.0,0.0,AUDUSD.p,[tp 0.70413]
158850985,2026-03-19 03:30:02,0,4,0.1,0.0,1.88514,0.0,0.0,GBPAUD.p,[tp 1.88514]
158870789,2026-03-19 03:45:00,0,4,0.1,0.0,0.0,0.0,0.0,GBPAUD.p,E25/TP2/Tsto1
158886233,2026-03-19 03:54:56,1,4,0.1,0.0,124.593,0.0,0.0,SGDJPY.p,[tp 124.593]
158904178,2026-03-19 04:04:46,1,4,0.1,0.0,1.88669,0.0,0.0,GBPAUD.p,[tp 1.88669]
158930029,2026-03-19 04:15:00,1,4,0.1,0.0,0.0,0.0,0.0,AUDUSD.p,E25/TP2/Tsto1
158930050,2026-03-19 04:15:00,0,4,0.1,0.0,0.0,0.0,0.0,EURNZD.p,E25/TP2/Tsto1
158958299,2026-03-19 04:30:00,1,4,0.1,0.0,0.0,0.0,0.0,GBPAUD.p,E25/TP2/Tsto1
158985259,2026-03-19 04:42:20,0,4,0.1,0.0,1.8864,0.0,0.0,GBPAUD.p,[tp 1.88640]
158989004,2026-03-19 04:45:00,1,4,0.1,0.0,0.0,0.0,0.0,GBPAUD.p,E25/TP2/Tsto1
159003849,2026-03-19 04:52:40,1,4,0.1,0.0,1.97369,0.0,0.0,EURNZD.p,[tp 1.97369]
159003871,2026-03-19 04:52:40,0,4,0.1,0.0,0.0,0.0,0.0,EURNZD.p,E25/TP2/Tsto1
159008307,2026-03-19 04:55:45,0,4,0.1,0.0,1.88584,0.0,0.0,GBPAUD.p,[tp 1.88584]
159018816,2026-03-19 05:03:38,0,4,0.1,0.0,0.70372,0.0,0.0,AUDUSD.p,[tp 0.70372]
159018827,2026-03-19 05:03:39,1,4,0.1,0.0,1.97412,0.0,0.0,EURNZD.p,[tp 1.97412]
159018831,2026-03-19 05:03:39,0,4,0.1,0.0,0.0,0.0,0.0,EURNZD.p,E25/TP2/Tsto1
159025626,2026-03-19 05:08:09,1,4,0.1,0.0,1.8233700000000002,0.0,0.0,GBPCAD.p,[tp 1.82337]
159025644,2026-03-19 05:08:09,1,4,0.1,0.0,0.0,0.0,0.0,GBPCAD.p,E25/TP2/Tsto1
159069531,2026-03-19 05:46:04,0,4,0.1,0.0,1.8231600000000001,0.0,0.0,GBPCAD.p,[tp 1.82316]
159093316,2026-03-19 06:00:00,1,4,0.1,0.0,0.0,0.0,0.0,GBPCAD.p,E25/TP2/Tsto1
159123700,2026-03-19 06:34:50,0,4,0.1,0.0,1.82298,0.0,0.0,GBPCAD.p,[tp 1.82298]
159128693,2026-03-19 06:45:00,1,4,0.1,0.0,0.0,0.0,0.0,GBPCAD.p,E25/TP2/Tsto1
159133818,2026-03-19 06:55:25,0,4,0.1,0.0,1.8228900000000001,0.0,0.0,GBPCAD.p,[tp 1.82289]
159137058,2026-03-19 07:00:00,1,4,0.1,0.0,0.0,0.0,0.0,GBPCAD.p,E25/TP2/Tsto1
159144002,2026-03-19 07:10:00,0,4,0.1,0.0,1.8225,0.0,0.0,GBPCAD.p,[tp 1.82250]
159147463,2026-03-19 07:15:01,1,4,0.1,0.0,0.0,0.0,0.0,GBPCAD.p,E25/TP2/Tsto1
159151011,2026-03-19 07:21:17,0,4,0.1,0.0,1.8221500000000002,0.0,0.0,GBPCAD.p,[tp 1.82215]
159175062,2026-03-19 08:00:00,0,4,0.1,0.0,0.0,0.0,0.0,GBPCAD.p,E25/TP2/Tsto1
159442598,2026-03-19 10:23:46,1,4,0.1,0.0,0.0,0.0,0.0,GBPSGD.p,
159442599,2026-03-19 10:23:46,1,4,0.1,0.0,0.0,0.0,0.0,AUDJPY.p,
159442600,2026-03-19 10:23:46,1,4,0.1,0.0,0.0,0.0,0.0,AUDJPY.p,
159442601,2026-03-19 10:23:46,1,4,0.1,0.0,0.0,0.0,0.0,EURNZD.p,
159442602,2026-03-19 10:23:46,1,4,0.1,0.0,0.0,0.0,0.0,GBPCAD.p,
159515121,2026-03-19 11:00:00,1,4,0.1,0.0,0.0,0.0,0.0,GBPCAD.p,E20/TP4/Tsto1
159515184,2026-03-19 11:00:00,1,4,0.1,0.0,0.0,0.0,0.0,EURNZD.p,E20/TP4/Tsto1
159536193,2026-03-19 11:06:45,0,4,0.1,0.0,1.82099,0.0,0.0,GBPCAD.p,[tp 1.82099]
159539996,2026-03-19 11:07:52,0,4,0.1,0.0,1.97146,0.0,0.0,EURNZD.p,[tp 1.97146]
159566885,2026-03-19 11:15:00,1,4,0.1,0.0,0.0,0.0,0.0,GBPAUD.p,E20/TP4/Tsto1
159587180,2026-03-19 11:21:05,0,4,0.1,0.0,1.8846699999999998,0.0,0.0,GBPAUD.p,[tp 1.88467]
159609872,2026-03-19 11:30:00,0,4,0.1,0.0,0.0,0.0,0.0,AUDJPY.p,E20/TP4/Tsto1
159610015,2026-03-19 11:30:00,0,4,0.1,0.0,0.0,0.0,0.0,SGDJPY.p,E20/TP4/Tsto1
159642045,2026-03-19 11:38:31,1,4,0.1,0.0,112.141,0.0,0.0,AUDJPY.p,[tp 112.141]
159642219,2026-03-19 11:38:35,1,4,0.1,0.0,124.156,0.0,0.0,SGDJPY.p,[tp 124.156]
159667547,2026-03-19 11:45:00,0,4,0.1,0.0,0.0,0.0,0.0,AUDJPY.p,E20/TP4/Tsto1
159667565,2026-03-19 11:45:00,0,4,0.1,0.0,0.0,0.0,0.0,GBPCAD.p,E20/TP4/Tsto1
159667651,2026-03-19 11:45:00,0,4,0.1,0.0,0.0,0.0,0.0,SGDJPY.p,E20/TP4/Tsto1
159701017,2026-03-19 11:59:26,1,4,0.1,0.0,1.82139,0.0,0.0,GBPCAD.p,[tp 1.82139]
159702584,2026-03-19 12:00:00,0,4,0.1,0.0,0.0,0.0,0.0,GBPCAD.p,E20/TP4/Tsto1
159702598,2026-03-19 12:00:00,0,4,0.1,0.0,0.0,0.0,0.0,GBPCHF.p,E20/TP4/Tsto1
159709634,2026-03-19 12:02:46,1,4,0.1,0.0,112.088,0.0,0.0,AUDJPY.p,[tp 112.088]
159734116,2026-03-19 12:13:01,1,4,0.1,0.0,1.8220399999999999,0.0,0.0,GBPCAD.p,[tp 1.82204]
159739294,2026-03-19 12:14:39,1,4,0.1,0.0,1.05085,0.0,0.0,GBPCHF.p,[tp 1.05085]
159740359,2026-03-19 12:15:00,0,4,0.1,0.0,0.0,0.0,0.0,EURNZD.p,E20/TP4/Tsto1
159740387,2026-03-19 12:15:00,0,4,0.1,0.0,0.0,0.0,0.0,AUDJPY.p,E20/TP4/Tsto1
159740403,2026-03-19 12:15:00,0,4,0.1,0.0,0.0,0.0,0.0,GBPCHF.p,E20/TP4/Tsto1
159760169,2026-03-19 12:23:47,1,4,0.1,0.0,1.97156,0.0,0.0,EURNZD.p,[tp 1.97156]
159763323,2026-03-19 12:25:01,1,4,0.1,0.0,1.05289,0.0,0.0,GBPCHF.p,[tp 1.05289]
159769089,2026-03-19 12:26:48,1,4,0.1,0.0,112.169,0.0,0.0,AUDJPY.p,[tp 112.169]
159775435,2026-03-19 12:30:00,0,4,0.1,0.0,0.0,0.0,0.0,GBPAUD.p,E20/TP4/Tsto1
159775450,2026-03-19 12:30:00,0,4,0.1,0.0,0.0,0.0,0.0,AUDJPY.p,E20/TP4/Tsto1
159795943,2026-03-19 12:39:28,1,4,0.1,0.0,112.239,0.0,0.0,AUDJPY.p,[tp 112.239]
159837411,2026-03-19 13:00:00,1,4,0.1,0.0,0.0,0.0,0.0,GBPCHF.p,E20/TP4/Tsto1
159859850,2026-03-19 13:15:00,1,4,0.1,0.0,0.0,0.0,0.0,GBPCAD.p,E20/TP4/Tsto1
159859851,2026-03-19 13:15:00,1,4,0.1,0.0,0.0,0.0,0.0,AUDUSD.p,E20/TP4/Tsto1
159859913,2026-03-19 13:15:00,1,4,0.1,0.0,0.0,0.0,0.0,AUDJPY.p,E20/TP4/Tsto1
159875175,2026-03-19 13:23:01,1,4,0.1,0.0,1.88355,0.0,0.0,GBPAUD.p,[tp 1.88355]
159875193,2026-03-19 13:23:01,0,4,0.1,0.0,0.0,0.0,0.0,GBPAUD.p,E20/TP4/Tsto1
159882536,2026-03-19 13:27:48,0,4,0.1,0.0,1.82379,0.0,0.0,GBPCAD.p,[tp 1.82379]
159884955,2026-03-19 13:30:00,1,4,0.1,0.0,0.0,0.0,0.0,GBPCAD.p,E20/TP4/Tsto1
159886837,2026-03-19 13:31:00,0,4,0.1,0.0,112.22,0.0,0.0,AUDJPY.p,[tp 112.220]
159945866,2026-03-19 14:03:29,1,4,0.1,0.0,1.8840599999999998,0.0,0.0,GBPAUD.p,[tp 1.88406]
159945870,2026-03-19 14:03:29,0,4,0.1,0.0,0.0,0.0,0.0,GBPAUD.p,E20/TP4/Tsto1
159948322,2026-03-19 14:05:09,0,4,0.1,0.0,0.70499,0.0,0.0,AUDUSD.p,[tp 0.70499]
159960854,2026-03-19 14:14:35,1,4,0.1,0.0,1.8848799999999999,0.0,0.0,GBPAUD.p,[tp 1.88488]
159962198,2026-03-19 14:15:00,1,4,0.1,0.0,0.0,0.0,0.0,AUDUSD.p,E20/TP4/Tsto1
159983686,2026-03-19 14:30:00,1,4,0.1,0.0,0.0,0.0,0.0,EURNZD.p,E20/TP4/Tsto1
159994333,2026-03-19 14:35:44,0,4,0.1,0.0,0.70366,0.0,0.0,AUDUSD.p,[tp 0.70366]
159996494,2026-03-19 14:36:31,0,4,0.1,0.0,1.82328,0.0,0.0,GBPCAD.p,[tp 1.82328]
159996502,2026-03-19 14:36:31,1,4,0.1,0.0,0.0,0.0,0.0,GBPCAD.p,E20/TP4/Tsto1
160013120,2026-03-19 14:43:28,0,4,0.1,0.0,1.97421,0.0,0.0,EURNZD.p,[tp 1.97421]
160035420,2026-03-19 14:54:07,1,4,0.1,0.0,0.0,0.0,0.0,EURNZD.p,E20/TP4/Tsto1
160044320,2026-03-19 15:00:00,0,4,0.1,0.0,0.0,0.0,0.0,AUDJPY.p,E20/TP4/Tsto1
160044336,2026-03-19 15:00:00,0,4,0.1,0.0,0.0,0.0,0.0,AUDUSD.p,E20/TP4/Tsto1
160044767,2026-03-19 15:00:03,1,4,0.1,0.0,0.0,0.0,0.0,GBPCAD.p,E20/TP4/Tsto1
160134777,2026-03-19 15:31:31,0,4,0.1,0.0,0.0,0.0,0.0,AUDJPY.p,E20/TP4/Tsto1
160236588,2026-03-19 16:00:00,1,4,0.1,0.0,0.0,0.0,0.0,GBPSGD.p,E20/TP4/Tsto1
160270562,2026-03-19 16:06:34,0,4,0.1,0.0,1.82496,0.0,0.0,GBPCAD.p,[tp 1.82496]
160270563,2026-03-19 16:06:34,0,4,0.1,0.0,1.82496,0.0,0.0,GBPCAD.p,[tp 1.82496]
160270588,2026-03-19 16:06:35,1,4,0.1,0.0,0.0,0.0,0.0,GBPCAD.p,E20/TP4/Tsto1
160351165,2026-03-19 16:30:00,1,4,0.1,0.0,0.0,0.0,0.0,GBPAUD.p,E20/TP4/Tsto1
160353634,2026-03-19 16:30:25,0,4,0.1,0.0,1.70574,0.0,0.0,GBPSGD.p,[tp 1.70574]
160359272,2026-03-19 16:31:35,0,4,0.1,0.0,1.8244099999999999,0.0,0.0,GBPCAD.p,[tp 1.82441]
160384694,2026-03-19 16:38:13,0,4,0.1,0.0,1.8952200000000001,0.0,0.0,GBPAUD.p,[tp 1.89522]
160410938,2026-03-19 16:45:00,1,4,0.1,0.0,0.0,0.0,0.0,GBPCAD.p,E20/TP4/Tsto1
160410994,2026-03-19 16:45:00,0,4,0.1,0.0,0.0,0.0,0.0,SGDJPY.p,E20/TP4/Tsto1
160460952,2026-03-19 17:00:00,1,4,0.1,0.0,0.0,0.0,0.0,GBPCAD.p,E20/TP4/Tsto1
160461013,2026-03-19 17:00:00,1,4,0.1,0.0,0.0,0.0,0.0,GBPAUD.p,E20/TP4/Tsto1
160463160,2026-03-19 17:00:17,0,4,0.1,0.0,1.97377,0.0,0.0,EURNZD.p,[tp 1.97377]
160463476,2026-03-19 17:00:21,1,4,0.1,0.0,0.0,0.0,0.0,EURNZD.p,E20/TP4/Tsto1
160469383,2026-03-19 17:01:42,1,4,0.1,0.0,0.70484,0.0,0.0,AUDUSD.p,[tp 0.70484]
160469548,2026-03-19 17:01:44,0,4,0.1,0.0,0.0,0.0,0.0,AUDUSD.p,E20/TP4/Tsto1
160497086,2026-03-19 17:10:58,0,4,0.1,0.0,1.89602,0.0,0.0,GBPAUD.p,[tp 1.89602]
160510332,2026-03-19 17:15:00,1,4,0.1,0.0,0.0,0.0,0.0,GBPAUD.p,E20/TP4/Tsto1
160525082,2026-03-19 17:19:37,0,4,0.1,0.0,1.97276,0.0,0.0,EURNZD.p,[tp 1.97276]
160551601,2026-03-19 17:30:00,0,4,0.1,0.0,0.0,0.0,0.0,EURNZD.p,E20/TP4/Tsto1
160551629,2026-03-19 17:30:00,1,4,0.1,0.0,0.0,0.0,0.0,GBPSGD.p,E20/TP4/Tsto1
160568370,2026-03-19 17:36:15,0,4,0.1,0.0,1.89575,0.0,0.0,GBPAUD.p,[tp 1.89575]
160588470,2026-03-19 17:45:00,1,4,0.1,0.0,0.0,0.0,0.0,GBPAUD.p,E20/TP4/Tsto1
160602997,2026-03-19 17:51:59,1,4,0.1,0.0,0.70528,0.0,0.0,AUDUSD.p,[tp 0.70528]
160683976,2026-03-19 18:30:00,1,4,0.1,0.0,0.0,0.0,0.0,AUDUSD.p,E20/TP4/Tsto1
160686567,2026-03-19 18:31:07,1,4,0.1,0.0,1.9739499999999999,0.0,0.0,EURNZD.p,[tp 1.97395]
160686581,2026-03-19 18:31:07,0,4,0.1,0.0,0.0,0.0,0.0,EURNZD.p,E20/TP4/Tsto1
160734386,2026-03-19 18:52:26,0,4,0.1,0.0,0.70342,0.0,0.0,AUDUSD.p,[tp 0.70342]
160750174,2026-03-19 18:57:31,1,4,0.1,0.0,1.97441,0.0,0.0,EURNZD.p,[tp 1.97441]
160906816,2026-03-19 20:00:00,1,4,0.1,0.0,0.0,0.0,0.0,AUDUSD.p,E20/TP4/Tsto1
160977087,2026-03-19 20:30:00,1,4,0.1,0.0,0.0,0.0,0.0,EURNZD.p,E20/TP4/Tsto1
161009265,2026-03-19 20:45:00,1,4,0.2,0.0,0.0,0.0,0.0,GBPCAD.p,E20/TP4/Tsto1
161065371,2026-03-19 21:15:19,0,4,0.1,0.0,1.9749400000000001,0.0,0.0,EURNZD.p,[tp 1.97494]
161065382,2026-03-19 21:15:19,1,4,0.1,0.0,0.0,0.0,0.0,EURNZD.p,E20/TP4/Tsto1
161155051,2026-03-19 22:01:55,0,4,0.1,0.0,1.97446,0.0,0.0,EURNZD.p,[tp 1.97446]
161166338,2026-03-19 22:05:26,0,4,0.1,0.0,1.8944999999999999,0.0,0.0,GBPAUD.p,[tp 1.89450]
161166387,2026-03-19 22:05:27,1,4,0.1,0.0,0.0,0.0,0.0,GBPAUD.p,E20/TP4/Tsto1
161169069,2026-03-19 22:06:27,1,4,0.1,0.0,111.899,0.0,0.0,AUDJPY.p,[tp 111.899]
161169070,2026-03-19 22:06:27,1,4,0.1,0.0,111.899,0.0,0.0,AUDJPY.p,[tp 111.899]
161169117,2026-03-19 22:06:28,0,4,0.1,0.0,0.0,0.0,0.0,AUDJPY.p,E20/TP4/Tsto1
161197648,2026-03-19 22:14:24,1,4,0.1,0.0,0.0,0.0,0.0,EURNZD.p,E20/TP4/Tsto1
161199832,2026-03-19 22:15:00,1,4,0.4,0.0,0.0,0.0,0.0,GBPCAD.p,E20/TP4/Tsto1
161251749,2026-03-19 22:34:12,0,4,0.1,0.0,1.9713500000000002,0.0,0.0,EURNZD.p,[tp 1.97135]
161251778,2026-03-19 22:34:12,0,4,0.1,0.0,0.0,0.0,0.0,EURNZD.p,E20/TP4/Tsto1
161264552,2026-03-19 22:39:27,1,4,0.1,0.0,1.97256,0.0,0.0,EURNZD.p,[tp 1.97256]
161378951,2026-03-20 01:15:00,0,4,0.1,0.0,0.0,0.0,0.0,EURNZD.p,E20/TP4/Tsto1
161393047,2026-03-20 01:30:10,1,4,0.1,0.0,1.97258,0.0,0.0,EURNZD.p,[tp 1.97258]
161425508,2026-03-20 02:06:13,0,4,0.1,0.0,0.0,0.0,0.0,AUDUSD.p,
161425538,2026-03-20 02:06:15,1,4,0.1,0.0,0.0,0.0,0.0,AUDJPY.p,
161425549,2026-03-20 02:06:16,0,4,0.1,0.0,0.0,0.0,0.0,GBPAUD.p,
161425558,2026-03-20 02:06:17,0,4,0.1,0.0,0.0,0.0,0.0,GBPCAD.p,
161425561,2026-03-20 02:06:18,0,4,0.1,0.0,0.0,0.0,0.0,GBPCAD.p,
161425565,2026-03-20 02:06:19,0,4,0.2,0.0,0.0,0.0,0.0,GBPCAD.p,
161425568,2026-03-20 02:06:19,0,4,0.4,0.0,0.0,0.0,0.0,GBPCAD.p,
161425571,2026-03-20 02:06:20,0,4,0.1,0.0,0.0,0.0,0.0,GBPCHF.p,
161425620,2026-03-20 02:06:24,0,4,0.1,0.0,0.0,0.0,0.0,GBPSGD.p,
161425628,2026-03-20 02:06:25,1,4,0.1,0.0,0.0,0.0,0.0,SGDJPY.p,
161425636,2026-03-20 02:06:26,1,4,0.1,0.0,0.0,0.0,0.0,SGDJPY.p,
161444281,2026-03-20 02:30:00,1,4,0.1,0.0,0.0,0.0,0.0,AUDUSD.p,E15/TP5/Tsto1
161459050,2026-03-20 02:45:00,1,4,0.1,0.0,0.0,0.0,0.0,AUDJPY.p,E15/TP5/Tsto1
161472193,2026-03-20 03:00:00,1,4,0.1,0.0,0.0,0.0,0.0,SGDJPY.p,E15/TP5/Tsto1
161477243,2026-03-20 03:03:57,0,4,0.1,0.0,0.7079,0.0,0.0,AUDUSD.p,[tp 0.70790]
161477952,2026-03-20 03:04:50,0,4,0.1,0.0,111.787,0.0,0.0,AUDJPY.p,[tp 111.787]
161477957,2026-03-20 03:04:51,1,4,0.1,0.0,0.0,0.0,0.0,AUDJPY.p,E15/TP5/Tsto1
161491721,2026-03-20 03:21:52,0,4,0.1,0.0,123.527,0.0,0.0,SGDJPY.p,[tp 123.527]
161491742,2026-03-20 03:21:53,0,4,0.1,0.0,111.721,0.0,0.0,AUDJPY.p,[tp 111.721]
161501899,2026-03-20 03:30:00,1,4,0.1,0.0,0.0,0.0,0.0,AUDJPY.p,E15/TP5/Tsto1
161501978,2026-03-20 03:30:00,1,4,0.1,0.0,0.0,0.0,0.0,SGDJPY.p,E15/TP5/Tsto1
161567280,2026-03-20 04:30:00,0,4,0.1,0.0,0.0,0.0,0.0,EURNZD.p,E15/TP5/Tsto1
161577137,2026-03-20 04:39:29,1,4,0.1,0.0,1.9659499999999999,0.0,0.0,EURNZD.p,[tp 1.96595]
161584823,2026-03-20 04:45:00,0,4,0.1,0.0,0.0,0.0,0.0,EURNZD.p,E15/TP5/Tsto1
161603740,2026-03-20 04:56:50,1,4,0.1,0.0,1.96646,0.0,0.0,EURNZD.p,[tp 1.96646]
161604306,2026-03-20 04:57:09,0,4,0.1,0.0,0.0,0.0,0.0,AUDJPY.p,
161607131,2026-03-20 05:00:00,0,4,0.1,0.0,0.0,0.0,0.0,EURNZD.p,E40/TP5/Tsto1
161607159,2026-03-20 05:00:00,1,4,0.1,0.0,0.0,0.0,0.0,AUDJPY.p,E40/TP5/Tsto1
161607176,2026-03-20 05:00:00,0,4,0.1,0.0,0.0,0.0,0.0,GBPAUD.p,E40/TP5/Tsto1
161683666,2026-03-20 06:15:06,1,4,0.1,0.0,0.0,0.0,0.0,SGDJPY.p,E40/TP5/Tsto1
161884577,2026-03-20 09:39:45,1,4,0.1,0.0,1.96688,0.0,0.0,EURNZD.p,[tp 1.96688]
161891870,2026-03-20 09:43:34,0,4,0.1,0.0,0.0,0.0,0.0,EURNZD.p,E40/TP5/Tsto1
161913063,2026-03-20 10:00:03,1,4,0.1,0.0,1.9678,0.0,0.0,EURNZD.p,[tp 1.96780]
161970396,2026-03-20 10:45:00,1,4,0.1,0.0,0.0,0.0,0.0,GBPSGD.p,E40/TP5/Tsto1
161992514,2026-03-20 11:00:00,0,4,0.1,0.0,0.0,0.0,0.0,EURNZD.p,E40/TP5/Tsto1
161996112,2026-03-20 11:02:53,1,4,0.1,0.0,1.8943400000000001,0.0,0.0,GBPAUD.p,[tp 1.89434]
161996124,2026-03-20 11:02:53,0,4,0.1,0.0,0.0,0.0,0.0,GBPAUD.p,E40/TP5/Tsto1
162002712,2026-03-20 11:07:50,1,4,0.1,0.0,0.0,0.0,0.0,GBPCAD.p,E40/TP5/Tsto1
162003997,2026-03-20 11:08:33,1,4,0.1,0.0,0.0,0.0,0.0,GBPCHF.p,E40/TP5/Tsto1
162018217,2026-03-20 11:19:22,0,4,0.1,0.0,1.0596,0.0,0.0,GBPCHF.p,[tp 1.05960]
162019323,2026-03-20 11:19:51,0,4,0.1,0.0,1.84265,0.0,0.0,GBPCAD.p,[tp 1.84265]
162019979,2026-03-20 11:20:14,1,4,0.1,0.0,1.96609,0.0,0.0,EURNZD.p,[tp 1.96609]
162033394,2026-03-20 11:30:00,0,4,0.1,0.0,0.0,0.0,0.0,EURNZD.p,E40/TP5/Tsto1
162033425,2026-03-20 11:30:00,1,4,0.1,0.0,0.0,0.0,0.0,GBPCAD.p,E40/TP5/Tsto1
162033495,2026-03-20 11:30:00,1,4,0.1,0.0,0.0,0.0,0.0,GBPCHF.p,E40/TP5/Tsto1
162050598,2026-03-20 11:38:08,0,4,0.1,0.0,1.0588899999999999,0.0,0.0,GBPCHF.p,[tp 1.05889]
162059392,2026-03-20 11:43:26,1,4,0.1,0.0,1.9673699999999998,0.0,0.0,EURNZD.p,[tp 1.96737]
162061525,2026-03-20 11:44:44,0,4,0.1,0.0,1.84166,0.0,0.0,GBPCAD.p,[tp 1.84166]
162061997,2026-03-20 11:45:00,1,4,0.1,0.0,0.0,0.0,0.0,GBPCAD.p,E40/TP5/Tsto1
162062022,2026-03-20 11:45:00,1,4,0.1,0.0,0.0,0.0,0.0,GBPCHF.p,E40/TP5/Tsto1
162077988,2026-03-20 11:54:02,0,4,0.1,0.0,1.8408099999999998,0.0,0.0,GBPCAD.p,[tp 1.84081]
162087400,2026-03-20 11:59:53,0,4,0.1,0.0,1.7159,0.0,0.0,GBPSGD.p,[tp 1.71590]
162087409,2026-03-20 11:59:53,1,4,0.1,0.0,0.0,0.0,0.0,GBPSGD.p,E40/TP5/Tsto1
162092480,2026-03-20 12:04:45,0,4,0.1,0.0,1.05776,0.0,0.0,GBPCHF.p,[tp 1.05776]
162092611,2026-03-20 12:04:55,0,4,0.1,0.0,1.71533,0.0,0.0,GBPSGD.p,[tp 1.71533]
162092617,2026-03-20 12:04:56,1,4,0.1,0.0,0.0,0.0,0.0,GBPSGD.p,E40/TP5/Tsto1
162125555,2026-03-20 12:29:19,0,4,0.1,0.0,1.71467,0.0,0.0,GBPSGD.p,[tp 1.71467]
162146976,2026-03-20 12:45:00,1,4,0.1,0.0,0.0,0.0,0.0,EURNZD.p,E40/TP5/Tsto1
162194635,2026-03-20 13:11:27,1,4,0.1,0.0,1.89493,0.0,0.0,GBPAUD.p,[tp 1.89493]
162220073,2026-03-20 13:30:00,0,4,0.1,0.0,0.0,0.0,0.0,GBPSGD.p,E40/TP5/Tsto1
162220107,2026-03-20 13:30:00,0,4,0.1,0.0,0.0,0.0,0.0,GBPCAD.p,E40/TP5/Tsto1
162237034,2026-03-20 13:41:46,1,4,0.1,0.0,1.83578,0.0,0.0,GBPCAD.p,[tp 1.83578]
162243476,2026-03-20 13:45:00,0,4,0.1,0.0,0.0,0.0,0.0,AUDUSD.p,E40/TP5/Tsto1
162243495,2026-03-20 13:45:00,0,4,0.1,0.0,0.0,0.0,0.0,GBPCAD.p,E40/TP5/Tsto1
162273447,2026-03-20 14:03:09,1,4,0.1,0.0,0.70707,0.0,0.0,AUDUSD.p,[tp 0.70707]
162277366,2026-03-20 14:05:18,1,4,0.1,0.0,1.83631,0.0,0.0,GBPCAD.p,[tp 1.83631]
162277411,2026-03-20 14:05:20,0,4,0.1,0.0,0.0,0.0,0.0,GBPCAD.p,E40/TP5/Tsto1
162290624,2026-03-20 14:15:00,0,4,0.1,0.0,0.0,0.0,0.0,AUDUSD.p,E40/TP5/Tsto1
162298888,2026-03-20 14:22:30,1,4,0.1,0.0,1.83701,0.0,0.0,GBPCAD.p,[tp 1.83701]
162298899,2026-03-20 14:22:32,0,4,0.1,0.0,0.0,0.0,0.0,GBPCAD.p,E40/TP5/Tsto1
162304018,2026-03-20 14:30:01,0,4,0.1,0.0,0.0,0.0,0.0,GBPCHF.p,E40/TP5/Tsto1
162309631,2026-03-20 14:34:38,1,4,0.1,0.0,0.70798,0.0,0.0,AUDUSD.p,[tp 0.70798]
162309684,2026-03-20 14:34:40,0,4,0.1,0.0,0.0,0.0,0.0,AUDUSD.p,E40/TP5/Tsto1
162320370,2026-03-20 14:44:50,1,4,0.1,0.0,1.71302,0.0,0.0,GBPSGD.p,[tp 1.71302]
162326769,2026-03-20 14:50:30,0,4,0.1,0.0,0.0,0.0,0.0,GBPSGD.p,E40/TP5/Tsto1
162349321,2026-03-20 15:05:42,1,4,0.1,0.0,1.71332,0.0,0.0,GBPSGD.p,[tp 1.71332]
162351760,2026-03-20 15:07:17,1,4,0.1,0.0,0.70852,0.0,0.0,AUDUSD.p,[tp 0.70852]
162365915,2026-03-20 15:15:00,0,4,0.1,0.0,0.0,0.0,0.0,GBPSGD.p,E40/TP5/Tsto1
162389436,2026-03-20 15:28:48,0,4,0.1,0.0,0.0,0.0,0.0,GBPAUD.p,E40/TP5/Tsto1
162401468,2026-03-20 15:37:03,1,4,0.1,0.0,1.89177,0.0,0.0,GBPAUD.p,[tp 1.89177]
162415171,2026-03-20 15:45:00,0,4,0.1,0.0,0.0,0.0,0.0,GBPAUD.p,E40/TP5/Tsto1
162415321,2026-03-20 15:45:05,1,4,0.1,0.0,0.0,0.0,0.0,AUDUSD.p,E40/TP5/Tsto1
162436886,2026-03-20 16:02:44,0,4,0.1,0.0,0.70712,0.0,0.0,AUDUSD.p,[tp 0.70712]
162463902,2026-03-20 16:15:00,0,4,0.1,0.0,0.0,0.0,0.0,GBPCAD.p,E40/TP5/Tsto1
162484642,2026-03-20 16:29:02,1,4,0.1,0.0,1.89228,0.0,0.0,GBPAUD.p,[tp 1.89228]
162486389,2026-03-20 16:30:00,0,4,0.1,0.0,0.0,0.0,0.0,GBPAUD.p,E40/TP5/Tsto1
162486427,2026-03-20 16:30:00,1,4,0.1,0.0,0.0,0.0,0.0,EURNZD.p,E40/TP5/Tsto1
162531061,2026-03-20 16:45:00,0,4,0.1,0.0,0.0,0.0,0.0,AUDUSD.p,E40/TP5/Tsto1
162541020,2026-03-20 16:50:01,1,4,0.1,0.0,1.89352,0.0,0.0,GBPAUD.p,[tp 1.89352]
162571846,2026-03-20 17:00:00,0,4,0.1,0.0,0.0,0.0,0.0,GBPAUD.p,E40/TP5/Tsto1
162608876,2026-03-20 17:12:54,0,4,0.1,0.0,111.954,0.0,0.0,AUDJPY.p,[tp 111.954]
162608904,2026-03-20 17:12:54,1,4,0.1,0.0,0.0,0.0,0.0,AUDJPY.p,E40/TP5/Tsto1
162613646,2026-03-20 17:15:00,0,4,0.1,0.0,0.0,0.0,0.0,GBPSGD.p,E40/TP5/Tsto1
162613728,2026-03-20 17:15:02,0,4,0.2,0.0,0.0,0.0,0.0,GBPCAD.p,E40/TP5/Tsto1
162683456,2026-03-20 17:37:22,0,4,0.1,0.0,111.891,0.0,0.0,AUDJPY.p,[tp 111.891]
162733577,2026-03-20 18:00:02,0,4,0.1,0.0,0.0,0.0,0.0,AUDJPY.p,E40/TP5/Tsto1
162782433,2026-03-20 18:23:26,1,4,0.1,0.0,112.043,0.0,0.0,AUDJPY.p,[tp 112.043]
162783128,2026-03-20 18:23:31,0,4,0.1,0.0,0.0,0.0,0.0,AUDJPY.p,E40/TP5/Tsto1
162894838,2026-03-20 19:15:02,1,4,0.1,0.0,0.0,0.0,0.0,SGDJPY.p,E40/TP5/Tsto1
162901282,2026-03-20 19:17:58,1,4,0.1,0.0,112.137,0.0,0.0,AUDJPY.p,[tp 112.137]
162902024,2026-03-20 19:18:06,0,4,0.1,0.0,0.0,0.0,0.0,AUDJPY.p,E40/TP5/Tsto1
163070774,2026-03-20 20:36:41,1,4,0.1,0.0,1.89639,0.0,0.0,GBPAUD.p,[tp 1.89639]
163241842,2026-03-20 22:00:00,1,4,0.2,0.0,0.0,0.0,0.0,EURNZD.p,E40/TP5/Tsto1
163344095,2026-03-20 22:45:00,1,4,0.1,0.0,0.0,0.0,0.0,GBPAUD.p,E40/TP5/Tsto1
163422221,2026-03-20 23:44:37,0,4,0.1,0.0,1.89987,0.0,0.0,GBPAUD.p,[tp 1.89987]
163617042,2026-03-23 00:15:00,0,4,0.1,0.0,0.0,0.0,0.0,AUDJPY.p,E40/TP5/Tsto1
163619195,2026-03-23 00:29:25,0,4,0.1,0.0,0.0,0.0,0.0,GBPCHF.p,E40/TP5/Tsto1
163654487,2026-03-23 01:15:00,1,4,0.1,0.0,0.0,0.0,0.0,GBPAUD.p,E40/TP5/Tsto1
163668765,2026-03-23 01:23:40,0,4,0.1,0.0,1.9001299999999999,0.0,0.0,GBPAUD.p,[tp 1.90013]
163677764,2026-03-23 01:30:00,1,4,0.1,0.0,0.0,0.0,0.0,GBPAUD.p,E40/TP5/Tsto1
164151727,2026-03-23 05:30:00,1,4,0.1,0.0,0.0,0.0,0.0,GBPAUD.p,E40/TP5/Tsto1
164401689,2026-03-23 08:30:00,0,4,0.2,0.0,0.0,0.0,0.0,AUDJPY.p,E40/TP5/Tsto1
164401797,2026-03-23 08:30:00,0,4,0.1,0.0,0.0,0.0,0.0,AUDUSD.p,E40/TP5/Tsto1
165015341,2026-03-23 12:17:05,1,4,0.1,0.0,1.05339,0.0,0.0,GBPCHF.p,[tp 1.05339]
165015342,2026-03-23 12:17:05,1,4,0.1,0.0,1.05339,0.0,0.0,GBPCHF.p,[tp 1.05339]
165076369,2026-03-23 12:45:00,1,4,0.1,0.0,0.0,0.0,0.0,GBPCHF.p,E40/TP5/Tsto1
165128008,2026-03-23 13:15:00,0,4,0.4,0.0,0.0,0.0,0.0,AUDJPY.p,E40/TP5/Tsto1
165129724,2026-03-23 13:16:05,0,4,0.2,0.0,0.0,0.0,0.0,AUDUSD.p,E40/TP5/Tsto1
165140454,2026-03-23 13:22:39,0,4,0.1,0.0,1.0520100000000001,0.0,0.0,GBPCHF.p,[tp 1.05201]
165149657,2026-03-23 13:30:01,1,4,0.1,0.0,0.0,0.0,0.0,GBPCHF.p,E40/TP5/Tsto1
165223579,2026-03-23 14:05:39,1,4,0.1,0.0,0.69801,0.0,0.0,AUDUSD.p,[tp 0.69801]
165223580,2026-03-23 14:05:39,1,4,0.1,0.0,0.69801,0.0,0.0,AUDUSD.p,[tp 0.69801]
165223581,2026-03-23 14:05:39,1,4,0.2,0.0,0.69804,0.0,0.0,AUDUSD.p,[tp 0.69804]
165223666,2026-03-23 14:05:40,0,4,0.1,0.0,0.0,0.0,0.0,AUDUSD.p,E40/TP5/Tsto1
165224076,2026-03-23 14:05:41,1,4,0.1,0.0,111.237,0.0,0.0,AUDJPY.p,[tp 111.237]
165224077,2026-03-23 14:05:41,1,4,0.1,0.0,111.237,0.0,0.0,AUDJPY.p,[tp 111.237]
165224078,2026-03-23 14:05:41,1,4,0.2,0.0,111.237,0.0,0.0,AUDJPY.p,[tp 111.237]
165224529,2026-03-23 14:05:43,1,4,0.1,0.0,1.71151,0.0,0.0,GBPSGD.p,[tp 1.71151]
165224530,2026-03-23 14:05:43,1,4,0.1,0.0,1.71151,0.0,0.0,GBPSGD.p,[tp 1.71151]
165225345,2026-03-23 14:05:47,1,4,0.1,0.0,1.83303,0.0,0.0,GBPCAD.p,[tp 1.83303]
165225346,2026-03-23 14:05:47,1,4,0.1,0.0,1.83323,0.0,0.0,GBPCAD.p,[tp 1.83323]
165225390,2026-03-23 14:05:47,1,4,0.2,0.0,1.83323,0.0,0.0,GBPCAD.p,[tp 1.83323]
165229774,2026-03-23 14:06:15,1,4,0.4,0.0,111.08,0.0,0.0,AUDJPY.p,[tp 111.080]
165230029,2026-03-23 14:06:16,0,4,0.1,0.0,0.0,0.0,0.0,AUDJPY.p,E40/TP5/Tsto1
165269185,2026-03-23 14:13:27,0,4,0.1,0.0,1.90267,0.0,0.0,GBPAUD.p,[tp 1.90267]
165269186,2026-03-23 14:13:27,0,4,0.1,0.0,1.90267,0.0,0.0,GBPAUD.p,[tp 1.90267]
165269367,2026-03-23 14:13:29,1,4,0.1,0.0,0.0,0.0,0.0,GBPAUD.p,E40/TP5/Tsto1
165274482,2026-03-23 14:15:01,0,4,0.1,0.0,0.0,0.0,0.0,GBPCAD.p,E40/TP5/Tsto1
165274716,2026-03-23 14:15:04,0,4,0.1,0.0,0.0,0.0,0.0,GBPSGD.p,E40/TP5/Tsto1
165346571,2026-03-23 14:38:33,1,4,0.1,0.0,1.83673,0.0,0.0,GBPCAD.p,[tp 1.83673]
165364923,2026-03-23 14:46:32,1,4,0.1,0.0,1.70889,0.0,0.0,GBPSGD.p,[tp 1.70889]
165399353,2026-03-23 15:00:02,1,4,0.1,0.0,0.0,0.0,0.0,GBPCAD.p,E40/TP5/Tsto1
165429282,2026-03-23 15:09:32,1,4,0.1,0.0,0.69906,0.0,0.0,AUDUSD.p,[tp 0.69906]
165430083,2026-03-23 15:09:48,1,4,0.1,0.0,0.0,0.0,0.0,AUDUSD.p,E40/TP5/Tsto1
165433269,2026-03-23 15:10:55,1,4,0.1,0.0,111.113,0.0,0.0,AUDJPY.p,[tp 111.113]
165433608,2026-03-23 15:11:02,1,4,0.1,0.0,0.0,0.0,0.0,AUDJPY.p,E40/TP5/Tsto1
165593771,2026-03-23 16:15:09,1,4,0.1,0.0,0.0,0.0,0.0,GBPSGD.p,E40/TP5/Tsto1
165628681,2026-03-23 16:29:45,0,4,0.1,0.0,1.71004,0.0,0.0,GBPSGD.p,[tp 1.71004]
165630399,2026-03-23 16:30:09,1,4,0.1,0.0,0.0,0.0,0.0,GBPSGD.p,E40/TP5/Tsto1
165780299,2026-03-23 17:28:29,0,4,0.2,0.0,1.9770699999999999,0.0,0.0,EURNZD.p,[tp 1.97707]
165780425,2026-03-23 17:28:31,0,4,0.1,0.0,1.9769700000000001,0.0,0.0,EURNZD.p,[tp 1.97697]
165780426,2026-03-23 17:28:31,0,4,0.1,0.0,1.9769700000000001,0.0,0.0,EURNZD.p,[tp 1.97697]
165784865,2026-03-23 17:30:05,1,4,0.1,0.0,0.0,0.0,0.0,GBPSGD.p,E40/TP5/Tsto1
165816759,2026-03-23 17:45:05,0,4,0.1,0.0,0.0,0.0,0.0,EURNZD.p,E40/TP5/Tsto1
165890044,2026-03-23 18:18:22,1,4,0.1,0.0,1.97834,0.0,0.0,EURNZD.p,[tp 1.97834]
165890499,2026-03-23 18:18:30,0,4,0.1,0.0,0.0,0.0,0.0,EURNZD.p,E40/TP5/Tsto1
165917558,2026-03-23 18:29:01,0,4,0.1,0.0,1.71189,0.0,0.0,GBPSGD.p,[tp 1.71189]
165917559,2026-03-23 18:29:01,0,4,0.1,0.0,1.71189,0.0,0.0,GBPSGD.p,[tp 1.71189]
165919895,2026-03-23 18:30:12,1,4,0.1,0.0,0.0,0.0,0.0,GBPSGD.p,E40/TP5/Tsto1
165928293,2026-03-23 18:34:44,1,4,0.1,0.0,1.98108,0.0,0.0,EURNZD.p,[tp 1.98108]
165928390,2026-03-23 18:34:46,0,4,0.1,0.0,0.0,0.0,0.0,EURNZD.p,E40/TP5/Tsto1
165964624,2026-03-23 18:51:30,0,4,0.1,0.0,1.7114500000000001,0.0,0.0,GBPSGD.p,[tp 1.71145]
165964901,2026-03-23 18:51:39,1,4,0.1,0.0,0.0,0.0,0.0,GBPSGD.p,E40/TP5/Tsto1
165966033,2026-03-23 18:52:10,1,4,0.1,0.0,1.9822600000000001,0.0,0.0,EURNZD.p,[tp 1.98226]
165966867,2026-03-23 18:52:15,0,4,0.1,0.0,111.08,0.0,0.0,AUDJPY.p,[tp 111.080]
166013362,2026-03-23 19:09:48,0,4,0.1,0.0,1.71004,0.0,0.0,GBPSGD.p,[tp 1.71004]
166013531,2026-03-23 19:09:55,1,4,0.1,0.0,0.0,0.0,0.0,GBPSGD.p,E40/TP5/Tsto1
166025935,2026-03-23 19:16:17,0,4,0.1,0.0,0.69874,0.0,0.0,AUDUSD.p,[tp 0.69874]
166087509,2026-03-23 19:45:05,0,4,0.1,0.0,0.0,0.0,0.0,AUDJPY.p,E40/TP5/Tsto1
166087549,2026-03-23 19:45:07,0,4,0.1,0.0,0.0,0.0,0.0,AUDUSD.p,E40/TP5/Tsto1
166143144,2026-03-23 20:17:45,1,4,0.1,0.0,0.70091,0.0,0.0,AUDUSD.p,[tp 0.70091]
166144253,2026-03-23 20:18:17,1,4,0.1,0.0,111.174,0.0,0.0,AUDJPY.p,[tp 111.174]
166206304,2026-03-23 21:00:00,1,4,0.1,0.0,0.0,0.0,0.0,AUDUSD.p,E40/TP5/Tsto1
166218391,2026-03-23 21:07:25,0,4,0.1,0.0,0.70085,0.0,0.0,AUDUSD.p,[tp 0.70085]
166233577,2026-03-23 21:15:00,1,4,0.1,0.0,0.0,0.0,0.0,AUDUSD.p,E40/TP5/Tsto1
166233592,2026-03-23 21:15:00,0,4,0.1,0.0,0.0,0.0,0.0,EURNZD.p,E40/TP5/Tsto1
166244615,2026-03-23 21:22:50,1,4,0.1,0.0,1.9801,0.0,0.0,EURNZD.p,[tp 1.98010]
166256630,2026-03-23 21:30:00,0,4,0.1,0.0,0.0,0.0,0.0,EURNZD.p,E40/TP5/Tsto1
166284187,2026-03-23 21:45:00,0,4,0.1,0.0,0.0,0.0,0.0,AUDJPY.p,E40/TP5/Tsto1
166308987,2026-03-23 22:04:15,1,4,0.1,0.0,111.102,0.0,0.0,AUDJPY.p,[tp 111.102]
166308989,2026-03-23 22:04:15,0,4,0.1,0.0,0.0,0.0,0.0,AUDJPY.p,E40/TP5/Tsto1
166396214,2026-03-23 23:04:16,1,4,0.1,0.0,1.98079,0.0,0.0,EURNZD.p,[tp 1.98079]
166429205,2026-03-24 01:00:58,0,4,0.1,0.0,0.70068,0.0,0.0,AUDUSD.p,[tp 0.70068]
166488478,2026-03-24 01:52:34,1,4,0.1,0.0,111.159,0.0,0.0,AUDJPY.p,[tp 111.159]
166601326,2026-03-24 03:30:00,0,4,0.1,0.0,0.0,0.0,0.0,AUDJPY.p,E40/TP5/Tsto1
166601384,2026-03-24 03:30:01,0,4,0.1,0.0,0.0,0.0,0.0,AUDUSD.p,E40/TP5/Tsto1
166601393,2026-03-24 03:30:01,1,4,0.1,0.0,0.0,0.0,0.0,EURNZD.p,E40/TP5/Tsto1
166631934,2026-03-24 03:44:22,0,4,0.1,0.0,1.98331,0.0,0.0,EURNZD.p,[tp 1.98331]
166633041,2026-03-24 03:45:00,1,4,0.1,0.0,0.0,0.0,0.0,EURNZD.p,E40/TP5/Tsto1
167231720,2026-03-24 10:09:42,1,4,0.1,0.0,0.6999,0.0,0.0,AUDUSD.p,[tp 0.69990]
167233269,2026-03-24 10:10:17,1,4,0.1,0.0,110.983,0.0,0.0,AUDJPY.p,[tp 110.983]
167238297,2026-03-24 10:12:47,0,4,0.1,0.0,1.9823300000000001,0.0,0.0,EURNZD.p,[tp 1.98233]
167238308,2026-03-24 10:12:47,1,4,0.1,0.0,0.0,0.0,0.0,EURNZD.p,E40/TP5/Tsto1
167242061,2026-03-24 10:15:00,1,4,0.1,0.0,0.0,0.0,0.0,GBPSGD.p,E40/TP5/Tsto1
167263013,2026-03-24 10:30:00,1,4,0.1,0.0,0.0,0.0,0.0,AUDUSD.p,E40/TP5/Tsto1
167263016,2026-03-24 10:30:00,1,4,0.1,0.0,0.0,0.0,0.0,AUDJPY.p,E40/TP5/Tsto1
167314812,2026-03-24 11:00:10,0,4,0.1,0.0,110.753,0.0,0.0,AUDJPY.p,[tp 110.753]
167319175,2026-03-24 11:01:51,0,4,0.1,0.0,0.69845,0.0,0.0,AUDUSD.p,[tp 0.69845]
167340330,2026-03-24 11:15:03,1,4,0.1,0.0,0.0,0.0,0.0,AUDUSD.p,E40/TP5/Tsto1
167385923,2026-03-24 11:43:16,0,4,0.1,0.0,0.69689,0.0,0.0,AUDUSD.p,[tp 0.69689]
167449790,2026-03-24 12:30:02,0,4,0.1,0.0,0.0,0.0,0.0,AUDUSD.p,E40/TP5/Tsto1
167449803,2026-03-24 12:30:02,0,4,0.1,0.0,0.0,0.0,0.0,AUDJPY.p,E40/TP5/Tsto1
167471291,2026-03-24 12:49:32,1,4,0.1,0.0,110.615,0.0,0.0,AUDJPY.p,[tp 110.615]
167471334,2026-03-24 12:49:37,0,4,0.1,0.0,0.0,0.0,0.0,AUDJPY.p,E40/TP5/Tsto1
167477145,2026-03-24 12:55:16,1,4,0.1,0.0,0.69727,0.0,0.0,AUDUSD.p,[tp 0.69727]
167477598,2026-03-24 12:55:24,0,4,0.1,0.0,0.0,0.0,0.0,AUDUSD.p,E40/TP5/Tsto1
167509453,2026-03-24 13:19:26,1,4,0.1,0.0,110.68,0.0,0.0,AUDJPY.p,[tp 110.680]
167560164,2026-03-24 14:00:56,1,4,0.1,0.0,0.69788,0.0,0.0,AUDUSD.p,[tp 0.69788]
167648780,2026-03-24 14:45:00,0,4,0.1,0.0,0.0,0.0,0.0,AUDUSD.p,E40/TP5/Tsto1
167756605,2026-03-24 15:38:12,0,4,0.1,0.0,0.0,0.0,0.0,AUDJPY.p,E40/TP5/Tsto1
167804220,2026-03-24 16:02:29,1,4,0.1,0.0,110.521,0.0,0.0,AUDJPY.p,[tp 110.521]
167804903,2026-03-24 16:02:42,0,4,0.1,0.0,0.0,0.0,0.0,AUDJPY.p,E40/TP5/Tsto1
167818912,2026-03-24 16:09:11,0,4,0.1,0.0,1.71224,0.0,0.0,GBPSGD.p,[tp 1.71224]
167818913,2026-03-24 16:09:11,0,4,0.1,0.0,1.71224,0.0,0.0,GBPSGD.p,[tp 1.71224]
167819193,2026-03-24 16:09:14,1,4,0.1,0.0,0.0,0.0,0.0,GBPSGD.p,E40/TP5/Tsto1
167941417,2026-03-24 17:00:05,1,4,0.1,0.0,110.602,0.0,0.0,AUDJPY.p,[tp 110.602]
167942422,2026-03-24 17:00:18,0,4,0.1,0.0,0.0,0.0,0.0,AUDJPY.p,E40/TP5/Tsto1
168048156,2026-03-24 17:52:04,1,4,0.1,0.0,110.689,0.0,0.0,AUDJPY.p,[tp 110.689]
168889528,2026-03-25 05:02:36,1,4,0.1,0.0,0.0,0.0,0.0,AUDUSD.p,
168889538,2026-03-25 05:02:37,0,4,0.1,0.0,0.0,0.0,0.0,EURNZD.p,
168889548,2026-03-25 05:02:37,0,4,0.1,0.0,0.0,0.0,0.0,GBPAUD.p,
168889551,2026-03-25 05:02:38,0,4,0.1,0.0,0.0,0.0,0.0,GBPCAD.p,
168889553,2026-03-25 05:02:39,0,4,0.1,0.0,0.0,0.0,0.0,GBPCHF.p,
168889574,2026-03-25 05:02:39,0,4,0.1,0.0,0.0,0.0,0.0,GBPSGD.p,
168889589,2026-03-25 05:02:40,0,4,0.1,0.0,0.0,0.0,0.0,SGDJPY.p,
168889594,2026-03-25 05:02:41,0,4,0.1,0.0,0.0,0.0,0.0,SGDJPY.p,
168889596,2026-03-25 05:02:42,0,4,0.1,0.0,0.0,0.0,0.0,SGDJPY.p,
169012304,2026-03-25 07:30:00,1,4,0.02,0.0,0.0,0.0,0.0,USDCAD.p,/// THERANTO V3 ///
169012352,2026-03-25 07:30:00,1,4,0.02,0.0,0.0,0.0,0.0,AUDNZD.p,/// THERANTO V3 ///
169012368,2026-03-25 07:30:01,1,4,0.02,0.0,0.0,0.0,0.0,USDCHF.p,/// THERANTO V3 ///
169012369,2026-03-25 07:30:01,0,4,0.02,0.0,0.0,0.0,0.0,EURUSD.p,/// THERANTO V3 ///
169012401,2026-03-25 07:30:02,1,4,0.02,0.0,0.0,0.0,0.0,USDSGD.p,/// THERANTO V3 ///
169023164,2026-03-25 07:45:07,1,4,0.02,0.0,0.0,0.0,0.0,EURGBP.p,/// THERANTO V3 ///
169033325,2026-03-25 08:00:00,1,4,0.02,0.0,0.0,0.0,0.0,USDJPY.p,/// THERANTO V3 ///
169033370,2026-03-25 08:00:00,1,4,0.02,0.0,0.0,0.0,0.0,EURCHF.p,/// THERANTO V3 ///
169033388,2026-03-25 08:00:01,1,4,0.02,0.0,0.0,0.0,0.0,CADJPY.p,/// THERANTO V3 ///
169044390,2026-03-25 08:15:00,0,4,0.02,0.0,0.0,0.0,0.0,GBPJPY.p,/// THERANTO V3 ///
169044406,2026-03-25 08:15:00,0,4,0.02,0.0,0.0,0.0,0.0,AUDSGD.p,/// THERANTO V3 ///
169044411,2026-03-25 08:15:00,0,4,0.02,0.0,0.0,0.0,0.0,AUDCAD.p,/// THERANTO V3 ///
169044426,2026-03-25 08:15:00,0,4,0.02,0.0,0.0,0.0,0.0,AUDUSD.p,/// THERANTO V3 ///
169086997,2026-03-25 08:45:00,0,4,0.02,0.0,0.0,0.0,0.0,NZDUSD.p,/// THERANTO V3 ///
169087006,2026-03-25 08:45:00,1,4,0.02,0.0,0.0,0.0,0.0,EURNZD.p,/// THERANTO V3 ///
169087007,2026-03-25 08:45:00,1,4,0.02,0.0,0.0,0.0,0.0,GBPNZD.p,/// THERANTO V3 ///
169087019,2026-03-25 08:45:00,0,4,0.02,0.0,0.0,0.0,0.0,NZDJPY.p,/// THERANTO V3 ///
169087030,2026-03-25 08:45:01,0,4,0.02,0.0,0.0,0.0,0.0,NZDCHF.p,/// THERANTO V3 ///
169087042,2026-03-25 08:45:01,0,4,0.02,0.0,0.0,0.0,0.0,NZDCAD.p,/// THERANTO V3 ///
169087056,2026-03-25 08:45:02,0,4,0.02,0.0,0.0,0.0,0.0,GBPUSD.p,/// THERANTO V3 ///
169134923,2026-03-25 09:15:00,0,4,0.02,0.0,0.0,0.0,0.0,GBPAUD.p,/// THERANTO V3 ///
169134937,2026-03-25 09:15:00,0,4,0.02,0.0,0.0,0.0,0.0,GBPCHF.p,/// THERANTO V3 ///
169135036,2026-03-25 09:15:02,0,4,0.02,0.0,0.0,0.0,0.0,GBPSGD.p,/// THERANTO V3 ///
169149337,2026-03-25 09:22:40,1,4,0.02,0.0,212.859,0.0,0.0,GBPJPY.p,[tp 212.859]
169149352,2026-03-25 09:22:41,0,4,0.02,0.0,0.0,0.0,0.0,GBPJPY.p,/// THERANTO V3 ///
169154975,2026-03-25 09:30:00,0,4,0.02,0.0,0.0,0.0,0.0,NZDSGD.p,/// THERANTO V3 ///
169154983,2026-03-25 09:30:00,0,4,0.02,0.0,0.0,0.0,0.0,EURCAD.p,/// THERANTO V3 ///
169155003,2026-03-25 09:30:00,0,4,0.02,0.0,0.0,0.0,0.0,GBPCAD.p,/// THERANTO V3 ///
169155044,2026-03-25 09:30:01,0,4,0.02,0.0,0.0,0.0,0.0,EURSGD.p,/// THERANTO V3 ///
169155056,2026-03-25 09:30:01,1,4,0.02,0.0,0.0,0.0,0.0,CADCHF.p,/// THERANTO V3 ///
169157813,2026-03-25 09:31:34,1,4,0.02,0.0,1.71253,0.0,0.0,GBPSGD.p,[tp 1.71253]
169157819,2026-03-25 09:31:34,0,4,0.02,0.0,0.0,0.0,0.0,GBPSGD.p,/// THERANTO V3 ///
169162710,2026-03-25 09:36:55,1,4,0.02,0.0,1.91997,0.0,0.0,GBPAUD.p,[tp 1.91997]
169172400,2026-03-25 09:45:00,1,4,0.02,0.0,0.0,0.0,0.0,SGDJPY.p,/// THERANTO V3 ///
169172423,2026-03-25 09:45:00,0,4,0.02,0.0,0.0,0.0,0.0,GBPAUD.p,/// THERANTO V3 ///
169180097,2026-03-25 09:51:31,1,4,0.02,0.0,1.59794,0.0,0.0,EURCAD.p,[tp 1.59794]
169192614,2026-03-25 10:00:35,1,4,0.02,0.0,1.9201899999999998,0.0,0.0,GBPAUD.p,[tp 1.92019]
169192727,2026-03-25 10:00:39,1,4,0.02,0.0,1.84428,0.0,0.0,GBPCAD.p,[tp 1.84428]
169193740,2026-03-25 10:01:12,1,4,0.02,0.0,1.71315,0.0,0.0,GBPSGD.p,[tp 1.71315]
169193825,2026-03-25 10:01:14,1,4,0.02,0.0,1.33911,0.0,0.0,GBPUSD.p,[tp 1.33911]
169195444,2026-03-25 10:02:27,1,4,0.02,0.0,1.05736,0.0,0.0,GBPCHF.p,[tp 1.05736]
169207975,2026-03-25 10:14:27,1,4,0.02,0.0,0.80143,0.0,0.0,NZDCAD.p,[tp 0.80143]
169209752,2026-03-25 10:15:00,0,4,0.02,0.0,0.0,0.0,0.0,GBPUSD.p,/// THERANTO V3 ///
169209757,2026-03-25 10:15:00,1,4,0.02,0.0,0.0,0.0,0.0,EURAUD.p,/// THERANTO V3 ///
169209786,2026-03-25 10:15:00,0,4,0.02,0.0,0.0,0.0,0.0,GBPCAD.p,/// THERANTO V3 ///
169209916,2026-03-25 10:15:01,0,4,0.02,0.0,0.0,0.0,0.0,GBPCHF.p,/// THERANTO V3 ///
169209931,2026-03-25 10:15:01,0,4,0.02,0.0,0.0,0.0,0.0,NZDCAD.p,/// THERANTO V3 ///
169209933,2026-03-25 10:15:01,0,4,0.02,0.0,0.0,0.0,0.0,GBPSGD.p,/// THERANTO V3 ///
169215262,2026-03-25 10:18:17,1,4,0.02,0.0,92.481,0.0,0.0,NZDJPY.p,[tp 92.481]
169215270,2026-03-25 10:18:17,0,4,0.02,0.0,0.0,0.0,0.0,NZDJPY.p,/// THERANTO V3 ///
169216028,2026-03-25 10:18:53,0,4,0.02,0.0,0.5728,0.0,0.0,CADCHF.p,[tp 0.57280]
169218309,2026-03-25 10:20:52,1,4,0.02,0.0,1.48397,0.0,0.0,EURSGD.p,[tp 1.48397]
169233893,2026-03-25 10:30:00,1,4,0.02,0.0,0.0,0.0,0.0,AUDJPY.p,/// THERANTO V3 ///
169233928,2026-03-25 10:30:00,1,4,0.02,0.0,0.0,0.0,0.0,CHFJPY.p,/// THERANTO V3 ///
169237981,2026-03-25 10:32:42,0,4,0.02,0.0,2.30125,0.0,0.0,GBPNZD.p,[tp 2.30125]
169240795,2026-03-25 10:35:11,0,4,0.02,0.0,201.281,0.0,0.0,CHFJPY.p,[tp 201.281]
169241227,2026-03-25 10:35:17,0,4,0.02,0.0,110.786,0.0,0.0,AUDJPY.p,[tp 110.786]
169245138,2026-03-25 10:36:30,1,4,0.02,0.0,0.74418,0.0,0.0,NZDSGD.p,[tp 0.74418]
169253984,2026-03-25 10:40:40,0,4,0.02,0.0,1.19803,0.0,0.0,AUDNZD.p,[tp 1.19803]
169254007,2026-03-25 10:40:40,1,4,0.02,0.0,0.0,0.0,0.0,AUDNZD.p,/// THERANTO V3 ///
169255536,2026-03-25 10:41:20,1,4,0.02,0.0,1.05756,0.0,0.0,GBPCHF.p,[tp 1.05756]
169261051,2026-03-25 10:45:00,1,4,0.02,0.0,0.0,0.0,0.0,CHFJPY.p,/// THERANTO V3 ///
169261053,2026-03-25 10:45:00,0,4,0.02,0.0,0.0,0.0,0.0,NZDSGD.p,/// THERANTO V3 ///
169261054,2026-03-25 10:45:00,0,4,0.02,0.0,0.0,0.0,0.0,GBPCHF.p,/// THERANTO V3 ///
169261135,2026-03-25 10:45:00,1,4,0.02,0.0,0.0,0.0,0.0,EURCAD.p,/// THERANTO V3 ///
169263490,2026-03-25 10:46:43,1,4,0.02,0.0,212.951,0.0,0.0,GBPJPY.p,[tp 212.951]
169271982,2026-03-25 10:52:31,1,4,0.02,0.0,1.7133699999999998,0.0,0.0,GBPSGD.p,[tp 1.71337]
169271987,2026-03-25 10:52:31,0,4,0.02,0.0,0.0,0.0,0.0,GBPSGD.p,/// THERANTO V3 ///
169272077,2026-03-25 10:52:35,1,4,0.02,0.0,1.8455,0.0,0.0,GBPCAD.p,[tp 1.84550]
169275397,2026-03-25 10:55:59,1,4,0.02,0.0,92.538,0.0,0.0,NZDJPY.p,[tp 92.538]
169275411,2026-03-25 10:56:00,0,4,0.02,0.0,0.0,0.0,0.0,NZDJPY.p,/// THERANTO V3 ///
169280534,2026-03-25 11:00:00,1,4,0.02,0.0,0.0,0.0,0.0,CADCHF.p,/// THERANTO V3 ///
169283242,2026-03-25 11:01:02,1,4,0.02,0.0,1.05816,0.0,0.0,GBPCHF.p,[tp 1.05816]
169283291,2026-03-25 11:01:03,1,4,0.02,0.0,1.71422,0.0,0.0,GBPSGD.p,[tp 1.71422]
169289655,2026-03-25 11:03:53,1,4,0.02,0.0,1.33975,0.0,0.0,GBPUSD.p,[tp 1.33975]
169289662,2026-03-25 11:03:53,0,4,0.02,0.0,0.0,0.0,0.0,GBPUSD.p,/// THERANTO V3 ///
169290376,2026-03-25 11:04:14,1,4,0.02,0.0,0.4597,0.0,0.0,NZDCHF.p,[tp 0.45970]
169290378,2026-03-25 11:04:14,1,4,0.02,0.0,0.0,0.0,0.0,NZDCHF.p,/// THERANTO V3 ///
169291692,2026-03-25 11:05:17,0,4,0.02,0.0,201.259,0.0,0.0,CHFJPY.p,[tp 201.259]
169293300,2026-03-25 11:06:34,0,4,0.02,0.0,0.86538,0.0,0.0,EURGBP.p,[tp 0.86538]
169293924,2026-03-25 11:06:50,0,4,0.02,0.0,1.9936500000000001,0.0,0.0,EURNZD.p,[tp 1.99365]
169294663,2026-03-25 11:07:13,1,4,0.02,0.0,0.96136,0.0,0.0,AUDCAD.p,[tp 0.96136]
169302543,2026-03-25 11:10:12,1,4,0.02,0.0,0.0,0.0,0.0,EURGBP.p,/// THERANTO V3 ///
169302851,2026-03-25 11:10:29,1,4,0.02,0.0,1.34082,0.0,0.0,GBPUSD.p,[tp 1.34082]
169306911,2026-03-25 11:12:19,1,4,0.02,0.0,1.16078,0.0,0.0,EURUSD.p,[tp 1.16078]
169306915,2026-03-25 11:12:19,0,4,0.02,0.0,0.0,0.0,0.0,EURUSD.p,/// THERANTO V3 ///
169311296,2026-03-25 11:15:00,1,4,0.02,0.0,0.0,0.0,0.0,EURJPY.p,/// THERANTO V3 ///
169311310,2026-03-25 11:15:00,1,4,0.02,0.0,0.0,0.0,0.0,CHFJPY.p,/// THERANTO V3 ///
169311412,2026-03-25 11:15:04,1,4,0.02,0.0,0.80195,0.0,0.0,NZDCAD.p,[tp 0.80195]
169311979,2026-03-25 11:15:43,1,4,0.02,0.0,0.58202,0.0,0.0,NZDUSD.p,[tp 0.58202]
169311991,2026-03-25 11:15:43,0,4,0.02,0.0,0.0,0.0,0.0,NZDUSD.p,/// THERANTO V3 ///
169312453,2026-03-25 11:15:45,0,4,0.02,0.0,115.302,0.0,0.0,CADJPY.p,[tp 115.302]
169312468,2026-03-25 11:15:45,1,4,0.02,0.0,0.0,0.0,0.0,CADJPY.p,/// THERANTO V3 ///
169319138,2026-03-25 11:19:04,0,4,0.02,0.0,0.57269,0.0,0.0,CADCHF.p,[tp 0.57269]
169321690,2026-03-25 11:20:23,0,4,0.02,0.0,158.822,0.0,0.0,USDJPY.p,[tp 158.822]
169321693,2026-03-25 11:20:23,1,4,0.02,0.0,0.0,0.0,0.0,USDJPY.p,/// THERANTO V3 ///
169322507,2026-03-25 11:20:57,1,4,0.02,0.0,0.69814,0.0,0.0,AUDUSD.p,[tp 0.69814]
169322512,2026-03-25 11:20:57,0,4,0.02,0.0,0.0,0.0,0.0,AUDUSD.p,/// THERANTO V3 ///
169322600,2026-03-25 11:20:58,1,4,0.02,0.0,0.74491,0.0,0.0,NZDSGD.p,[tp 0.74491]
169323335,2026-03-25 11:21:19,1,4,0.02,0.0,0.89287,0.0,0.0,AUDSGD.p,[tp 0.89287]
169325798,2026-03-25 11:23:24,1,4,0.02,0.0,1.16137,0.0,0.0,EURUSD.p,[tp 1.16137]
169332184,2026-03-25 11:28:49,0,4,0.02,0.0,124.188,0.0,0.0,SGDJPY.p,[tp 124.188]
169332191,2026-03-25 11:28:50,1,4,0.02,0.0,0.0,0.0,0.0,SGDJPY.p,/// THERANTO V3 ///
169332558,2026-03-25 11:29:06,0,4,0.02,0.0,0.78876,0.0,0.0,USDCHF.p,[tp 0.78876]
169332571,2026-03-25 11:29:06,1,4,0.02,0.0,0.0,0.0,0.0,USDCHF.p,/// THERANTO V3 ///
169332649,2026-03-25 11:29:07,1,4,0.02,0.0,0.58276,0.0,0.0,NZDUSD.p,[tp 0.58276]
169333793,2026-03-25 11:30:00,1,4,0.02,0.0,0.0,0.0,0.0,EURNZD.p,/// THERANTO V3 ///
169333794,2026-03-25 11:30:00,1,4,0.02,0.0,0.0,0.0,0.0,GBPNZD.p,/// THERANTO V3 ///
169333804,2026-03-25 11:30:00,1,4,0.02,0.0,0.0,0.0,0.0,GBPJPY.p,/// THERANTO V3 ///
169333860,2026-03-25 11:30:00,1,4,0.02,0.0,0.0,0.0,0.0,GBPAUD.p,/// THERANTO V3 ///
169333945,2026-03-25 11:30:00,1,4,0.02,0.0,0.0,0.0,0.0,GBPCHF.p,/// THERANTO V3 ///
169335220,2026-03-25 11:31:07,0,4,0.02,0.0,1.66234,0.0,0.0,EURAUD.p,[tp 1.66234]
169335234,2026-03-25 11:31:08,1,4,0.02,0.0,0.0,0.0,0.0,EURAUD.p,/// THERANTO V3 ///
169335561,2026-03-25 11:31:17,0,4,0.02,0.0,184.402,0.0,0.0,EURJPY.p,[tp 184.402]
169335564,2026-03-25 11:31:17,1,4,0.02,0.0,0.0,0.0,0.0,EURJPY.p,/// THERANTO V3 ///
169336053,2026-03-25 11:31:48,1,4,0.02,0.0,0.69869,0.0,0.0,AUDUSD.p,[tp 0.69869]
169337230,2026-03-25 11:33:04,0,4,0.02,0.0,158.754,0.0,0.0,USDJPY.p,[tp 158.754]
169337381,2026-03-25 11:33:07,0,4,0.02,0.0,1.2783,0.0,0.0,USDSGD.p,[tp 1.27830]
169337392,2026-03-25 11:33:07,0,4,0.02,0.0,115.215,0.0,0.0,CADJPY.p,[tp 115.215]
169340013,2026-03-25 11:35:40,0,4,0.02,0.0,1.66181,0.0,0.0,EURAUD.p,[tp 1.66181]
169340425,2026-03-25 11:36:09,0,4,0.02,0.0,1.92032,0.0,0.0,GBPAUD.p,[tp 1.92032]
169340460,2026-03-25 11:36:12,0,4,0.02,0.0,2.30134,0.0,0.0,GBPNZD.p,[tp 2.30134]
169341138,2026-03-25 11:36:29,0,4,0.02,0.0,213.024,0.0,0.0,GBPJPY.p,[tp 213.024]
169341964,2026-03-25 11:36:33,0,4,0.02,0.0,184.347,0.0,0.0,EURJPY.p,[tp 184.347]
169345145,2026-03-25 11:37:44,0,4,0.02,0.0,1.99235,0.0,0.0,EURNZD.p,[tp 1.99235]
169351245,2026-03-25 11:40:20,1,4,0.02,0.0,92.594,0.0,0.0,NZDJPY.p,[tp 92.594]
169351251,2026-03-25 11:40:20,0,4,0.02,0.0,0.0,0.0,0.0,NZDJPY.p,/// THERANTO V3 ///
169358519,2026-03-25 11:45:00,1,4,0.02,0.0,0.0,0.0,0.0,GBPAUD.p,/// THERANTO V3 ///
169358534,2026-03-25 11:45:00,1,4,0.02,0.0,0.0,0.0,0.0,GBPNZD.p,/// THERANTO V3 ///
169358563,2026-03-25 11:45:00,1,4,0.02,0.0,0.0,0.0,0.0,EURUSD.p,/// THERANTO V3 ///
169358568,2026-03-25 11:45:00,0,4,0.02,0.0,0.0,0.0,0.0,USDSGD.p,/// THERANTO V3 ///
169358576,2026-03-25 11:45:00,0,4,0.02,0.0,0.0,0.0,0.0,USDJPY.p,/// THERANTO V3 ///
169358577,2026-03-25 11:45:00,1,4,0.02,0.0,0.0,0.0,0.0,GBPUSD.p,/// THERANTO V3 ///
169365566,2026-03-25 11:49:56,0,4,0.02,0.0,1.9202599999999999,0.0,0.0,GBPAUD.p,[tp 1.92026]
169365743,2026-03-25 11:50:04,0,4,0.02,0.0,2.30056,0.0,0.0,GBPNZD.p,[tp 2.30056]
169369735,2026-03-25 11:52:48,0,4,0.02,0.0,1.1606,0.0,0.0,EURUSD.p,[tp 1.16060]
169369774,2026-03-25 11:52:50,0,4,0.02,0.0,201.184,0.0,0.0,CHFJPY.p,[tp 201.184]
169371826,2026-03-25 11:54:35,0,4,0.02,0.0,1.34107,0.0,0.0,GBPUSD.p,[tp 1.34107]
169380104,2026-03-25 12:00:00,1,4,0.02,0.0,0.0,0.0,0.0,GBPCAD.p,/// THERANTO V3 ///
169380111,2026-03-25 12:00:00,1,4,0.02,0.0,0.0,0.0,0.0,GBPUSD.p,/// THERANTO V3 ///
169380112,2026-03-25 12:00:00,1,4,0.02,0.0,0.0,0.0,0.0,AUDUSD.p,/// THERANTO V3 ///
169380114,2026-03-25 12:00:00,1,4,0.02,0.0,0.0,0.0,0.0,AUDCAD.p,/// THERANTO V3 ///
169380120,2026-03-25 12:00:00,1,4,0.02,0.0,0.0,0.0,0.0,GBPJPY.p,/// THERANTO V3 ///
169380121,2026-03-25 12:00:00,1,4,0.02,0.0,0.0,0.0,0.0,EURUSD.p,/// THERANTO V3 ///
169380139,2026-03-25 12:00:00,1,4,0.02,0.0,0.0,0.0,0.0,GBPSGD.p,/// THERANTO V3 ///
169380165,2026-03-25 12:00:00,1,4,0.02,0.0,0.0,0.0,0.0,EURJPY.p,/// THERANTO V3 ///
169380170,2026-03-25 12:00:00,1,4,0.02,0.0,0.0,0.0,0.0,GBPAUD.p,/// THERANTO V3 ///
169380234,2026-03-25 12:00:00,1,4,0.02,0.0,0.0,0.0,0.0,EURSGD.p,/// THERANTO V3 ///
169382180,2026-03-25 12:01:16,0,4,0.02,0.0,124.132,0.0,0.0,SGDJPY.p,[tp 124.132]
169391922,2026-03-25 12:06:36,0,4,0.02,0.0,1.92008,0.0,0.0,GBPAUD.p,[tp 1.92008]
169408348,2026-03-25 12:15:00,0,4,0.02,0.0,0.0,0.0,0.0,SGDJPY.p,/// THERANTO V3 ///
169408380,2026-03-25 12:15:00,0,4,0.02,0.0,0.0,0.0,0.0,CHFJPY.p,/// THERANTO V3 ///
169408410,2026-03-25 12:15:00,0,4,0.02,0.0,0.0,0.0,0.0,CADJPY.p,/// THERANTO V3 ///
169414068,2026-03-25 12:17:52,0,4,0.02,0.0,1.34018,0.0,0.0,GBPUSD.p,[tp 1.34018]
169419293,2026-03-25 12:20:57,0,4,0.02,0.0,1.84781,0.0,0.0,GBPCAD.p,[tp 1.84781]
169422972,2026-03-25 12:23:08,0,4,0.02,0.0,0.96181,0.0,0.0,AUDCAD.p,[tp 0.96181]
169423190,2026-03-25 12:23:12,0,4,0.02,0.0,0.69753,0.0,0.0,AUDUSD.p,[tp 0.69753]
169423607,2026-03-25 12:23:25,1,4,0.02,0.0,1.27941,0.0,0.0,USDSGD.p,[tp 1.27941]
169427701,2026-03-25 12:25:23,0,4,0.02,0.0,1.7140499999999999,0.0,0.0,GBPSGD.p,[tp 1.71405]
169427714,2026-03-25 12:25:23,0,4,0.02,0.0,212.805,0.0,0.0,GBPJPY.p,[tp 212.805]
169427718,2026-03-25 12:25:23,1,4,0.02,0.0,0.0,0.0,0.0,GBPSGD.p,/// THERANTO V3 ///
169431180,2026-03-25 12:28:13,1,4,0.02,0.0,115.245,0.0,0.0,CADJPY.p,[tp 115.245]
169431253,2026-03-25 12:28:17,1,4,0.02,0.0,158.916,0.0,0.0,USDJPY.p,[tp 158.916]
169431255,2026-03-25 12:28:17,0,4,0.02,0.0,0.0,0.0,0.0,USDJPY.p,/// THERANTO V3 ///
169431384,2026-03-25 12:28:27,0,4,0.02,0.0,1.15972,0.0,0.0,EURUSD.p,[tp 1.15972]
169433127,2026-03-25 12:30:00,0,4,0.02,0.0,0.0,0.0,0.0,EURNZD.p,/// THERANTO V3 ///
169433164,2026-03-25 12:30:00,1,4,0.02,0.0,0.0,0.0,0.0,GBPCAD.p,/// THERANTO V3 ///
169433172,2026-03-25 12:30:00,1,4,0.02,0.0,0.0,0.0,0.0,AUDCAD.p,/// THERANTO V3 ///
169433178,2026-03-25 12:30:00,0,4,0.02,0.0,0.0,0.0,0.0,EURAUD.p,/// THERANTO V3 ///
169433180,2026-03-25 12:30:00,0,4,0.02,0.0,0.0,0.0,0.0,GBPNZD.p,/// THERANTO V3 ///
169433181,2026-03-25 12:30:00,1,4,0.02,0.0,0.0,0.0,0.0,GBPUSD.p,/// THERANTO V3 ///
169433194,2026-03-25 12:30:00,1,4,0.02,0.0,0.0,0.0,0.0,NZDUSD.p,/// THERANTO V3 ///
169433203,2026-03-25 12:30:00,1,4,0.02,0.0,0.0,0.0,0.0,NZDCAD.p,/// THERANTO V3 ///
169433205,2026-03-25 12:30:00,1,4,0.02,0.0,0.0,0.0,0.0,AUDUSD.p,/// THERANTO V3 ///
169433206,2026-03-25 12:30:00,0,4,0.02,0.0,0.0,0.0,0.0,CADJPY.p,/// THERANTO V3 ///
169433222,2026-03-25 12:30:01,1,4,0.02,0.0,0.0,0.0,0.0,NZDSGD.p,/// THERANTO V3 ///
169434913,2026-03-25 12:31:59,1,4,0.02,0.0,0.0,0.0,0.0,AUDSGD.p,/// THERANTO V3 ///
169434917,2026-03-25 12:31:59,0,4,0.02,0.0,0.0,0.0,0.0,CADCHF.p,/// THERANTO V3 ///
169434935,2026-03-25 12:32:00,1,4,0.02,0.0,0.0,0.0,0.0,AUDCHF.p,/// THERANTO V3 ///
169476246,2026-03-25 12:54:00,0,4,0.02,0.0,1.1975,0.0,0.0,AUDNZD.p,[tp 1.19750]
169486584,2026-03-25 13:00:00,1,4,0.02,0.0,0.0,0.0,0.0,USDSGD.p,/// THERANTO V3 ///
169486600,2026-03-25 13:00:00,0,4,0.02,0.0,0.0,0.0,0.0,EURUSD.p,/// THERANTO V3 ///
169486612,2026-03-25 13:00:00,1,4,0.02,0.0,0.0,0.0,0.0,GBPAUD.p,/// THERANTO V3 ///
169486672,2026-03-25 13:00:00,0,4,0.02,0.0,0.0,0.0,0.0,AUDJPY.p,/// THERANTO V3 ///
169492399,2026-03-25 13:03:36,1,4,0.02,0.0,1.66463,0.0,0.0,EURAUD.p,[tp 1.66463]
169494039,2026-03-25 13:04:43,1,4,0.02,0.0,201.262,0.0,0.0,CHFJPY.p,[tp 201.262]
169498646,2026-03-25 13:08:53,0,4,0.02,0.0,1.05791,0.0,0.0,GBPCHF.p,[tp 1.05791]
169498669,2026-03-25 13:08:57,1,4,0.02,0.0,0.0,0.0,0.0,GBPCHF.p,/// THERANTO V3 ///
169499135,2026-03-25 13:09:39,0,4,0.02,0.0,0.74429,0.0,0.0,NZDSGD.p,[tp 0.74429]
169500305,2026-03-25 13:10:39,0,4,0.02,0.0,0.45919,0.0,0.0,NZDCHF.p,[tp 0.45919]
169515430,2026-03-25 13:27:42,0,4,0.02,0.0,0.0,0.0,0.0,CHFJPY.p,/// THERANTO V3 ///
169519910,2026-03-25 13:32:31,1,4,0.02,0.0,2.30553,0.0,0.0,GBPNZD.p,[tp 2.30553]
169520766,2026-03-25 13:33:42,1,4,0.02,0.0,1.99547,0.0,0.0,EURNZD.p,[tp 1.99547]
169532069,2026-03-25 13:45:00,0,4,0.02,0.0,0.0,0.0,0.0,AUDNZD.p,/// THERANTO V3 ///
169532093,2026-03-25 13:45:00,1,4,0.02,0.0,0.0,0.0,0.0,EURAUD.p,/// THERANTO V3 ///
169532135,2026-03-25 13:45:00,1,4,0.02,0.0,0.0,0.0,0.0,EURNZD.p,/// THERANTO V3 ///
169532142,2026-03-25 13:45:01,1,4,0.02,0.0,0.0,0.0,0.0,GBPNZD.p,/// THERANTO V3 ///
169542420,2026-03-25 13:51:24,1,4,0.02,0.0,201.347,0.0,0.0,CHFJPY.p,[tp 201.347]
169545589,2026-03-25 13:54:01,0,4,0.02,0.0,2.30434,0.0,0.0,GBPNZD.p,[tp 2.30434]
169545941,2026-03-25 13:54:46,0,4,0.02,0.0,1.9941499999999999,0.0,0.0,EURNZD.p,[tp 1.99415]
169550364,2026-03-25 14:00:00,1,4,0.02,0.0,0.0,0.0,0.0,GBPNZD.p,/// THERANTO V3 ///
169550385,2026-03-25 14:00:00,1,4,0.02,0.0,0.0,0.0,0.0,EURNZD.p,/// THERANTO V3 ///
169550470,2026-03-25 14:00:00,0,4,0.02,0.0,0.0,0.0,0.0,NZDSGD.p,/// THERANTO V3 ///
169552491,2026-03-25 14:01:20,1,4,0.02,0.0,1.16061,0.0,0.0,EURUSD.p,[tp 1.16061]
169552508,2026-03-25 14:01:20,0,4,0.02,0.0,0.0,0.0,0.0,EURUSD.p,/// THERANTO V3 ///
169553564,2026-03-25 14:01:58,0,4,0.02,0.0,1.27893,0.0,0.0,USDSGD.p,[tp 1.27893]
169553572,2026-03-25 14:01:58,1,4,0.02,0.0,0.0,0.0,0.0,USDSGD.p,/// THERANTO V3 ///
169556806,2026-03-25 14:04:46,0,4,0.02,0.0,2.30355,0.0,0.0,GBPNZD.p,[tp 2.30355]
169556972,2026-03-25 14:04:49,0,4,0.02,0.0,1.99336,0.0,0.0,EURNZD.p,[tp 1.99336]
169557042,2026-03-25 14:04:53,0,4,0.02,0.0,1.66528,0.0,0.0,EURAUD.p,[tp 1.66528]
169557045,2026-03-25 14:04:54,1,4,0.02,0.0,0.0,0.0,0.0,EURAUD.p,/// THERANTO V3 ///
169567795,2026-03-25 14:15:00,1,4,0.02,0.0,0.0,0.0,0.0,GBPNZD.p,/// THERANTO V3 ///
169567806,2026-03-25 14:15:00,1,4,0.02,0.0,0.0,0.0,0.0,CHFJPY.p,/// THERANTO V3 ///
169567809,2026-03-25 14:15:00,0,4,0.02,0.0,0.0,0.0,0.0,NZDCHF.p,/// THERANTO V3 ///
169578205,2026-03-25 14:23:53,0,4,0.02,0.0,1.66474,0.0,0.0,EURAUD.p,[tp 1.66474]
169578210,2026-03-25 14:23:53,1,4,0.02,0.0,0.0,0.0,0.0,EURAUD.p,/// THERANTO V3 ///
169595605,2026-03-25 14:36:46,0,4,0.02,0.0,0.89108,0.0,0.0,AUDSGD.p,[tp 0.89108]
169595674,2026-03-25 14:36:54,0,4,0.02,0.0,2.30303,0.0,0.0,GBPNZD.p,[tp 2.30303]
169595675,2026-03-25 14:36:54,1,4,0.02,0.0,0.0,0.0,0.0,GBPNZD.p,/// THERANTO V3 ///
169597699,2026-03-25 14:39:21,1,4,0.02,0.0,124.256,0.0,0.0,SGDJPY.p,[tp 124.256]
169603062,2026-03-25 14:45:01,1,4,0.01,0.0,0.0,0.0,0.0,GBPCAD.p,/// THERANTO V3 ///
169605282,2026-03-25 14:47:35,0,4,0.02,0.0,0.54966,0.0,0.0,AUDCHF.p,[tp 0.54966]
169605411,2026-03-25 14:47:37,0,4,0.02,0.0,0.69667,0.0,0.0,AUDUSD.p,[tp 0.69667]
169606060,2026-03-25 14:47:39,0,4,0.02,0.0,0.9609,0.0,0.0,AUDCAD.p,[tp 0.96090]
169610607,2026-03-25 14:48:49,0,4,0.02,0.0,1.48325,0.0,0.0,EURSGD.p,[tp 1.48325]
169617770,2026-03-25 14:53:44,0,4,0.02,0.0,0.86487,0.0,0.0,EURGBP.p,[tp 0.86487]
169623770,2026-03-25 14:59:58,0,4,0.02,0.0,1.27831,0.0,0.0,USDSGD.p,[tp 1.27831]
169623944,2026-03-25 15:00:00,1,4,0.02,0.0,0.0,0.0,0.0,GBPJPY.p,/// THERANTO V3 ///
169623991,2026-03-25 15:00:00,0,4,0.02,0.0,0.0,0.0,0.0,EURGBP.p,/// THERANTO V3 ///
169635492,2026-03-25 15:08:01,1,4,0.02,0.0,1.1611799999999999,0.0,0.0,EURUSD.p,[tp 1.16118]
169648561,2026-03-25 15:17:08,0,4,0.02,0.0,213.046,0.0,0.0,GBPJPY.p,[tp 213.046]
169648599,2026-03-25 15:17:08,1,4,0.02,0.0,0.0,0.0,0.0,GBPJPY.p,/// THERANTO V3 ///
169649946,2026-03-25 15:17:45,0,4,0.02,0.0,1.05739,0.0,0.0,GBPCHF.p,[tp 1.05739]
169650218,2026-03-25 15:17:53,1,4,0.02,0.0,0.86557,0.0,0.0,EURGBP.p,[tp 0.86557]
169650223,2026-03-25 15:17:54,0,4,0.02,0.0,0.0,0.0,0.0,EURGBP.p,/// THERANTO V3 ///
169650422,2026-03-25 15:17:58,0,4,0.02,0.0,1.84815,0.0,0.0,GBPCAD.p,[tp 1.84815]
169650424,2026-03-25 15:17:58,0,4,0.01,0.0,1.84815,0.0,0.0,GBPCAD.p,[tp 1.84815]
169650432,2026-03-25 15:17:58,1,4,0.02,0.0,0.0,0.0,0.0,GBPCAD.p,/// THERANTO V3 ///
169655329,2026-03-25 15:19:59,0,4,0.02,0.0,0.58154,0.0,0.0,NZDUSD.p,[tp 0.58154]
169661352,2026-03-25 15:23:01,1,4,0.02,0.0,158.982,0.0,0.0,USDJPY.p,[tp 158.982]
169661500,2026-03-25 15:23:01,0,4,0.02,0.0,0.80212,0.0,0.0,NZDCAD.p,[tp 0.80212]
169684774,2026-03-25 15:30:00,0,4,0.02,0.0,0.0,0.0,0.0,EURNZD.p,/// THERANTO V3 ///
169684790,2026-03-25 15:30:00,0,4,0.02,0.0,0.0,0.0,0.0,USDSGD.p,/// THERANTO V3 ///
169684809,2026-03-25 15:30:00,1,4,0.02,0.0,0.0,0.0,0.0,NZDCAD.p,/// THERANTO V3 ///
169684865,2026-03-25 15:30:00,1,4,0.02,0.0,0.0,0.0,0.0,NZDUSD.p,/// THERANTO V3 ///
169684872,2026-03-25 15:30:00,0,4,0.02,0.0,0.0,0.0,0.0,USDJPY.p,/// THERANTO V3 ///
169684878,2026-03-25 15:30:00,1,4,0.02,0.0,0.0,0.0,0.0,EURUSD.p,/// THERANTO V3 ///
169684884,2026-03-25 15:30:00,1,4,0.02,0.0,0.0,0.0,0.0,GBPAUD.p,/// THERANTO V3 ///
169688768,2026-03-25 15:31:07,1,4,0.02,0.0,115.275,0.0,0.0,CADJPY.p,[tp 115.275]
169688784,2026-03-25 15:31:08,0,4,0.02,0.0,0.0,0.0,0.0,CADJPY.p,/// THERANTO V3 ///
169715898,2026-03-25 15:40:50,0,4,0.02,0.0,1.8473600000000001,0.0,0.0,GBPCAD.p,[tp 1.84736]
169715908,2026-03-25 15:40:50,1,4,0.02,0.0,0.0,0.0,0.0,GBPCAD.p,/// THERANTO V3 ///
169722892,2026-03-25 15:45:00,0,4,0.02,0.0,0.0,0.0,0.0,AUDSGD.p,/// THERANTO V3 ///
169724035,2026-03-25 15:45:16,1,4,0.02,0.0,115.336,0.0,0.0,CADJPY.p,[tp 115.336]
169724422,2026-03-25 15:45:21,1,4,0.02,0.0,159.057,0.0,0.0,USDJPY.p,[tp 159.057]
169724953,2026-03-25 15:45:25,0,4,0.02,0.0,1.15896,0.0,0.0,EURUSD.p,[tp 1.15896]
169733389,2026-03-25 15:49:46,0,4,0.02,0.0,1.3391600000000001,0.0,0.0,GBPUSD.p,[tp 1.33916]
169739544,2026-03-25 15:53:35,0,4,0.02,0.0,1.8467099999999999,0.0,0.0,GBPCAD.p,[tp 1.84671]
169741314,2026-03-25 15:54:47,1,4,0.02,0.0,0.89053,0.0,0.0,AUDSGD.p,[tp 0.89053]
169741560,2026-03-25 15:54:58,0,4,0.02,0.0,2.3024,0.0,0.0,GBPNZD.p,[tp 2.30240]
169741562,2026-03-25 15:54:58,1,4,0.02,0.0,0.0,0.0,0.0,GBPNZD.p,/// THERANTO V3 ///
169743365,2026-03-25 15:55:47,0,4,0.02,0.0,1.92388,0.0,0.0,GBPAUD.p,[tp 1.92388]
169743366,2026-03-25 15:55:47,0,4,0.02,0.0,1.92388,0.0,0.0,GBPAUD.p,[tp 1.92388]
169743371,2026-03-25 15:55:48,1,4,0.02,0.0,0.0,0.0,0.0,GBPAUD.p,/// THERANTO V3 ///
169743495,2026-03-25 15:55:53,0,4,0.02,0.0,212.965,0.0,0.0,GBPJPY.p,[tp 212.965]
169749920,2026-03-25 16:00:00,0,4,0.02,0.0,0.0,0.0,0.0,AUDSGD.p,/// THERANTO V3 ///
169749927,2026-03-25 16:00:00,0,4,0.02,0.0,0.0,0.0,0.0,AUDCAD.p,/// THERANTO V3 ///
169749978,2026-03-25 16:00:00,1,4,0.02,0.0,0.0,0.0,0.0,USDJPY.p,/// THERANTO V3 ///
169749979,2026-03-25 16:00:00,0,4,0.02,0.0,0.0,0.0,0.0,AUDUSD.p,/// THERANTO V3 ///
169749986,2026-03-25 16:00:00,0,4,0.02,0.0,0.0,0.0,0.0,AUDCHF.p,/// THERANTO V3 ///
169751026,2026-03-25 16:00:20,0,4,0.02,0.0,2.30179,0.0,0.0,GBPNZD.p,[tp 2.30179]
169751254,2026-03-25 16:00:22,0,4,0.02,0.0,1.59754,0.0,0.0,EURCAD.p,[tp 1.59754]
169751697,2026-03-25 16:00:28,0,4,0.02,0.0,0.80164,0.0,0.0,NZDCAD.p,[tp 0.80164]
169761812,2026-03-25 16:04:17,0,4,0.02,0.0,1.9232399999999998,0.0,0.0,GBPAUD.p,[tp 1.92324]
169761823,2026-03-25 16:04:17,1,4,0.02,0.0,0.0,0.0,0.0,GBPAUD.p,/// THERANTO V3 ///
169771184,2026-03-25 16:09:37,0,4,0.02,0.0,1.7132,0.0,0.0,GBPSGD.p,[tp 1.71320]
169773644,2026-03-25 16:11:23,0,4,0.02,0.0,158.944,0.0,0.0,USDJPY.p,[tp 158.944]
169777975,2026-03-25 16:14:04,0,4,0.02,0.0,201.211,0.0,0.0,CHFJPY.p,[tp 201.211]
169779083,2026-03-25 16:15:00,1,4,0.02,0.0,0.0,0.0,0.0,USDJPY.p,/// THERANTO V3 ///
169779143,2026-03-25 16:15:00,1,4,0.02,0.0,0.0,0.0,0.0,CHFJPY.p,/// THERANTO V3 ///
169779914,2026-03-25 16:15:47,0,4,0.02,0.0,1.66421,0.0,0.0,EURAUD.p,[tp 1.66421]
169779920,2026-03-25 16:15:47,1,4,0.02,0.0,0.0,0.0,0.0,EURAUD.p,/// THERANTO V3 ///
169783685,2026-03-25 16:18:04,1,4,0.02,0.0,0.55029,0.0,0.0,AUDCHF.p,[tp 0.55029]
169783690,2026-03-25 16:18:04,0,4,0.02,0.0,0.0,0.0,0.0,AUDCHF.p,/// THERANTO V3 ///
169784226,2026-03-25 16:18:27,1,4,0.02,0.0,0.89108,0.0,0.0,AUDSGD.p,[tp 0.89108]
169784231,2026-03-25 16:18:28,0,4,0.02,0.0,0.0,0.0,0.0,AUDSGD.p,/// THERANTO V3 ///
169785255,2026-03-25 16:19:19,1,4,0.02,0.0,0.69659,0.0,0.0,AUDUSD.p,[tp 0.69659]
169785257,2026-03-25 16:19:20,0,4,0.02,0.0,0.0,0.0,0.0,AUDUSD.p,/// THERANTO V3 ///
169786155,2026-03-25 16:20:02,1,4,0.02,0.0,0.57364,0.0,0.0,CADCHF.p,[tp 0.57364]
169798709,2026-03-25 16:27:30,0,4,0.02,0.0,201.178,0.0,0.0,CHFJPY.p,[tp 201.178]
169805182,2026-03-25 16:29:59,0,4,0.02,0.0,1.66369,0.0,0.0,EURAUD.p,[tp 1.66369]
169805185,2026-03-25 16:29:59,1,4,0.02,0.0,0.4601,0.0,0.0,NZDCHF.p,[tp 0.46010]
169805587,2026-03-25 16:30:00,0,4,0.02,0.0,1.9226100000000002,0.0,0.0,GBPAUD.p,[tp 1.92261]
169808584,2026-03-25 16:30:59,1,4,0.02,0.0,0.5508,0.0,0.0,AUDCHF.p,[tp 0.55080]
169828962,2026-03-25 16:39:54,0,4,0.02,0.0,184.17,0.0,0.0,EURJPY.p,[tp 184.170]
169838223,2026-03-25 16:44:16,1,4,0.02,0.0,1.2800099999999999,0.0,0.0,USDSGD.p,[tp 1.28001]
169839476,2026-03-25 16:45:00,0,4,0.02,0.0,0.0,0.0,0.0,GBPAUD.p,/// THERANTO V3 ///
169839538,2026-03-25 16:45:00,0,4,0.02,0.0,0.0,0.0,0.0,GBPSGD.p,/// THERANTO V3 ///
169855594,2026-03-25 16:50:25,1,4,0.02,0.0,1.92414,0.0,0.0,GBPAUD.p,[tp 1.92414]
169869339,2026-03-25 16:55:33,0,4,0.02,0.0,0.58089,0.0,0.0,NZDUSD.p,[tp 0.58089]
169878582,2026-03-25 17:00:00,0,4,0.02,0.0,0.0,0.0,0.0,EURAUD.p,/// THERANTO V3 ///
169878585,2026-03-25 17:00:00,0,4,0.02,0.0,0.0,0.0,0.0,CHFJPY.p,/// THERANTO V3 ///
169878729,2026-03-25 17:00:00,1,4,0.02,0.0,0.0,0.0,0.0,AUDCHF.p,/// THERANTO V3 ///
169908985,2026-03-25 17:15:00,1,4,0.02,0.0,0.0,0.0,0.0,GBPAUD.p,/// THERANTO V3 ///
169908994,2026-03-25 17:15:00,0,4,0.02,0.0,0.0,0.0,0.0,EURCAD.p,/// THERANTO V3 ///
169909022,2026-03-25 17:15:00,0,4,0.02,0.0,0.0,0.0,0.0,EURUSD.p,/// THERANTO V3 ///
169910927,2026-03-25 17:16:03,1,4,0.02,0.0,201.13,0.0,0.0,CHFJPY.p,[tp 201.130]
169911007,2026-03-25 17:16:04,0,4,0.02,0.0,0.0,0.0,0.0,CHFJPY.p,/// THERANTO V3 ///
169917974,2026-03-25 17:19:11,1,4,0.02,0.0,0.96004,0.0,0.0,AUDCAD.p,[tp 0.96004]
169918051,2026-03-25 17:19:12,0,4,0.02,0.0,0.0,0.0,0.0,AUDCAD.p,/// THERANTO V3 ///
169919541,2026-03-25 17:19:45,1,4,0.02,0.0,0.86608,0.0,0.0,EURGBP.p,[tp 0.86608]
169920899,2026-03-25 17:20:27,1,4,0.02,0.0,110.782,0.0,0.0,AUDJPY.p,[tp 110.782]
169920904,2026-03-25 17:20:27,0,4,0.02,0.0,0.0,0.0,0.0,AUDJPY.p,/// THERANTO V3 ///
169928454,2026-03-25 17:25:05,0,4,0.02,0.0,1.92122,0.0,0.0,GBPAUD.p,[tp 1.92122]
169929321,2026-03-25 17:25:16,1,4,0.02,0.0,1.5967799999999999,0.0,0.0,EURCAD.p,[tp 1.59678]
169930089,2026-03-25 17:25:26,1,4,0.02,0.0,1.15817,0.0,0.0,EURUSD.p,[tp 1.15817]
169939823,2026-03-25 17:29:30,1,4,0.02,0.0,201.222,0.0,0.0,CHFJPY.p,[tp 201.222]
169941483,2026-03-25 17:30:00,1,4,0.02,0.0,0.0,0.0,0.0,CADJPY.p,/// THERANTO V3 ///
169941512,2026-03-25 17:30:00,0,4,0.02,0.0,0.0,0.0,0.0,EURUSD.p,/// THERANTO V3 ///
169941559,2026-03-25 17:30:00,0,4,0.02,0.0,0.0,0.0,0.0,CHFJPY.p,/// THERANTO V3 ///
169941569,2026-03-25 17:30:00,1,4,0.02,0.0,0.0,0.0,0.0,CADCHF.p,/// THERANTO V3 ///
169941573,2026-03-25 17:30:00,0,4,0.02,0.0,0.0,0.0,0.0,GBPCAD.p,/// THERANTO V3 ///
169941634,2026-03-25 17:30:00,0,4,0.02,0.0,0.0,0.0,0.0,EURSGD.p,/// THERANTO V3 ///
169941656,2026-03-25 17:30:00,0,4,0.02,0.0,0.0,0.0,0.0,EURCAD.p,/// THERANTO V3 ///
169945751,2026-03-25 17:32:33,1,4,0.02,0.0,0.96061,0.0,0.0,AUDCAD.p,[tp 0.96061]
169945775,2026-03-25 17:32:34,0,4,0.02,0.0,0.0,0.0,0.0,AUDCAD.p,/// THERANTO V3 ///
169957519,2026-03-25 17:41:38,1,4,0.02,0.0,1.8448099999999998,0.0,0.0,GBPCAD.p,[tp 1.84481]
169964551,2026-03-25 17:45:00,0,4,0.02,0.0,0.0,0.0,0.0,GBPNZD.p,/// THERANTO V3 ///
169964568,2026-03-25 17:45:00,0,4,0.02,0.0,0.0,0.0,0.0,GBPCAD.p,/// THERANTO V3 ///
169967323,2026-03-25 17:46:05,1,4,0.02,0.0,1.5977000000000001,0.0,0.0,EURCAD.p,[tp 1.59770]
169967469,2026-03-25 17:46:05,0,4,0.02,0.0,0.0,0.0,0.0,EURCAD.p,/// THERANTO V3 ///
169973691,2026-03-25 17:48:25,0,4,0.02,0.0,115.307,0.0,0.0,CADJPY.p,[tp 115.307]
169973842,2026-03-25 17:48:26,1,4,0.02,0.0,0.0,0.0,0.0,CADJPY.p,/// THERANTO V3 ///
169974546,2026-03-25 17:48:35,0,4,0.02,0.0,0.57289,0.0,0.0,CADCHF.p,[tp 0.57289]
169974576,2026-03-25 17:48:36,1,4,0.02,0.0,0.0,0.0,0.0,CADCHF.p,/// THERANTO V3 ///
169983306,2026-03-25 17:51:05,1,4,0.02,0.0,0.96119,0.0,0.0,AUDCAD.p,[tp 0.96119]
169985693,2026-03-25 17:52:10,1,4,0.02,0.0,1.1587,0.0,0.0,EURUSD.p,[tp 1.15870]
169989449,2026-03-25 17:53:55,1,4,0.02,0.0,2.29954,0.0,0.0,GBPNZD.p,[tp 2.29954]
169989942,2026-03-25 17:54:08,1,4,0.02,0.0,1.84677,0.0,0.0,GBPCAD.p,[tp 1.84677]
170000036,2026-03-25 18:00:00,0,4,0.02,0.0,0.0,0.0,0.0,GBPAUD.p,/// THERANTO V3 ///
170000131,2026-03-25 18:00:00,0,4,0.02,0.0,0.0,0.0,0.0,GBPNZD.p,/// THERANTO V3 ///
170000136,2026-03-25 18:00:00,0,4,0.02,0.0,0.0,0.0,0.0,GBPJPY.p,/// THERANTO V3 ///
170000246,2026-03-25 18:00:00,0,4,0.02,0.0,0.0,0.0,0.0,GBPCAD.p,/// THERANTO V3 ///
170000305,2026-03-25 18:00:00,0,4,0.02,0.0,0.0,0.0,0.0,GBPUSD.p,/// THERANTO V3 ///
170000311,2026-03-25 18:00:00,0,4,0.02,0.0,0.0,0.0,0.0,EURUSD.p,/// THERANTO V3 ///
170004959,2026-03-25 18:02:08,1,4,0.02,0.0,110.841,0.0,0.0,AUDJPY.p,[tp 110.841]
170007209,2026-03-25 18:03:36,1,4,0.02,0.0,0.89162,0.0,0.0,AUDSGD.p,[tp 0.89162]
170007786,2026-03-25 18:03:51,1,4,0.02,0.0,1.59857,0.0,0.0,EURCAD.p,[tp 1.59857]
170007791,2026-03-25 18:03:52,0,4,0.02,0.0,0.0,0.0,0.0,EURCAD.p,/// THERANTO V3 ///
170014955,2026-03-25 18:07:05,1,4,0.02,0.0,0.74495,0.0,0.0,NZDSGD.p,[tp 0.74495]
170016884,2026-03-25 18:07:48,1,4,0.02,0.0,1.9218899999999999,0.0,0.0,GBPAUD.p,[tp 1.92189]
170026332,2026-03-25 18:10:50,1,4,0.02,0.0,1.8469600000000002,0.0,0.0,GBPCAD.p,[tp 1.84696]
170034232,2026-03-25 18:15:00,1,4,0.02,0.0,0.0,0.0,0.0,AUDCAD.p,/// THERANTO V3 ///
170034261,2026-03-25 18:15:00,1,4,0.02,0.0,0.0,0.0,0.0,AUDJPY.p,/// THERANTO V3 ///
170034274,2026-03-25 18:15:00,0,4,0.02,0.0,0.0,0.0,0.0,GBPAUD.p,/// THERANTO V3 ///
170043506,2026-03-25 18:17:16,1,4,0.02,0.0,2.30014,0.0,0.0,GBPNZD.p,[tp 2.30014]
170079496,2026-03-25 18:37:41,0,4,0.02,0.0,115.25,0.0,0.0,CADJPY.p,[tp 115.250]
170080232,2026-03-25 18:38:28,0,4,0.02,0.0,110.662,0.0,0.0,AUDJPY.p,[tp 110.662]
170102448,2026-03-25 19:00:00,0,4,0.02,0.0,0.0,0.0,0.0,CADJPY.p,/// THERANTO V3 ///
170102465,2026-03-25 19:00:00,0,4,0.02,0.0,0.0,0.0,0.0,EURJPY.p,/// THERANTO V3 ///
170102506,2026-03-25 19:00:00,0,4,0.02,0.0,0.0,0.0,0.0,GBPNZD.p,/// THERANTO V3 ///
170122099,2026-03-25 19:15:01,0,4,0.02,0.0,0.0,0.0,0.0,GBPCAD.p,/// THERANTO V3 ///
170138777,2026-03-25 19:25:17,1,4,0.02,0.0,1.84629,0.0,0.0,GBPCAD.p,[tp 1.84629]
170139022,2026-03-25 19:25:26,1,4,0.02,0.0,212.953,0.0,0.0,GBPJPY.p,[tp 212.953]
170139709,2026-03-25 19:25:43,1,4,0.02,0.0,92.654,0.0,0.0,NZDJPY.p,[tp 92.654]
170209220,2026-03-25 20:10:50,1,4,0.02,0.0,184.252,0.0,0.0,EURJPY.p,[tp 184.252]
170244612,2026-03-25 20:35:37,1,4,0.02,0.0,1.33904,0.0,0.0,GBPUSD.p,[tp 1.33904]
170248708,2026-03-25 20:39:08,1,4,0.02,0.0,201.279,0.0,0.0,CHFJPY.p,[tp 201.279]
170275892,2026-03-25 21:00:00,1,4,0.02,0.0,0.0,0.0,0.0,GBPUSD.p,/// THERANTO V3 ///
170305407,2026-03-25 21:15:00,1,4,0.02,0.0,0.0,0.0,0.0,GBPJPY.p,/// THERANTO V3 ///
170325936,2026-03-25 21:35:31,0,4,0.02,0.0,1.33789,0.0,0.0,GBPUSD.p,[tp 1.33789]
170335740,2026-03-25 21:45:00,1,4,0.02,0.0,0.0,0.0,0.0,EURJPY.p,/// THERANTO V3 ///
170335780,2026-03-25 21:45:00,1,4,0.02,0.0,0.0,0.0,0.0,CHFJPY.p,/// THERANTO V3 ///
170350613,2026-03-25 21:55:29,1,4,0.02,0.0,2.3005,0.0,0.0,GBPNZD.p,[tp 2.30050]
170352665,2026-03-25 21:55:51,1,4,0.02,0.0,1.92312,0.0,0.0,GBPAUD.p,[tp 1.92312]
170352697,2026-03-25 21:55:51,0,4,0.02,0.0,213.045,0.0,0.0,GBPJPY.p,[tp 213.045]
170352772,2026-03-25 21:55:52,1,4,0.02,0.0,0.0,0.0,0.0,GBPJPY.p,/// THERANTO V3 ///
170352838,2026-03-25 21:55:52,0,4,0.02,0.0,0.95968,0.0,0.0,AUDCAD.p,[tp 0.95968]
170353007,2026-03-25 21:55:53,0,4,0.02,0.0,184.349,0.0,0.0,EURJPY.p,[tp 184.349]
170356952,2026-03-25 21:57:11,1,4,0.02,0.0,115.435,0.0,0.0,CADJPY.p,[tp 115.435]
170360631,2026-03-25 22:00:00,1,4,0.02,0.0,0.0,0.0,0.0,EURJPY.p,/// THERANTO V3 ///
170360654,2026-03-25 22:00:00,1,4,0.02,0.0,0.0,0.0,0.0,USDJPY.p,/// THERANTO V3 ///
170417216,2026-03-25 22:30:00,0,4,0.02,0.0,0.0,0.0,0.0,GBPUSD.p,/// THERANTO V3 ///
170485162,2026-03-25 23:30:10,0,4,0.02,0.0,184.331,0.0,0.0,EURJPY.p,[tp 184.331]
170544020,2026-03-26 01:11:55,0,4,0.02,0.0,0.91507,0.0,0.0,EURCHF.p,[tp 0.91507]
170545629,2026-03-26 01:12:48,0,4,0.02,0.0,0.54948,0.0,0.0,AUDCHF.p,[tp 0.54948]
170548901,2026-03-26 01:15:00,0,4,0.02,0.0,0.0,0.0,0.0,GBPNZD.p,/// THERANTO V3 ///
170548907,2026-03-26 01:15:00,0,4,0.02,0.0,0.0,0.0,0.0,GBPCAD.p,/// THERANTO V3 ///
170563448,2026-03-26 01:30:00,1,4,0.02,0.0,0.0,0.0,0.0,GBPAUD.p,/// THERANTO V3 ///
170580275,2026-03-26 01:44:45,0,4,0.02,0.0,1.92276,0.0,0.0,GBPAUD.p,[tp 1.92276]
170658506,2026-03-26 02:45:58,0,4,0.02,0.0,212.964,0.0,0.0,GBPJPY.p,[tp 212.964]
170668803,2026-03-26 03:00:00,1,4,0.02,0.0,0.0,0.0,0.0,GBPAUD.p,/// THERANTO V3 ///
170680118,2026-03-26 03:06:15,1,4,0.02,0.0,1.84634,0.0,0.0,GBPCAD.p,[tp 1.84634]
170698598,2026-03-26 03:18:40,0,4,0.02,0.0,1.92408,0.0,0.0,GBPAUD.p,[tp 1.92408]
170717638,2026-03-26 03:39:37,0,4,0.02,0.0,201.295,0.0,0.0,CHFJPY.p,[tp 201.295]
170739812,2026-03-26 03:58:25,1,4,0.02,0.0,1.66612,0.0,0.0,EURAUD.p,[tp 1.66612]
170927950,2026-03-26 06:14:16,1,4,0.02,0.0,1.48279,0.0,0.0,EURSGD.p,[tp 1.48279]
171126123,2026-03-26 09:17:12,1,4,0.02,0.0,1.71399,0.0,0.0,GBPSGD.p,[tp 1.71399]
171428637,2026-03-26 11:49:24,0,4,0.02,0.0,0.5724,0.0,0.0,CADCHF.p,[tp 0.57240]
171474122,2026-03-26 12:10:41,1,4,0.02,0.0,1.59912,0.0,0.0,EURCAD.p,[tp 1.59912]
172028804,2026-03-26 17:23:43,1,4,0.02,0.0,1.337,0.0,0.0,GBPUSD.p,[tp 1.33700]
172224936,2026-03-26 18:56:41,1,4,0.02,0.0,0.0,0.0,0.0,AUDNZD.p,
172224965,2026-03-26 18:56:42,1,4,0.02,0.0,0.0,0.0,0.0,AUDUSD.p,
172224987,2026-03-26 18:56:43,1,4,0.02,0.0,0.0,0.0,0.0,EURNZD.p,
172225004,2026-03-26 18:56:44,1,4,0.02,0.0,0.0,0.0,0.0,EURUSD.p,
172225042,2026-03-26 18:56:46,1,4,0.02,0.0,0.0,0.0,0.0,GBPNZD.p,
172225083,2026-03-26 18:56:47,0,4,0.02,0.0,0.0,0.0,0.0,USDCAD.p,
172225202,2026-03-26 18:56:48,0,4,0.02,0.0,0.0,0.0,0.0,USDCHF.p,
172225230,2026-03-26 18:56:49,0,4,0.02,0.0,0.0,0.0,0.0,USDJPY.p,
172225375,2026-03-26 18:56:51,0,4,0.02,0.0,0.0,0.0,0.0,USDJPY.p,
172250595,2026-03-26 19:11:11,1,4,1.0,0.0,0.0,0.0,0.0,GBPSGD.p,M15/E25/TP3/Tsto1
172250599,2026-03-26 19:11:11,1,4,1.0,0.0,0.0,0.0,0.0,EURJPY.p,M15/E25/TP3/Tsto1
172250609,2026-03-26 19:11:11,1,4,1.0,0.0,0.0,0.0,0.0,EURJPY.p,M15/E25/TP3/Tsto1
172250611,2026-03-26 19:11:11,1,4,1.0,0.0,0.0,0.0,0.0,GBPAUD.p,M15/E25/TP3/Tsto1
172250616,2026-03-26 19:11:12,1,4,1.0,0.0,0.0,0.0,0.0,GBPAUD.p,M15/E25/TP3/Tsto1
172250620,2026-03-26 19:11:12,1,4,1.0,0.0,0.0,0.0,0.0,GBPCHF.p,M15/E25/TP3/Tsto1
172250625,2026-03-26 19:11:12,0,4,1.0,0.0,0.0,0.0,0.0,AUDCHF.p,M15/E25/TP3/Tsto1
172250630,2026-03-26 19:11:12,0,4,1.0,0.0,0.0,0.0,0.0,AUDNZD.p,M15/E25/TP3/Tsto1
172250632,2026-03-26 19:11:12,1,4,1.0,0.0,0.0,0.0,0.0,GBPSGD.p,M15/E25/TP3/Tsto1
172250637,2026-03-26 19:11:12,1,4,1.0,0.0,0.0,0.0,0.0,GBPNZD.p,M15/E25/TP3/Tsto1
172250640,2026-03-26 19:11:13,1,4,1.0,0.0,0.0,0.0,0.0,USDSGD.p,M15/E25/TP3/Tsto1
172250641,2026-03-26 19:11:13,1,4,1.0,0.0,0.0,0.0,0.0,EURCAD.p,M15/E25/TP3/Tsto1
172250646,2026-03-26 19:11:13,1,4,1.0,0.0,0.0,0.0,0.0,EURCHF.p,M15/E25/TP3/Tsto1
172250650,2026-03-26 19:11:13,1,4,1.0,0.0,0.0,0.0,0.0,GBPJPY.p,M15/E25/TP3/Tsto1
172250654,2026-03-26 19:11:13,1,4,1.0,0.0,0.0,0.0,0.0,SGDJPY.p,M15/E25/TP3/Tsto1
172250657,2026-03-26 19:11:14,1,4,2.0,0.0,0.0,0.0,0.0,EURJPY.p,M15/E25/TP3/Tsto1
172250658,2026-03-26 19:11:14,1,4,1.0,0.0,0.0,0.0,0.0,GBPCHF.p,M15/E25/TP3/Tsto1
172250661,2026-03-26 19:11:14,0,4,1.0,0.0,0.0,0.0,0.0,AUDUSD.p,M15/E25/TP3/Tsto1
172250663,2026-03-26 19:11:14,0,4,1.0,0.0,0.0,0.0,0.0,NZDUSD.p,M15/E25/TP3/Tsto1
172250670,2026-03-26 19:11:14,0,4,1.0,0.0,0.0,0.0,0.0,AUDNZD.p,M15/E25/TP3/Tsto1
172250673,2026-03-26 19:11:14,1,4,2.0,0.0,0.0,0.0,0.0,GBPAUD.p,M15/E25/TP3/Tsto1
172250677,2026-03-26 19:11:15,1,4,1.0,0.0,0.0,0.0,0.0,USDJPY.p,M15/E25/TP3/Tsto1
172250680,2026-03-26 19:11:15,1,4,1.0,0.0,0.0,0.0,0.0,USDCHF.p,M15/E25/TP3/Tsto1
172250683,2026-03-26 19:11:15,0,4,1.0,0.0,0.0,0.0,0.0,EURUSD.p,M15/E25/TP3/Tsto1
172250686,2026-03-26 19:11:15,0,4,1.0,0.0,0.0,0.0,0.0,AUDJPY.p,M15/E25/TP3/Tsto1
172250688,2026-03-26 19:11:15,1,4,1.0,0.0,0.0,0.0,0.0,EURAUD.p,M15/E25/TP3/Tsto1
172250690,2026-03-26 19:11:16,1,4,1.0,0.0,0.0,0.0,0.0,GBPCAD.p,M15/E25/TP3/Tsto1
172250693,2026-03-26 19:11:16,0,4,1.0,0.0,0.0,0.0,0.0,NZDCAD.p,M15/E25/TP3/Tsto1
172250694,2026-03-26 19:11:16,0,4,1.0,0.0,0.0,0.0,0.0,AUDCAD.p,M15/E25/TP3/Tsto1
172250711,2026-03-26 19:11:16,0,4,1.0,0.0,0.0,0.0,0.0,CADJPY.p,M15/E25/TP3/Tsto1
172250714,2026-03-26 19:11:16,0,4,1.0,0.0,0.0,0.0,0.0,NZDUSD.p,M15/E25/TP3/Tsto1
172250720,2026-03-26 19:11:17,0,4,1.0,0.0,0.0,0.0,0.0,AUDCHF.p,M15/E25/TP3/Tsto1
172250729,2026-03-26 19:11:17,1,4,1.0,0.0,0.0,0.0,0.0,USDCAD.p,M15/E25/TP3/Tsto1
172250739,2026-03-26 19:11:17,0,4,1.0,0.0,0.0,0.0,0.0,NZDCHF.p,M15/E25/TP3/Tsto1
172250749,2026-03-26 19:11:17,0,4,1.0,0.0,0.0,0.0,0.0,EURGBP.p,M15/E25/TP3/Tsto1
172250759,2026-03-26 19:11:17,0,4,1.0,0.0,0.0,0.0,0.0,EURSGD.p,M15/E25/TP3/Tsto1
172250764,2026-03-26 19:11:17,0,4,1.0,0.0,0.0,0.0,0.0,NZDSGD.p,M15/E25/TP3/Tsto1
172250767,2026-03-26 19:11:18,0,4,1.0,0.0,0.0,0.0,0.0,AUDSGD.p,M15/E25/TP3/Tsto1
172250775,2026-03-26 19:11:18,0,4,1.0,0.0,0.0,0.0,0.0,NZDJPY.p,M15/E25/TP3/Tsto1
172250793,2026-03-26 19:11:18,1,4,1.0,0.0,0.0,0.0,0.0,GBPUSD.p,M15/E25/TP3/Tsto1
172250807,2026-03-26 19:11:18,0,4,1.0,0.0,0.0,0.0,0.0,CHFJPY.p,M15/E25/TP3/Tsto1
172254755,2026-03-26 19:13:46,0,4,1.0,0.0,0.0,0.0,0.0,GBPSGD.p,
172254756,2026-03-26 19:13:46,0,4,1.0,0.0,0.0,0.0,0.0,EURJPY.p,
172254757,2026-03-26 19:13:46,0,4,1.0,0.0,0.0,0.0,0.0,EURJPY.p,
172254758,2026-03-26 19:13:46,0,4,1.0,0.0,0.0,0.0,0.0,GBPAUD.p,
172254759,2026-03-26 19:13:46,0,4,1.0,0.0,0.0,0.0,0.0,GBPAUD.p,
172254760,2026-03-26 19:13:46,0,4,1.0,0.0,0.0,0.0,0.0,GBPCHF.p,
172254761,2026-03-26 19:13:46,1,4,1.0,0.0,0.0,0.0,0.0,AUDCHF.p,
172254762,2026-03-26 19:13:46,1,4,1.0,0.0,0.0,0.0,0.0,AUDNZD.p,
172254763,2026-03-26 19:13:46,0,4,1.0,0.0,0.0,0.0,0.0,GBPSGD.p,
172254768,2026-03-26 19:13:47,0,4,1.0,0.0,0.0,0.0,0.0,GBPNZD.p,
172254769,2026-03-26 19:13:47,0,4,1.0,0.0,0.0,0.0,0.0,USDSGD.p,
172254770,2026-03-26 19:13:47,0,4,1.0,0.0,0.0,0.0,0.0,EURCAD.p,
172254771,2026-03-26 19:13:47,0,4,1.0,0.0,0.0,0.0,0.0,EURCHF.p,
172254772,2026-03-26 19:13:47,0,4,1.0,0.0,0.0,0.0,0.0,GBPJPY.p,
172254773,2026-03-26 19:13:47,0,4,1.0,0.0,0.0,0.0,0.0,SGDJPY.p,
172254774,2026-03-26 19:13:47,0,4,2.0,0.0,0.0,0.0,0.0,EURJPY.p,
172254775,2026-03-26 19:13:47,0,4,1.0,0.0,0.0,0.0,0.0,GBPCHF.p,
172254776,2026-03-26 19:13:47,1,4,1.0,0.0,0.0,0.0,0.0,AUDUSD.p,
172254777,2026-03-26 19:13:47,1,4,1.0,0.0,0.0,0.0,0.0,NZDUSD.p,
172254778,2026-03-26 19:13:47,1,4,1.0,0.0,0.0,0.0,0.0,AUDNZD.p,
172254779,2026-03-26 19:13:47,0,4,2.0,0.0,0.0,0.0,0.0,GBPAUD.p,
172254780,2026-03-26 19:13:47,0,4,1.0,0.0,0.0,0.0,0.0,USDJPY.p,
172254781,2026-03-26 19:13:47,0,4,1.0,0.0,0.0,0.0,0.0,USDCHF.p,
172254782,2026-03-26 19:13:47,1,4,1.0,0.0,0.0,0.0,0.0,EURUSD.p,
172254783,2026-03-26 19:13:47,1,4,1.0,0.0,0.0,0.0,0.0,AUDJPY.p,
172254784,2026-03-26 19:13:47,0,4,1.0,0.0,0.0,0.0,0.0,EURAUD.p,
172254785,2026-03-26 19:13:47,0,4,1.0,0.0,0.0,0.0,0.0,GBPCAD.p,
172254786,2026-03-26 19:13:47,1,4,1.0,0.0,0.0,0.0,0.0,NZDCAD.p,
172254787,2026-03-26 19:13:47,1,4,1.0,0.0,0.0,0.0,0.0,AUDCAD.p,
172254788,2026-03-26 19:13:47,1,4,1.0,0.0,0.0,0.0,0.0,CADJPY.p,
172254789,2026-03-26 19:13:47,1,4,1.0,0.0,0.0,0.0,0.0,NZDUSD.p,
172254790,2026-03-26 19:13:47,1,4,1.0,0.0,0.0,0.0,0.0,AUDCHF.p,
172254791,2026-03-26 19:13:47,0,4,1.0,0.0,0.0,0.0,0.0,USDCAD.p,
172254792,2026-03-26 19:13:47,1,4,1.0,0.0,0.0,0.0,0.0,NZDCHF.p,
172254793,2026-03-26 19:13:47,1,4,1.0,0.0,0.0,0.0,0.0,EURGBP.p,
172254794,2026-03-26 19:13:47,1,4,1.0,0.0,0.0,0.0,0.0,EURSGD.p,
172254795,2026-03-26 19:13:47,1,4,1.0,0.0,0.0,0.0,0.0,NZDSGD.p,
172254796,2026-03-26 19:13:47,1,4,1.0,0.0,0.0,0.0,0.0,AUDSGD.p,
172254797,2026-03-26 19:13:47,1,4,1.0,0.0,0.0,0.0,0.0,NZDJPY.p,
172254798,2026-03-26 19:13:47,0,4,1.0,0.0,0.0,0.0,0.0,GBPUSD.p,
172254799,2026-03-26 19:13:47,1,4,1.0,0.0,0.0,0.0,0.0,CHFJPY.p,
172296029,2026-03-26 19:25:15,1,4,0.1,0.0,0.0,0.0,0.0,GBPSGD.p,M15/E25/TP3/Tsto1
172296042,2026-03-26 19:25:15,1,4,0.1,0.0,0.0,0.0,0.0,EURJPY.p,M15/E25/TP3/Tsto1
172296084,2026-03-26 19:25:15,1,4,0.1,0.0,0.0,0.0,0.0,EURJPY.p,M15/E25/TP3/Tsto1
172296121,2026-03-26 19:25:16,1,4,0.1,0.0,0.0,0.0,0.0,GBPAUD.p,M15/E25/TP3/Tsto1
172296150,2026-03-26 19:25:16,1,4,0.1,0.0,0.0,0.0,0.0,GBPAUD.p,M15/E25/TP3/Tsto1
172296171,2026-03-26 19:25:16,1,4,0.1,0.0,0.0,0.0,0.0,GBPCHF.p,M15/E25/TP3/Tsto1
172296207,2026-03-26 19:25:16,0,4,0.1,0.0,0.0,0.0,0.0,AUDCHF.p,M15/E25/TP3/Tsto1
172296238,2026-03-26 19:25:16,0,4,0.1,0.0,0.0,0.0,0.0,AUDNZD.p,M15/E25/TP3/Tsto1
172296259,2026-03-26 19:25:16,1,4,0.1,0.0,0.0,0.0,0.0,GBPSGD.p,M15/E25/TP3/Tsto1
172296280,2026-03-26 19:25:17,1,4,0.1,0.0,0.0,0.0,0.0,GBPNZD.p,M15/E25/TP3/Tsto1
172296298,2026-03-26 19:25:17,1,4,0.1,0.0,0.0,0.0,0.0,USDSGD.p,M15/E25/TP3/Tsto1
172296381,2026-03-26 19:25:17,1,4,0.1,0.0,0.0,0.0,0.0,EURCAD.p,M15/E25/TP3/Tsto1
172296470,2026-03-26 19:25:17,1,4,0.1,0.0,0.0,0.0,0.0,EURCHF.p,M15/E25/TP3/Tsto1
172296517,2026-03-26 19:25:17,1,4,0.1,0.0,0.0,0.0,0.0,GBPJPY.p,M15/E25/TP3/Tsto1
172296584,2026-03-26 19:25:18,1,4,0.1,0.0,0.0,0.0,0.0,SGDJPY.p,M15/E25/TP3/Tsto1
172296618,2026-03-26 19:25:18,1,4,0.2,0.0,0.0,0.0,0.0,EURJPY.p,M15/E25/TP3/Tsto1
172296642,2026-03-26 19:25:18,1,4,0.1,0.0,0.0,0.0,0.0,GBPCHF.p,M15/E25/TP3/Tsto1
172296665,2026-03-26 19:25:18,0,4,0.1,0.0,0.0,0.0,0.0,AUDUSD.p,M15/E25/TP3/Tsto1
172296683,2026-03-26 19:25:18,0,4,0.1,0.0,0.0,0.0,0.0,NZDUSD.p,M15/E25/TP3/Tsto1
172296732,2026-03-26 19:25:19,0,4,0.1,0.0,0.0,0.0,0.0,AUDNZD.p,M15/E25/TP3/Tsto1
172296799,2026-03-26 19:25:19,1,4,0.2,0.0,0.0,0.0,0.0,GBPAUD.p,M15/E25/TP3/Tsto1
172296830,2026-03-26 19:25:19,1,4,0.1,0.0,0.0,0.0,0.0,USDJPY.p,M15/E25/TP3/Tsto1
172296853,2026-03-26 19:25:19,1,4,0.1,0.0,0.0,0.0,0.0,USDCHF.p,M15/E25/TP3/Tsto1
172296867,2026-03-26 19:25:19,0,4,0.1,0.0,0.0,0.0,0.0,EURUSD.p,M15/E25/TP3/Tsto1
172296889,2026-03-26 19:25:20,0,4,0.1,0.0,0.0,0.0,0.0,AUDJPY.p,M15/E25/TP3/Tsto1
172296915,2026-03-26 19:25:20,1,4,0.1,0.0,0.0,0.0,0.0,EURAUD.p,M15/E25/TP3/Tsto1
172296930,2026-03-26 19:25:20,1,4,0.1,0.0,0.0,0.0,0.0,GBPCAD.p,M15/E25/TP3/Tsto1
172296948,2026-03-26 19:25:20,0,4,0.1,0.0,0.0,0.0,0.0,NZDCAD.p,M15/E25/TP3/Tsto1
172296958,2026-03-26 19:25:20,0,4,0.1,0.0,0.0,0.0,0.0,AUDCAD.p,M15/E25/TP3/Tsto1
172296978,2026-03-26 19:25:21,0,4,0.1,0.0,0.0,0.0,0.0,CADJPY.p,M15/E25/TP3/Tsto1
172297004,2026-03-26 19:25:21,0,4,0.1,0.0,0.0,0.0,0.0,NZDUSD.p,M15/E25/TP3/Tsto1
172297026,2026-03-26 19:25:21,0,4,0.1,0.0,0.0,0.0,0.0,AUDCHF.p,M15/E25/TP3/Tsto1
172297041,2026-03-26 19:25:21,1,4,0.1,0.0,0.0,0.0,0.0,USDCAD.p,M15/E25/TP3/Tsto1
172297072,2026-03-26 19:25:21,0,4,0.1,0.0,0.0,0.0,0.0,NZDCHF.p,M15/E25/TP3/Tsto1
172297089,2026-03-26 19:25:22,0,4,0.1,0.0,0.0,0.0,0.0,EURGBP.p,M15/E25/TP3/Tsto1
172297110,2026-03-26 19:25:22,0,4,0.1,0.0,0.0,0.0,0.0,EURSGD.p,M15/E25/TP3/Tsto1
172297125,2026-03-26 19:25:22,0,4,0.1,0.0,0.0,0.0,0.0,NZDSGD.p,M15/E25/TP3/Tsto1
172297143,2026-03-26 19:25:22,0,4,0.1,0.0,0.0,0.0,0.0,AUDSGD.p,M15/E25/TP3/Tsto1
172297168,2026-03-26 19:25:22,0,4,0.1,0.0,0.0,0.0,0.0,NZDJPY.p,M15/E25/TP3/Tsto1
172297186,2026-03-26 19:25:23,1,4,0.1,0.0,0.0,0.0,0.0,GBPUSD.p,M15/E25/TP3/Tsto1
172297196,2026-03-26 19:25:23,0,4,0.1,0.0,0.0,0.0,0.0,CHFJPY.p,M15/E25/TP3/Tsto1
172311121,2026-03-26 19:30:00,1,4,0.1,0.0,0.0,0.0,0.0,GBPNZD.p,M15/E25/TP3/Tsto1
172318712,2026-03-26 19:31:59,0,4,0.1,0.0,0.0,0.0,0.0,USDCAD.p,
172318719,2026-03-26 19:31:59,1,4,0.1,0.0,0.0,0.0,0.0,CADJPY.p,
172424094,2026-03-26 20:23:08,1,4,0.1,0.0,0.0,0.0,0.0,EURSGD.p,
172460781,2026-03-26 20:47:04,0,4,0.1,0.0,0.0,0.0,0.0,GBPCAD.p,
172469457,2026-03-26 20:53:41,0,4,0.1,0.0,0.0,0.0,0.0,GBPUSD.p,
172474336,2026-03-26 20:57:43,1,4,0.1,0.0,0.0,0.0,0.0,EURGBP.p,
172477850,2026-03-26 21:00:00,0,4,0.1,0.0,0.0,0.0,0.0,AUDUSD.p,M15/E25/TP3/Tsto1
172477878,2026-03-26 21:00:00,1,4,0.1,0.0,0.0,0.0,0.0,EURAUD.p,M15/E25/TP3/Tsto1
172477906,2026-03-26 21:00:01,0,4,0.1,0.0,0.0,0.0,0.0,AUDCAD.p,M15/E25/TP3/Tsto1
172477923,2026-03-26 21:00:01,0,4,0.1,0.0,0.0,0.0,0.0,AUDJPY.p,M15/E25/TP3/Tsto1
172504042,2026-03-26 21:15:00,0,4,0.1,0.0,0.0,0.0,0.0,GBPCAD.p,M15/E25/TP3/Tsto1
172504048,2026-03-26 21:15:00,0,4,0.1,0.0,0.0,0.0,0.0,GBPUSD.p,M15/E25/TP3/Tsto1
172526768,2026-03-26 21:30:02,1,4,0.1,0.0,0.0,0.0,0.0,USDJPY.p,M15/E25/TP3/Tsto1
172546901,2026-03-26 21:45:01,1,4,0.1,0.0,0.0,0.0,0.0,EURNZD.p,M15/E25/TP3/Tsto1
172659243,2026-03-26 23:11:54,0,4,0.1,0.0,0.0,0.0,0.0,SGDJPY.p,
172773346,2026-03-27 00:13:44,1,4,0.1,0.0,0.0,0.0,0.0,GBPUSD.p,
172780787,2026-03-27 01:05:23,1,4,0.1,0.0,0.0,0.0,0.0,GBPCAD.p,
172794007,2026-03-27 01:15:00,0,4,0.1,0.0,0.0,0.0,0.0,EURSGD.p,M15/E25/TP3/Tsto1
172794093,2026-03-27 01:15:02,0,4,0.1,0.0,0.0,0.0,0.0,CADJPY.p,M15/E25/TP3/Tsto1
172794126,2026-03-27 01:15:02,0,4,0.1,0.0,0.0,0.0,0.0,SGDJPY.p,M15/E25/TP3/Tsto1
172861462,2026-03-27 02:36:21,1,4,0.1,0.0,0.0,0.0,0.0,CADJPY.p,
172949677,2026-03-27 04:00:01,0,4,0.1,0.0,0.0,0.0,0.0,NZDJPY.p,M15/E25/TP3/Tsto1
172961760,2026-03-27 04:08:12,0,4,0.2,0.0,0.0,0.0,0.0,AUDJPY.p,M15/E25/TP3/Tsto1
172971236,2026-03-27 04:15:01,0,4,0.1,0.0,0.0,0.0,0.0,CADJPY.p,M15/E25/TP3/Tsto1
173010788,2026-03-27 04:57:51,0,4,0.1,0.0,0.0,0.0,0.0,EURNZD.p,
173010874,2026-03-27 04:58:02,1,4,0.1,0.0,0.0,0.0,0.0,EURNZD.p,M15/E25/TP3/Tsto1
173046303,2026-03-27 05:34:35,1,4,0.1,0.0,0.0,0.0,0.0,NZDJPY.p,
173046306,2026-03-27 05:34:35,1,4,0.1,0.0,0.0,0.0,0.0,NZDJPY.p,
173046322,2026-03-27 05:34:37,1,4,0.1,0.0,0.0,0.0,0.0,NZDCHF.p,
173047143,2026-03-27 05:36:07,1,4,0.1,0.0,0.0,0.0,0.0,GBPSGD.p,M15/E25/TP3/Tsto1
173047174,2026-03-27 05:36:07,1,4,0.1,0.0,0.0,0.0,0.0,EURJPY.p,M15/E25/TP3/Tsto1
173047177,2026-03-27 05:36:07,1,4,0.1,0.0,0.0,0.0,0.0,EURJPY.p,M15/E25/TP3/Tsto1
173047181,2026-03-27 05:36:08,1,4,0.1,0.0,0.0,0.0,0.0,GBPAUD.p,M15/E25/TP3/Tsto1
173047184,2026-03-27 05:36:08,1,4,0.1,0.0,0.0,0.0,0.0,GBPAUD.p,M15/E25/TP3/Tsto1
173047190,2026-03-27 05:36:08,1,4,0.1,0.0,0.0,0.0,0.0,GBPCHF.p,M15/E25/TP3/Tsto1
173047192,2026-03-27 05:36:08,0,4,0.1,0.0,0.0,0.0,0.0,AUDCHF.p,M15/E25/TP3/Tsto1
173047195,2026-03-27 05:36:08,0,4,0.1,0.0,0.0,0.0,0.0,AUDNZD.p,M15/E25/TP3/Tsto1
173047198,2026-03-27 05:36:08,1,4,0.1,0.0,0.0,0.0,0.0,GBPSGD.p,M15/E25/TP3/Tsto1
173047202,2026-03-27 05:36:09,1,4,0.1,0.0,0.0,0.0,0.0,GBPNZD.p,M15/E25/TP3/Tsto1
173047208,2026-03-27 05:36:09,1,4,0.1,0.0,0.0,0.0,0.0,USDSGD.p,M15/E25/TP3/Tsto1
173047209,2026-03-27 05:36:09,1,4,0.1,0.0,0.0,0.0,0.0,EURCAD.p,M15/E25/TP3/Tsto1
173047213,2026-03-27 05:36:09,1,4,0.1,0.0,0.0,0.0,0.0,EURCHF.p,M15/E25/TP3/Tsto1
173047219,2026-03-27 05:36:09,1,4,0.1,0.0,0.0,0.0,0.0,GBPJPY.p,M15/E25/TP3/Tsto1
173047228,2026-03-27 05:36:10,1,4,0.2,0.0,0.0,0.0,0.0,EURJPY.p,M15/E25/TP3/Tsto1
173047230,2026-03-27 05:36:10,1,4,0.1,0.0,0.0,0.0,0.0,GBPCHF.p,M15/E25/TP3/Tsto1
173047234,2026-03-27 05:36:10,0,4,0.1,0.0,0.0,0.0,0.0,AUDUSD.p,M15/E25/TP3/Tsto1
173047235,2026-03-27 05:36:10,0,4,0.1,0.0,0.0,0.0,0.0,NZDUSD.p,M15/E25/TP3/Tsto1
173047237,2026-03-27 05:36:10,0,4,0.1,0.0,0.0,0.0,0.0,AUDNZD.p,M15/E25/TP3/Tsto1
173047238,2026-03-27 05:36:11,1,4,0.2,0.0,0.0,0.0,0.0,GBPAUD.p,M15/E25/TP3/Tsto1
173047240,2026-03-27 05:36:11,1,4,0.1,0.0,0.0,0.0,0.0,USDJPY.p,M15/E25/TP3/Tsto1
173047241,2026-03-27 05:36:11,1,4,0.1,0.0,0.0,0.0,0.0,USDCHF.p,M15/E25/TP3/Tsto1
173047242,2026-03-27 05:36:11,0,4,0.1,0.0,0.0,0.0,0.0,EURUSD.p,M15/E25/TP3/Tsto1
173047244,2026-03-27 05:36:12,0,4,0.1,0.0,0.0,0.0,0.0,AUDJPY.p,M15/E25/TP3/Tsto1
173047245,2026-03-27 05:36:12,1,4,0.1,0.0,0.0,0.0,0.0,EURAUD.p,M15/E25/TP3/Tsto1
173047246,2026-03-27 05:36:12,0,4,0.1,0.0,0.0,0.0,0.0,NZDCAD.p,M15/E25/TP3/Tsto1
173047247,2026-03-27 05:36:12,0,4,0.1,0.0,0.0,0.0,0.0,AUDCAD.p,M15/E25/TP3/Tsto1
173047251,2026-03-27 05:36:12,0,4,0.1,0.0,0.0,0.0,0.0,NZDUSD.p,M15/E25/TP3/Tsto1
173047254,2026-03-27 05:36:13,0,4,0.1,0.0,0.0,0.0,0.0,AUDCHF.p,M15/E25/TP3/Tsto1
173047256,2026-03-27 05:36:13,0,4,0.1,0.0,0.0,0.0,0.0,NZDSGD.p,M15/E25/TP3/Tsto1
173047259,2026-03-27 05:36:13,0,4,0.1,0.0,0.0,0.0,0.0,AUDSGD.p,M15/E25/TP3/Tsto1
173047260,2026-03-27 05:36:13,0,4,0.1,0.0,0.0,0.0,0.0,CHFJPY.p,M15/E25/TP3/Tsto1
173047261,2026-03-27 05:36:13,1,4,0.1,0.0,0.0,0.0,0.0,GBPNZD.p,M15/E25/TP3/Tsto1
173047262,2026-03-27 05:36:14,0,4,0.1,0.0,0.0,0.0,0.0,AUDUSD.p,M15/E25/TP3/Tsto1
173047263,2026-03-27 05:36:14,1,4,0.1,0.0,0.0,0.0,0.0,EURAUD.p,M15/E25/TP3/Tsto1
173047265,2026-03-27 05:36:14,0,4,0.1,0.0,0.0,0.0,0.0,AUDCAD.p,M15/E25/TP3/Tsto1
173047266,2026-03-27 05:36:14,0,4,0.1,0.0,0.0,0.0,0.0,AUDJPY.p,M15/E25/TP3/Tsto1
173047269,2026-03-27 05:36:14,1,4,0.1,0.0,0.0,0.0,0.0,USDJPY.p,M15/E25/TP3/Tsto1
173047270,2026-03-27 05:36:14,0,4,0.1,0.0,0.0,0.0,0.0,EURSGD.p,M15/E25/TP3/Tsto1
173047271,2026-03-27 05:36:15,0,4,0.1,0.0,0.0,0.0,0.0,SGDJPY.p,M15/E25/TP3/Tsto1
173047272,2026-03-27 05:36:15,0,4,0.2,0.0,0.0,0.0,0.0,AUDJPY.p,M15/E25/TP3/Tsto1
173047273,2026-03-27 05:36:15,0,4,0.1,0.0,0.0,0.0,0.0,CADJPY.p,M15/E25/TP3/Tsto1
173047274,2026-03-27 05:36:15,1,4,0.1,0.0,0.0,0.0,0.0,EURNZD.p,M15/E25/TP3/Tsto1
173066667,2026-03-27 06:00:02,1,4,0.1,0.0,0.0,0.0,0.0,NZDJPY.p,M15/E25/TP3/Tsto1
173068937,2026-03-27 06:03:25,0,4,0.1,0.0,0.0,0.0,0.0,EURNZD.p,
173078989,2026-03-27 06:13:26,1,4,0.2,0.0,0.0,0.0,0.0,AUDJPY.p,
173079138,2026-03-27 06:13:38,1,4,0.1,0.0,0.0,0.0,0.0,AUDJPY.p,
173079141,2026-03-27 06:13:39,1,4,0.1,0.0,0.0,0.0,0.0,AUDJPY.p,
173089663,2026-03-27 06:30:00,0,4,0.1,0.0,0.0,0.0,0.0,EURNZD.p,M15/E25/TP3/Tsto1
173094100,2026-03-27 06:35:15,1,4,0.1,0.0,0.0,0.0,0.0,CADJPY.p,
173110615,2026-03-27 06:59:57,1,4,0.1,0.0,0.0,0.0,0.0,AUDCAD.p,
173110620,2026-03-27 06:59:57,1,4,0.1,0.0,0.0,0.0,0.0,AUDCAD.p,
173110969,2026-03-27 07:00:10,1,4,0.1,0.0,0.0,0.0,0.0,EURCHF.p,M15/E25/TP3/Tsto1
173118136,2026-03-27 07:15:00,1,4,0.1,0.0,0.0,0.0,0.0,AUDCAD.p,M15/E25/TP3/Tsto1
173118148,2026-03-27 07:15:01,1,4,0.1,0.0,0.0,0.0,0.0,AUDJPY.p,M15/E25/TP3/Tsto1
173132738,2026-03-27 07:47:09,1,4,0.1,0.0,0.0,0.0,0.0,EURNZD.p,
173154800,2026-03-27 08:20:15,1,4,0.1,0.0,0.0,0.0,0.0,SGDJPY.p,
173162116,2026-03-27 08:30:00,0,4,0.1,0.0,0.0,0.0,0.0,EURNZD.p,M15/E25/TP3/Tsto1
173187965,2026-03-27 08:46:00,1,4,0.1,0.0,0.0,0.0,0.0,EURSGD.p,
173196633,2026-03-27 08:55:40,0,4,0.1,0.0,0.0,0.0,0.0,AUDCAD.p,
173197263,2026-03-27 08:56:09,0,4,0.1,0.0,0.0,0.0,0.0,AUDJPY.p,
173197538,2026-03-27 08:56:23,1,4,0.1,0.0,0.0,0.0,0.0,AUDJPY.p,M15/E25/TP3/Tsto1
173202074,2026-03-27 09:00:00,1,4,0.1,0.0,0.0,0.0,0.0,AUDCAD.p,M15/E25/TP3/Tsto1
173298060,2026-03-27 10:14:33,0,4,0.1,0.0,0.0,0.0,0.0,AUDCAD.p,
173298114,2026-03-27 10:14:44,1,4,0.1,0.0,0.0,0.0,0.0,AUDCAD.p,M15/E25/TP3/Tsto1
173316972,2026-03-27 10:42:36,0,4,0.1,0.0,0.0,0.0,0.0,AUDJPY.p,
173318965,2026-03-27 10:45:00,1,4,0.1,0.0,0.0,0.0,0.0,AUDJPY.p,M15/E25/TP3/Tsto1
173334181,2026-03-27 11:00:00,1,4,0.1,0.0,0.0,0.0,0.0,CADJPY.p,M15/E25/TP3/Tsto1
173357935,2026-03-27 11:21:41,0,4,0.1,0.0,0.0,0.0,0.0,GBPSGD.p,
173357943,2026-03-27 11:21:41,0,4,0.1,0.0,0.0,0.0,0.0,EURCAD.p,
173357947,2026-03-27 11:21:41,0,4,0.1,0.0,0.0,0.0,0.0,USDSGD.p,
173357952,2026-03-27 11:21:41,0,4,0.1,0.0,0.0,0.0,0.0,GBPNZD.p,
173357956,2026-03-27 11:21:42,0,4,0.1,0.0,0.0,0.0,0.0,GBPSGD.p,
173357961,2026-03-27 11:21:42,1,4,0.1,0.0,0.0,0.0,0.0,AUDNZD.p,
173357968,2026-03-27 11:21:42,1,4,0.1,0.0,0.0,0.0,0.0,AUDCHF.p,
173357975,2026-03-27 11:21:42,0,4,0.1,0.0,0.0,0.0,0.0,GBPCHF.p,
173357983,2026-03-27 11:21:43,0,4,0.1,0.0,0.0,0.0,0.0,GBPAUD.p,
173357991,2026-03-27 11:21:43,0,4,0.1,0.0,0.0,0.0,0.0,GBPAUD.p,
173357996,2026-03-27 11:21:43,0,4,0.1,0.0,0.0,0.0,0.0,EURJPY.p,
173358002,2026-03-27 11:21:43,0,4,0.1,0.0,0.0,0.0,0.0,EURJPY.p,
173358007,2026-03-27 11:21:43,0,4,0.1,0.0,0.0,0.0,0.0,CADJPY.p,
173358013,2026-03-27 11:21:44,0,4,0.1,0.0,0.0,0.0,0.0,AUDJPY.p,
173358018,2026-03-27 11:21:44,0,4,0.1,0.0,0.0,0.0,0.0,AUDCAD.p,
173358026,2026-03-27 11:21:44,1,4,0.1,0.0,0.0,0.0,0.0,EURNZD.p,
173358032,2026-03-27 11:21:44,0,4,0.1,0.0,0.0,0.0,0.0,EURCHF.p,
173358042,2026-03-27 11:21:45,0,4,0.1,0.0,0.0,0.0,0.0,NZDJPY.p,
173358051,2026-03-27 11:21:45,0,4,0.1,0.0,0.0,0.0,0.0,USDJPY.p,
173358054,2026-03-27 11:21:45,0,4,0.1,0.0,0.0,0.0,0.0,EURAUD.p,
173358058,2026-03-27 11:21:45,1,4,0.1,0.0,0.0,0.0,0.0,AUDUSD.p,
173358062,2026-03-27 11:21:46,0,4,0.1,0.0,0.0,0.0,0.0,GBPNZD.p,
173358068,2026-03-27 11:21:46,1,4,0.1,0.0,0.0,0.0,0.0,CHFJPY.p,
173358076,2026-03-27 11:21:46,1,4,0.1,0.0,0.0,0.0,0.0,AUDSGD.p,
173358081,2026-03-27 11:21:46,1,4,0.1,0.0,0.0,0.0,0.0,NZDSGD.p,
173358085,2026-03-27 11:21:47,1,4,0.1,0.0,0.0,0.0,0.0,AUDCHF.p,
173358090,2026-03-27 11:21:47,1,4,0.1,0.0,0.0,0.0,0.0,NZDUSD.p,
173358095,2026-03-27 11:21:47,1,4,0.1,0.0,0.0,0.0,0.0,NZDCAD.p,
173358099,2026-03-27 11:21:47,0,4,0.1,0.0,0.0,0.0,0.0,EURAUD.p,
173358104,2026-03-27 11:21:48,1,4,0.1,0.0,0.0,0.0,0.0,EURUSD.p,
173358107,2026-03-27 11:21:48,0,4,0.1,0.0,0.0,0.0,0.0,USDCHF.p,
173358111,2026-03-27 11:21:48,0,4,0.1,0.0,0.0,0.0,0.0,USDJPY.p,
173358115,2026-03-27 11:21:48,0,4,0.2,0.0,0.0,0.0,0.0,GBPAUD.p,
173358119,2026-03-27 11:21:49,1,4,0.1,0.0,0.0,0.0,0.0,AUDNZD.p,
173358121,2026-03-27 11:21:49,1,4,0.1,0.0,0.0,0.0,0.0,NZDUSD.p,
173358123,2026-03-27 11:21:49,1,4,0.1,0.0,0.0,0.0,0.0,AUDUSD.p,
173358127,2026-03-27 11:21:49,0,4,0.1,0.0,0.0,0.0,0.0,GBPCHF.p,
173358131,2026-03-27 11:21:50,0,4,0.2,0.0,0.0,0.0,0.0,EURJPY.p,
173358135,2026-03-27 11:21:50,0,4,0.1,0.0,0.0,0.0,0.0,GBPJPY.p,
173358138,2026-03-27 11:21:50,0,4,0.1,0.0,0.0,0.0,0.0,EURCHF.p,
173369966,2026-03-27 11:30:00,0,4,0.1,0.0,0.0,0.0,0.0,GBPCAD.p,E25/TP5/Tsto1
173369973,2026-03-27 11:30:00,0,4,0.1,0.0,0.0,0.0,0.0,EURUSD.p,E25/TP5/Tsto1
173369977,2026-03-27 11:30:00,0,4,0.1,0.0,0.0,0.0,0.0,AUDCAD.p,E25/TP5/Tsto1
173369986,2026-03-27 11:30:01,0,4,0.1,0.0,0.0,0.0,0.0,GBPUSD.p,E25/TP5/Tsto1
173369989,2026-03-27 11:30:01,0,4,0.1,0.0,0.0,0.0,0.0,EURCAD.p,E25/TP5/Tsto1
173388881,2026-03-27 11:45:00,1,4,0.1,0.0,0.0,0.0,0.0,USDJPY.p,E25/TP5/Tsto1
173388968,2026-03-27 11:45:01,0,4,0.1,0.0,0.0,0.0,0.0,GBPCHF.p,E25/TP5/Tsto1
173388973,2026-03-27 11:45:01,1,4,0.1,0.0,0.0,0.0,0.0,CHFJPY.p,E25/TP5/Tsto1
173404319,2026-03-27 12:00:00,0,4,0.1,0.0,0.0,0.0,0.0,GBPNZD.p,E25/TP5/Tsto1
173404355,2026-03-27 12:00:00,1,4,0.1,0.0,0.0,0.0,0.0,NZDJPY.p,E25/TP5/Tsto1
173404369,2026-03-27 12:00:00,0,4,0.1,0.0,0.0,0.0,0.0,EURNZD.p,E25/TP5/Tsto1
173426518,2026-03-27 12:15:00,0,4,0.1,0.0,0.0,0.0,0.0,GBPJPY.p,E25/TP5/Tsto1
173426574,2026-03-27 12:15:00,0,4,0.1,0.0,0.0,0.0,0.0,GBPAUD.p,E25/TP5/Tsto1
173426598,2026-03-27 12:15:01,0,4,0.1,0.0,0.0,0.0,0.0,EURAUD.p,E25/TP5/Tsto1
173461441,2026-03-27 12:54:59,1,4,0.1,0.0,0.0,0.0,0.0,AUDJPY.p,E25/TP5/Tsto1
173467614,2026-03-27 13:00:00,0,4,0.1,0.0,0.0,0.0,0.0,GBPSGD.p,E25/TP5/Tsto1
173484308,2026-03-27 13:12:13,0,4,0.1,0.0,0.0,0.0,0.0,AUDJPY.p,
173490205,2026-03-27 13:16:42,8,4,0.1,0.0,1.71387,0.0,0.0,GBPSGD.p,#173467614 by #172296029
173490206,2026-03-27 13:16:42,8,4,0.1,0.0,1.93277,0.0,0.0,GBPAUD.p,#173426574 by #172296121
173490207,2026-03-27 13:16:42,8,4,0.1,0.0,1.05916,0.0,0.0,GBPCHF.p,#173388968 by #172296171
173490208,2026-03-27 13:16:42,8,4,0.1,0.0,2.3117900000000002,0.0,0.0,GBPNZD.p,#173404319 by #172296280
173490209,2026-03-27 13:16:42,8,4,0.1,0.0,1.59749,0.0,0.0,EURCAD.p,#173369989 by #172296381
173490210,2026-03-27 13:16:42,8,4,0.1,0.0,212.95,0.0,0.0,GBPJPY.p,#173426518 by #172296517
173490211,2026-03-27 13:16:42,8,4,0.1,0.0,1.67138,0.0,0.0,EURAUD.p,#173426598 by #172296915
173490212,2026-03-27 13:16:42,8,4,0.1,0.0,200.682,0.0,0.0,CHFJPY.p,#172297196 by #173388973
173490213,2026-03-27 13:16:42,8,4,0.1,0.0,2.00134,0.0,0.0,EURNZD.p,#173404369 by #173010874
173490215,2026-03-27 13:16:43,0,4,0.1,0.0,0.0,0.0,0.0,EURJPY.p,
173490216,2026-03-27 13:16:43,0,4,0.1,0.0,0.0,0.0,0.0,EURJPY.p,
173490217,2026-03-27 13:16:43,0,4,0.1,0.0,0.0,0.0,0.0,GBPAUD.p,
173490218,2026-03-27 13:16:43,1,4,0.1,0.0,0.0,0.0,0.0,AUDCHF.p,
173490219,2026-03-27 13:16:43,1,4,0.1,0.0,0.0,0.0,0.0,AUDNZD.p,
173490220,2026-03-27 13:16:43,0,4,0.1,0.0,0.0,0.0,0.0,GBPSGD.p,
173490221,2026-03-27 13:16:43,0,4,0.1,0.0,0.0,0.0,0.0,USDSGD.p,
173490222,2026-03-27 13:16:43,0,4,0.1,0.0,0.0,0.0,0.0,EURCHF.p,
173490223,2026-03-27 13:16:43,0,4,0.2,0.0,0.0,0.0,0.0,EURJPY.p,
173490224,2026-03-27 13:16:43,0,4,0.1,0.0,0.0,0.0,0.0,GBPCHF.p,
173490225,2026-03-27 13:16:43,1,4,0.1,0.0,0.0,0.0,0.0,AUDUSD.p,
173490226,2026-03-27 13:16:43,1,4,0.1,0.0,0.0,0.0,0.0,NZDUSD.p,
173490227,2026-03-27 13:16:43,1,4,0.1,0.0,0.0,0.0,0.0,AUDNZD.p,
173490228,2026-03-27 13:16:43,0,4,0.2,0.0,0.0,0.0,0.0,GBPAUD.p,
173490229,2026-03-27 13:16:43,0,4,0.1,0.0,0.0,0.0,0.0,USDJPY.p,
173490230,2026-03-27 13:16:43,0,4,0.1,0.0,0.0,0.0,0.0,USDCHF.p,
173490231,2026-03-27 13:16:43,1,4,0.1,0.0,0.0,0.0,0.0,EURUSD.p,
173490232,2026-03-27 13:16:43,1,4,0.1,0.0,0.0,0.0,0.0,AUDJPY.p,
173490233,2026-03-27 13:16:43,1,4,0.1,0.0,0.0,0.0,0.0,NZDCAD.p,
173490234,2026-03-27 13:16:43,1,4,0.1,0.0,0.0,0.0,0.0,AUDCAD.p,
173490235,2026-03-27 13:16:43,1,4,0.1,0.0,0.0,0.0,0.0,NZDUSD.p,
173490236,2026-03-27 13:16:43,1,4,0.1,0.0,0.0,0.0,0.0,AUDCHF.p,
173490237,2026-03-27 13:16:43,1,4,0.1,0.0,0.0,0.0,0.0,NZDSGD.p,
173490238,2026-03-27 13:16:43,1,4,0.1,0.0,0.0,0.0,0.0,AUDSGD.p,
173490239,2026-03-27 13:16:43,0,4,0.1,0.0,0.0,0.0,0.0,GBPNZD.p,
173490240,2026-03-27 13:16:43,1,4,0.1,0.0,0.0,0.0,0.0,AUDUSD.p,
173490241,2026-03-27 13:16:43,0,4,0.1,0.0,0.0,0.0,0.0,EURAUD.p,
173490242,2026-03-27 13:16:43,1,4,0.1,0.0,0.0,0.0,0.0,AUDCAD.p,
173490243,2026-03-27 13:16:43,1,4,0.1,0.0,0.0,0.0,0.0,AUDJPY.p,
173490244,2026-03-27 13:16:43,0,4,0.1,0.0,0.0,0.0,0.0,USDJPY.p,
173490245,2026-03-27 13:16:43,1,4,0.1,0.0,0.0,0.0,0.0,EURSGD.p,
173490246,2026-03-27 13:16:43,1,4,0.1,0.0,0.0,0.0,0.0,SGDJPY.p,
173490247,2026-03-27 13:16:43,1,4,0.2,0.0,0.0,0.0,0.0,AUDJPY.p,
173490248,2026-03-27 13:16:43,1,4,0.1,0.0,0.0,0.0,0.0,CADJPY.p,
173490249,2026-03-27 13:16:43,1,4,0.1,0.0,0.0,0.0,0.0,GBPCAD.p,
173490250,2026-03-27 13:16:43,1,4,0.1,0.0,0.0,0.0,0.0,EURUSD.p,
173490251,2026-03-27 13:16:43,1,4,0.1,0.0,0.0,0.0,0.0,AUDCAD.p,
173490252,2026-03-27 13:16:43,1,4,0.1,0.0,0.0,0.0,0.0,GBPUSD.p,
173490253,2026-03-27 13:16:43,0,4,0.1,0.0,0.0,0.0,0.0,USDJPY.p,
173490254,2026-03-27 13:16:43,0,4,0.1,0.0,0.0,0.0,0.0,NZDJPY.p,
173503722,2026-03-27 13:24:15,0,4,0.1,0.0,0.0,0.0,0.0,GBPCAD.p,E25/TP5/Tsto1
173503748,2026-03-27 13:24:15,0,4,0.1,0.0,0.0,0.0,0.0,EURUSD.p,E25/TP5/Tsto1
173503762,2026-03-27 13:24:16,0,4,0.1,0.0,0.0,0.0,0.0,AUDCAD.p,E25/TP5/Tsto1
173503769,2026-03-27 13:24:16,0,4,0.1,0.0,0.0,0.0,0.0,GBPUSD.p,E25/TP5/Tsto1
173503774,2026-03-27 13:24:16,0,4,0.1,0.0,0.0,0.0,0.0,EURCAD.p,E25/TP5/Tsto1
173503777,2026-03-27 13:24:16,1,4,0.1,0.0,0.0,0.0,0.0,USDJPY.p,E25/TP5/Tsto1
173503782,2026-03-27 13:24:16,0,4,0.1,0.0,0.0,0.0,0.0,GBPCHF.p,E25/TP5/Tsto1
173503794,2026-03-27 13:24:17,1,4,0.1,0.0,0.0,0.0,0.0,CHFJPY.p,E25/TP5/Tsto1
173503810,2026-03-27 13:24:17,0,4,0.1,0.0,0.0,0.0,0.0,GBPNZD.p,E25/TP5/Tsto1
173503822,2026-03-27 13:24:17,1,4,0.1,0.0,0.0,0.0,0.0,NZDJPY.p,E25/TP5/Tsto1
173503828,2026-03-27 13:24:17,0,4,0.1,0.0,0.0,0.0,0.0,EURNZD.p,E25/TP5/Tsto1
173503829,2026-03-27 13:24:17,0,4,0.1,0.0,0.0,0.0,0.0,GBPJPY.p,E25/TP5/Tsto1
173503837,2026-03-27 13:24:18,0,4,0.1,0.0,0.0,0.0,0.0,GBPAUD.p,E25/TP5/Tsto1
173503839,2026-03-27 13:24:18,0,4,0.1,0.0,0.0,0.0,0.0,EURAUD.p,E25/TP5/Tsto1
173503844,2026-03-27 13:24:18,0,4,0.1,0.0,0.0,0.0,0.0,GBPSGD.p,E25/TP5/Tsto1
173506183,2026-03-27 13:26:01,1,4,0.1,0.0,0.0,0.0,0.0,GBPCAD.p,
173506184,2026-03-27 13:26:01,1,4,0.1,0.0,0.0,0.0,0.0,EURUSD.p,
173506185,2026-03-27 13:26:01,1,4,0.1,0.0,0.0,0.0,0.0,AUDCAD.p,
173506186,2026-03-27 13:26:01,1,4,0.1,0.0,0.0,0.0,0.0,GBPUSD.p,
173506187,2026-03-27 13:26:01,1,4,0.1,0.0,0.0,0.0,0.0,EURCAD.p,
173506188,2026-03-27 13:26:01,0,4,0.1,0.0,0.0,0.0,0.0,USDJPY.p,
173506189,2026-03-27 13:26:01,1,4,0.1,0.0,0.0,0.0,0.0,GBPCHF.p,
173506190,2026-03-27 13:26:01,0,4,0.1,0.0,0.0,0.0,0.0,CHFJPY.p,
173506191,2026-03-27 13:26:01,1,4,0.1,0.0,0.0,0.0,0.0,GBPNZD.p,
173506201,2026-03-27 13:26:01,0,4,0.1,0.0,0.0,0.0,0.0,NZDJPY.p,
173506202,2026-03-27 13:26:01,1,4,0.1,0.0,0.0,0.0,0.0,EURNZD.p,
173506203,2026-03-27 13:26:01,1,4,0.1,0.0,0.0,0.0,0.0,GBPJPY.p,
173506204,2026-03-27 13:26:01,1,4,0.1,0.0,0.0,0.0,0.0,GBPAUD.p,
173506205,2026-03-27 13:26:01,1,4,0.1,0.0,0.0,0.0,0.0,EURAUD.p,
173506206,2026-03-27 13:26:01,1,4,0.1,0.0,0.0,0.0,0.0,GBPSGD.p,
173514016,2026-03-27 13:31:34,0,4,1.0,0.0,0.0,0.0,0.0,GBPCAD.p,
173514473,2026-03-27 13:32:24,0,4,1.0,0.0,0.0,0.0,0.0,GBPCAD.p,
182445831,2026-04-02 08:54:51,1,4,1.0,0.0,0.0,0.0,0.0,GBPCAD.p,
182445844,2026-04-02 08:54:52,1,4,1.0,0.0,0.0,0.0,0.0,GBPCAD.p,
182449580,2026-04-02 08:56:54,1,4,0.09,0.0,0.0,0.0,0.0,EURNZD.p,
182449585,2026-04-02 08:56:54,1,4,0.09,0.0,0.0,0.0,0.0,AUDNZD.p,
182449974,2026-04-02 08:57:04,0,4,0.09,0.0,0.0,0.0,0.0,AUDNZD.p,
182449996,2026-04-02 08:57:05,0,4,0.09,0.0,0.0,0.0,0.0,EURNZD.p,
182451617,2026-04-02 08:58:08,1,4,0.09,0.0,0.0,0.0,0.0,EURNZD.p,
182451625,2026-04-02 08:58:08,1,4,0.09,0.0,0.0,0.0,0.0,AUDNZD.p,
182451631,2026-04-02 08:58:08,0,4,0.09,0.0,0.0,0.0,0.0,USDSGD.p,
182451636,2026-04-02 08:58:09,1,4,0.09,0.0,0.0,0.0,0.0,EURUSD.p,
182451641,2026-04-02 08:58:09,1,4,0.09,0.0,0.0,0.0,0.0,EURSGD.p,
182451646,2026-04-02 08:58:09,1,4,0.09,0.0,0.0,0.0,0.0,EURJPY.p,
182451650,2026-04-02 08:58:09,0,4,0.09,0.0,0.0,0.0,1.05782,GBPCHF.p,
182451653,2026-04-02 08:58:09,1,4,0.09,0.0,0.0,0.0,210.115,GBPJPY.p,
182451659,2026-04-02 08:58:10,1,4,0.09,0.0,0.0,0.0,123.43,SGDJPY.p,
182451663,2026-04-02 08:58:10,1,4,0.09,0.0,0.0,0.0,0.0,GBPJPY.p,
182451665,2026-04-02 08:58:10,1,4,0.09,0.0,0.0,0.0,2.31168,GBPNZD.p,
182451668,2026-04-02 08:58:10,1,4,0.09,0.0,0.0,0.0,0.0,CADCHF.p,
182451673,2026-04-02 08:58:10,1,4,0.09,0.0,0.0,0.0,2.31168,GBPNZD.p,
182451678,2026-04-02 08:58:10,0,4,0.09,0.0,0.0,0.0,0.79885,NZDCAD.p,
182451710,2026-04-02 08:58:11,0,4,0.09,0.0,0.0,0.0,0.73829,NZDSGD.p,
182451730,2026-04-02 08:58:11,0,4,0.09,0.0,0.0,0.0,0.0,NZDJPY.p,
182451743,2026-04-02 08:58:11,1,4,0.09,0.0,0.0,0.0,0.0,CADJPY.p,
182451750,2026-04-02 08:58:11,0,4,0.09,0.0,0.0,0.0,0.0,EURCAD.p,
182451760,2026-04-02 08:58:11,1,4,0.09,0.0,0.0,0.0,0.0,USDJPY.p,
182451774,2026-04-02 08:58:12,1,4,0.09,0.0,0.0,0.0,0.0,EURAUD.p,
182451785,2026-04-02 08:58:12,0,4,0.09,0.0,0.0,0.0,0.0,AUDSGD.p,
182451799,2026-04-02 08:58:12,1,4,0.09,0.0,0.0,0.0,0.0,GBPAUD.p,
182451803,2026-04-02 08:58:12,0,4,0.09,0.0,0.0,0.0,0.0,AUDUSD.p,
182451807,2026-04-02 08:58:12,0,4,0.09,0.0,0.0,0.0,0.0,AUDCAD.p,
182451811,2026-04-02 08:58:12,0,4,0.09,0.0,0.0,0.0,0.0,AUDJPY.p,
182451814,2026-04-02 08:58:13,0,4,0.09,0.0,0.0,0.0,0.0,GBPCAD.p,
182451819,2026-04-02 08:58:13,1,4,0.09,0.0,0.0,0.0,0.0,USDCHF.p,
182451822,2026-04-02 08:58:13,0,4,0.09,0.0,0.0,0.0,0.0,GBPSGD.p,
182451826,2026-04-02 08:58:13,1,4,0.18,0.0,0.0,0.0,0.0,GBPNZD.p,
182451828,2026-04-02 08:58:13,0,4,0.09,0.0,0.0,0.0,0.0,CHFJPY.p,
182452794,2026-04-02 08:58:48,0,4,0.09,0.0,0.0,0.0,0.0,EURNZD.p,
182452795,2026-04-02 08:58:48,0,4,0.09,0.0,0.0,0.0,0.0,AUDNZD.p,
182452796,2026-04-02 08:58:48,1,4,0.09,0.0,0.0,0.0,0.0,USDSGD.p,
182452797,2026-04-02 08:58:48,0,4,0.09,0.0,0.0,0.0,0.0,EURUSD.p,
182452798,2026-04-02 08:58:48,0,4,0.09,0.0,0.0,0.0,0.0,EURSGD.p,
182452799,2026-04-02 08:58:48,0,4,0.09,0.0,0.0,0.0,0.0,EURJPY.p,
182452800,2026-04-02 08:58:48,1,4,0.09,0.0,0.0,0.0,0.0,GBPCHF.p,
182452801,2026-04-02 08:58:48,0,4,0.09,0.0,0.0,0.0,0.0,GBPJPY.p,
182452802,2026-04-02 08:58:48,0,4,0.09,0.0,0.0,0.0,0.0,SGDJPY.p,
182452807,2026-04-02 08:58:49,0,4,0.09,0.0,0.0,0.0,0.0,GBPJPY.p,
182452808,2026-04-02 08:58:49,0,4,0.09,0.0,0.0,0.0,0.0,GBPNZD.p,
182452809,2026-04-02 08:58:49,0,4,0.09,0.0,0.0,0.0,0.0,CADCHF.p,
182452810,2026-04-02 08:58:49,0,4,0.09,0.0,0.0,0.0,0.0,GBPNZD.p,
182452811,2026-04-02 08:58:49,1,4,0.09,0.0,0.0,0.0,0.0,NZDCAD.p,
182452812,2026-04-02 08:58:49,1,4,0.09,0.0,0.0,0.0,0.0,NZDSGD.p,
182452813,2026-04-02 08:58:49,1,4,0.09,0.0,0.0,0.0,0.0,NZDJPY.p,
182452814,2026-04-02 08:58:49,0,4,0.09,0.0,0.0,0.0,0.0,CADJPY.p,
182452815,2026-04-02 08:58:49,1,4,0.09,0.0,0.0,0.0,0.0,EURCAD.p,
182452817,2026-04-02 08:58:49,0,4,0.09,0.0,0.0,0.0,0.0,USDJPY.p,
182452818,2026-04-02 08:58:49,0,4,0.09,0.0,0.0,0.0,0.0,EURAUD.p,
182452819,2026-04-02 08:58:49,1,4,0.09,0.0,0.0,0.0,0.0,AUDSGD.p,
182452820,2026-04-02 08:58:49,0,4,0.09,0.0,0.0,0.0,0.0,GBPAUD.p,
182452821,2026-04-02 08:58:49,1,4,0.09,0.0,0.0,0.0,0.0,AUDUSD.p,
182452822,2026-04-02 08:58:49,1,4,0.09,0.0,0.0,0.0,0.0,AUDCAD.p,
182452823,2026-04-02 08:58:49,1,4,0.09,0.0,0.0,0.0,0.0,AUDJPY.p,
182452824,2026-04-02 08:58:49,1,4,0.09,0.0,0.0,0.0,0.0,GBPCAD.p,
182452825,2026-04-02 08:58:49,0,4,0.09,0.0,0.0,0.0,0.0,USDCHF.p,
182452826,2026-04-02 08:58:49,1,4,0.09,0.0,0.0,0.0,0.0,GBPSGD.p,
182452827,2026-04-02 08:58:49,0,4,0.18,0.0,0.0,0.0,0.0,GBPNZD.p,
182452828,2026-04-02 08:58:49,1,4,0.09,0.0,0.0,0.0,0.0,CHFJPY.p,
182453837,2026-04-02 08:59:36,1,4,0.13,0.0,0.0,0.0,0.0,EURNZD.p,
182453839,2026-04-02 08:59:37,1,4,0.12,0.0,0.0,0.0,0.0,AUDNZD.p,
182453854,2026-04-02 08:59:37,0,4,0.12,0.0,0.0,0.0,0.0,USDSGD.p,
182453915,2026-04-02 08:59:39,1,4,0.12,0.0,0.0,0.0,0.0,EURUSD.p,
182453918,2026-04-02 08:59:39,1,4,0.12,0.0,0.0,0.0,0.0,EURSGD.p,
182453920,2026-04-02 08:59:39,1,4,0.12,0.0,0.0,0.0,0.0,EURJPY.p,
182453921,2026-04-02 08:59:40,0,4,0.12,0.0,0.0,0.0,1.05782,GBPCHF.p,
182453925,2026-04-02 08:59:40,1,4,0.12,0.0,0.0,0.0,210.115,GBPJPY.p,
182453926,2026-04-02 08:59:40,1,4,0.12,0.0,0.0,0.0,123.43,SGDJPY.p,
182453927,2026-04-02 08:59:40,1,4,0.12,0.0,0.0,0.0,0.0,GBPJPY.p,
182453929,2026-04-02 08:59:40,1,4,0.12,0.0,0.0,0.0,2.31168,GBPNZD.p,
182453932,2026-04-02 08:59:41,1,4,0.12,0.0,0.0,0.0,0.0,CADCHF.p,
182453933,2026-04-02 08:59:41,1,4,0.12,0.0,0.0,0.0,2.31168,GBPNZD.p,
182453934,2026-04-02 08:59:41,0,4,0.12,0.0,0.0,0.0,0.79885,NZDCAD.p,
182453935,2026-04-02 08:59:41,0,4,0.12,0.0,0.0,0.0,0.73829,NZDSGD.p,
182453940,2026-04-02 08:59:41,0,4,0.12,0.0,0.0,0.0,0.0,NZDJPY.p,
182453943,2026-04-02 08:59:41,1,4,0.12,0.0,0.0,0.0,0.0,CADJPY.p,
182453949,2026-04-02 08:59:42,0,4,0.12,0.0,0.0,0.0,0.0,EURCAD.p,
182453952,2026-04-02 08:59:42,1,4,0.12,0.0,0.0,0.0,0.0,USDJPY.p,
182453956,2026-04-02 08:59:42,1,4,0.12,0.0,0.0,0.0,0.0,EURAUD.p,
182453957,2026-04-02 08:59:42,0,4,0.12,0.0,0.0,0.0,0.0,AUDSGD.p,
182453958,2026-04-02 08:59:42,1,4,0.12,0.0,0.0,0.0,0.0,GBPAUD.p,
182453960,2026-04-02 08:59:43,0,4,0.12,0.0,0.0,0.0,0.0,AUDUSD.p,
182453961,2026-04-02 08:59:43,0,4,0.12,0.0,0.0,0.0,0.0,AUDCAD.p,
182453965,2026-04-02 08:59:43,0,4,0.12,0.0,0.0,0.0,0.0,AUDJPY.p,
182453966,2026-04-02 08:59:43,0,4,0.12,0.0,0.0,0.0,0.0,GBPCAD.p,
182453968,2026-04-02 08:59:43,1,4,0.12,0.0,0.0,0.0,0.0,USDCHF.p,
182453969,2026-04-02 08:59:43,0,4,0.12,0.0,0.0,0.0,0.0,GBPSGD.p,
182453970,2026-04-02 08:59:44,1,4,0.24,0.0,0.0,0.0,0.0,GBPNZD.p,
182453973,2026-04-02 08:59:44,0,4,0.12,0.0,0.0,0.0,0.0,CHFJPY.p,
182480862,2026-04-02 09:11:32,0,4,0.12,0.0,210.477,0.0,0.0,GBPJPY.p,[tp 210.477]
182480863,2026-04-02 09:11:32,0,4,0.12,0.0,210.477,0.0,0.0,GBPJPY.p,[tp 210.477]
182484448,2026-04-02 09:13:29,0,4,0.12,0.0,1.4835,0.0,0.0,EURSGD.p,[tp 1.48350]
182486843,2026-04-02 09:15:00,0,4,0.13,0.0,0.0,0.0,0.0,EURCAD.p,
182486862,2026-04-02 09:15:00,0,4,0.13,0.0,0.0,0.0,0.0,NZDJPY.p,
182511677,2026-04-02 09:30:00,0,4,0.13,0.0,0.0,0.0,0.0,GBPUSD.p,
182511723,2026-04-02 09:30:00,0,4,0.13,0.0,0.0,0.0,0.0,NZDUSD.p,
182529573,2026-04-02 09:45:00,0,4,0.13,0.0,0.0,0.0,0.0,GBPJPY.p,
182529584,2026-04-02 09:45:00,0,4,0.13,0.0,0.0,0.0,0.0,EURSGD.p,
182553104,2026-04-02 10:00:53,0,4,0.12,0.0,1.9230399999999999,0.0,0.0,GBPAUD.p,[tp 1.92304]
182560107,2026-04-02 10:07:49,0,4,0.12,0.0,1.67698,0.0,0.0,EURAUD.p,[tp 1.67698]
182560245,2026-04-02 10:07:59,1,4,0.13,0.0,0.0,0.0,0.0,EURAUD.p,
182580343,2026-04-02 10:25:21,1,4,0.12,0.0,109.803,0.0,0.0,AUDJPY.p,[tp 109.803]
182580429,2026-04-02 10:25:31,0,4,0.13,0.0,0.0,0.0,0.0,AUDJPY.p,
182583300,2026-04-02 10:30:00,1,4,0.13,0.0,0.0,0.0,0.0,CADJPY.p,
182596311,2026-04-02 10:41:11,0,4,0.12,0.0,2.31168,0.0,0.0,GBPNZD.p,[tp 2.31168]
182596312,2026-04-02 10:41:11,0,4,0.12,0.0,2.31168,0.0,0.0,GBPNZD.p,[tp 2.31168]
182613847,2026-04-02 10:56:51,1,4,0.12,0.0,0.95764,0.0,0.0,AUDCAD.p,[tp 0.95764]
182613928,2026-04-02 10:57:00,0,4,0.13,0.0,0.0,0.0,0.0,AUDCAD.p,
182615656,2026-04-02 11:00:00,0,4,0.13,0.0,0.0,0.0,0.0,GBPAUD.p,
182683239,2026-04-02 12:15:01,1,4,0.13,0.0,0.0,0.0,0.0,USDCAD.p,
182712944,2026-04-02 12:51:15,0,4,0.24,0.0,2.31006,0.0,0.0,GBPNZD.p,[tp 2.31006]
182736215,2026-04-02 13:15:00,0,4,0.13,0.0,0.0,0.0,0.0,GBPNZD.p,
182834579,2026-04-02 14:53:27,1,4,0.12,0.0,199.578,0.0,0.0,CHFJPY.p,[tp 199.578]
182834739,2026-04-02 14:53:36,0,4,0.13,0.0,0.0,0.0,0.0,CHFJPY.p,
182834784,2026-04-02 14:53:38,1,4,0.13,0.0,210.748,0.0,0.0,GBPJPY.p,[tp 210.748]
182848386,2026-04-02 15:04:01,1,4,0.12,0.0,91.107,0.0,0.0,NZDJPY.p,[tp 91.107]
182848387,2026-04-02 15:04:01,1,4,0.13,0.0,91.107,0.0,0.0,NZDJPY.p,[tp 91.107]
182849992,2026-04-02 15:05:04,0,4,0.13,0.0,0.0,0.0,0.0,NZDJPY.p,
182853725,2026-04-02 15:08:34,1,4,0.13,0.0,1.32119,0.0,0.0,GBPUSD.p,[tp 1.32119]
182853863,2026-04-02 15:08:42,0,4,0.13,0.0,0.0,0.0,0.0,GBPUSD.p,
182867377,2026-04-02 15:19:31,0,4,0.13,0.0,1.67645,0.0,0.0,EURAUD.p,[tp 1.67645]
182875312,2026-04-02 15:24:40,1,4,0.13,0.0,0.57106,0.0,0.0,NZDUSD.p,[tp 0.57106]
182876344,2026-04-02 15:25:43,0,4,0.13,0.0,0.0,0.0,0.0,NZDUSD.p,
182886158,2026-04-02 15:37:10,1,4,0.13,0.0,109.856,0.0,0.0,AUDJPY.p,[tp 109.856]
182893010,2026-04-02 15:45:00,1,4,0.13,0.0,0.0,0.0,0.0,GBPJPY.p,
182911980,2026-04-02 15:58:08,1,4,0.13,0.0,1.92041,0.0,0.0,GBPAUD.p,[tp 1.92041]
182916616,2026-04-02 16:00:00,0,4,0.13,0.0,0.0,0.0,0.0,GBPAUD.p,
182939079,2026-04-02 16:06:35,1,4,0.13,0.0,0.95823,0.0,0.0,AUDCAD.p,[tp 0.95823]
182940884,2026-04-02 16:07:38,1,4,0.13,0.0,0.0,0.0,0.0,AUDCAD.p,
182955445,2026-04-02 16:15:00,0,4,0.13,0.0,0.0,0.0,0.0,EURAUD.p,
182955521,2026-04-02 16:15:00,1,4,0.13,0.0,0.0,0.0,0.0,AUDJPY.p,
183027293,2026-04-02 16:47:42,1,4,0.12,0.0,1.05782,0.0,0.0,GBPCHF.p,[tp 1.05782]
183037575,2026-04-02 16:51:27,1,4,0.12,0.0,0.88642,0.0,0.0,AUDSGD.p,[tp 0.88642]
183041307,2026-04-02 16:53:30,1,4,0.12,0.0,0.68937,0.0,0.0,AUDUSD.p,[tp 0.68937]
183087720,2026-04-02 17:15:00,1,4,0.13,0.0,0.0,0.0,0.0,AUDCHF.p,
183087842,2026-04-02 17:15:00,1,4,0.13,0.0,0.0,0.0,0.0,AUDSGD.p,
183087857,2026-04-02 17:15:00,1,4,0.13,0.0,0.0,0.0,0.0,GBPCHF.p,
183100509,2026-04-02 17:22:06,0,4,0.12,0.0,114.529,0.0,0.0,CADJPY.p,[tp 114.529]
183100514,2026-04-02 17:22:06,0,4,0.13,0.0,114.528,0.0,0.0,CADJPY.p,[tp 114.528]
183100580,2026-04-02 17:22:15,0,4,0.13,0.0,0.0,0.0,0.0,CADJPY.p,
183114467,2026-04-02 17:30:00,1,4,0.13,0.0,0.0,0.0,0.0,AUDUSD.p,
183127550,2026-04-02 17:35:57,1,4,0.12,0.0,1.6061100000000001,0.0,0.0,EURCAD.p,[tp 1.60611]
183127552,2026-04-02 17:35:57,1,4,0.13,0.0,1.6061100000000001,0.0,0.0,EURCAD.p,[tp 1.60611]
183130255,2026-04-02 17:36:15,0,4,0.13,0.0,1.39137,0.0,0.0,USDCAD.p,[tp 1.39137]
183132527,2026-04-02 17:36:35,1,4,0.12,0.0,1.84196,0.0,0.0,GBPCAD.p,[tp 1.84196]
183133185,2026-04-02 17:36:44,1,4,0.13,0.0,1.4851,0.0,0.0,EURSGD.p,[tp 1.48510]
183157564,2026-04-02 17:45:00,1,4,0.13,0.0,0.0,0.0,0.0,USDCAD.p,
183157594,2026-04-02 17:45:00,0,4,0.13,0.0,0.0,0.0,0.0,EURSGD.p,
183157616,2026-04-02 17:45:00,1,4,0.13,0.0,0.0,0.0,0.0,AUDNZD.p,
183157633,2026-04-02 17:45:01,0,4,0.13,0.0,0.0,0.0,0.0,USDSGD.p,
183180580,2026-04-02 17:57:04,1,4,0.13,0.0,2.31197,0.0,0.0,GBPNZD.p,[tp 2.31197]
183185577,2026-04-02 18:00:00,0,4,0.13,0.0,0.0,0.0,0.0,GBPNZD.p,
183214583,2026-04-02 18:15:00,1,4,0.13,0.0,0.0,0.0,0.0,GBPCAD.p,
183240085,2026-04-02 18:30:00,1,4,0.13,0.0,0.0,0.0,0.0,EURCAD.p,
183354057,2026-04-02 20:02:43,1,4,0.13,0.0,199.714,0.0,0.0,CHFJPY.p,[tp 199.714]
183392571,2026-04-02 20:45:01,1,4,0.13,0.0,0.0,0.0,0.0,CHFJPY.p,
183406923,2026-04-02 21:00:30,1,4,0.13,0.0,1.32271,0.0,0.0,GBPUSD.p,[tp 1.32271]
183408683,2026-04-02 21:03:05,1,4,0.13,0.0,91.292,0.0,0.0,NZDJPY.p,[tp 91.292]
183409285,2026-04-02 21:04:08,1,4,0.13,0.0,0.0,0.0,0.0,NZDJPY.p,
183410813,2026-04-02 21:05:29,1,4,0.13,0.0,0.57227,0.0,0.0,NZDUSD.p,[tp 0.57227]
183439957,2026-04-02 21:45:00,0,4,0.13,0.0,0.0,0.0,0.0,NZDUSD.p,
183538295,2026-04-03 00:01:00,1,4,0.13,0.0,2.31394,0.0,0.0,GBPNZD.p,[tp 2.31394]
183539842,2026-04-03 01:15:00,0,4,0.13,0.0,0.0,0.0,0.0,EURCHF.p,
183540528,2026-04-03 01:30:04,0,4,0.13,0.0,199.685,0.0,0.0,CHFJPY.p,[tp 199.685]
183545426,2026-04-03 03:12:39,0,4,0.13,0.0,1.84131,0.0,0.0,GBPCAD.p,[tp 1.84131]
183545809,2026-04-03 03:22:46,1,4,0.13,0.0,114.595,0.0,0.0,CADJPY.p,[tp 114.595]
183547071,2026-04-03 03:55:00,0,4,0.13,0.0,1.6061299999999998,0.0,0.0,EURCAD.p,[tp 1.60613]
183549278,2026-04-03 04:40:31,0,4,0.13,0.0,91.185,0.0,0.0,NZDJPY.p,[tp 91.185]
183550584,2026-04-03 05:15:00,1,4,0.13,0.0,0.0,0.0,0.0,GBPNZD.p,
183569448,2026-04-03 11:15:00,1,4,0.13,0.0,0.0,0.0,0.0,EURNZD.p,
183570432,2026-04-03 11:30:00,1,4,0.13,0.0,0.0,0.0,0.0,GBPNZD.p,
183582236,2026-04-03 14:25:49,0,4,0.13,0.0,2.31702,0.0,0.0,GBPNZD.p,[tp 2.31702]
183582237,2026-04-03 14:25:49,0,4,0.13,0.0,2.31702,0.0,0.0,GBPNZD.p,[tp 2.31702]
183583693,2026-04-03 14:45:00,0,4,0.13,0.0,0.0,0.0,0.0,GBPNZD.p,
183587049,2026-04-03 15:30:00,1,4,0.13,0.0,0.0,0.0,0.0,AUDCAD.p,
183587412,2026-04-03 15:30:02,0,4,0.13,0.0,0.0,0.0,0.0,GBPSGD.p,
183587830,2026-04-03 15:30:05,1,4,0.13,0.0,0.92264,0.0,0.0,EURCHF.p,[tp 0.92264]
183591818,2026-04-03 15:45:00,1,4,0.13,0.0,0.0,0.0,0.0,EURCAD.p,
183591837,2026-04-03 15:45:00,0,4,0.13,0.0,0.0,0.0,0.0,NZDJPY.p,
183591845,2026-04-03 15:45:01,1,4,0.13,0.0,0.0,0.0,0.0,GBPCAD.p,
183594370,2026-04-03 16:00:00,0,4,0.13,0.0,0.0,0.0,0.0,CHFJPY.p,
183596263,2026-04-03 16:10:15,0,4,0.13,0.0,1.0559,0.0,0.0,GBPCHF.p,[tp 1.05590]
183597117,2026-04-03 16:15:00,0,4,0.13,0.0,0.0,0.0,0.0,GBPUSD.p,
183600915,2026-04-03 16:45:33,0,4,0.13,0.0,210.728,0.0,0.0,GBPJPY.p,[tp 210.728]
183604212,2026-04-03 17:00:00,0,4,0.13,0.0,0.0,0.0,0.0,GBPJPY.p,
183607430,2026-04-03 17:16:14,1,4,0.13,0.0,2.31795,0.0,0.0,GBPNZD.p,[tp 2.31795]
183607518,2026-04-03 17:17:17,0,4,0.13,0.0,0.0,0.0,0.0,GBPNZD.p,
183626594,2026-04-03 19:57:21,1,4,0.13,0.0,0.0,0.0,0.0,USDCHF.p,
183626715,2026-04-03 19:59:36,0,4,0.13,0.0,1.84015,0.0,0.0,GBPCAD.p,[tp 1.84015]
183631306,2026-04-03 20:45:00,0,4,0.13,0.0,0.0,0.0,0.0,GBPCAD.p,
183633338,2026-04-03 21:14:16,1,4,0.13,0.0,2.3191,0.0,0.0,GBPNZD.p,[tp 2.31910]
183634660,2026-04-03 21:30:00,1,4,0.13,0.0,0.0,0.0,0.0,GBPNZD.p,
183635082,2026-04-03 21:38:41,0,4,0.13,0.0,1.60601,0.0,0.0,EURCAD.p,[tp 1.60601]
183637249,2026-04-03 22:04:37,0,4,0.13,0.0,0.68864,0.0,0.0,AUDUSD.p,[tp 0.68864]
183637799,2026-04-03 22:15:00,0,4,0.13,0.0,0.0,0.0,0.0,NZDSGD.p,
183637806,2026-04-03 22:15:01,0,4,0.13,0.0,0.0,0.0,0.0,EURCAD.p,
183640584,2026-04-03 23:10:34,1,4,0.13,0.0,91.157,0.0,0.0,NZDJPY.p,[tp 91.157]
183640630,2026-04-03 23:10:35,1,4,0.13,0.0,1.84089,0.0,0.0,GBPCAD.p,[tp 1.84089]
183640687,2026-04-03 23:10:39,1,4,0.13,0.0,0.5724,0.0,0.0,NZDUSD.p,[tp 0.57240]
183642774,2026-04-03 23:45:00,0,4,0.13,0.0,0.0,0.0,0.0,NZDCAD.p,
183828387,2026-04-06 01:04:22,0,4,0.13,0.0,0.9598,0.0,0.0,AUDCAD.p,[tp 0.95980]
183828388,2026-04-06 01:04:22,0,4,0.13,0.0,0.9598,0.0,0.0,AUDCAD.p,[tp 0.95980]
183828470,2026-04-06 01:04:26,0,4,0.13,0.0,0.0,0.0,0.0,AUDCAD.p,
183835518,2026-04-06 01:08:29,1,4,0.13,0.0,0.0,0.0,0.0,CADJPY.p,
183835851,2026-04-06 01:09:00,1,4,0.12,0.0,1.28735,0.0,0.0,USDSGD.p,[tp 1.28735]
183835852,2026-04-06 01:09:00,1,4,0.13,0.0,1.28735,0.0,0.0,USDSGD.p,[tp 1.28735]
183837065,2026-04-06 01:10:03,0,4,0.13,0.0,0.0,0.0,0.0,USDSGD.p,
183839089,2026-04-06 01:10:33,0,4,0.13,0.0,0.88604,0.0,0.0,AUDSGD.p,[tp 0.88604]
183842054,2026-04-06 01:11:36,0,4,0.13,0.0,0.0,0.0,0.0,AUDSGD.p,
183847964,2026-04-06 01:15:00,0,4,0.13,0.0,0.0,0.0,0.0,EURCHF.p,
183847987,2026-04-06 01:15:00,0,4,0.13,0.0,0.0,0.0,0.0,NZDCHF.p,
183848008,2026-04-06 01:15:00,0,4,0.13,0.0,0.0,0.0,0.0,GBPCHF.p,
183848039,2026-04-06 01:15:01,0,4,0.13,0.0,0.0,0.0,0.0,GBPCAD.p,
183912527,2026-04-06 02:00:00,0,4,0.13,0.0,0.0,0.0,0.0,NZDUSD.p,
183990262,2026-04-06 03:07:51,0,4,0.13,0.0,2.31814,0.0,0.0,GBPNZD.p,[tp 2.31814]
183995880,2026-04-06 03:15:00,1,4,0.13,0.0,0.0,0.0,0.0,GBPNZD.p,
184102080,2026-04-06 05:07:57,1,4,0.13,0.0,0.96237,0.0,0.0,AUDCAD.p,[tp 0.96237]
184103198,2026-04-06 05:09:01,1,4,0.13,0.0,0.0,0.0,0.0,AUDCAD.p,
184106447,2026-04-06 05:11:11,1,4,0.13,0.0,0.0,0.0,0.0,AUDUSD.p,
184118166,2026-04-06 05:21:03,1,4,0.13,0.0,1.60643,0.0,0.0,EURCAD.p,[tp 1.60643]
184158350,2026-04-06 06:00:57,0,4,0.13,0.0,114.458,0.0,0.0,CADJPY.p,[tp 114.458]
184183959,2026-04-06 06:30:00,0,4,0.13,0.0,0.0,0.0,0.0,CADJPY.p,
184201753,2026-04-06 06:57:04,0,4,0.13,0.0,2.31745,0.0,0.0,GBPNZD.p,[tp 2.31745]
184219718,2026-04-06 07:30:00,0,4,0.13,0.0,0.0,0.0,0.0,GBPNZD.p,
184222452,2026-04-06 07:34:43,1,4,0.13,0.0,0.57022,0.0,0.0,NZDUSD.p,[tp 0.57022]
184224124,2026-04-06 07:35:42,1,4,0.13,0.0,1.84125,0.0,0.0,GBPCAD.p,[tp 1.84125]
184226330,2026-04-06 07:39:12,1,4,0.13,0.0,0.88866,0.0,0.0,AUDSGD.p,[tp 0.88866]
184253172,2026-04-06 08:13:09,1,4,0.13,0.0,210.896,0.0,0.0,GBPJPY.p,[tp 210.896]
184274982,2026-04-06 08:45:00,1,4,0.13,0.0,0.0,0.0,0.0,NZDUSD.p,
184274990,2026-04-06 08:45:00,1,4,0.13,0.0,0.0,0.0,0.0,AUDSGD.p,
184287808,2026-04-06 09:00:00,1,4,0.13,0.0,0.0,0.0,0.0,GBPJPY.p,
184313649,2026-04-06 09:30:00,1,4,0.13,0.0,0.0,0.0,0.0,GBPCAD.p,
184313698,2026-04-06 09:30:05,1,4,0.13,0.0,1.05794,0.0,0.0,GBPCHF.p,[tp 1.05794]
184329263,2026-04-06 09:52:44,1,4,0.13,0.0,1.32241,0.0,0.0,GBPUSD.p,[tp 1.32241]
184332279,2026-04-06 09:55:41,1,4,0.13,0.0,114.546,0.0,0.0,CADJPY.p,[tp 114.546]
184339693,2026-04-06 10:03:38,1,4,0.13,0.0,0.45674,0.0,0.0,NZDCHF.p,[tp 0.45674]
184346212,2026-04-06 10:07:33,1,4,0.13,0.0,0.92263,0.0,0.0,EURCHF.p,[tp 0.92263]
184358542,2026-04-06 10:15:00,1,4,0.13,0.0,0.0,0.0,0.0,GBPUSD.p,
184358565,2026-04-06 10:15:00,0,4,0.13,0.0,0.0,0.0,0.0,GBPCHF.p,
184372587,2026-04-06 10:30:45,1,4,0.13,0.0,199.74,0.0,0.0,CHFJPY.p,[tp 199.740]
184376748,2026-04-06 10:36:45,0,4,0.13,0.0,0.79901,0.0,0.0,USDCHF.p,[tp 0.79901]
184378717,2026-04-06 10:38:40,1,4,0.14,0.0,0.0,0.0,0.0,EURCAD.p,
184382325,2026-04-06 10:42:15,0,4,0.12,0.0,0.79854,0.0,0.0,USDCHF.p,[tp 0.79854]
184383517,2026-04-06 10:42:52,1,4,0.13,0.0,1.48447,0.0,0.0,EURSGD.p,[tp 1.48447]
184386603,2026-04-06 10:45:00,1,4,0.14,0.0,0.0,0.0,0.0,NZDCHF.p,
184415246,2026-04-06 11:04:45,1,4,0.12,0.0,0.79707,0.0,0.0,NZDCAD.p,[tp 0.79707]
184415247,2026-04-06 11:04:45,1,4,0.13,0.0,0.79707,0.0,0.0,NZDCAD.p,[tp 0.79707]
184427361,2026-04-06 11:15:00,0,4,0.14,0.0,0.0,0.0,0.0,USDCHF.p,
184427419,2026-04-06 11:15:00,1,4,0.14,0.0,0.0,0.0,0.0,EURSGD.p,
184427430,2026-04-06 11:15:00,1,4,0.14,0.0,0.0,0.0,0.0,CHFJPY.p,
184446236,2026-04-06 11:30:00,1,4,0.14,0.0,0.0,0.0,0.0,NZDJPY.p,
184503034,2026-04-06 12:15:00,1,4,0.14,0.0,0.0,0.0,0.0,NZDCAD.p,
184512857,2026-04-06 12:30:00,1,4,0.14,0.0,0.0,0.0,0.0,AUDJPY.p,
184650055,2026-04-06 15:06:16,0,4,0.14,0.0,1.60704,0.0,0.0,EURCAD.p,[tp 1.60704]
184681830,2026-04-06 15:30:00,0,4,0.14,0.0,0.0,0.0,0.0,EURCAD.p,
184705049,2026-04-06 15:50:05,0,4,0.13,0.0,1.3909500000000001,0.0,0.0,USDCAD.p,[tp 1.39095]
184765282,2026-04-06 16:36:27,0,4,0.14,0.0,0.79549,0.0,0.0,NZDCAD.p,[tp 0.79549]
184775206,2026-04-06 16:42:21,1,4,0.13,0.0,2.31746,0.0,0.0,GBPNZD.p,[tp 2.31746]
184779234,2026-04-06 16:45:00,0,4,0.14,0.0,0.0,0.0,0.0,NZDCAD.p,
184779278,2026-04-06 16:45:00,0,4,0.14,0.0,0.0,0.0,0.0,USDCAD.p,
184809262,2026-04-06 17:00:00,1,4,0.14,0.0,0.0,0.0,0.0,GBPNZD.p,
184811897,2026-04-06 17:00:30,1,4,0.12,0.0,1.70227,0.0,0.0,GBPSGD.p,[tp 1.70227]
184811898,2026-04-06 17:00:30,1,4,0.13,0.0,1.70227,0.0,0.0,GBPSGD.p,[tp 1.70227]
184822296,2026-04-06 17:04:54,0,4,0.14,0.0,0.45576,0.0,0.0,NZDCHF.p,[tp 0.45576]
184828822,2026-04-06 17:09:46,0,4,0.14,0.0,1.4836,0.0,0.0,EURSGD.p,[tp 1.48360]
184876823,2026-04-06 17:38:53,1,4,0.14,0.0,1.60825,0.0,0.0,EURCAD.p,[tp 1.60825]
184888076,2026-04-06 17:45:00,1,4,0.14,0.0,0.0,0.0,0.0,EURCAD.p,
184907871,2026-04-06 17:57:33,1,4,0.14,0.0,0.79788,0.0,0.0,USDCHF.p,[tp 0.79788]
184910839,2026-04-06 18:00:00,1,4,0.14,0.0,0.0,0.0,0.0,EURSGD.p,
184910894,2026-04-06 18:00:00,1,4,0.14,0.0,0.0,0.0,0.0,SGDJPY.p,
184910943,2026-04-06 18:00:00,0,4,0.14,0.0,0.0,0.0,0.0,USDCHF.p,
184924223,2026-04-06 18:08:29,0,4,0.13,0.0,1.84162,0.0,0.0,GBPCAD.p,[tp 1.84162]
184924398,2026-04-06 18:08:38,1,4,0.14,0.0,0.0,0.0,0.0,GBPCAD.p,
184952332,2026-04-06 18:30:00,1,4,0.14,0.0,0.0,0.0,0.0,CADJPY.p,
184965381,2026-04-06 18:41:26,0,4,0.13,0.0,0.88815,0.0,0.0,AUDSGD.p,[tp 0.88815]
185034876,2026-04-06 20:10:43,0,4,0.13,0.0,0.96186,0.0,0.0,AUDCAD.p,[tp 0.96186]
185059719,2026-04-06 20:30:00,0,4,0.14,0.0,0.0,0.0,0.0,AUDCAD.p,
185097119,2026-04-06 21:11:15,0,4,0.14,0.0,2.31541,0.0,0.0,GBPNZD.p,[tp 2.31541]
185130078,2026-04-06 21:39:04,1,4,0.14,0.0,1.3917,0.0,0.0,USDCAD.p,[tp 1.39170]
185146759,2026-04-06 22:02:56,0,4,0.14,0.0,1.6065399999999999,0.0,0.0,EURCAD.p,[tp 1.60654]
185227124,2026-04-07 01:15:00,0,4,0.14,0.0,0.0,0.0,0.0,GBPSGD.p,
185227154,2026-04-07 01:15:00,0,4,0.14,0.0,0.0,0.0,0.0,EURCAD.p,
185227190,2026-04-07 01:15:00,0,4,0.14,0.0,0.0,0.0,0.0,GBPNZD.p,
185227203,2026-04-07 01:15:01,0,4,0.14,0.0,0.0,0.0,0.0,EURCHF.p,
185234564,2026-04-07 01:24:27,0,4,0.14,0.0,1.84104,0.0,0.0,GBPCAD.p,[tp 1.84104]
185235472,2026-04-07 01:25:30,0,4,0.14,0.0,0.0,0.0,0.0,GBPCAD.p,
185287176,2026-04-07 03:02:21,1,4,0.14,0.0,0.79843,0.0,0.0,USDCHF.p,[tp 0.79843]
185301559,2026-04-07 03:16:45,1,4,0.14,0.0,0.96299,0.0,0.0,AUDCAD.p,[tp 0.96299]
185354304,2026-04-07 04:10:41,1,4,0.14,0.0,2.31952,0.0,0.0,GBPNZD.p,[tp 2.31952]
185371592,2026-04-07 04:19:06,0,4,0.14,0.0,91.126,0.0,0.0,NZDJPY.p,[tp 91.126]
185404523,2026-04-07 04:38:34,0,4,0.13,0.0,0.56982,0.0,0.0,NZDUSD.p,[tp 0.56982]
185406415,2026-04-07 04:39:01,0,4,0.13,0.0,0.69042,0.0,0.0,AUDUSD.p,[tp 0.69042]
185417256,2026-04-07 04:45:00,1,4,0.14,0.0,0.0,0.0,0.0,USDJPY.p,
185419262,2026-04-07 04:46:15,1,4,0.14,0.0,0.92208,0.0,0.0,EURCHF.p,[tp 0.92208]
185460804,2026-04-07 05:15:00,1,4,0.14,0.0,0.0,0.0,0.0,GBPNZD.p,
185460811,2026-04-07 05:15:00,1,4,0.14,0.0,0.0,0.0,0.0,EURCHF.p,
185470836,2026-04-07 05:30:00,0,4,0.14,0.0,0.0,0.0,0.0,NZDUSD.p,
185470853,2026-04-07 05:30:00,0,4,0.14,0.0,0.0,0.0,0.0,NZDJPY.p,
185570778,2026-04-07 07:57:11,1,4,0.14,0.0,1.8416299999999999,0.0,0.0,GBPCAD.p,[tp 1.84163]
185595999,2026-04-07 08:29:00,0,4,0.14,0.0,2.32068,0.0,0.0,GBPNZD.p,[tp 2.32068]
185635251,2026-04-07 08:52:19,1,4,0.14,0.0,91.08,0.0,0.0,NZDJPY.p,[tp 91.080]
185639040,2026-04-07 08:56:15,1,4,0.14,0.0,0.57011,0.0,0.0,NZDUSD.p,[tp 0.57011]
185644397,2026-04-07 09:00:00,1,4,0.14,0.0,0.0,0.0,0.0,GBPNZD.p,
185644423,2026-04-07 09:00:00,0,4,0.14,0.0,0.0,0.0,0.0,NZDUSD.p,
185670197,2026-04-07 09:29:07,1,4,0.14,0.0,1.7019,0.0,0.0,GBPSGD.p,[tp 1.70190]
185676055,2026-04-07 09:36:01,1,4,0.14,0.0,1.6064,0.0,0.0,EURCAD.p,[tp 1.60640]
185686756,2026-04-07 09:48:08,1,4,0.13,0.0,1.05802,0.0,0.0,GBPCHF.p,[tp 1.05802]
185706081,2026-04-07 10:15:00,1,4,0.14,0.0,0.0,0.0,0.0,GBPCAD.p,
185725915,2026-04-07 10:32:28,0,4,0.14,0.0,199.832,0.0,0.0,CHFJPY.p,[tp 199.832]
185766162,2026-04-07 11:13:30,0,4,0.14,0.0,114.717,0.0,0.0,CADJPY.p,[tp 114.717]
185769063,2026-04-07 11:15:00,0,4,0.14,0.0,0.0,0.0,0.0,CHFJPY.p,
185769083,2026-04-07 11:15:00,1,4,0.14,0.0,0.0,0.0,0.0,EURUSD.p,
185769095,2026-04-07 11:15:00,0,4,0.14,0.0,0.0,0.0,0.0,USDSGD.p,
185795119,2026-04-07 11:30:00,1,4,0.14,0.0,0.0,0.0,0.0,EURCAD.p,
185823840,2026-04-07 11:58:36,1,4,0.14,0.0,0.57184,0.0,0.0,NZDUSD.p,[tp 0.57184]
185825204,2026-04-07 12:00:00,1,4,0.28,0.0,0.0,0.0,0.0,AUDNZD.p,
185825251,2026-04-07 12:00:00,0,4,0.14,0.0,0.0,0.0,0.0,CADJPY.p,
185825386,2026-04-07 12:00:04,0,4,0.12,0.0,159.48,0.0,0.0,USDJPY.p,[tp 159.480]
185825387,2026-04-07 12:00:04,0,4,0.14,0.0,159.481,0.0,0.0,USDJPY.p,[tp 159.481]
185838325,2026-04-07 12:15:00,1,4,0.14,0.0,0.0,0.0,0.0,NZDUSD.p,
185838345,2026-04-07 12:15:00,1,4,0.14,0.0,0.0,0.0,0.0,AUDUSD.p,
185838357,2026-04-07 12:15:00,0,4,0.14,0.0,0.0,0.0,0.0,USDJPY.p,
185838365,2026-04-07 12:15:01,1,4,0.14,0.0,0.0,0.0,0.0,GBPCHF.p,
185838376,2026-04-07 12:15:01,1,4,0.14,0.0,0.0,0.0,0.0,GBPSGD.p,
185851523,2026-04-07 12:30:00,1,4,0.14,0.0,0.0,0.0,0.0,NZDJPY.p,
185872332,2026-04-07 12:45:00,1,4,0.14,0.0,0.0,0.0,0.0,AUDCAD.p,
185872344,2026-04-07 12:45:00,1,4,0.14,0.0,0.0,0.0,0.0,AUDSGD.p,
186033570,2026-04-07 14:39:49,0,4,0.14,0.0,1.8426399999999998,0.0,0.0,GBPCAD.p,[tp 1.84264]
186039952,2026-04-07 14:45:00,0,4,0.14,0.0,0.0,0.0,0.0,GBPCAD.p,
186039970,2026-04-07 14:45:00,1,4,0.14,0.0,0.0,0.0,0.0,EURJPY.p,
186204647,2026-04-07 16:45:13,1,4,0.14,0.0,0.0,0.0,0.0,EURCHF.p,
186272676,2026-04-07 17:18:36,0,4,0.14,0.0,1.60847,0.0,0.0,EURCAD.p,[tp 1.60847]
186297030,2026-04-07 17:30:00,1,4,0.28,0.0,0.0,0.0,0.0,AUDJPY.p,
186297044,2026-04-07 17:30:00,1,4,0.14,0.0,0.0,0.0,0.0,EURCAD.p,
186334171,2026-04-07 17:57:01,1,4,0.14,0.0,114.999,0.0,0.0,CADJPY.p,[tp 114.999]
186338717,2026-04-07 18:00:00,0,4,0.14,0.0,0.0,0.0,0.0,USDCAD.p,
186338764,2026-04-07 18:00:00,1,4,0.14,0.0,0.0,0.0,0.0,CADJPY.p,
186364507,2026-04-07 18:16:01,1,4,0.14,0.0,159.937,0.0,0.0,USDJPY.p,[tp 159.937]
186366720,2026-04-07 18:17:06,0,4,0.14,0.0,0.69361,0.0,0.0,AUDUSD.p,[tp 0.69361]
186368783,2026-04-07 18:18:31,0,4,0.14,0.0,1.7019199999999999,0.0,0.0,GBPSGD.p,[tp 1.70192]
186374541,2026-04-07 18:23:13,0,4,0.14,0.0,0.56981,0.0,0.0,NZDUSD.p,[tp 0.56981]
186381184,2026-04-07 18:30:00,1,4,0.14,0.0,0.0,0.0,0.0,USDJPY.p,
186397672,2026-04-07 18:44:57,0,4,0.14,0.0,0.96506,0.0,0.0,AUDCAD.p,[tp 0.96506]
186398237,2026-04-07 18:46:00,1,4,0.14,0.0,0.0,0.0,0.0,AUDCAD.p,
186398241,2026-04-07 18:46:00,1,4,0.14,0.0,0.0,0.0,0.0,AUDUSD.p,
186404276,2026-04-07 18:53:41,0,4,0.14,0.0,1.05931,0.0,0.0,GBPCHF.p,[tp 1.05931]
186411687,2026-04-07 19:00:00,1,4,0.14,0.0,0.0,0.0,0.0,GBPCHF.p,
186430907,2026-04-07 19:15:00,0,4,0.14,0.0,0.0,0.0,0.0,GBPSGD.p,
186464822,2026-04-07 19:58:30,1,4,0.14,0.0,200.031,0.0,0.0,CHFJPY.p,[tp 200.031]
186532052,2026-04-07 21:00:48,1,4,0.14,0.0,1.84405,0.0,0.0,GBPCAD.p,[tp 1.84405]
186673751,2026-04-07 22:56:44,0,4,0.14,0.0,114.864,0.0,0.0,CADJPY.p,[tp 114.864]
186690171,2026-04-07 23:13:32,1,4,0.28,0.0,0.0,0.0,0.0,EURUSD.p,
186710493,2026-04-07 23:41:54,0,4,0.14,0.0,159.56,0.0,0.0,USDJPY.p,[tp 159.560]
186720841,2026-04-07 23:55:52,0,4,0.14,0.0,2.31947,0.0,0.0,GBPNZD.p,[tp 2.31947]
186723855,2026-04-08 00:15:00,0,4,0.14,0.0,0.0,0.0,0.0,GBPAUD.p,
186725728,2026-04-08 01:00:01,1,4,0.14,0.0,1.705,0.0,0.0,GBPSGD.p,[tp 1.70500]
186725978,2026-04-08 01:00:16,1,4,0.14,0.0,0.79633,0.0,0.0,NZDCAD.p,[tp 0.79633]
186726083,2026-04-08 01:00:26,1,4,0.12,0.0,0.73533,0.0,0.0,NZDSGD.p,[tp 0.73533]
186726084,2026-04-08 01:00:26,1,4,0.13,0.0,0.73533,0.0,0.0,NZDSGD.p,[tp 0.73533]
186753122,2026-04-08 01:15:00,1,4,0.14,0.0,0.0,0.0,0.0,AUDUSD.p,
186753148,2026-04-08 01:15:00,1,4,0.14,0.0,0.0,0.0,0.0,GBPJPY.p,
186753164,2026-04-08 01:15:00,1,4,0.14,0.0,0.0,0.0,0.0,GBPUSD.p,
186753176,2026-04-08 01:15:01,1,4,0.14,0.0,0.0,0.0,0.0,AUDSGD.p,
186753200,2026-04-08 01:15:01,1,4,0.14,0.0,0.0,0.0,0.0,AUDCAD.p,
186753224,2026-04-08 01:15:01,0,4,0.14,0.0,0.0,0.0,0.0,GBPNZD.p,
186753234,2026-04-08 01:15:01,1,4,0.56,0.0,0.0,0.0,0.0,AUDJPY.p,
186753249,2026-04-08 01:15:01,0,4,0.14,0.0,0.0,0.0,0.0,CADJPY.p,
186766446,2026-04-08 01:30:01,0,4,0.14,0.0,0.0,0.0,0.0,USDCHF.p,
186810105,2026-04-08 01:45:00,0,4,0.14,0.0,0.0,0.0,0.0,USDCAD.p,
186810119,2026-04-08 01:45:00,0,4,0.14,0.0,0.0,0.0,0.0,EURAUD.p,
186810143,2026-04-08 01:45:00,0,4,0.28,0.0,0.0,0.0,0.0,USDSGD.p,
186850154,2026-04-08 02:03:27,0,4,0.13,0.0,2.01147,0.0,0.0,EURNZD.p,[tp 2.01147]
186850155,2026-04-08 02:03:27,0,4,0.13,0.0,2.01147,0.0,0.0,EURNZD.p,[tp 2.01147]
186870868,2026-04-08 02:15:00,1,4,0.14,0.0,0.0,0.0,0.0,CHFJPY.p,
186870877,2026-04-08 02:15:00,1,4,0.14,0.0,0.0,0.0,0.0,GBPSGD.p,
186870896,2026-04-08 02:15:00,1,4,0.14,0.0,0.0,0.0,0.0,NZDSGD.p,
186893491,2026-04-08 02:30:00,1,4,0.14,0.0,0.0,0.0,0.0,NZDCAD.p,
186893503,2026-04-08 02:30:00,1,4,0.14,0.0,0.0,0.0,0.0,NZDCHF.p,
186927286,2026-04-08 03:00:00,1,4,0.14,0.0,0.0,0.0,0.0,NZDUSD.p,
186931563,2026-04-08 03:01:28,0,4,0.12,0.0,0.57086,0.0,0.0,CADCHF.p,[tp 0.57086]
186956682,2026-04-08 03:15:00,0,4,0.14,0.0,0.0,0.0,0.0,CADCHF.p,
186956695,2026-04-08 03:15:00,1,4,0.14,0.0,0.0,0.0,0.0,GBPCAD.p,
186991644,2026-04-08 03:40:58,0,4,0.14,0.0,0.92333,0.0,0.0,EURCHF.p,[tp 0.92333]
186991645,2026-04-08 03:40:58,0,4,0.14,0.0,0.92333,0.0,0.0,EURCHF.p,[tp 0.92333]
186996794,2026-04-08 03:45:00,0,4,0.14,0.0,0.0,0.0,0.0,USDJPY.p,
187371006,2026-04-08 09:23:26,0,4,0.14,0.0,0.0,0.0,0.0,EURNZD.p,
187373503,2026-04-08 09:25:10,0,4,0.14,0.0,1.05831,0.0,0.0,GBPCHF.p,[tp 1.05831]
187380085,2026-04-08 09:30:00,0,4,0.14,0.0,0.0,0.0,0.0,CADJPY.p,
187380180,2026-04-08 09:30:00,1,4,0.14,0.0,0.0,0.0,0.0,EURCAD.p,
187508430,2026-04-08 11:04:08,0,4,0.14,0.0,0.45876,0.0,0.0,NZDCHF.p,[tp 0.45876]
187579664,2026-04-08 12:00:00,1,4,0.14,0.0,0.0,0.0,0.0,GBPCAD.p,
187601529,2026-04-08 12:15:00,0,4,0.14,0.0,0.0,0.0,0.0,NZDCHF.p,
187604476,2026-04-08 12:16:58,1,4,0.14,0.0,2.00808,0.0,0.0,EURNZD.p,[tp 2.00808]
187604747,2026-04-08 12:17:07,1,4,0.14,0.0,0.0,0.0,0.0,EURNZD.p,
187758445,2026-04-08 14:25:10,1,4,0.28,0.0,0.0,0.0,0.0,GBPCAD.p,
187790383,2026-04-08 14:43:32,0,4,0.14,0.0,2.00685,0.0,0.0,EURNZD.p,[tp 2.00685]
187791420,2026-04-08 14:44:35,1,4,0.15,0.0,0.0,0.0,0.0,EURNZD.p,
187805514,2026-04-08 14:57:05,1,4,0.14,0.0,0.4599,0.0,0.0,NZDCHF.p,[tp 0.45990]
187809153,2026-04-08 15:00:00,1,4,0.15,0.0,0.0,0.0,0.0,GBPSGD.p,
187829831,2026-04-08 15:15:00,1,4,0.15,0.0,0.0,0.0,0.0,GBPCHF.p,
187829898,2026-04-08 15:15:00,1,4,0.15,0.0,0.0,0.0,0.0,NZDCAD.p,
187887747,2026-04-08 15:45:00,1,4,0.15,0.0,0.0,0.0,0.0,NZDUSD.p,
187903661,2026-04-08 16:00:00,1,4,0.15,0.0,0.0,0.0,0.0,NZDSGD.p,
187940064,2026-04-08 16:28:01,0,4,0.28,0.0,1.20766,0.0,0.0,AUDNZD.p,[tp 1.20766]
187940214,2026-04-08 16:28:02,0,4,0.12,0.0,1.20763,0.0,0.0,AUDNZD.p,[tp 1.20763]
187940215,2026-04-08 16:28:02,0,4,0.13,0.0,1.20763,0.0,0.0,AUDNZD.p,[tp 1.20763]
187976791,2026-04-08 16:45:00,0,4,0.15,0.0,0.0,0.0,0.0,AUDNZD.p,
188150559,2026-04-08 18:02:58,0,4,0.14,0.0,1.86102,0.0,0.0,GBPCAD.p,[tp 1.86102]
188150560,2026-04-08 18:02:58,0,4,0.14,0.0,1.86102,0.0,0.0,GBPCAD.p,[tp 1.86102]
188150561,2026-04-08 18:02:58,0,4,0.28,0.0,1.86102,0.0,0.0,GBPCAD.p,[tp 1.86102]
188193583,2026-04-08 18:30:00,0,4,0.15,0.0,0.0,0.0,0.0,GBPCAD.p,
188199608,2026-04-08 18:35:09,0,4,0.15,0.0,2.00415,0.0,0.0,EURNZD.p,[tp 2.00415]
188201146,2026-04-08 18:36:12,0,4,0.15,0.0,0.0,0.0,0.0,EURNZD.p,
188273388,2026-04-08 19:37:40,0,4,0.14,0.0,1.7098200000000001,0.0,0.0,GBPSGD.p,[tp 1.70982]
188273389,2026-04-08 19:37:40,0,4,0.15,0.0,1.7098200000000001,0.0,0.0,GBPSGD.p,[tp 1.70982]
188291123,2026-04-08 19:58:10,0,4,0.15,0.0,1.06038,0.0,0.0,GBPCHF.p,[tp 1.06038]
188307781,2026-04-08 20:15:00,1,4,0.15,0.0,0.0,0.0,0.0,NZDCHF.p,
188323286,2026-04-08 20:27:40,0,4,0.14,0.0,0.74236,0.0,0.0,NZDSGD.p,[tp 0.74236]
188323287,2026-04-08 20:27:40,0,4,0.15,0.0,0.74236,0.0,0.0,NZDSGD.p,[tp 0.74236]
188353226,2026-04-08 20:42:43,1,4,0.15,0.0,1.21003,0.0,0.0,AUDNZD.p,[tp 1.21003]
188385237,2026-04-08 21:00:00,1,4,0.15,0.0,0.0,0.0,0.0,AUDNZD.p,
188404486,2026-04-08 21:15:00,0,4,0.15,0.0,0.0,0.0,0.0,NZDSGD.p,
188404494,2026-04-08 21:15:00,0,4,0.15,0.0,0.0,0.0,0.0,GBPSGD.p,
188409281,2026-04-08 21:18:43,0,4,0.14,0.0,0.58244,0.0,0.0,NZDUSD.p,[tp 0.58244]
188409282,2026-04-08 21:18:43,0,4,0.15,0.0,0.58244,0.0,0.0,NZDUSD.p,[tp 0.58244]
188415002,2026-04-08 21:19:46,0,4,0.15,0.0,0.0,0.0,0.0,NZDUSD.p,
188441608,2026-04-08 21:33:35,0,4,0.14,0.0,0.80594,0.0,0.0,NZDCAD.p,[tp 0.80594]
188441609,2026-04-08 21:33:35,0,4,0.15,0.0,0.80594,0.0,0.0,NZDCAD.p,[tp 0.80594]
188475133,2026-04-08 21:51:49,0,4,0.14,0.0,200.321,0.0,0.0,CHFJPY.p,[tp 200.321]
188482620,2026-04-08 21:55:36,1,4,0.14,0.0,0.5719,0.0,0.0,CADCHF.p,[tp 0.57190]
188488859,2026-04-08 22:00:00,0,4,0.15,0.0,0.0,0.0,0.0,GBPCAD.p,
188489170,2026-04-08 22:00:01,1,4,0.14,0.0,158.758,0.0,0.0,USDJPY.p,[tp 158.758]
188497780,2026-04-08 22:04:50,1,4,0.15,0.0,2.00453,0.0,0.0,EURNZD.p,[tp 2.00453]
188517195,2026-04-08 22:15:00,1,4,0.15,0.0,0.0,0.0,0.0,USDJPY.p,
188517207,2026-04-08 22:15:00,1,4,0.15,0.0,0.0,0.0,0.0,EURNZD.p,
188517219,2026-04-08 22:15:00,0,4,0.15,0.0,0.0,0.0,0.0,NZDCAD.p,
188521538,2026-04-08 22:17:43,0,4,0.14,0.0,1.61369,0.0,0.0,EURCAD.p,[tp 1.61369]
188521539,2026-04-08 22:17:43,0,4,0.14,0.0,1.61369,0.0,0.0,EURCAD.p,[tp 1.61369]
188526772,2026-04-08 22:22:18,1,4,0.14,0.0,114.594,0.0,0.0,CADJPY.p,[tp 114.594]
188526773,2026-04-08 22:22:18,1,4,0.14,0.0,114.594,0.0,0.0,CADJPY.p,[tp 114.594]
188537131,2026-04-08 22:30:00,0,4,0.15,0.0,0.0,0.0,0.0,CHFJPY.p,
188554602,2026-04-08 22:45:00,1,4,0.15,0.0,0.0,0.0,0.0,CADJPY.p,
188554613,2026-04-08 22:45:00,1,4,0.15,0.0,0.0,0.0,0.0,CADCHF.p,
188554620,2026-04-08 22:45:00,0,4,0.15,0.0,0.0,0.0,0.0,EURCAD.p,
188618397,2026-04-09 00:15:00,0,4,0.15,0.0,0.0,0.0,0.0,GBPNZD.p,
188640719,2026-04-09 01:15:00,0,4,0.15,0.0,0.0,0.0,0.0,GBPCHF.p,
188706465,2026-04-09 02:13:16,0,4,0.15,0.0,1.20929,0.0,0.0,AUDNZD.p,[tp 1.20929]
188805641,2026-04-09 03:38:33,0,4,0.15,0.0,2.00185,0.0,0.0,EURNZD.p,[tp 2.00185]
188807088,2026-04-09 03:39:36,1,4,0.15,0.0,0.0,0.0,0.0,EURNZD.p,
188820941,2026-04-09 03:54:10,1,4,0.15,0.0,200.58,0.0,0.0,CHFJPY.p,[tp 200.580]
188826003,2026-04-09 03:59:03,1,4,0.15,0.0,0.80687,0.0,0.0,NZDCAD.p,[tp 0.80687]
188828129,2026-04-09 04:00:06,1,4,0.3,0.0,0.0,0.0,0.0,EURJPY.p,
188852307,2026-04-09 04:10:00,1,4,0.15,0.0,0.74311,0.0,0.0,NZDSGD.p,[tp 0.74311]
188861424,2026-04-09 04:15:00,1,4,0.15,0.0,0.0,0.0,0.0,CHFJPY.p,
188891674,2026-04-09 04:34:43,1,4,0.15,0.0,0.58312,0.0,0.0,NZDUSD.p,[tp 0.58312]
188900316,2026-04-09 04:45:00,0,4,0.15,0.0,0.0,0.0,0.0,AUDNZD.p,
188908230,2026-04-09 04:57:45,1,4,0.15,0.0,1.61551,0.0,0.0,EURCAD.p,[tp 1.61551]
188910256,2026-04-09 05:00:00,1,4,0.15,0.0,0.0,0.0,0.0,NZDCAD.p,
188910279,2026-04-09 05:00:00,1,4,0.15,0.0,0.0,0.0,0.0,NZDSGD.p,
189012276,2026-04-09 07:14:56,0,4,0.15,0.0,0.57108,0.0,0.0,CADCHF.p,[tp 0.57108]
189020593,2026-04-09 07:25:45,0,4,0.15,0.0,1.99908,0.0,0.0,EURNZD.p,[tp 1.99908]
189034697,2026-04-09 07:45:00,0,4,0.15,0.0,0.0,0.0,0.0,EURNZD.p,
189170859,2026-04-09 09:43:11,0,4,0.15,0.0,200.55,0.0,0.0,CHFJPY.p,[tp 200.550]
189171964,2026-04-09 09:44:00,1,4,0.15,0.0,1.06064,0.0,0.0,GBPCHF.p,[tp 1.06064]
189278511,2026-04-09 10:58:11,1,4,0.15,0.0,1.99996,0.0,0.0,EURNZD.p,[tp 1.99996]
189280964,2026-04-09 11:00:00,0,4,0.15,0.0,0.0,0.0,0.0,EURNZD.p,
189336954,2026-04-09 11:57:33,1,4,0.15,0.0,1.70966,0.0,0.0,GBPSGD.p,[tp 1.70966]
189354607,2026-04-09 12:15:00,1,4,0.15,0.0,0.0,0.0,0.0,CHFJPY.p,
189371483,2026-04-09 12:30:00,1,4,0.15,0.0,0.0,0.0,0.0,GBPSGD.p,
189397655,2026-04-09 13:05:09,1,4,0.15,0.0,2.00196,0.0,0.0,EURNZD.p,[tp 2.00196]
189397877,2026-04-09 13:05:18,1,4,0.15,0.0,0.0,0.0,0.0,EURNZD.p,
189404493,2026-04-09 13:15:00,1,4,0.6,0.0,0.0,0.0,0.0,EURJPY.p,
189449309,2026-04-09 13:45:00,1,4,0.15,0.0,0.0,0.0,0.0,EURCAD.p,
189545030,2026-04-09 15:00:00,1,4,0.3,0.0,0.0,0.0,0.0,GBPJPY.p,
189548992,2026-04-09 15:02:10,1,4,0.15,0.0,1.85827,0.0,0.0,GBPCAD.p,[tp 1.85827]
189548993,2026-04-09 15:02:10,1,4,0.15,0.0,1.85827,0.0,0.0,GBPCAD.p,[tp 1.85827]
189567796,2026-04-09 15:15:00,1,4,0.15,0.0,0.0,0.0,0.0,GBPCAD.p,
189614131,2026-04-09 15:44:22,0,4,0.15,0.0,0.80668,0.0,0.0,NZDCAD.p,[tp 0.80668]
189615325,2026-04-09 15:45:25,1,4,0.3,0.0,0.0,0.0,0.0,SGDJPY.p,
189615328,2026-04-09 15:45:25,1,4,0.15,0.0,0.0,0.0,0.0,CADJPY.p,
189688845,2026-04-09 16:26:38,0,4,0.15,0.0,2.00102,0.0,0.0,EURNZD.p,[tp 2.00102]
189691411,2026-04-09 16:27:41,1,4,0.15,0.0,0.0,0.0,0.0,EURNZD.p,
189693985,2026-04-09 16:30:00,1,4,1.2,0.0,0.0,0.0,0.0,AUDJPY.p,
189694043,2026-04-09 16:30:00,1,4,0.15,0.0,0.0,0.0,0.0,NZDJPY.p,
189694083,2026-04-09 16:30:01,1,4,0.15,0.0,0.0,0.0,0.0,CHFJPY.p,
189730850,2026-04-09 16:45:00,1,4,0.3,0.0,0.0,0.0,0.0,AUDUSD.p,
189783895,2026-04-09 17:15:00,0,4,0.3,0.0,0.0,0.0,0.0,USDCAD.p,
189792389,2026-04-09 17:20:23,0,4,0.3,0.0,0.0,0.0,0.0,EURAUD.p,
189845593,2026-04-09 17:45:22,0,4,0.15,0.0,1.70927,0.0,0.0,GBPSGD.p,[tp 1.70927]
189845749,2026-04-09 17:45:32,1,4,0.15,0.0,0.0,0.0,0.0,GBPSGD.p,
189851223,2026-04-09 17:48:51,0,4,0.15,0.0,1.6143,0.0,0.0,EURCAD.p,[tp 1.61430]
189852267,2026-04-09 17:49:54,0,4,0.15,0.0,0.0,0.0,0.0,EURCAD.p,
189860549,2026-04-09 17:56:20,1,4,0.15,0.0,1.20713,0.0,0.0,AUDNZD.p,[tp 1.20713]
189864728,2026-04-09 18:00:00,0,4,0.3,0.0,0.0,0.0,0.0,GBPAUD.p,
189864801,2026-04-09 18:00:00,1,4,0.15,0.0,0.0,0.0,0.0,AUDCHF.p,
189864850,2026-04-09 18:00:01,1,4,0.3,0.0,0.0,0.0,0.0,AUDSGD.p,
189883346,2026-04-09 18:15:00,0,4,0.3,0.0,0.0,0.0,0.0,GBPNZD.p,
189913690,2026-04-09 18:30:00,1,4,1.2,0.0,0.0,0.0,0.0,EURJPY.p,
190011456,2026-04-09 19:31:19,0,4,0.15,0.0,158.635,0.0,0.0,USDJPY.p,[tp 158.635]
190025368,2026-04-09 19:45:00,0,4,0.15,0.0,0.0,0.0,0.0,USDJPY.p,
190025408,2026-04-09 19:45:01,1,4,0.15,0.0,0.0,0.0,0.0,NZDCAD.p,
190025419,2026-04-09 19:45:01,1,4,0.15,0.0,0.0,0.0,0.0,NZDUSD.p,
190133909,2026-04-09 21:23:36,0,4,0.15,0.0,1.8565399999999999,0.0,0.0,GBPCAD.p,[tp 1.85654]
190134587,2026-04-09 21:23:46,1,4,0.15,0.0,0.0,0.0,0.0,GBPCAD.p,
190306766,2026-04-09 23:26:18,0,4,0.15,0.0,1.99623,0.0,0.0,EURNZD.p,[tp 1.99623]
190358834,2026-04-10 01:15:00,0,4,0.15,0.0,0.0,0.0,0.0,EURCHF.p,
190358843,2026-04-10 01:15:00,0,4,0.15,0.0,0.0,0.0,0.0,EURNZD.p,
190358858,2026-04-10 01:15:01,0,4,0.15,0.0,0.0,0.0,0.0,AUDNZD.p,
190358871,2026-04-10 01:15:01,0,4,0.15,0.0,0.0,0.0,0.0,GBPCHF.p,
190366611,2026-04-10 01:23:12,1,4,0.15,0.0,1.61669,0.0,0.0,EURCAD.p,[tp 1.61669]
190366687,2026-04-10 01:23:20,0,4,0.15,0.0,0.0,0.0,0.0,EURCAD.p,
190381619,2026-04-10 01:37:27,1,4,0.15,0.0,159.06,0.0,0.0,USDJPY.p,[tp 159.060]
190381801,2026-04-10 01:37:34,0,4,0.15,0.0,0.58539,0.0,0.0,NZDUSD.p,[tp 0.58539]
190385366,2026-04-10 01:39:56,0,4,0.15,0.0,0.80874,0.0,0.0,NZDCAD.p,[tp 0.80874]
190404598,2026-04-10 02:00:00,0,4,0.15,0.0,0.0,0.0,0.0,NZDUSD.p,
190404619,2026-04-10 02:00:00,0,4,0.15,0.0,0.0,0.0,0.0,NZDCAD.p,
190423567,2026-04-10 02:30:00,1,4,0.15,0.0,0.0,0.0,0.0,USDJPY.p,
190442234,2026-04-10 03:00:55,0,4,0.15,0.0,1.8559,0.0,0.0,GBPCAD.p,[tp 1.85590]
190672042,2026-04-10 06:13:23,1,4,0.15,0.0,1.9997,0.0,0.0,EURNZD.p,[tp 1.99970]
190681336,2026-04-10 06:30:00,1,4,0.15,0.0,0.0,0.0,0.0,EURNZD.p,
190694592,2026-04-10 06:45:00,1,4,0.15,0.0,0.0,0.0,0.0,EURSGD.p,
190793998,2026-04-10 09:01:03,0,4,0.15,0.0,1.99891,0.0,0.0,EURNZD.p,[tp 1.99891]
190795591,2026-04-10 09:02:06,1,4,0.15,0.0,0.0,0.0,0.0,EURNZD.p,
190942317,2026-04-10 11:20:29,1,4,0.15,0.0,1.6173,0.0,0.0,EURCAD.p,[tp 1.61730]
191000528,2026-04-10 12:00:00,1,4,0.15,0.0,0.0,0.0,0.0,EURNZD.p,
191014942,2026-04-10 12:12:57,1,4,0.15,0.0,1.20985,0.0,0.0,AUDNZD.p,[tp 1.20985]
191129765,2026-04-10 13:45:00,1,4,0.15,0.0,0.0,0.0,0.0,GBPCAD.p,
191171944,2026-04-10 14:30:00,1,4,0.15,0.0,0.0,0.0,0.0,EURCAD.p,
191229785,2026-04-10 15:15:00,1,4,0.3,0.0,0.0,0.0,0.0,CHFJPY.p,
191264153,2026-04-10 15:30:05,0,4,0.15,0.0,0.0,0.0,0.0,USDJPY.p,
191305190,2026-04-10 15:45:00,1,4,0.6,0.0,0.0,0.0,0.0,GBPJPY.p,
191305211,2026-04-10 15:45:00,1,4,0.15,0.0,0.0,0.0,0.0,GBPSGD.p,
191341845,2026-04-10 16:00:00,0,4,0.15,0.0,0.0,0.0,0.0,USDJPY.p,
191396396,2026-04-10 16:28:37,1,4,0.15,0.0,0.58607,0.0,0.0,NZDUSD.p,[tp 0.58607]
191399546,2026-04-10 16:30:00,1,4,0.6,0.0,0.0,0.0,0.0,EURUSD.p,
191399624,2026-04-10 16:30:00,1,4,2.4,0.0,0.0,0.0,0.0,EURJPY.p,
191399661,2026-04-10 16:30:00,1,4,0.3,0.0,0.0,0.0,0.0,NZDJPY.p,
191399733,2026-04-10 16:30:01,0,4,0.6,0.0,0.0,0.0,0.0,USDSGD.p,
191407130,2026-04-10 16:32:11,1,4,0.15,0.0,0.8096,0.0,0.0,NZDCAD.p,[tp 0.80960]
191444902,2026-04-10 16:47:36,0,4,0.15,0.0,1.85907,0.0,0.0,GBPCAD.p,[tp 1.85907]
191446586,2026-04-10 16:48:39,1,4,0.15,0.0,0.0,0.0,0.0,GBPCAD.p,
191518323,2026-04-10 17:23:28,0,4,0.15,0.0,2.00032,0.0,0.0,EURNZD.p,[tp 2.00032]
191518354,2026-04-10 17:23:30,0,4,0.15,0.0,2.00028,0.0,0.0,EURNZD.p,[tp 2.00028]
191518497,2026-04-10 17:23:38,1,4,0.15,0.0,0.0,0.0,0.0,EURNZD.p,
191561549,2026-04-10 17:43:13,0,4,0.15,0.0,1.61957,0.0,0.0,EURCAD.p,[tp 1.61957]
191566342,2026-04-10 17:45:00,1,4,0.15,0.0,0.0,0.0,0.0,NZDUSD.p,
191589535,2026-04-10 17:55:20,1,4,0.15,0.0,0.9254,0.0,0.0,EURCHF.p,[tp 0.92540]
191589896,2026-04-10 17:55:23,1,4,0.15,0.0,1.06261,0.0,0.0,GBPCHF.p,[tp 1.06261]
191590277,2026-04-10 17:55:30,0,4,0.15,0.0,0.0,0.0,0.0,EURCHF.p,
191604469,2026-04-10 18:00:00,0,4,0.15,0.0,0.0,0.0,0.0,GBPCHF.p,
191647974,2026-04-10 18:28:58,1,4,0.3,0.0,2.30243,0.0,0.0,GBPNZD.p,[tp 2.30243]
191648001,2026-04-10 18:28:58,1,4,0.14,0.0,2.30246,0.0,0.0,GBPNZD.p,[tp 2.30246]
191648002,2026-04-10 18:28:58,1,4,0.15,0.0,2.30247,0.0,0.0,GBPNZD.p,[tp 2.30247]
191649968,2026-04-10 18:30:00,1,4,0.15,0.0,0.0,0.0,0.0,EURCAD.p,
191758045,2026-04-10 19:30:00,1,4,0.15,0.0,0.0,0.0,0.0,GBPNZD.p,
191758113,2026-04-10 19:30:00,1,4,0.15,0.0,0.0,0.0,0.0,AUDNZD.p,
191902615,2026-04-10 22:06:26,1,4,0.15,0.0,159.296,0.0,0.0,USDJPY.p,[tp 159.296]
191958221,2026-04-10 22:45:00,1,4,0.15,0.0,0.0,0.0,0.0,USDJPY.p,
192031525,2026-04-10 23:55:30,0,4,0.15,0.0,0.58396,0.0,0.0,NZDUSD.p,[tp 0.58396]
192207081,2026-04-13 00:01:00,0,4,0.15,0.0,0.46039,0.0,0.0,NZDCHF.p,[tp 0.46039]
192211483,2026-04-13 00:30:00,1,4,0.15,0.0,0.0,0.0,0.0,EURNZD.p,
192212643,2026-04-13 00:50:35,0,4,0.15,0.0,1.20711,0.0,0.0,AUDNZD.p,[tp 1.20711]
192219340,2026-04-13 01:01:06,1,4,0.14,0.0,1.38676,0.0,0.0,USDCAD.p,[tp 1.38676]
192219341,2026-04-13 01:01:06,1,4,0.14,0.0,1.38679,0.0,0.0,USDCAD.p,[tp 1.38679]
192219342,2026-04-13 01:01:06,1,4,0.3,0.0,1.38679,0.0,0.0,USDCAD.p,[tp 1.38679]
192219431,2026-04-13 01:01:06,1,4,0.13,0.0,1.66615,0.0,0.0,EURAUD.p,[tp 1.66615]
192219432,2026-04-13 01:01:06,1,4,0.14,0.0,1.66615,0.0,0.0,EURAUD.p,[tp 1.66615]
192219433,2026-04-13 01:01:06,1,4,0.3,0.0,1.6661299999999999,0.0,0.0,EURAUD.p,[tp 1.66613]
192222109,2026-04-13 01:01:39,1,4,0.13,0.0,1.91221,0.0,0.0,GBPAUD.p,[tp 1.91221]
192222112,2026-04-13 01:01:39,1,4,0.14,0.0,1.91221,0.0,0.0,GBPAUD.p,[tp 1.91221]
192222114,2026-04-13 01:01:39,1,4,0.3,0.0,1.91221,0.0,0.0,GBPAUD.p,[tp 1.91221]
192224379,2026-04-13 01:02:09,1,4,0.16,0.0,0.0,0.0,0.0,EURAUD.p,
192227458,2026-04-13 01:03:01,0,4,0.15,0.0,1.85795,0.0,0.0,GBPCAD.p,[tp 1.85795]
192228171,2026-04-13 01:03:11,0,4,0.16,0.0,0.0,0.0,0.0,GBPCAD.p,
192231947,2026-04-13 01:04:11,0,4,0.14,0.0,0.70039,0.0,0.0,AUDUSD.p,[tp 0.70039]
192232297,2026-04-13 01:04:20,0,4,0.14,0.0,0.70037,0.0,0.0,AUDUSD.p,[tp 0.70037]
192232298,2026-04-13 01:04:20,0,4,0.3,0.0,0.70037,0.0,0.0,AUDUSD.p,[tp 0.70037]
192235319,2026-04-13 01:05:30,0,4,0.15,0.0,1.61927,0.0,0.0,EURCAD.p,[tp 1.61927]
192235841,2026-04-13 01:05:44,0,4,0.15,0.0,0.74094,0.0,0.0,NZDSGD.p,[tp 0.74094]
192237550,2026-04-13 01:06:33,0,4,0.16,0.0,0.0,0.0,0.0,NZDSGD.p,
192244364,2026-04-13 01:08:47,0,4,0.15,0.0,1.71076,0.0,0.0,GBPSGD.p,[tp 1.71076]
192244365,2026-04-13 01:08:47,0,4,0.15,0.0,1.71076,0.0,0.0,GBPSGD.p,[tp 1.71076]
192245869,2026-04-13 01:09:50,0,4,0.16,0.0,0.0,0.0,0.0,GBPSGD.p,
192257591,2026-04-13 01:15:00,0,4,0.16,0.0,0.0,0.0,0.0,AUDUSD.p,
192257631,2026-04-13 01:15:00,0,4,0.16,0.0,0.0,0.0,0.0,NZDCHF.p,
192257656,2026-04-13 01:15:00,0,4,0.16,0.0,0.0,0.0,0.0,EURCAD.p,
192257681,2026-04-13 01:15:01,0,4,0.16,0.0,0.0,0.0,0.0,AUDNZD.p,
192290020,2026-04-13 01:27:59,1,4,0.13,0.0,1.27814,0.0,0.0,USDSGD.p,[tp 1.27814]
192290021,2026-04-13 01:27:59,1,4,0.14,0.0,1.27814,0.0,0.0,USDSGD.p,[tp 1.27814]
192290022,2026-04-13 01:27:59,1,4,0.28,0.0,1.27814,0.0,0.0,USDSGD.p,[tp 1.27814]
192290023,2026-04-13 01:27:59,1,4,0.6,0.0,1.27814,0.0,0.0,USDSGD.p,[tp 1.27814]
192295060,2026-04-13 01:30:00,1,4,0.16,0.0,0.0,0.0,0.0,USDCAD.p,
192314421,2026-04-13 01:45:00,0,4,0.16,0.0,0.0,0.0,0.0,NZDCAD.p,
192314450,2026-04-13 01:45:00,0,4,0.16,0.0,0.0,0.0,0.0,NZDUSD.p,
192324098,2026-04-13 02:00:00,1,4,0.16,0.0,0.0,0.0,0.0,USDSGD.p,
192363248,2026-04-13 02:40:32,0,4,0.15,0.0,201.428,0.0,0.0,CHFJPY.p,[tp 201.428]
192363249,2026-04-13 02:40:32,0,4,0.15,0.0,201.428,0.0,0.0,CHFJPY.p,[tp 201.428]
192363250,2026-04-13 02:40:32,0,4,0.3,0.0,201.428,0.0,0.0,CHFJPY.p,[tp 201.428]
192383519,2026-04-13 03:00:00,0,4,0.16,0.0,0.0,0.0,0.0,CHFJPY.p,
192406467,2026-04-13 03:25:27,1,4,0.15,0.0,0.92588,0.0,0.0,EURCHF.p,[tp 0.92588]
192437322,2026-04-13 03:53:50,0,4,0.15,0.0,2.30383,0.0,0.0,GBPNZD.p,[tp 2.30383]
192475086,2026-04-13 04:15:00,1,4,0.16,0.0,0.0,0.0,0.0,EURCHF.p,
192491660,2026-04-13 04:30:00,0,4,0.16,0.0,0.0,0.0,0.0,GBPNZD.p,
192665040,2026-04-13 07:28:08,0,4,0.16,0.0,0.0,0.0,0.0,GBPAUD.p,
192665198,2026-04-13 07:28:29,0,4,0.16,0.0,1.66044,0.0,0.0,EURAUD.p,[tp 1.66044]
192665273,2026-04-13 07:28:38,0,4,0.16,0.0,0.0,0.0,0.0,EURAUD.p,
192717155,2026-04-13 08:27:31,1,4,0.16,0.0,0.70397,0.0,0.0,AUDUSD.p,[tp 0.70397]
192720946,2026-04-13 08:32:12,1,4,0.16,0.0,1.62,0.0,0.0,EURCAD.p,[tp 1.62000]
192734792,2026-04-13 08:45:00,1,4,0.16,0.0,0.0,0.0,0.0,AUDUSD.p,
192757778,2026-04-13 09:00:00,1,4,0.16,0.0,0.0,0.0,0.0,EURCAD.p,
192757927,2026-04-13 09:00:03,1,4,0.16,0.0,201.638,0.0,0.0,CHFJPY.p,[tp 201.638]
192759197,2026-04-13 09:00:25,0,4,0.16,0.0,1.38588,0.0,0.0,USDCAD.p,[tp 1.38588]
192759375,2026-04-13 09:00:37,1,4,0.16,0.0,1.71128,0.0,0.0,GBPSGD.p,[tp 1.71128]
192759644,2026-04-13 09:00:49,1,4,0.16,0.0,0.58277,0.0,0.0,NZDUSD.p,[tp 0.58277]
192759649,2026-04-13 09:00:49,1,4,0.16,0.0,0.74369,0.0,0.0,NZDSGD.p,[tp 0.74369]
192760484,2026-04-13 09:01:28,1,4,0.16,0.0,0.0,0.0,0.0,USDCAD.p,
192765768,2026-04-13 09:07:29,1,4,0.16,0.0,1.85859,0.0,0.0,GBPCAD.p,[tp 1.85859]
192805887,2026-04-13 09:30:00,0,4,0.16,0.0,0.0,0.0,0.0,CHFJPY.p,
192820274,2026-04-13 09:37:07,0,4,0.15,0.0,2.0051,0.0,0.0,EURNZD.p,[tp 2.00510]
192820275,2026-04-13 09:37:07,0,4,0.15,0.0,2.0051,0.0,0.0,EURNZD.p,[tp 2.00510]
192832630,2026-04-13 09:45:00,1,4,0.16,0.0,0.0,0.0,0.0,NZDUSD.p,
192844412,2026-04-13 09:52:39,0,4,0.16,0.0,0.92477,0.0,0.0,EURCHF.p,[tp 0.92477]
192860723,2026-04-13 10:00:00,1,4,0.16,0.0,0.80768,0.0,0.0,NZDCAD.p,[tp 0.80768]
192860754,2026-04-13 10:00:00,0,4,0.16,0.0,1.276,0.0,0.0,USDSGD.p,[tp 1.27600]
192938314,2026-04-13 10:45:00,0,4,0.16,0.0,0.0,0.0,0.0,EURNZD.p,
192938326,2026-04-13 10:45:00,1,4,0.16,0.0,0.0,0.0,0.0,NZDCAD.p,
192962953,2026-04-13 11:00:00,0,4,0.16,0.0,0.0,0.0,0.0,EURCHF.p,
192982307,2026-04-13 11:15:00,1,4,0.16,0.0,0.0,0.0,0.0,GBPSGD.p,
192982316,2026-04-13 11:15:00,1,4,0.16,0.0,0.0,0.0,0.0,NZDSGD.p,
193050328,2026-04-13 12:09:03,1,4,0.16,0.0,2.30362,0.0,0.0,GBPNZD.p,[tp 2.30362]
193075543,2026-04-13 12:25:13,1,4,0.16,0.0,1.90518,0.0,0.0,GBPAUD.p,[tp 1.90518]
193105790,2026-04-13 12:45:00,1,4,0.16,0.0,0.0,0.0,0.0,GBPNZD.p,
193131656,2026-04-13 13:15:00,1,4,0.16,0.0,0.0,0.0,0.0,GBPAUD.p,
193213316,2026-04-13 14:12:01,0,4,0.16,0.0,1.6183800000000002,0.0,0.0,EURCAD.p,[tp 1.61838]
193213406,2026-04-13 14:12:04,0,4,0.16,0.0,1.38348,0.0,0.0,USDCAD.p,[tp 1.38348]
193237872,2026-04-13 14:30:00,0,4,0.16,0.0,0.0,0.0,0.0,USDCAD.p,
193265925,2026-04-13 14:42:17,1,4,0.16,0.0,202.14,0.0,0.0,CHFJPY.p,[tp 202.140]
193273059,2026-04-13 14:45:00,1,4,0.16,0.0,0.0,0.0,0.0,CHFJPY.p,
193291502,2026-04-13 14:53:05,1,4,0.16,0.0,1.6610399999999998,0.0,0.0,EURAUD.p,[tp 1.66104]
193306140,2026-04-13 15:00:01,0,4,0.16,0.0,0.58184,0.0,0.0,NZDUSD.p,[tp 0.58184]
193306486,2026-04-13 15:00:10,0,4,0.16,0.0,0.70337,0.0,0.0,AUDUSD.p,[tp 0.70337]
193368085,2026-04-13 15:30:00,0,4,0.17,0.0,0.0,0.0,0.0,NZDUSD.p,
193425331,2026-04-13 16:00:00,1,4,0.17,0.0,0.0,0.0,0.0,EURAUD.p,
193466730,2026-04-13 16:16:57,1,4,0.16,0.0,2.00795,0.0,0.0,EURNZD.p,[tp 2.00795]
193467247,2026-04-13 16:17:09,0,4,0.16,0.0,0.80592,0.0,0.0,NZDCAD.p,[tp 0.80592]
193484401,2026-04-13 16:22:44,1,4,0.16,0.0,0.46025,0.0,0.0,NZDCHF.p,[tp 0.46025]
193499874,2026-04-13 16:30:00,1,4,1.3599999999999999,0.0,0.0,0.0,0.0,GBPJPY.p,
193499918,2026-04-13 16:30:00,1,4,0.17,0.0,0.0,0.0,0.0,EURNZD.p,
193499958,2026-04-13 16:30:00,1,4,0.34,0.0,0.0,0.0,0.0,CADJPY.p,
193581869,2026-04-13 17:00:00,0,4,0.17,0.0,0.0,0.0,0.0,NZDCHF.p,
193618678,2026-04-13 17:15:00,1,4,0.17,0.0,0.0,0.0,0.0,GBPCAD.p,
193618698,2026-04-13 17:15:00,0,4,0.17,0.0,0.0,0.0,0.0,USDCHF.p,
193719041,2026-04-13 18:00:00,1,4,0.17,0.0,0.0,0.0,0.0,AUDUSD.p,
193786264,2026-04-13 18:23:58,0,4,0.16,0.0,2.3027699999999998,0.0,0.0,GBPNZD.p,[tp 2.30277]
193788044,2026-04-13 18:25:01,0,4,0.17,0.0,0.0,0.0,0.0,GBPNZD.p,
193823198,2026-04-13 18:45:00,0,4,0.17,0.0,0.0,0.0,0.0,EURCAD.p,
193887389,2026-04-13 19:24:17,0,4,0.16,0.0,1.90469,0.0,0.0,GBPAUD.p,[tp 1.90469]
193902404,2026-04-13 19:30:00,1,4,2.7199999999999998,0.0,0.0,0.0,0.0,AUDJPY.p,
193936051,2026-04-13 19:45:00,1,4,0.34,0.0,0.0,0.0,0.0,GBPUSD.p,
193997400,2026-04-13 20:15:03,1,4,0.34,0.0,0.0,0.0,0.0,EURSGD.p,
194051858,2026-04-13 20:45:00,0,4,0.17,0.0,0.0,0.0,0.0,GBPAUD.p,
194051864,2026-04-13 20:45:00,1,4,0.17,0.0,0.0,0.0,0.0,GBPSGD.p,
194153962,2026-04-13 22:07:04,0,4,0.17,0.0,0.0,0.0,0.0,EURAUD.p,
194154147,2026-04-13 22:07:10,1,4,0.17,0.0,0.0,0.0,0.0,EURCAD.p,
194154818,2026-04-13 22:07:36,1,4,0.17,0.0,0.0,0.0,0.0,NZDUSD.p,
194156093,2026-04-13 22:08:01,0,4,0.17,0.0,0.0,0.0,0.0,EURNZD.p,
194159746,2026-04-13 22:10:20,0,4,2.7199999999999998,0.0,0.0,0.0,0.0,AUDJPY.p,
194159984,2026-04-13 22:10:45,0,4,2.4,0.0,0.0,0.0,0.0,EURJPY.p,
194160298,2026-04-13 22:11:13,1,4,5.12,0.0,0.0,0.0,0.0,EURJPY.p,
194160303,2026-04-13 22:11:13,1,4,0.32,0.0,0.0,0.0,0.0,AUDCAD.p,
194160305,2026-04-13 22:11:13,1,4,0.16,0.0,0.0,0.0,0.0,CHFJPY.p,
194160306,2026-04-13 22:11:13,0,4,0.16,0.0,0.0,0.0,0.0,GBPCHF.p,
194160992,2026-04-13 22:12:06,0,4,0.13,0.0,0.0,0.0,0.0,AUDCHF.p,
194160993,2026-04-13 22:12:06,0,4,0.15,0.0,0.0,0.0,0.0,AUDCHF.p,
194161133,2026-04-13 22:12:16,1,4,0.16,0.0,0.0,0.0,0.0,AUDNZD.p,
194161289,2026-04-13 22:12:37,0,4,5.12,0.0,0.0,0.0,0.0,EURJPY.p,
194161752,2026-04-13 22:13:30,1,4,0.17,0.0,0.0,0.0,0.0,NZDCHF.p,
194162113,2026-04-13 22:13:52,1,4,0.17,0.0,0.0,0.0,0.0,GBPAUD.p,
194162278,2026-04-13 22:14:08,1,4,0.17,0.0,0.0,0.0,0.0,GBPNZD.p,
194162390,2026-04-13 22:14:19,0,4,0.15,0.0,0.0,0.0,0.0,USDJPY.p,
194162875,2026-04-13 22:15:00,0,4,0.15,0.0,0.0,0.0,0.0,CADCHF.p,
194162983,2026-04-13 22:15:04,1,4,0.15,0.0,0.0,0.0,0.0,NZDUSD.p,
194174311,2026-04-13 22:27:10,1,4,0.15,0.0,0.0,0.0,0.0,CADCHF.p,
194174686,2026-04-13 22:27:48,0,4,0.15,0.0,0.0,0.0,0.0,NZDUSD.p,
194261314,2026-04-14 01:15:00,0,4,0.15,0.0,0.0,0.0,0.0,EURNZD.p,
194365097,2026-04-14 03:00:00,1,4,0.15,0.0,0.0,0.0,0.0,NZDCAD.p,
194383974,2026-04-14 03:15:01,1,4,0.15,0.0,0.0,0.0,0.0,EURCAD.p,
194395970,2026-04-14 03:24:56,1,4,0.3,0.0,0.0,0.0,0.0,GBPSGD.p,
194403615,2026-04-14 03:30:00,0,4,0.15,0.0,0.0,0.0,0.0,USDJPY.p,
194436870,2026-04-14 04:00:00,1,4,0.15,0.0,0.0,0.0,0.0,GBPAUD.p,
194437006,2026-04-14 04:00:00,1,4,0.15,0.0,0.0,0.0,0.0,GBPNZD.p,
194437037,2026-04-14 04:00:00,1,4,0.15,0.0,0.0,0.0,0.0,EURAUD.p,
194501835,2026-04-14 04:45:00,0,4,0.15,0.0,0.0,0.0,0.0,CADCHF.p,
194547454,2026-04-14 05:30:00,0,4,0.15,0.0,0.0,0.0,0.0,NZDUSD.p,
194618680,2026-04-14 06:56:07,1,4,0.15,0.0,2.00546,0.0,0.0,EURNZD.p,[tp 2.00546]
194627692,2026-04-14 07:15:00,1,4,0.15,0.0,0.0,0.0,0.0,EURNZD.p,
194697395,2026-04-14 08:45:00,0,4,0.15,0.0,0.0,0.0,0.0,AUDNZD.p,
194729235,2026-04-14 09:10:28,0,4,0.15,0.0,1.6214499999999998,0.0,0.0,EURCAD.p,[tp 1.62145]
194731079,2026-04-14 09:11:31,1,4,0.15,0.0,0.0,0.0,0.0,EURCAD.p,
194740298,2026-04-14 09:16:20,0,4,0.15,0.0,2.30097,0.0,0.0,GBPNZD.p,[tp 2.30097]
194783979,2026-04-14 09:45:00,1,4,0.6,0.0,0.0,0.0,0.0,NZDJPY.p,
194844708,2026-04-14 10:15:00,1,4,0.6,0.0,0.0,0.0,0.0,EURSGD.p,
194848372,2026-04-14 10:17:58,0,4,0.15,0.0,0.0,0.0,0.0,EURCHF.p,
194898076,2026-04-14 10:54:07,0,4,0.15,0.0,0.0,0.0,0.0,GBPNZD.p,
194931344,2026-04-14 11:25:17,0,4,0.15,0.0,1.65899,0.0,0.0,EURAUD.p,[tp 1.65899]
194935930,2026-04-14 11:29:04,0,4,0.15,0.0,1.90551,0.0,0.0,GBPAUD.p,[tp 1.90551]
194945047,2026-04-14 11:37:02,1,4,0.15,0.0,0.58897,0.0,0.0,NZDUSD.p,[tp 0.58897]
194957258,2026-04-14 11:50:31,0,4,1.3599999999999999,0.0,0.0,0.0,0.0,GBPJPY.p,
194957472,2026-04-14 11:50:47,0,4,0.15,0.0,0.0,0.0,0.0,EURNZD.p,
194979356,2026-04-14 12:13:38,0,4,0.15,0.0,0.0,0.0,0.0,GBPAUD.p,
194980760,2026-04-14 12:15:00,1,4,0.15,0.0,0.0,0.0,0.0,NZDUSD.p,
194980776,2026-04-14 12:15:00,0,4,0.15,0.0,0.0,0.0,0.0,EURNZD.p,
195053144,2026-04-14 13:17:55,1,4,0.15,0.0,1.20721,0.0,0.0,AUDNZD.p,[tp 1.20721]
195188288,2026-04-14 14:57:34,1,4,0.16,0.0,0.0,0.0,0.0,EURCHF.p,
195188289,2026-04-14 14:57:34,1,4,0.15,0.0,0.0,0.0,0.0,EURCHF.p,
195188436,2026-04-14 14:57:42,1,4,0.15,0.0,0.0,0.0,0.0,EURNZD.p,
195188767,2026-04-14 14:57:51,1,4,0.15,0.0,0.0,0.0,0.0,USDJPY.p,
195245637,2026-04-14 15:30:01,0,4,1.2,0.0,187.383,0.0,0.0,EURJPY.p,[so 49.00%/1509.94/3081.73]
195245806,2026-04-14 15:30:02,0,4,1.2,0.0,113.194,0.0,0.0,AUDJPY.p,[so 50.00%/1400.38/2801.04]
195316414,2026-04-14 16:05:15,1,4,0.15,0.0,2.29791,0.0,0.0,GBPNZD.p,[tp 2.29791]
195340665,2026-04-14 16:15:59,0,4,0.15,0.0,1.6209,0.0,0.0,EURCAD.p,[tp 1.62090]
195383655,2026-04-14 16:37:45,0,4,0.6,0.0,187.45,0.0,0.0,EURJPY.p,[so 49.96%/1277.04/2556.05]
195441701,2026-04-14 17:00:01,0,4,0.56,0.0,113.39,0.0,0.0,AUDJPY.p,[so 49.96%/1207.01/2415.93]
195442442,2026-04-14 17:00:17,0,4,0.6,0.0,215.783,0.0,0.0,GBPJPY.p,[so 50.00%/1168.76/2337.63]
195481477,2026-04-14 17:19:46,0,4,0.28,0.0,1.18052,0.0,0.0,EURUSD.p,[so 49.78%/1083.18/2176.11]
195485988,2026-04-14 17:21:00,0,4,0.13,0.0,1.3587,0.0,0.0,GBPUSD.p,[so 49.75%/1050.21/2111.14]
195486016,2026-04-14 17:21:00,0,4,0.6,0.0,1.18067,0.0,0.0,EURUSD.p,[so 49.97%/1037.72/2076.78]
195551647,2026-04-14 17:54:50,0,4,0.3,0.0,215.637,0.0,0.0,GBPJPY.p,[so 50.00%/967.95/1935.98]
195552834,2026-04-14 17:55:08,0,4,0.3,0.0,187.419,0.0,0.0,EURJPY.p,[so 49.98%/927.33/1855.41]
195801165,2026-04-14 21:11:24,1,4,0.36,0.0,0.0,0.0,0.0,GBPUSD.p,
195803417,2026-04-14 21:14:32,0,4,0.09,0.0,0.0,0.0,0.0,USDCAD.p,
196389163,2026-04-15 08:19:47,0,4,0.28,0.0,113.533,0.0,0.0,AUDJPY.p,[so 50.00%/950.55/1901.16]
196860035,2026-04-15 13:28:55,1,4,0.64,0.0,0.0,0.0,0.0,EURUSD.p,
196860044,2026-04-15 13:28:55,1,4,0.08,0.0,0.0,0.0,0.0,AUDUSD.p,
196930455,2026-04-15 14:22:22,1,4,0.15,0.0,1.06049,0.0,0.0,GBPCHF.p,[tp 1.06049]
196930456,2026-04-15 14:22:22,1,4,0.16,0.0,1.06049,0.0,0.0,GBPCHF.p,[tp 1.06049]
197108510,2026-04-15 16:25:36,0,4,0.13,0.0,215.725,0.0,0.0,GBPJPY.p,[so 49.97%/969.83/1940.79]
197109809,2026-04-15 16:26:11,0,4,0.14,0.0,1.35647,0.0,0.0,GBPUSD.p,[so 49.98%/952.89/1906.43]
197115950,2026-04-15 16:29:43,0,4,0.12,0.0,1.17963,0.0,0.0,EURUSD.p,[so 49.89%/932.46/1869.14]
197116058,2026-04-15 16:29:44,0,4,0.14,0.0,1.17968,0.0,0.0,EURUSD.p,[so 49.95%/919.90/1841.48]
197116570,2026-04-15 16:30:00,0,4,0.13,0.0,113.657,0.0,0.0,AUDJPY.p,[so 49.99%/904.44/1809.09]
197116635,2026-04-15 16:30:00,0,4,0.34,0.0,1.35666,0.0,0.0,GBPUSD.p,[so 49.97%/894.99/1791.21]
197209237,2026-04-15 17:16:46,0,4,0.14,0.0,215.745,0.0,0.0,GBPJPY.p,[so 49.98%/849.46/1699.57]
197209585,2026-04-15 17:16:52,0,4,0.12,0.0,187.515,0.0,0.0,EURJPY.p,[so 49.98%/830.85/1662.28]
197209929,2026-04-15 17:17:01,1,4,0.14,0.0,0.78101,0.0,0.0,USDCHF.p,[so 49.99%/817.17/1634.62]
197210477,2026-04-15 17:17:11,0,4,0.14,0.0,113.738,0.0,0.0,AUDJPY.p,[so 49.97%/802.84/1606.62]
197210500,2026-04-15 17:17:11,0,4,0.14,0.0,187.516,0.0,0.0,EURJPY.p,[so 49.91%/792.22/1587.21]
197213996,2026-04-15 17:18:59,0,4,0.3,0.0,0.9095,0.0,0.0,AUDSGD.p,[so 50.00%/777.38/1554.84]
197214040,2026-04-15 17:19:00,0,4,0.14,0.0,93.872,0.0,0.0,NZDJPY.p,[so 49.98%/755.94/1512.48]
197214158,2026-04-15 17:19:08,0,4,0.14,0.0,0.90955,0.0,0.0,AUDSGD.p,[so 49.99%/748.09/1496.47]
197215442,2026-04-15 17:20:01,0,4,0.14,0.0,0.9837,0.0,0.0,AUDCAD.p,[so 49.79%/735.36/1477.04]
197215491,2026-04-15 17:20:02,0,4,0.14,0.0,1.49945,0.0,0.0,EURSGD.p,[so 49.99%/728.60/1457.61]
197215551,2026-04-15 17:20:02,0,4,0.16,0.0,1.72538,0.0,0.0,GBPSGD.p,[so 49.99%/712.56/1425.29]
197216088,2026-04-15 17:20:27,1,4,0.17,0.0,0.78095,0.0,0.0,USDCHF.p,[so 49.94%/690.31/1382.32]
197216745,2026-04-15 17:20:56,0,4,0.34,0.0,1.49945,0.0,0.0,EURSGD.p,[so 50.00%/674.12/1348.32]
197220349,2026-04-15 17:24:05,0,4,0.17,0.0,0.71574,0.0,0.0,AUDUSD.p,[so 49.99%/634.20/1268.55]
197220434,2026-04-15 17:24:05,0,4,0.14,0.0,0.90986,0.0,0.0,AUDSGD.p,[so 49.66%/618.06/1244.53]
197222585,2026-04-15 17:26:11,0,4,0.64,0.0,1.17972,0.0,0.0,EURUSD.p,[so 49.97%/612.11/1224.95]
197227103,2026-04-15 17:29:30,0,4,0.16,0.0,203.588,0.0,0.0,CHFJPY.p,[so 49.99%/537.06/1074.25]
197227800,2026-04-15 17:30:01,0,4,0.14,0.0,0.98418,0.0,0.0,AUDCAD.p,[so 49.91%/515.91/1033.76]
197280997,2026-04-15 18:06:01,1,4,0.15,0.0,0.56873,0.0,0.0,CADCHF.p,[tp 0.56873]
197378292,2026-04-15 19:08:01,0,4,0.6,0.0,93.984,0.0,0.0,NZDJPY.p,[so 49.99%/496.16/992.43]
197508624,2026-04-15 20:58:41,0,4,0.3,0.0,94.003,0.0,0.0,NZDJPY.p,[so 49.93%/460.33/921.86]
197512535,2026-04-15 21:01:48,1,4,0.15,0.0,1.89371,0.0,0.0,GBPAUD.p,[so 49.97%/443.05/886.69]
197513504,2026-04-15 21:02:06,0,4,0.32,0.0,0.98423,0.0,0.0,AUDCAD.p,[so 49.96%/422.72/846.06]
197514966,2026-04-15 21:02:23,1,4,0.16,0.0,1.37284,0.0,0.0,USDCAD.p,[so 49.88%/399.39/800.64]
197515798,2026-04-15 21:02:31,0,4,0.15,0.0,115.853,0.0,0.0,CADJPY.p,[so 49.98%/384.19/768.64]
197683231,2026-04-16 00:01:00,0,4,0.15,0.0,1.50182,0.0,0.0,EURSGD.p,[so 34.32%/256.33/746.98]
197683235,2026-04-16 00:01:00,0,4,0.3,0.0,1.7262300000000002,0.0,0.0,GBPSGD.p,[so 36.01%/256.32/711.90]
197683239,2026-04-16 00:01:00,0,4,0.17,0.0,1.7262300000000002,0.0,0.0,GBPSGD.p,[so 40.59%/256.02/630.81]
197683241,2026-04-16 00:01:00,0,4,0.6,0.0,1.50182,0.0,0.0,EURSGD.p,[so 43.74%/255.85/584.95]
197683244,2026-04-16 00:01:00,0,4,0.15,0.0,94.016,0.0,0.0,NZDJPY.p,[so 49.38%/218.99/443.52]
197683566,2026-04-16 00:03:25,0,4,0.12,0.0,125.158,0.0,0.0,SGDJPY.p,[so 46.96%/200.05/425.99]
197683570,2026-04-16 00:03:25,0,4,0.16,0.0,0.75207,0.0,0.0,NZDSGD.p,[so 49.08%/199.93/407.36]
197684077,2026-04-16 00:20:29,0,4,0.3,0.0,125.198,0.0,0.0,SGDJPY.p,[so 49.95%/194.16/388.69]
197983723,2026-04-16 06:05:21,0,4,0.15,0.0,115.448,0.0,0.0,CADJPY.p,[tp 115.448]
197983724,2026-04-16 06:05:21,0,4,0.34,0.0,115.448,0.0,0.0,CADJPY.p,[tp 115.448]
198091628,2026-04-16 07:56:14,1,4,0.16,0.0,0.0,0.0,0.0,GBPJPY.p,
198097467,2026-04-16 08:00:27,1,4,0.01,0.0,0.0,0.0,0.81067,NZDCAD.p,
198108673,2026-04-16 08:08:50,1,4,0.01,0.0,0.0,0.0,0.0,AUDNZD.p,
198108680,2026-04-16 08:08:50,0,4,0.01,0.0,0.0,0.0,0.0,EURAUD.p,
198108712,2026-04-16 08:08:50,1,4,0.01,0.0,0.0,0.0,0.0,AUDCHF.p,
198124498,2026-04-16 08:24:32,0,4,0.02,0.0,0.0,0.0,0.0,USDCAD.p,
198124502,2026-04-16 08:24:32,0,4,0.02,0.0,0.0,0.0,0.0,USDJPY.p,
198124504,2026-04-16 08:24:32,0,4,0.01,0.0,0.0,0.0,0.0,CADJPY.p,
198124507,2026-04-16 08:24:32,0,4,0.01,0.0,0.0,0.0,0.0,USDSGD.p,
198124509,2026-04-16 08:24:32,0,4,0.01,0.0,0.0,0.0,0.0,GBPNZD.p,
198124511,2026-04-16 08:24:33,1,4,0.32,0.0,0.0,0.0,0.0,AUDJPY.p,
198243859,2026-04-16 10:00:29,0,4,0.01,0.0,0.81067,0.0,0.0,NZDCAD.p,[tp 0.81067]
198243918,2026-04-16 10:00:31,0,4,0.15,0.0,0.81066,0.0,0.0,NZDCAD.p,[tp 0.81066]
198246339,2026-04-16 10:02:24,1,4,0.02,0.0,158.81,0.0,0.0,USDJPY.p,[tp 158.810]
198290641,2026-04-16 10:31:20,1,4,0.04,0.0,0.0,0.0,0.0,AUDSGD.p,
198292173,2026-04-16 10:32:23,1,4,0.04,0.0,0.0,0.0,0.0,AUDCAD.p,
198292221,2026-04-16 10:32:23,0,4,0.01,0.0,0.0,0.0,0.0,GBPAUD.p,
198293429,2026-04-16 10:33:26,1,4,0.01,0.0,0.0,0.0,0.0,AUDNZD.p,
198293431,2026-04-16 10:33:26,1,4,0.01,0.0,0.0,0.0,0.0,AUDCHF.p,
198293433,2026-04-16 10:33:26,0,4,0.02,0.0,0.0,0.0,0.0,GBPAUD.p,
198298528,2026-04-16 10:38:41,1,4,0.01,0.0,0.0,0.0,0.0,USDJPY.p,
198308028,2026-04-16 10:47:15,1,4,0.01,0.0,1.2705899999999999,0.0,0.0,USDSGD.p,[tp 1.27059]
198315112,2026-04-16 10:53:52,1,4,0.01,0.0,2.29719,0.0,0.0,GBPNZD.p,[tp 2.29719]
198317094,2026-04-16 10:55:36,1,4,0.01,0.0,115.762,0.0,0.0,CADJPY.p,[tp 115.762]
198323127,2026-04-16 11:00:00,1,4,0.01,0.0,0.0,0.0,0.0,GBPNZD.p,
198385816,2026-04-16 11:45:00,1,4,0.01,0.0,0.0,0.0,0.0,CADJPY.p,
198385830,2026-04-16 11:45:00,1,4,0.01,0.0,0.0,0.0,0.0,USDSGD.p,
198385835,2026-04-16 11:45:00,0,4,0.01,0.0,0.0,0.0,0.0,EURCAD.p,
198419187,2026-04-16 12:15:00,0,4,0.01,0.0,0.0,0.0,0.0,NZDCAD.p,
198425730,2026-04-16 12:21:12,0,4,0.17,0.0,1.85946,0.0,0.0,GBPCAD.p,[tp 1.85946]
198425911,2026-04-16 12:21:21,0,4,0.01,0.0,0.0,0.0,0.0,GBPCAD.p,
198509628,2026-04-16 13:29:04,0,4,0.15,0.0,0.58864,0.0,0.0,NZDUSD.p,[tp 0.58864]
198778512,2026-04-16 16:54:09,0,4,0.01,0.0,0.0,0.0,0.0,EURCAD.p,
198833790,2026-04-16 17:22:47,0,4,0.01,0.0,2.29614,0.0,0.0,GBPNZD.p,[tp 2.29614]
198835575,2026-04-16 17:23:51,1,4,0.01,0.0,0.0,0.0,0.0,GBPNZD.p,
198841632,2026-04-16 17:30:00,0,4,0.01,0.0,0.0,0.0,0.0,EURGBP.p,
198864341,2026-04-16 17:45:00,0,4,0.01,0.0,0.0,0.0,0.0,GBPCHF.p,
199173315,2026-04-17 01:06:23,1,4,0.01,0.0,1.06,0.0,0.0,GBPCHF.p,[tp 1.06000]
199177540,2026-04-17 01:15:00,0,4,0.01,0.0,0.0,0.0,0.0,GBPCHF.p,
199177563,2026-04-17 01:15:00,0,4,0.01,0.0,0.0,0.0,0.0,EURNZD.p,
199257139,2026-04-17 03:52:07,1,4,0.01,0.0,2.00135,0.0,0.0,EURNZD.p,[tp 2.00135]
199257174,2026-04-17 03:52:12,1,4,0.01,0.0,0.0,0.0,0.0,EURNZD.p,
199262012,2026-04-17 04:00:00,1,4,0.01,0.0,0.0,0.0,0.0,CADJPY.p,
199262021,2026-04-17 04:00:00,1,4,0.01,0.0,0.0,0.0,0.0,USDJPY.p,
199408690,2026-04-17 07:30:00,1,4,0.64,0.0,0.0,0.0,0.0,AUDJPY.p,
199435376,2026-04-17 08:15:20,0,4,0.01,0.0,2.00075,0.0,0.0,EURNZD.p,[tp 2.00075]
199442245,2026-04-17 08:28:39,1,4,0.01,0.0,0.87155,0.0,0.0,EURGBP.p,[tp 0.87155]
199444914,2026-04-17 08:32:06,0,4,0.01,0.0,0.0,0.0,0.0,EURNZD.p,
199466284,2026-04-17 09:00:00,1,4,0.01,0.0,0.0,0.0,0.0,EURGBP.p,
199471245,2026-04-17 09:03:38,0,4,0.01,0.0,2.29544,0.0,0.0,GBPNZD.p,[tp 2.29544]
199564068,2026-04-17 11:07:22,1,4,0.01,0.0,2.00149,0.0,0.0,EURNZD.p,[tp 2.00149]
199590065,2026-04-17 11:45:00,1,4,0.02,0.0,0.0,0.0,0.0,AUDUSD.p,
199590085,2026-04-17 11:45:01,0,4,0.04,0.0,0.0,0.0,0.0,USDCAD.p,
199637324,2026-04-17 12:48:49,0,4,0.01,0.0,159.016,0.0,0.0,USDJPY.p,[tp 159.016]
199637325,2026-04-17 12:48:49,0,4,0.01,0.0,159.016,0.0,0.0,USDJPY.p,[tp 159.016]
199650950,2026-04-17 13:15:00,1,4,0.01,0.0,0.0,0.0,0.0,EURNZD.p,
199650972,2026-04-17 13:15:00,1,4,0.01,0.0,0.0,0.0,0.0,GBPNZD.p,
199659918,2026-04-17 13:30:00,0,4,0.01,0.0,0.0,0.0,0.0,USDJPY.p,
199791836,2026-04-17 15:47:21,0,4,0.01,0.0,1.27071,0.0,0.0,USDSGD.p,[tp 1.27071]
199794820,2026-04-17 15:48:01,1,4,0.01,0.0,1.61679,0.0,0.0,EURCAD.p,[tp 1.61679]
199794821,2026-04-17 15:48:01,1,4,0.01,0.0,1.61679,0.0,0.0,EURCAD.p,[tp 1.61679]
199805967,2026-04-17 15:49:52,0,4,0.01,0.0,115.988,0.0,0.0,CADJPY.p,[tp 115.988]
199805968,2026-04-17 15:49:52,0,4,0.01,0.0,115.988,0.0,0.0,CADJPY.p,[tp 115.988]
199869453,2026-04-17 16:12:56,0,4,0.36,0.0,1.35952,0.0,0.0,GBPUSD.p,[so 50.00%/214.78/429.59]
199919575,2026-04-17 16:33:32,0,4,0.01,0.0,0.0,0.0,0.0,GBPAUD.p,
199919611,2026-04-17 16:33:34,0,4,0.01,0.0,0.0,0.0,0.0,EURAUD.p,
199921484,2026-04-17 16:34:37,1,4,0.01,0.0,0.0,0.0,0.0,AUDSGD.p,
199921495,2026-04-17 16:34:37,1,4,0.01,0.0,0.0,0.0,0.0,NZDSGD.p,
199921514,2026-04-17 16:34:37,0,4,0.01,0.0,0.0,0.0,0.0,USDSGD.p,
199921520,2026-04-17 16:34:37,0,4,0.01,0.0,0.0,0.0,0.0,CADCHF.p,
199921529,2026-04-17 16:34:38,1,4,0.01,0.0,0.0,0.0,0.0,EURCAD.p,
199921535,2026-04-17 16:34:38,1,4,0.01,0.0,0.0,0.0,0.0,NZDUSD.p,
199921543,2026-04-17 16:34:38,0,4,0.01,0.0,0.0,0.0,0.0,CADJPY.p,
199929638,2026-04-17 16:38:34,0,4,0.16,0.0,214.759,0.0,0.0,GBPJPY.p,[tp 214.759]
199931271,2026-04-17 16:39:37,0,4,0.01,0.0,0.0,0.0,0.0,GBPJPY.p,
199960435,2026-04-17 16:53:22,0,4,0.01,0.0,2.29278,0.0,0.0,GBPNZD.p,[tp 2.29278]
199965104,2026-04-17 16:55:52,0,4,0.01,0.0,1.99919,0.0,0.0,EURNZD.p,[tp 1.99919]
199971009,2026-04-17 17:00:00,0,4,0.01,0.0,0.0,0.0,0.0,GBPNZD.p,
199971037,2026-04-17 17:00:00,0,4,0.01,0.0,0.0,0.0,0.0,EURNZD.p,
199991871,2026-04-17 17:14:54,0,4,0.01,0.0,0.87089,0.0,0.0,EURGBP.p,[tp 0.87089]
200013217,2026-04-17 17:32:27,0,4,0.16,0.0,202.743,0.0,0.0,CHFJPY.p,[tp 202.743]
200044031,2026-04-17 18:00:00,0,4,0.01,0.0,0.0,0.0,0.0,EURJPY.p,
200044057,2026-04-17 18:00:00,0,4,0.01,0.0,0.0,0.0,0.0,CHFJPY.p,
200068735,2026-04-17 18:18:52,0,4,0.64,0.0,113.531,0.0,0.0,AUDJPY.p,[tp 113.531]
200068748,2026-04-17 18:18:53,0,4,0.32,0.0,113.528,0.0,0.0,AUDJPY.p,[tp 113.528]
200079576,2026-04-17 18:30:00,0,4,0.01,0.0,0.0,0.0,0.0,AUDJPY.p,
200079588,2026-04-17 18:30:00,0,4,0.01,0.0,0.0,0.0,0.0,EURCHF.p,
200292779,2026-04-17 23:47:39,0,4,0.01,0.0,0.74798,0.0,0.0,NZDSGD.p,[tp 0.74798]
200296869,2026-04-17 23:53:34,0,4,0.01,0.0,1.60981,0.0,0.0,EURCAD.p,[tp 1.60981]
200514752,2026-04-20 00:01:13,0,4,0.01,0.0,0.58806,0.0,0.0,NZDUSD.p,[tp 0.58806]
200515273,2026-04-20 00:02:00,1,4,0.01,0.0,1.27084,0.0,0.0,USDSGD.p,[tp 1.27084]
200516013,2026-04-20 00:15:00,0,4,0.01,0.0,0.0,0.0,0.0,GBPCHF.p,
200516017,2026-04-20 00:15:00,0,4,0.01,0.0,0.0,0.0,0.0,NZDCAD.p,
200516020,2026-04-20 00:15:00,0,4,0.01,0.0,0.0,0.0,0.0,AUDJPY.p,
200516022,2026-04-20 00:15:00,0,4,0.01,0.0,0.0,0.0,0.0,GBPCAD.p,
200516761,2026-04-20 00:29:26,1,4,0.01,0.0,1.89261,0.0,0.0,GBPAUD.p,[tp 1.89261]
200516762,2026-04-20 00:29:26,1,4,0.02,0.0,1.89261,0.0,0.0,GBPAUD.p,[tp 1.89261]
200516763,2026-04-20 00:29:26,1,4,0.01,0.0,1.89261,0.0,0.0,GBPAUD.p,[tp 1.89261]
200519473,2026-04-20 00:58:58,0,4,0.08,0.0,0.71244,0.0,0.0,AUDUSD.p,[tp 0.71244]
200519474,2026-04-20 00:58:58,0,4,0.02,0.0,0.71244,0.0,0.0,AUDUSD.p,[tp 0.71244]
200519494,2026-04-20 00:59:06,0,4,0.04,0.0,0.97561,0.0,0.0,AUDCAD.p,[tp 0.97561]
200519940,2026-04-20 01:00:10,1,4,0.01,0.0,0.57147,0.0,0.0,CADCHF.p,[tp 0.57147]
200528349,2026-04-20 01:01:13,1,4,0.01,0.0,186.545,0.0,0.0,EURJPY.p,[tp 186.545]
200530140,2026-04-20 01:01:36,0,4,0.01,0.0,0.0,0.0,0.0,EURJPY.p,
200539039,2026-04-20 01:04:43,1,4,0.01,0.0,2.00423,0.0,0.0,EURNZD.p,[tp 2.00423]
200539653,2026-04-20 01:04:56,1,4,0.01,0.0,2.30236,0.0,0.0,GBPNZD.p,[tp 2.30236]
200539673,2026-04-20 01:04:57,0,4,0.01,0.0,0.90711,0.0,0.0,AUDSGD.p,[tp 0.90711]
200539701,2026-04-20 01:04:59,0,4,0.04,0.0,0.90708,0.0,0.0,AUDSGD.p,[tp 0.90708]
200540957,2026-04-20 01:05:46,0,4,0.01,0.0,0.0,0.0,0.0,NZDJPY.p,
200556767,2026-04-20 01:15:00,0,4,0.01,0.0,0.0,0.0,0.0,AUDUSD.p,
200556805,2026-04-20 01:15:00,0,4,0.01,0.0,0.0,0.0,0.0,AUDCAD.p,
200556823,2026-04-20 01:15:00,0,4,0.01,0.0,0.0,0.0,0.0,AUDSGD.p,
200556846,2026-04-20 01:15:01,0,4,0.01,0.0,0.0,0.0,0.0,NZDSGD.p,
200556863,2026-04-20 01:15:01,0,4,0.01,0.0,0.0,0.0,0.0,GBPSGD.p,
200556878,2026-04-20 01:15:01,0,4,0.01,0.0,0.0,0.0,0.0,EURSGD.p,
200556892,2026-04-20 01:15:01,1,4,0.01,0.0,0.0,0.0,0.0,GBPNZD.p,
200556908,2026-04-20 01:15:02,1,4,0.01,0.0,0.0,0.0,0.0,GBPAUD.p,
200556923,2026-04-20 01:15:02,0,4,0.01,0.0,0.0,0.0,0.0,NZDCHF.p,
200556935,2026-04-20 01:15:02,1,4,0.01,0.0,0.0,0.0,0.0,EURNZD.p,
200556948,2026-04-20 01:15:02,0,4,0.01,0.0,0.0,0.0,0.0,NZDUSD.p,
200556962,2026-04-20 01:15:02,0,4,0.01,0.0,0.0,0.0,0.0,EURCAD.p,
200560211,2026-04-20 01:18:13,1,4,0.01,0.0,202.903,0.0,0.0,CHFJPY.p,[tp 202.903]
200568796,2026-04-20 01:30:00,0,4,0.01,0.0,0.0,0.0,0.0,CHFJPY.p,
200578486,2026-04-20 01:45:00,1,4,0.01,0.0,0.0,0.0,0.0,CADCHF.p,
200589727,2026-04-20 02:00:00,1,4,0.01,0.0,0.0,0.0,0.0,USDSGD.p,
200615154,2026-04-20 02:23:15,1,4,0.01,0.0,116.067,0.0,0.0,CADJPY.p,[tp 116.067]
200615224,2026-04-20 02:23:25,1,4,0.01,0.0,0.0,0.0,0.0,CADJPY.p,
200645887,2026-04-20 02:46:16,1,4,0.01,0.0,159.143,0.0,0.0,USDJPY.p,[tp 159.143]
200699432,2026-04-20 03:30:00,1,4,0.01,0.0,0.0,0.0,0.0,USDJPY.p,
201037080,2026-04-20 08:31:58,1,4,0.01,0.0,113.679,0.0,0.0,AUDJPY.p,[tp 113.679]
201037081,2026-04-20 08:31:58,1,4,0.01,0.0,113.679,0.0,0.0,AUDJPY.p,[tp 113.679]
201040771,2026-04-20 08:33:01,1,4,0.01,0.0,0.0,0.0,0.0,AUDJPY.p,
201141337,2026-04-20 09:45:00,1,4,0.02,0.0,0.0,0.0,0.0,AUDNZD.p,
201198053,2026-04-20 10:21:03,1,4,0.01,0.0,186.853,0.0,0.0,EURJPY.p,[tp 186.853]
201198514,2026-04-20 10:21:15,1,4,0.01,0.0,0.0,0.0,0.0,EURJPY.p,
201224767,2026-04-20 10:35:01,1,4,0.01,0.0,93.272,0.0,0.0,NZDJPY.p,[tp 93.272]
201258536,2026-04-20 10:57:24,0,4,0.01,0.0,1.88911,0.0,0.0,GBPAUD.p,[tp 1.88911]
201262049,2026-04-20 10:59:24,1,4,0.01,0.0,0.90919,0.0,0.0,AUDSGD.p,[tp 0.90919]
201262208,2026-04-20 10:59:31,1,4,0.01,0.0,0.97879,0.0,0.0,AUDCAD.p,[tp 0.97879]
201262228,2026-04-20 10:59:31,1,4,0.01,0.0,0.71481,0.0,0.0,AUDUSD.p,[tp 0.71481]
201262493,2026-04-20 10:59:41,1,4,0.01,0.0,1.61023,0.0,0.0,EURCAD.p,[tp 1.61023]
201262604,2026-04-20 10:59:46,1,4,0.01,0.0,1.71749,0.0,0.0,GBPSGD.p,[tp 1.71749]
201263950,2026-04-20 11:00:34,1,4,0.01,0.0,0.0,0.0,0.0,AUDUSD.p,
201263959,2026-04-20 11:00:34,1,4,0.01,0.0,0.0,0.0,0.0,AUDCAD.p,
201263964,2026-04-20 11:00:34,1,4,0.01,0.0,0.0,0.0,0.0,EURCAD.p,
201263967,2026-04-20 11:00:34,1,4,0.01,0.0,0.0,0.0,0.0,GBPSGD.p,
201264593,2026-04-20 11:01:06,1,4,0.01,0.0,0.7465,0.0,0.0,NZDSGD.p,[tp 0.74650]
201264623,2026-04-20 11:01:06,1,4,0.01,0.0,0.58686,0.0,0.0,NZDUSD.p,[tp 0.58686]
201268073,2026-04-20 11:02:33,0,4,0.01,0.0,2.30065,0.0,0.0,GBPNZD.p,[tp 2.30065]
201272862,2026-04-20 11:07:03,1,4,0.01,0.0,203.277,0.0,0.0,CHFJPY.p,[tp 203.277]
201281570,2026-04-20 11:15:00,0,4,0.01,0.0,0.0,0.0,0.0,NZDUSD.p,
201281578,2026-04-20 11:15:00,0,4,0.01,0.0,0.0,0.0,0.0,AUDSGD.p,
201281584,2026-04-20 11:15:00,1,4,0.01,0.0,0.0,0.0,0.0,GBPAUD.p,
201281592,2026-04-20 11:15:01,0,4,0.01,0.0,0.0,0.0,0.0,NZDSGD.p,
201281595,2026-04-20 11:15:01,0,4,0.01,0.0,0.0,0.0,0.0,NZDJPY.p,
201281608,2026-04-20 11:15:01,1,4,0.01,0.0,0.0,0.0,0.0,GBPNZD.p,
201292953,2026-04-20 11:25:25,0,4,0.01,0.0,1.717,0.0,0.0,GBPSGD.p,[tp 1.71700]
201310402,2026-04-20 11:45:00,1,4,0.01,0.0,0.0,0.0,0.0,CHFJPY.p,
201328483,2026-04-20 11:57:33,0,4,0.01,0.0,1.27188,0.0,0.0,USDSGD.p,[tp 1.27188]
201340387,2026-04-20 12:05:31,0,4,0.01,0.0,0.57087,0.0,0.0,CADCHF.p,[tp 0.57087]
201349015,2026-04-20 12:15:00,0,4,0.01,0.0,0.0,0.0,0.0,GBPSGD.p,
201353904,2026-04-20 12:18:55,0,4,0.01,0.0,2.0021,0.0,0.0,EURNZD.p,[tp 2.00210]
201354096,2026-04-20 12:19:06,1,4,0.01,0.0,0.0,0.0,0.0,EURNZD.p,
201356029,2026-04-20 12:21:37,0,4,0.01,0.0,158.951,0.0,0.0,USDJPY.p,[tp 158.951]
201356118,2026-04-20 12:21:48,1,4,0.01,0.0,0.0,0.0,0.0,USDJPY.p,
201396487,2026-04-20 12:52:53,1,4,0.01,0.0,1.49582,0.0,0.0,EURSGD.p,[tp 1.49582]
201398218,2026-04-20 12:53:56,0,4,0.01,0.0,0.0,0.0,0.0,EURSGD.p,
201407445,2026-04-20 12:58:52,1,4,0.01,0.0,214.798,0.0,0.0,GBPJPY.p,[tp 214.798]
201427888,2026-04-20 13:15:00,1,4,0.01,0.0,0.0,0.0,0.0,GBPJPY.p,
201446855,2026-04-20 13:30:00,0,4,0.01,0.0,0.0,0.0,0.0,USDSGD.p,
201613505,2026-04-20 15:30:01,0,4,0.01,0.0,116.006,0.0,0.0,CADJPY.p,[tp 116.006]
201708299,2026-04-20 16:30:00,0,4,0.02,0.0,0.0,0.0,0.0,USDCHF.p,
201848708,2026-04-20 17:53:23,0,4,0.01,0.0,0.55848,0.0,0.0,AUDCHF.p,[tp 0.55848]
201848709,2026-04-20 17:53:23,0,4,0.01,0.0,0.55848,0.0,0.0,AUDCHF.p,[tp 0.55848]
201858467,2026-04-20 18:00:00,0,4,0.01,0.0,0.0,0.0,0.0,EURCHF.p,
201865237,2026-04-20 18:04:18,0,4,0.01,0.0,0.97826,0.0,0.0,AUDCAD.p,[tp 0.97826]
201904904,2026-04-20 18:30:01,1,4,0.01,0.0,0.0,0.0,0.0,CADJPY.p,
201930695,2026-04-20 18:59:59,0,4,0.01,0.0,1.60852,0.0,0.0,EURCAD.p,[tp 1.60852]
201932463,2026-04-20 19:01:02,0,4,0.01,0.0,0.0,0.0,0.0,EURCAD.p,
201958949,2026-04-20 19:30:25,0,4,0.01,0.0,2.2984,0.0,0.0,GBPNZD.p,[tp 2.29840]
201959001,2026-04-20 19:30:27,0,4,0.01,0.0,1.8868399999999999,0.0,0.0,GBPAUD.p,[tp 1.88684]
201965684,2026-04-20 19:45:00,0,4,0.01,0.0,0.0,0.0,0.0,GBPAUD.p,
201965942,2026-04-20 19:45:44,1,4,0.01,0.0,93.457,0.0,0.0,NZDJPY.p,[tp 93.457]
201968109,2026-04-20 19:49:23,1,4,0.01,0.0,0.58908,0.0,0.0,NZDUSD.p,[tp 0.58908]
201969068,2026-04-20 19:51:50,1,4,0.01,0.0,0.74828,0.0,0.0,NZDSGD.p,[tp 0.74828]
201975796,2026-04-20 20:00:00,1,4,0.01,0.0,0.0,0.0,0.0,GBPNZD.p,
202004203,2026-04-20 20:30:00,1,4,0.01,0.0,0.0,0.0,0.0,NZDSGD.p,
202004218,2026-04-20 20:30:00,1,4,0.01,0.0,0.0,0.0,0.0,NZDUSD.p,
202004237,2026-04-20 20:30:01,1,4,0.01,0.0,0.0,0.0,0.0,NZDJPY.p,
202015251,2026-04-20 20:40:52,0,4,0.01,0.0,158.718,0.0,0.0,USDJPY.p,[tp 158.718]
202021316,2026-04-20 20:53:03,0,4,0.01,0.0,2.00062,0.0,0.0,EURNZD.p,[tp 2.00062]
202035086,2026-04-20 21:06:36,1,4,0.01,0.0,0.91139,0.0,0.0,AUDSGD.p,[tp 0.91139]
202046896,2026-04-20 21:20:39,1,4,0.01,0.0,1.71946,0.0,0.0,GBPSGD.p,[tp 1.71946]
202092937,2026-04-20 22:12:31,1,4,0.01,0.0,1.49691,0.0,0.0,EURSGD.p,[tp 1.49691]
202104851,2026-04-20 22:30:00,1,4,0.01,0.0,0.0,0.0,0.0,AUDSGD.p,
202152847,2026-04-20 23:15:00,1,4,0.01,0.0,0.0,0.0,0.0,EURJPY.p,
202235154,2026-04-21 01:15:00,0,4,0.01,0.0,0.0,0.0,0.0,GBPSGD.p,
202235196,2026-04-21 01:15:00,0,4,0.01,0.0,0.0,0.0,0.0,EURSGD.p,
202235224,2026-04-21 01:15:00,0,4,0.01,0.0,0.0,0.0,0.0,EURNZD.p,
202284300,2026-04-21 01:49:17,1,4,0.01,0.0,0.45972,0.0,0.0,NZDCHF.p,[tp 0.45972]
202305481,2026-04-21 02:03:25,1,4,0.01,0.0,0.8068,0.0,0.0,NZDCAD.p,[tp 0.80680]
202305482,2026-04-21 02:03:25,1,4,0.01,0.0,0.8068,0.0,0.0,NZDCAD.p,[tp 0.80680]
202305588,2026-04-21 02:03:30,0,4,0.01,0.0,2.28865,0.0,0.0,GBPNZD.p,[tp 2.28865]
202320851,2026-04-21 02:15:00,0,4,0.01,0.0,0.0,0.0,0.0,GBPNZD.p,
202320866,2026-04-21 02:15:01,1,4,0.01,0.0,0.0,0.0,0.0,NZDCHF.p,
202320925,2026-04-21 02:15:02,1,4,0.01,0.0,0.0,0.0,0.0,NZDCAD.p,
202407176,2026-04-21 03:21:10,0,4,0.01,0.0,1.21352,0.0,0.0,AUDNZD.p,[tp 1.21352]
202407177,2026-04-21 03:21:10,0,4,0.01,0.0,1.21352,0.0,0.0,AUDNZD.p,[tp 1.21352]
202407178,2026-04-21 03:21:10,0,4,0.02,0.0,1.21352,0.0,0.0,AUDNZD.p,[tp 1.21352]
202508921,2026-04-21 04:15:00,0,4,0.01,0.0,0.0,0.0,0.0,AUDNZD.p,
202562900,2026-04-21 04:45:00,1,4,0.01,0.0,0.0,0.0,0.0,NZDSGD.p,
202562912,2026-04-21 04:45:00,1,4,0.01,0.0,0.0,0.0,0.0,NZDJPY.p,
202755283,2026-04-21 06:38:26,0,4,0.01,0.0,0.91098,0.0,0.0,AUDSGD.p,[tp 0.91098]
202975139,2026-04-21 09:04:57,1,4,0.01,0.0,1.8886699999999998,0.0,0.0,GBPAUD.p,[tp 1.88867]
203027704,2026-04-21 09:30:00,1,4,0.01,0.0,0.0,0.0,0.0,GBPAUD.p,
203078297,2026-04-21 09:59:33,0,4,0.01,0.0,187.002,0.0,0.0,EURJPY.p,[tp 187.002]
203078298,2026-04-21 09:59:33,0,4,0.01,0.0,187.002,0.0,0.0,EURJPY.p,[tp 187.002]
203195416,2026-04-21 11:04:09,1,4,0.01,0.0,1.27202,0.0,0.0,USDSGD.p,[tp 1.27202]
203202716,2026-04-21 11:06:56,0,4,0.01,0.0,0.8057,0.0,0.0,NZDCAD.p,[tp 0.80570]
203205617,2026-04-21 11:07:37,0,4,0.01,0.0,214.714,0.0,0.0,GBPJPY.p,[tp 214.714]
203222297,2026-04-21 11:15:00,0,4,0.02,0.0,0.0,0.0,0.0,GBPCAD.p,
203246165,2026-04-21 11:30:00,0,4,0.01,0.0,0.0,0.0,0.0,AUDCAD.p,
203246182,2026-04-21 11:30:00,0,4,0.01,0.0,0.0,0.0,0.0,GBPJPY.p,
203272002,2026-04-21 11:45:00,1,4,0.01,0.0,0.0,0.0,0.0,USDJPY.p,
203290470,2026-04-21 11:58:04,0,4,0.01,0.0,1.88713,0.0,0.0,GBPAUD.p,[tp 1.88713]
203291633,2026-04-21 11:59:07,0,4,0.01,0.0,0.0,0.0,0.0,GBPAUD.p,
203420949,2026-04-21 13:15:00,1,4,0.01,0.0,0.0,0.0,0.0,CADJPY.p,
203813388,2026-04-21 16:22:17,1,4,0.01,0.0,1.71983,0.0,0.0,GBPSGD.p,[tp 1.71983]
204401868,2026-04-21 20:05:10,0,4,0.01,0.0,0.7143,0.0,0.0,AUDUSD.p,[tp 0.71430]
205335637,2026-04-22 16:38:45,1,4,0.01,0.0,1.05729,0.0,0.0,GBPCHF.p,[tp 1.05729]
205335638,2026-04-22 16:38:45,1,4,0.01,0.0,1.05729,0.0,0.0,GBPCHF.p,[tp 1.05729]
207874876,2026-04-24 15:48:54,1,4,0.01,0.0,0.9206,0.0,0.0,EURCHF.p,[tp 0.92060]
213432291,2026-04-30 12:13:46,0,4,0.01,0.0,113.629,0.0,0.0,AUDJPY.p,[tp 113.629]
217473736,2026-05-05 16:44:51,0,4,0.14,0.0,0.0,0.0,0.0,SGDJPY.p,
217473738,2026-05-05 16:44:51,1,4,0.09,0.0,0.0,0.0,0.0,USDCAD.p,
217473739,2026-05-05 16:44:51,1,4,0.01,0.0,0.0,0.0,0.0,EURAUD.p,
217473740,2026-05-05 16:44:51,1,4,0.02,0.0,0.0,0.0,0.0,USDCAD.p,
217473741,2026-05-05 16:44:51,1,4,0.01,0.0,0.0,0.0,0.0,GBPCAD.p,
217473742,2026-05-05 16:44:51,1,4,0.04,0.0,0.0,0.0,0.0,USDCAD.p,
217473743,2026-05-05 16:44:51,1,4,0.01,0.0,0.0,0.0,0.0,EURAUD.p,
217473744,2026-05-05 16:44:51,1,4,0.01,0.0,0.0,0.0,0.0,GBPCAD.p,
217473745,2026-05-05 16:44:51,0,4,0.01,0.0,0.0,0.0,0.0,CHFJPY.p,
217473752,2026-05-05 16:44:51,1,4,0.02,0.0,0.0,0.0,0.0,USDCHF.p,
217473753,2026-05-05 16:44:51,1,4,0.01,0.0,0.0,0.0,0.0,EURCHF.p,
217473754,2026-05-05 16:44:51,0,4,0.01,0.0,0.0,0.0,0.0,CADJPY.p,
217473755,2026-05-05 16:44:51,1,4,0.01,0.0,0.0,0.0,0.0,EURCAD.p,
217473756,2026-05-05 16:44:51,0,4,0.01,0.0,0.0,0.0,0.0,NZDSGD.p,
217473757,2026-05-05 16:44:51,0,4,0.01,0.0,0.0,0.0,0.0,NZDUSD.p,
217473758,2026-05-05 16:44:51,0,4,0.01,0.0,0.0,0.0,0.0,NZDJPY.p,
217473759,2026-05-05 16:44:51,1,4,0.01,0.0,0.0,0.0,0.0,EURSGD.p,
217473762,2026-05-05 16:44:52,1,4,0.01,0.0,0.0,0.0,0.0,EURNZD.p,
217473763,2026-05-05 16:44:52,1,4,0.01,0.0,0.0,0.0,0.0,GBPNZD.p,
217473764,2026-05-05 16:44:52,0,4,0.01,0.0,0.0,0.0,0.0,NZDCHF.p,
217473765,2026-05-05 16:44:52,1,4,0.01,0.0,0.0,0.0,0.0,AUDNZD.p,
217473766,2026-05-05 16:44:52,0,4,0.01,0.0,0.0,0.0,0.0,NZDSGD.p,
217473767,2026-05-05 16:44:52,0,4,0.01,0.0,0.0,0.0,0.0,NZDJPY.p,
217473768,2026-05-05 16:44:52,1,4,0.02,0.0,0.0,0.0,0.0,GBPCAD.p,
217473769,2026-05-05 16:44:52,1,4,0.01,0.0,0.0,0.0,0.0,AUDCAD.p,
217473770,2026-05-05 16:44:52,1,4,0.01,0.0,0.0,0.0,0.0,GBPJPY.p,
217473771,2026-05-05 16:44:52,0,4,0.01,0.0,0.0,0.0,0.0,USDJPY.p,
217473772,2026-05-05 16:44:52,1,4,0.01,0.0,0.0,0.0,0.0,GBPAUD.p,
217473773,2026-05-05 16:44:52,0,4,0.01,0.0,0.0,0.0,0.0,CADJPY.p,
257486649,2026-06-11 15:23:22,3,4,0.01,0.0,1.15309,0.0,0.0,EURUSD.p,
302098381,2026-07-21 06:38:45,1,4,0.03,0.0,0.0,0.0,0.0,GBPAUD.p,GBPAUD:R:2:2:172
302098382,2026-07-21 06:38:45,1,4,0.04,0.0,0.0,0.0,0.0,GBPAUD.p,GBPAUD:R:2:3:173
302098384,2026-07-21 06:38:45,1,4,0.05,0.0,0.0,0.0,0.0,GBPAUD.p,GBPAUD:R:1:4:179
302098385,2026-07-21 06:38:45,1,4,0.06,0.0,0.0,0.0,0.0,GBPAUD.p,GBPAUD:R:2:5:179
302098387,2026-07-21 06:38:45,1,4,0.07,0.0,0.0,0.0,0.0,GBPAUD.p,GBPAUD:R:1:6:182
302098392,2026-07-21 06:38:45,1,4,0.02,0.0,0.0,0.0,0.0,GBPAUD.p,GBPAUD:R:1:1:172
302427899,2026-07-21 12:03:54,0,4,0.02,0.0,0.0,0.0,0.0,GBPAUD.p,
302427906,2026-07-21 12:03:54,0,4,0.03,0.0,0.0,0.0,0.0,GBPAUD.p,
302427912,2026-07-21 12:03:55,0,4,0.04,0.0,0.0,0.0,0.0,GBPAUD.p,
302427917,2026-07-21 12:03:55,0,4,0.05,0.0,0.0,0.0,0.0,GBPAUD.p,
302427924,2026-07-21 12:03:55,0,4,0.06,0.0,0.0,0.0,0.0,GBPAUD.p,
302427928,2026-07-21 12:03:55,0,4,0.07,0.0,0.0,0.0,0.0,GBPAUD.p,
302429089,2026-07-21 12:04:49,1,4,0.02,0.0,0.0,0.0,0.0,AUDUSD.p,AUDUSD:R:1:1:201
302441023,2026-07-21 12:18:49,0,4,0.02,0.0,0.0,0.0,0.0,GBPAUD.p,GBPAUD:S:1:1:201
302750006,2026-07-21 16:24:13,0,4,0.02,0.0,0.0,0.0,0.0,AUDUSD.p,
302780455,2026-07-21 16:36:44,0,4,0.02,0.0,0.0,0.0,0.0,GBPUSD.p,GBPUSD:S:2:1:201
302843120,2026-07-21 17:06:20,1,4,0.02,0.0,0.0,0.0,0.0,GBPUSD.p,
302942206,2026-07-21 17:56:32,0,4,0.02,0.0,0.0,0.0,0.0,GBPUSD.p,GBPUSD:S:2:1:201
303454242,2026-07-22 04:01:21,1,4,0.02,0.0,0.0,0.0,0.0,GBPUSD.p,
304327677,2026-07-22 16:56:21,1,4,0.02,0.0,0.0,0.0,0.0,GBPAUD.p,
304375992,2026-07-22 17:18:27,0,4,0.01,0.0,0.0,0.0,0.0,EURUSD.p,
304386588,2026-07-22 17:25:29,0,4,0.02,0.0,0.0,0.0,0.0,AUDCAD.p,/// THERANTO V3 ///
304386751,2026-07-22 17:25:41,1,4,0.02,0.0,0.0,0.0,0.0,AUDCAD.p,
304520969,2026-07-22 19:00:00,1,4,0.01,0.0,0.0,0.0,0.0,USDJPY.p,E25/TP5
304520971,2026-07-22 19:00:00,0,4,0.01,0.0,0.0,0.0,0.0,EURCAD.p,E25/TP5
304520972,2026-07-22 19:00:00,0,4,0.01,0.0,0.0,0.0,0.0,EURSGD.p,E25/TP5
304521082,2026-07-22 19:00:00,1,4,0.01,0.0,0.0,0.0,0.0,CADJPY.p,E25/TP5
304521083,2026-07-22 19:00:00,0,4,0.01,0.0,0.0,0.0,0.0,GBPCAD.p,E25/TP5
304538364,2026-07-22 19:15:00,0,4,0.01,0.0,0.0,0.0,0.0,USDSGD.p,E25/TP5
304538387,2026-07-22 19:15:00,1,4,0.01,0.0,0.0,0.0,0.0,NZDJPY.p,E25/TP5
304538388,2026-07-22 19:15:00,1,4,0.01,0.0,0.0,0.0,0.0,SGDJPY.p,E25/TP5
304538389,2026-07-22 19:15:00,1,4,0.01,0.0,0.0,0.0,0.0,AUDJPY.p,E25/TP5
304538390,2026-07-22 19:15:00,1,4,0.01,0.0,0.0,0.0,0.0,AUDSGD.p,E25/TP5
304538421,2026-07-22 19:15:00,0,4,0.01,0.0,0.0,0.0,0.0,GBPNZD.p,E25/TP5
304538422,2026-07-22 19:15:00,1,4,0.01,0.0,0.0,0.0,0.0,AUDUSD.p,E25/TP5
304538423,2026-07-22 19:15:00,0,4,0.01,0.0,0.0,0.0,0.0,USDCAD.p,E25/TP5
304538424,2026-07-22 19:15:00,1,4,0.01,0.0,0.0,0.0,0.0,EURUSD.p,E25/TP5
304538425,2026-07-22 19:15:00,1,4,0.01,0.0,0.0,0.0,0.0,AUDCAD.p,E25/TP5
304538443,2026-07-22 19:15:00,1,4,0.01,0.0,0.0,0.0,0.0,NZDUSD.p,E25/TP5
304538448,2026-07-22 19:15:01,1,4,0.01,0.0,0.0,0.0,0.0,EURJPY.p,E25/TP5
304556946,2026-07-22 19:30:03,0,4,0.01,0.0,0.0,0.0,0.0,GBPUSD.p,E25/TP5
304556950,2026-07-22 19:30:03,0,4,0.01,0.0,0.0,0.0,0.0,GBPJPY.p,E25/TP5
304557004,2026-07-22 19:30:03,0,4,0.01,0.0,0.0,0.0,0.0,GBPSGD.p,E25/TP5
304557008,2026-07-22 19:30:03,1,4,0.01,0.0,0.0,0.0,0.0,AUDNZD.p,E25/TP5
304557153,2026-07-22 19:30:10,1,4,0.01,0.0,0.0,0.0,0.0,AUDCHF.p,E25/TP5
304557155,2026-07-22 19:30:10,0,4,0.01,0.0,0.0,0.0,0.0,EURAUD.p,E25/TP5
304557156,2026-07-22 19:30:10,0,4,0.01,0.0,0.0,0.0,0.0,GBPAUD.p,E25/TP5
304580768,2026-07-22 19:45:01,1,4,0.01,0.0,0.0,0.0,0.0,EURGBP.p,E25/TP5
304610389,2026-07-22 20:15:00,0,4,0.01,0.0,0.0,0.0,0.0,CHFJPY.p,E25/TP5
304610416,2026-07-22 20:15:00,1,4,0.01,0.0,0.0,0.0,0.0,GBPCHF.p,E25/TP5
304684039,2026-07-22 21:30:00,1,4,0.01,0.0,0.0,0.0,0.0,USDCHF.p,E25/TP5
304793281,2026-07-22 23:26:54,1,4,0.01,0.0,2.29944,0.0,0.0,GBPNZD.p,[tp 2.29944]
304812032,2026-07-23 00:51:48,1,4,0.01,0.0,1.91207,0.0,0.0,GBPAUD.p,[tp 1.91207]
304812033,2026-07-23 00:51:48,0,4,0.01,0.0,0.98515,0.0,0.0,AUDCAD.p,[tp 0.98515]
304812041,2026-07-23 00:51:48,0,4,0.01,0.0,0.69918,0.0,0.0,AUDUSD.p,[tp 0.69918]
304816742,2026-07-23 01:01:24,0,4,0.01,0.0,0.90277,0.0,0.0,AUDSGD.p,[tp 0.90277]
304817690,2026-07-23 01:01:50,1,4,0.01,0.0,1.63202,0.0,0.0,EURAUD.p,[tp 1.63202]
304818261,2026-07-23 01:02:14,0,4,0.01,0.0,94.828,0.0,0.0,NZDJPY.p,[tp 94.828]
304819617,2026-07-23 01:03:03,0,4,0.01,0.0,114.025,0.0,0.0,AUDJPY.p,[tp 114.025]
304820620,2026-07-23 01:03:42,0,4,0.01,0.0,0.58122,0.0,0.0,NZDUSD.p,[tp 0.58122]
304830409,2026-07-23 01:15:00,0,4,0.01,0.0,0.0,0.0,0.0,AUDCAD.p,E25/TP5
304830513,2026-07-23 01:15:00,0,4,0.01,0.0,0.0,0.0,0.0,EURNZD.p,E25/TP5
304830523,2026-07-23 01:15:00,0,4,0.01,0.0,0.0,0.0,0.0,GBPNZD.p,E25/TP5
304830534,2026-07-23 01:15:00,0,4,0.01,0.0,0.0,0.0,0.0,AUDSGD.p,E25/TP5
304872243,2026-07-23 02:00:00,1,4,0.01,0.0,0.0,0.0,0.0,EURAUD.p,E25/TP5
304872362,2026-07-23 02:00:00,1,4,0.01,0.0,0.0,0.0,0.0,GBPAUD.p,E25/TP5
304872409,2026-07-23 02:00:00,0,4,0.01,0.0,0.0,0.0,0.0,AUDJPY.p,E25/TP5
304903211,2026-07-23 02:33:15,1,4,0.01,0.0,1.72681,0.0,0.0,GBPSGD.p,[tp 1.72681]
304921490,2026-07-23 02:55:46,1,4,0.01,0.0,218.143,0.0,0.0,GBPJPY.p,[tp 218.143]
304928409,2026-07-23 03:01:54,1,4,0.01,0.0,1.33766,0.0,0.0,GBPUSD.p,[tp 1.33766]
304964967,2026-07-23 03:41:54,0,4,0.01,0.0,0.81398,0.0,0.0,USDCHF.p,[tp 0.81398]
304966813,2026-07-23 03:45:00,1,4,0.01,0.0,0.0,0.0,0.0,GBPSGD.p,E25/TP5
304968578,2026-07-23 03:46:33,0,4,0.01,0.0,1.20202,0.0,0.0,AUDNZD.p,[tp 1.20202]
304968585,2026-07-23 03:46:33,1,4,0.01,0.0,0.0,0.0,0.0,AUDNZD.p,E25/TP5
304985548,2026-07-23 04:00:34,1,4,0.01,0.0,114.055,0.0,0.0,AUDJPY.p,[tp 114.055]
305005691,2026-07-23 04:12:40,0,4,0.01,0.0,1.63183,0.0,0.0,EURAUD.p,[tp 1.63183]
305005738,2026-07-23 04:12:40,1,4,0.01,0.0,0.0,0.0,0.0,EURAUD.p,E25/TP5
305007315,2026-07-23 04:14:25,0,4,0.01,0.0,1.91249,0.0,0.0,GBPAUD.p,[tp 1.91249]
305007323,2026-07-23 04:14:26,1,4,0.01,0.0,0.0,0.0,0.0,GBPAUD.p,E25/TP5
305012750,2026-07-23 04:18:31,1,4,0.01,0.0,0.90294,0.0,0.0,AUDSGD.p,[tp 0.90294]
305027428,2026-07-23 04:30:00,1,4,0.01,0.0,0.98506,0.0,0.0,AUDCAD.p,[tp 0.98506]
305044883,2026-07-23 04:37:32,0,4,0.01,0.0,163.021,0.0,0.0,USDJPY.p,[tp 163.021]
305049158,2026-07-23 04:40:25,0,4,0.01,0.0,1.62673,0.0,0.0,EURAUD.p,[tp 1.62673]
305055361,2026-07-23 04:45:00,1,4,0.01,0.0,0.0,0.0,0.0,AUDNZD.p,E25/TP5
305057605,2026-07-23 04:46:17,0,4,0.01,0.0,1.9072,0.0,0.0,GBPAUD.p,[tp 1.90720]
305076052,2026-07-23 05:00:00,0,4,0.01,0.0,0.0,0.0,0.0,EURAUD.p,E25/TP5
305076147,2026-07-23 05:00:00,0,4,0.01,0.0,0.0,0.0,0.0,GBPAUD.p,E25/TP5
305076150,2026-07-23 05:00:00,1,4,0.01,0.0,0.0,0.0,0.0,AUDUSD.p,E25/TP5
305076210,2026-07-23 05:00:00,1,4,0.01,0.0,0.0,0.0,0.0,AUDJPY.p,E25/TP5
305076212,2026-07-23 05:00:00,1,4,0.01,0.0,0.0,0.0,0.0,AUDSGD.p,E25/TP5
305076227,2026-07-23 05:00:00,1,4,0.01,0.0,0.0,0.0,0.0,AUDCAD.p,E25/TP5
305115992,2026-07-23 05:36:27,1,4,0.01,0.0,1.96399,0.0,0.0,EURNZD.p,[tp 1.96399]
305116056,2026-07-23 05:36:29,1,4,0.01,0.0,2.3015499999999998,0.0,0.0,GBPNZD.p,[tp 2.30155]
305116133,2026-07-23 05:36:31,1,4,0.01,0.0,200.404,0.0,0.0,CHFJPY.p,[tp 200.404]
305130544,2026-07-23 05:49:40,1,4,0.01,0.0,1.62887,0.0,0.0,EURAUD.p,[tp 1.62887]
305140363,2026-07-23 06:00:00,0,4,0.01,0.0,0.0,0.0,0.0,EURAUD.p,E25/TP5
305166633,2026-07-23 06:30:00,1,4,0.01,0.0,0.0,0.0,0.0,GBPNZD.p,E25/TP5
305166671,2026-07-23 06:30:00,1,4,0.01,0.0,0.0,0.0,0.0,EURNZD.p,E25/TP5
305167838,2026-07-23 06:30:40,1,4,0.01,0.0,1.4737,0.0,0.0,EURSGD.p,[tp 1.47370]
305198313,2026-07-23 07:12:41,1,4,0.01,0.0,0.0,0.0,0.0,CHFJPY.p,E25/TP5
305201386,2026-07-23 07:15:00,1,4,0.01,0.0,0.0,0.0,0.0,EURJPY.p,E25/TP5
305202272,2026-07-23 07:15:19,0,4,0.01,0.0,2.30071,0.0,0.0,GBPNZD.p,[tp 2.30071]
305207553,2026-07-23 07:22:02,0,4,0.01,0.0,1.726,0.0,0.0,GBPSGD.p,[tp 1.72600]
305224929,2026-07-23 07:43:50,1,4,0.01,0.0,1.62939,0.0,0.0,EURAUD.p,[tp 1.62939]
305224935,2026-07-23 07:43:51,0,4,0.01,0.0,0.0,0.0,0.0,EURAUD.p,E25/TP5
305276567,2026-07-23 08:33:15,0,4,0.01,0.0,1.96414,0.0,0.0,EURNZD.p,[tp 1.96414]
305276573,2026-07-23 08:33:15,1,4,0.01,0.0,0.0,0.0,0.0,EURNZD.p,E25/TP5
305282453,2026-07-23 08:39:51,0,4,0.01,0.0,200.49,0.0,0.0,CHFJPY.p,[tp 200.490]
305282461,2026-07-23 08:39:52,1,4,0.01,0.0,0.0,0.0,0.0,CHFJPY.p,E25/TP5
305286518,2026-07-23 08:43:55,1,4,0.01,0.0,1.6299299999999999,0.0,0.0,EURAUD.p,[tp 1.62993]
305287774,2026-07-23 08:45:00,0,4,0.01,0.0,0.0,0.0,0.0,EURAUD.p,E25/TP5
305308771,2026-07-23 09:00:02,0,4,0.01,0.0,0.9861,0.0,0.0,AUDCAD.p,[tp 0.98610]
305317418,2026-07-23 09:04:56,0,4,0.01,0.0,1.96346,0.0,0.0,EURNZD.p,[tp 1.96346]
305320594,2026-07-23 09:07:10,1,4,0.01,0.0,1.90924,0.0,0.0,GBPAUD.p,[tp 1.90924]
305320656,2026-07-23 09:07:12,0,4,0.01,0.0,0.0,0.0,0.0,GBPAUD.p,E25/TP5
305346339,2026-07-23 09:30:00,0,4,0.01,0.0,0.0,0.0,0.0,AUDCAD.p,E25/TP5
305348805,2026-07-23 09:32:04,0,4,0.01,0.0,200.423,0.0,0.0,CHFJPY.p,[tp 200.423]
305348818,2026-07-23 09:32:05,1,4,0.01,0.0,0.0,0.0,0.0,CHFJPY.p,E25/TP5
305360567,2026-07-23 09:41:41,1,4,0.01,0.0,0.0,0.0,0.0,GBPJPY.p,E25/TP5
305364358,2026-07-23 09:45:00,0,4,0.01,0.0,0.0,0.0,0.0,EURNZD.p,E25/TP5
305373350,2026-07-23 09:56:04,0,4,0.01,0.0,0.90386,0.0,0.0,AUDSGD.p,[tp 0.90386]
305374534,2026-07-23 09:57:57,1,4,0.01,0.0,1.6303299999999998,0.0,0.0,EURAUD.p,[tp 1.63033]
305376495,2026-07-23 09:59:45,0,4,0.01,0.0,0.70059,0.0,0.0,AUDUSD.p,[tp 0.70059]
305376528,2026-07-23 09:59:46,1,4,0.01,0.0,0.0,0.0,0.0,AUDUSD.p,E25/TP5
305377921,2026-07-23 10:00:31,0,4,0.01,0.0,114.266,0.0,0.0,AUDJPY.p,[tp 114.266]
305381184,2026-07-23 10:01:45,1,4,0.01,0.0,1.90987,0.0,0.0,GBPAUD.p,[tp 1.90987]
305381220,2026-07-23 10:01:46,0,4,0.01,0.0,0.0,0.0,0.0,GBPAUD.p,E25/TP5
305389973,2026-07-23 10:07:56,0,4,0.01,0.0,200.279,0.0,0.0,CHFJPY.p,[tp 200.279]
305406574,2026-07-23 10:15:00,0,4,0.01,0.0,0.0,0.0,0.0,AUDJPY.p,E25/TP5
305414211,2026-07-23 10:18:25,1,4,0.01,0.0,1.96623,0.0,0.0,EURNZD.p,[tp 1.96623]
305449577,2026-07-23 10:43:05,0,4,0.01,0.0,0.70004,0.0,0.0,AUDUSD.p,[tp 0.70004]
305450422,2026-07-23 10:43:13,1,4,0.01,0.0,0.0,0.0,0.0,EURAUD.p,E25/TP5
305450493,2026-07-23 10:43:14,1,4,0.01,0.0,1.9104700000000001,0.0,0.0,GBPAUD.p,[tp 1.91047]
305454266,2026-07-23 10:45:00,0,4,0.01,0.0,0.0,0.0,0.0,CHFJPY.p,E25/TP5
305465608,2026-07-23 10:52:45,1,4,0.01,0.0,114.361,0.0,0.0,AUDJPY.p,[tp 114.361]
305475898,2026-07-23 11:00:00,1,4,0.01,0.0,0.0,0.0,0.0,EURNZD.p,E25/TP5
305476045,2026-07-23 11:00:00,1,4,0.01,0.0,0.0,0.0,0.0,USDCHF.p,E25/TP5
305476155,2026-07-23 11:00:00,1,4,0.01,0.0,0.0,0.0,0.0,GBPNZD.p,E25/TP5
305476156,2026-07-23 11:00:00,0,4,0.01,0.0,0.0,0.0,0.0,AUDUSD.p,E25/TP5
305476157,2026-07-23 11:00:00,0,4,0.01,0.0,0.0,0.0,0.0,NZDCAD.p,E25/TP5
305476219,2026-07-23 11:00:01,0,4,0.01,0.0,0.0,0.0,0.0,NZDSGD.p,E25/TP5
305476220,2026-07-23 11:00:01,0,4,0.01,0.0,0.0,0.0,0.0,AUDSGD.p,E25/TP5
305476221,2026-07-23 11:00:01,0,4,0.01,0.0,0.0,0.0,0.0,AUDJPY.p,E25/TP5
305476222,2026-07-23 11:00:01,0,4,0.01,0.0,0.0,0.0,0.0,NZDJPY.p,E25/TP5
305476284,2026-07-23 11:00:01,0,4,0.01,0.0,0.0,0.0,0.0,NZDUSD.p,E25/TP5
305476286,2026-07-23 11:00:01,1,4,0.01,0.0,0.0,0.0,0.0,GBPAUD.p,E25/TP5
305542286,2026-07-23 11:56:34,1,4,0.01,0.0,200.54,0.0,0.0,CHFJPY.p,[tp 200.540]
305542299,2026-07-23 11:56:35,1,4,0.01,0.0,0.0,0.0,0.0,CHFJPY.p,E25/TP5
305543333,2026-07-23 11:57:30,0,4,0.01,0.0,1.6297700000000002,0.0,0.0,EURAUD.p,[tp 1.62977]
305543352,2026-07-23 11:57:32,1,4,0.01,0.0,0.0,0.0,0.0,EURAUD.p,E25/TP5
305545022,2026-07-23 12:00:00,1,4,0.01,0.0,0.0,0.0,0.0,USDJPY.p,E25/TP5
305623148,2026-07-23 13:12:28,0,4,0.01,0.0,200.481,0.0,0.0,CHFJPY.p,[tp 200.481]
305624839,2026-07-23 13:15:00,1,4,0.01,0.0,0.0,0.0,0.0,CHFJPY.p,E25/TP5
305662767,2026-07-23 13:51:58,0,4,0.01,0.0,1.9679,0.0,0.0,EURNZD.p,[tp 1.96790]
305662779,2026-07-23 13:51:58,1,4,0.01,0.0,0.0,0.0,0.0,EURNZD.p,E25/TP5
305673823,2026-07-23 14:04:00,0,4,0.01,0.0,200.407,0.0,0.0,CHFJPY.p,[tp 200.407]
305693428,2026-07-23 14:20:26,0,4,0.01,0.0,1.14018,0.0,0.0,EURUSD.p,[tp 1.14018]
305704149,2026-07-23 14:29:03,0,4,0.01,0.0,0.0,0.0,0.0,EURUSD.p,E25/TP5
305705702,2026-07-23 14:30:10,0,4,0.01,0.0,1.6292499999999999,0.0,0.0,EURAUD.p,[tp 1.62925]
305710140,2026-07-23 14:33:45,0,4,0.01,0.0,186.19,0.0,0.0,EURJPY.p,[tp 186.190]
305710141,2026-07-23 14:33:45,0,4,0.01,0.0,186.19,0.0,0.0,EURJPY.p,[tp 186.190]
305718480,2026-07-23 14:40:25,1,4,0.01,0.0,1.29163,0.0,0.0,USDSGD.p,[tp 1.29163]
305727456,2026-07-23 14:45:00,0,4,0.01,0.0,0.0,0.0,0.0,EURJPY.p,E25/TP5
305727572,2026-07-23 14:45:00,0,4,0.01,0.0,0.0,0.0,0.0,CHFJPY.p,E25/TP5
305727597,2026-07-23 14:45:00,1,4,0.01,0.0,0.0,0.0,0.0,CADJPY.p,E25/TP5
305729605,2026-07-23 14:45:51,0,4,0.01,0.0,218.075,0.0,0.0,GBPJPY.p,[tp 218.075]
305743921,2026-07-23 15:00:00,0,4,0.01,0.0,0.0,0.0,0.0,GBPUSD.p,E25/TP5
305744052,2026-07-23 15:00:00,0,4,0.01,0.0,0.0,0.0,0.0,EURSGD.p,E25/TP5
305744053,2026-07-23 15:00:00,0,4,0.01,0.0,0.0,0.0,0.0,GBPSGD.p,E25/TP5
305813494,2026-07-23 15:42:53,1,4,0.01,0.0,200.405,0.0,0.0,CHFJPY.p,[tp 200.405]
305817836,2026-07-23 15:45:00,1,4,0.01,0.0,0.0,0.0,0.0,USDJPY.p,E25/TP5
305817930,2026-07-23 15:45:00,0,4,0.01,0.0,0.0,0.0,0.0,CHFJPY.p,E25/TP5
305839412,2026-07-23 15:57:34,1,4,0.01,0.0,186.341,0.0,0.0,EURJPY.p,[tp 186.341]
305839432,2026-07-23 15:57:35,0,4,0.01,0.0,0.0,0.0,0.0,EURJPY.p,E25/TP5
305884356,2026-07-23 16:15:00,0,4,0.01,0.0,0.0,0.0,0.0,NZDCAD.p,E25/TP5
305894088,2026-07-23 16:20:22,1,4,0.01,0.0,200.427,0.0,0.0,CHFJPY.p,[tp 200.427]
305905718,2026-07-23 16:30:00,1,4,0.01,0.0,0.0,0.0,0.0,USDSGD.p,E25/TP5
305917184,2026-07-23 16:35:11,1,4,0.01,0.0,186.399,0.0,0.0,EURJPY.p,[tp 186.399]
305917206,2026-07-23 16:35:12,0,4,0.01,0.0,0.0,0.0,0.0,EURJPY.p,E25/TP5
305937294,2026-07-23 16:45:00,1,4,0.01,0.0,0.0,0.0,0.0,EURAUD.p,E25/TP5
305937451,2026-07-23 16:45:00,1,4,0.01,0.0,0.0,0.0,0.0,SGDJPY.p,E25/TP5
305986854,2026-07-23 17:10:17,0,4,0.01,0.0,1.08828,0.0,0.0,GBPCHF.p,[tp 1.08828]
305994679,2026-07-23 17:15:00,1,4,0.01,0.0,0.0,0.0,0.0,GBPJPY.p,E25/TP5
305994754,2026-07-23 17:15:00,1,4,0.01,0.0,0.0,0.0,0.0,CHFJPY.p,E25/TP5
306000227,2026-07-23 17:18:43,0,4,0.01,0.0,1.62991,0.0,0.0,EURAUD.p,[tp 1.62991]
306000284,2026-07-23 17:18:44,1,4,0.01,0.0,0.0,0.0,0.0,EURAUD.p,E25/TP5
306034649,2026-07-23 17:45:00,0,4,0.01,0.0,0.0,0.0,0.0,GBPCAD.p,E25/TP5
306034655,2026-07-23 17:45:00,0,4,0.01,0.0,0.0,0.0,0.0,GBPUSD.p,E25/TP5
306042119,2026-07-23 17:51:17,0,4,0.01,0.0,218.339,0.0,0.0,GBPJPY.p,[tp 218.339]
306042172,2026-07-23 17:51:18,1,4,0.01,0.0,0.0,0.0,0.0,GBPJPY.p,E25/TP5
306043368,2026-07-23 17:52:20,0,4,0.01,0.0,200.671,0.0,0.0,CHFJPY.p,[tp 200.671]
306043381,2026-07-23 17:52:21,1,4,0.01,0.0,0.0,0.0,0.0,CHFJPY.p,E25/TP5
306079131,2026-07-23 18:20:53,0,4,0.01,0.0,1.90891,0.0,0.0,GBPAUD.p,[tp 1.90891]
306091519,2026-07-23 18:30:18,0,4,0.01,0.0,200.54,0.0,0.0,CHFJPY.p,[tp 200.540]
306091530,2026-07-23 18:30:19,1,4,0.01,0.0,0.0,0.0,0.0,CHFJPY.p,E25/TP5
306092726,2026-07-23 18:30:59,1,4,0.01,0.0,1.40953,0.0,0.0,USDCAD.p,[tp 1.40953]
306093110,2026-07-23 18:31:05,0,4,0.01,0.0,218.023,0.0,0.0,GBPJPY.p,[tp 218.023]
306114216,2026-07-23 18:45:00,0,4,0.01,0.0,0.0,0.0,0.0,GBPCHF.p,E25/TP5
306138359,2026-07-23 19:15:00,0,4,0.01,0.0,0.0,0.0,0.0,GBPJPY.p,E25/TP5
306138392,2026-07-23 19:15:00,0,4,0.01,0.0,0.0,0.0,0.0,GBPAUD.p,E25/TP5
306142215,2026-07-23 19:19:35,0,4,0.01,0.0,200.472,0.0,0.0,CHFJPY.p,[tp 200.472]
306142259,2026-07-23 19:19:37,0,4,0.01,0.0,0.0,0.0,0.0,CHFJPY.p,E25/TP5
306172833,2026-07-23 20:04:55,1,4,0.01,0.0,1.90985,0.0,0.0,GBPAUD.p,[tp 1.90985]
306173156,2026-07-23 20:05:07,1,4,0.01,0.0,200.637,0.0,0.0,CHFJPY.p,[tp 200.637]
306180907,2026-07-23 20:15:00,1,4,0.01,0.0,0.0,0.0,0.0,CHFJPY.p,E25/TP5
306181016,2026-07-23 20:15:00,0,4,0.01,0.0,0.0,0.0,0.0,GBPAUD.p,E25/TP5
306215154,2026-07-23 21:03:32,0,4,0.01,0.0,200.464,0.0,0.0,CHFJPY.p,[tp 200.464]
306218161,2026-07-23 21:09:20,1,4,0.01,0.0,1.91071,0.0,0.0,GBPAUD.p,[tp 1.91071]
306262617,2026-07-23 22:30:24,0,4,0.01,0.0,0.56883,0.0,0.0,AUDCHF.p,[tp 0.56883]
306302691,2026-07-24 01:01:00,0,4,0.01,0.0,0.0,0.0,0.0,CHFJPY.p,E25/TP5
306320660,2026-07-24 01:55:22,1,4,0.01,0.0,186.45,0.0,0.0,EURJPY.p,[tp 186.450]
306365074,2026-07-24 03:17:22,1,4,0.01,0.0,218.22,0.0,0.0,GBPJPY.p,[tp 218.220]
306391217,2026-07-24 03:55:29,0,4,0.01,0.0,1.29237,0.0,0.0,USDSGD.p,[tp 1.29237]
306391745,2026-07-24 03:56:54,0,4,0.01,0.0,2.3036,0.0,0.0,GBPNZD.p,[tp 2.30360]
306395624,2026-07-24 04:00:25,1,4,0.01,0.0,200.707,0.0,0.0,CHFJPY.p,[tp 200.707]
306424931,2026-07-24 04:30:00,1,4,0.01,0.0,0.0,0.0,0.0,CHFJPY.p,E25/TP5
306450639,2026-07-24 05:00:00,0,4,0.01,0.0,0.0,0.0,0.0,GBPNZD.p,E25/TP5
306461823,2026-07-24 05:17:04,0,4,0.01,0.0,200.553,0.0,0.0,CHFJPY.p,[tp 200.553]
306477570,2026-07-24 05:39:35,1,4,0.01,0.0,2.30469,0.0,0.0,GBPNZD.p,[tp 2.30469]
306477578,2026-07-24 05:39:35,0,4,0.01,0.0,0.0,0.0,0.0,GBPNZD.p,E25/TP5
306480608,2026-07-24 05:45:00,0,4,0.01,0.0,0.0,0.0,0.0,GBPAUD.p,E25/TP5
306536445,2026-07-24 06:30:00,0,4,0.01,0.0,0.0,0.0,0.0,CHFJPY.p,E25/TP5
306663063,2026-07-24 09:38:32,1,4,0.01,0.0,1.0883099999999999,0.0,0.0,GBPCHF.p,[tp 1.08831]
306689649,2026-07-24 10:05:23,1,4,0.01,0.0,200.545,0.0,0.0,CHFJPY.p,[tp 200.545]
306719014,2026-07-24 10:30:40,1,4,0.01,0.0,1.33426,0.0,0.0,GBPUSD.p,[tp 1.33426]
306719015,2026-07-24 10:30:40,1,4,0.01,0.0,1.33426,0.0,0.0,GBPUSD.p,[tp 1.33426]
306726706,2026-07-24 10:36:19,1,4,0.01,0.0,1.90942,0.0,0.0,GBPAUD.p,[tp 1.90942]
306735417,2026-07-24 10:45:00,1,4,0.01,0.0,0.0,0.0,0.0,GBPJPY.p,E25/TP5
306735528,2026-07-24 10:45:00,1,4,0.01,0.0,0.0,0.0,0.0,GBPUSD.p,E25/TP5
306744232,2026-07-24 11:00:00,1,4,0.01,0.0,0.0,0.0,0.0,CHFJPY.p,E25/TP5
306756931,2026-07-24 11:15:00,1,4,0.01,0.0,0.0,0.0,0.0,GBPAUD.p,E25/TP5
306764765,2026-07-24 11:26:02,0,4,0.01,0.0,218.27,0.0,0.0,GBPJPY.p,[tp 218.270]
306766542,2026-07-24 11:27:33,0,4,0.01,0.0,1.62944,0.0,0.0,EURAUD.p,[tp 1.62944]
306770470,2026-07-24 11:30:00,1,4,0.01,0.0,0.0,0.0,0.0,GBPJPY.p,E25/TP5
306777199,2026-07-24 11:37:54,0,4,0.01,0.0,1.9673500000000002,0.0,0.0,EURNZD.p,[tp 1.96735]
306777762,2026-07-24 11:38:44,0,4,0.01,0.0,1.33269,0.0,0.0,GBPUSD.p,[tp 1.33269]
306777776,2026-07-24 11:38:45,1,4,0.01,0.0,0.0,0.0,0.0,GBPUSD.p,E25/TP5
306780944,2026-07-24 11:42:11,1,4,0.01,0.0,114.435,0.0,0.0,AUDJPY.p,[tp 114.435]
306790832,2026-07-24 11:52:36,0,4,0.01,0.0,200.568,0.0,0.0,CHFJPY.p,[tp 200.568]
306790962,2026-07-24 11:52:52,0,4,0.01,0.0,1.90671,0.0,0.0,GBPAUD.p,[tp 1.90671]
306797825,2026-07-24 12:00:00,1,4,0.01,0.0,0.0,0.0,0.0,CHFJPY.p,E25/TP5
306797971,2026-07-24 12:00:00,0,4,0.01,0.0,0.0,0.0,0.0,EURNZD.p,E25/TP5
306813701,2026-07-24 12:14:25,0,4,0.01,0.0,218.077,0.0,0.0,GBPJPY.p,[tp 218.077]
306813713,2026-07-24 12:14:26,1,4,0.01,0.0,0.0,0.0,0.0,GBPJPY.p,E25/TP5
306813944,2026-07-24 12:15:00,0,4,0.01,0.0,0.0,0.0,0.0,EURAUD.p,E25/TP5
306814435,2026-07-24 12:15:39,0,4,0.01,0.0,1.3314,0.0,0.0,GBPUSD.p,[tp 1.33140]
306825059,2026-07-24 12:30:00,0,4,0.01,0.0,0.0,0.0,0.0,GBPUSD.p,E25/TP5
306836105,2026-07-24 12:45:00,0,4,0.01,0.0,0.0,0.0,0.0,GBPAUD.p,E25/TP5
306849854,2026-07-24 13:03:59,1,4,0.01,0.0,1.96835,0.0,0.0,EURNZD.p,[tp 1.96835]
306854166,2026-07-24 13:07:24,0,4,0.01,0.0,217.982,0.0,0.0,GBPJPY.p,[tp 217.982]
306869556,2026-07-24 13:24:51,1,4,0.01,0.0,1.3324500000000001,0.0,0.0,GBPUSD.p,[tp 1.33245]
306875603,2026-07-24 13:30:00,0,4,0.01,0.0,0.0,0.0,0.0,GBPJPY.p,E25/TP5
306875691,2026-07-24 13:30:00,0,4,0.01,0.0,0.0,0.0,0.0,GBPUSD.p,E25/TP5
306903164,2026-07-24 14:09:35,1,4,0.01,0.0,0.81511,0.0,0.0,NZDCAD.p,[tp 0.81511]
306903165,2026-07-24 14:09:35,1,4,0.01,0.0,0.81511,0.0,0.0,NZDCAD.p,[tp 0.81511]
306904460,2026-07-24 14:12:16,1,4,0.01,0.0,218.257,0.0,0.0,GBPJPY.p,[tp 218.257]
306913998,2026-07-24 14:30:00,1,4,0.01,0.0,0.0,0.0,0.0,GBPJPY.p,E25/TP5
306914759,2026-07-24 14:30:32,0,4,0.01,0.0,200.456,0.0,0.0,CHFJPY.p,[tp 200.456]
306940261,2026-07-24 14:58:13,1,4,0.01,0.0,1.9065400000000001,0.0,0.0,GBPAUD.p,[tp 1.90654]
306947860,2026-07-24 15:00:00,0,4,0.01,0.0,0.0,0.0,0.0,GBPAUD.p,E25/TP5
306963537,2026-07-24 15:15:00,0,4,0.01,0.0,0.0,0.0,0.0,CHFJPY.p,E25/TP5
306963588,2026-07-24 15:15:00,0,4,0.01,0.0,0.0,0.0,0.0,EURNZD.p,E25/TP5
306971141,2026-07-24 15:25:09,0,4,0.01,0.0,218.167,0.0,0.0,GBPJPY.p,[tp 218.167]
306975667,2026-07-24 15:30:00,1,4,0.01,0.0,0.0,0.0,0.0,GBPJPY.p,E25/TP5
306984639,2026-07-24 15:39:45,1,4,0.01,0.0,1.90727,0.0,0.0,GBPAUD.p,[tp 1.90727]
307001347,2026-07-24 15:58:28,1,4,0.01,0.0,1.96727,0.0,0.0,EURNZD.p,[tp 1.96727]
307003146,2026-07-24 16:00:00,0,4,0.01,0.0,0.0,0.0,0.0,EURNZD.p,E25/TP5
307021771,2026-07-24 16:10:17,0,4,0.01,0.0,218.068,0.0,0.0,GBPJPY.p,[tp 218.068]
307021816,2026-07-24 16:10:18,0,4,0.01,0.0,0.0,0.0,0.0,GBPJPY.p,E25/TP5
307027914,2026-07-24 16:14:14,1,4,0.01,0.0,1.63007,0.0,0.0,EURAUD.p,[tp 1.63007]
307044281,2026-07-24 16:30:00,1,4,0.01,0.0,0.0,0.0,0.0,USDCAD.p,E25/TP5
307055654,2026-07-24 16:36:07,1,4,0.01,0.0,1.96783,0.0,0.0,EURNZD.p,[tp 1.96783]
307071711,2026-07-24 16:45:00,0,4,0.01,0.0,0.0,0.0,0.0,EURNZD.p,E25/TP5
307080747,2026-07-24 16:48:38,1,4,0.01,0.0,218.263,0.0,0.0,GBPJPY.p,[tp 218.263]
307080911,2026-07-24 16:48:38,1,4,0.01,0.0,0.0,0.0,0.0,GBPJPY.p,E25/TP5
307130489,2026-07-24 17:09:51,0,4,0.01,0.0,1.40944,0.0,0.0,USDCAD.p,[tp 1.40944]
307130507,2026-07-24 17:09:52,1,4,0.01,0.0,0.0,0.0,0.0,USDCAD.p,E25/TP5
307138852,2026-07-24 17:15:00,1,4,0.01,0.0,0.0,0.0,0.0,EURAUD.p,E25/TP5
307138881,2026-07-24 17:15:00,1,4,0.01,0.0,0.0,0.0,0.0,GBPAUD.p,E25/TP5
307157180,2026-07-24 17:26:43,1,4,0.01,0.0,1.3331,0.0,0.0,GBPUSD.p,[tp 1.33310]
307181745,2026-07-24 17:46:55,0,4,0.01,0.0,218.195,0.0,0.0,GBPJPY.p,[tp 218.195]
307181762,2026-07-24 17:46:56,1,4,0.01,0.0,0.0,0.0,0.0,GBPJPY.p,E25/TP5
307184042,2026-07-24 17:49:19,0,4,0.01,0.0,1.4085,0.0,0.0,USDCAD.p,[tp 1.40850]
307188718,2026-07-24 17:53:15,0,4,0.01,0.0,1.62851,0.0,0.0,EURAUD.p,[tp 1.62851]
307190095,2026-07-24 17:55:40,0,4,0.01,0.0,1.90769,0.0,0.0,GBPAUD.p,[tp 1.90769]
307190122,2026-07-24 17:55:41,1,4,0.01,0.0,0.0,0.0,0.0,GBPAUD.p,E25/TP5
307190502,2026-07-24 17:56:17,1,4,0.01,0.0,94.841,0.0,0.0,NZDJPY.p,[tp 94.841]
307225881,2026-07-24 18:15:07,1,4,0.01,0.0,200.453,0.0,0.0,CHFJPY.p,[tp 200.453]
307226792,2026-07-24 18:15:09,0,4,0.01,0.0,0.0,0.0,0.0,CHFJPY.p,E25/TP5
307259123,2026-07-24 18:30:00,0,4,0.01,0.0,0.0,0.0,0.0,EURAUD.p,E25/TP5
307259240,2026-07-24 18:30:00,0,4,0.01,0.0,0.0,0.0,0.0,USDCAD.p,E25/TP5
307285571,2026-07-24 18:45:00,1,4,0.01,0.0,0.0,0.0,0.0,GBPUSD.p,E25/TP5
307350638,2026-07-24 19:45:00,1,4,0.01,0.0,0.0,0.0,0.0,NZDJPY.p,E25/TP5
307352038,2026-07-24 19:46:14,0,4,0.01,0.0,1.33343,0.0,0.0,GBPUSD.p,[tp 1.33343]
307352061,2026-07-24 19:46:15,1,4,0.01,0.0,0.0,0.0,0.0,GBPUSD.p,E25/TP5
307355698,2026-07-24 19:49:02,1,4,0.01,0.0,1.40882,0.0,0.0,USDCAD.p,[tp 1.40882]
307355705,2026-07-24 19:49:02,0,4,0.01,0.0,0.0,0.0,0.0,USDCAD.p,E25/TP5
307391480,2026-07-24 20:34:06,0,4,0.01,0.0,1.90701,0.0,0.0,GBPAUD.p,[tp 1.90701]
307394801,2026-07-24 20:41:00,0,4,0.01,0.0,1.33222,0.0,0.0,GBPUSD.p,[tp 1.33222]
307399595,2026-07-24 20:47:19,1,4,0.01,0.0,1.40974,0.0,0.0,USDCAD.p,[tp 1.40974]
307408069,2026-07-24 21:00:00,0,4,0.01,0.0,0.0,0.0,0.0,GBPUSD.p,E25/TP5
307423959,2026-07-24 21:20:38,0,4,0.01,0.0,94.848,0.0,0.0,NZDJPY.p,[tp 94.848]
307457289,2026-07-24 22:00:00,1,4,0.01,0.0,0.0,0.0,0.0,USDCAD.p,E25/TP5
307462436,2026-07-24 22:07:32,1,4,0.01,0.0,1.62858,0.0,0.0,EURAUD.p,[tp 1.62858]
307482877,2026-07-24 22:45:00,1,4,0.01,0.0,0.0,0.0,0.0,EURAUD.p,E25/TP5
307582868,2026-07-27 00:08:40,0,4,0.01,0.0,1.62817,0.0,0.0,EURAUD.p,[tp 1.62817]
307582891,2026-07-27 00:09:42,0,4,0.01,0.0,1.4090500000000001,0.0,0.0,USDCAD.p,[tp 1.40905]
307583099,2026-07-27 00:15:00,0,4,0.01,0.0,0.0,0.0,0.0,GBPNZD.p,E25/TP5
307583687,2026-07-27 00:35:43,1,4,0.01,0.0,1.33307,0.0,0.0,GBPUSD.p,[tp 1.33307]
307585502,2026-07-27 01:00:00,0,4,0.01,0.0,0.0,0.0,0.0,EURNZD.p,E25/TP5
307585918,2026-07-27 01:00:07,1,4,0.01,0.0,200.519,0.0,0.0,CHFJPY.p,[tp 200.519]
307586523,2026-07-27 01:00:57,1,4,0.01,0.0,0.0,0.0,0.0,NZDCAD.p,E25/TP5
307593464,2026-07-27 01:02:32,1,4,0.01,0.0,1.8807399999999999,0.0,0.0,GBPCAD.p,[tp 1.88074]
307593465,2026-07-27 01:02:32,1,4,0.01,0.0,1.8807399999999999,0.0,0.0,GBPCAD.p,[tp 1.88074]
307604433,2026-07-27 01:15:00,0,4,0.01,0.0,0.0,0.0,0.0,CADCHF.p,E25/TP5
307604434,2026-07-27 01:15:00,0,4,0.01,0.0,0.0,0.0,0.0,USDCAD.p,E25/TP5
307604436,2026-07-27 01:15:00,0,4,0.01,0.0,0.0,0.0,0.0,GBPAUD.p,E25/TP5
307604437,2026-07-27 01:15:00,0,4,0.01,0.0,0.0,0.0,0.0,GBPCHF.p,E25/TP5
307604438,2026-07-27 01:15:00,1,4,0.01,0.0,0.0,0.0,0.0,AUDJPY.p,E25/TP5
307604759,2026-07-27 01:15:00,0,4,0.01,0.0,0.0,0.0,0.0,EURCHF.p,E25/TP5
307604780,2026-07-27 01:15:00,0,4,0.01,0.0,0.0,0.0,0.0,EURAUD.p,E25/TP5
307612298,2026-07-27 01:30:00,1,4,0.01,0.0,0.0,0.0,0.0,CHFJPY.p,E25/TP5
307622108,2026-07-27 01:45:00,1,4,0.01,0.0,0.0,0.0,0.0,GBPUSD.p,E25/TP5
307629084,2026-07-27 02:00:00,1,4,0.01,0.0,0.0,0.0,0.0,GBPCAD.p,E25/TP5
307643946,2026-07-27 02:33:57,1,4,0.01,0.0,2.30336,0.0,0.0,GBPNZD.p,[tp 2.30336]
307643947,2026-07-27 02:33:57,1,4,0.01,0.0,2.30336,0.0,0.0,GBPNZD.p,[tp 2.30336]
307659950,2026-07-27 02:54:42,1,4,0.01,0.0,1.9086400000000001,0.0,0.0,GBPAUD.p,[tp 1.90864]
307659956,2026-07-27 02:54:43,1,4,0.01,0.0,0.0,0.0,0.0,GBPAUD.p,E25/TP5
307660098,2026-07-27 02:55:01,1,4,0.01,0.0,1.62906,0.0,0.0,EURAUD.p,[tp 1.62906]
307660120,2026-07-27 02:55:02,1,4,0.01,0.0,0.0,0.0,0.0,EURAUD.p,E25/TP5
307662140,2026-07-27 02:57:32,0,4,0.01,0.0,114.436,0.0,0.0,AUDJPY.p,[tp 114.436]
307693096,2026-07-27 03:14:52,1,4,0.01,0.0,1.1402700000000001,0.0,0.0,EURUSD.p,[tp 1.14027]
307693283,2026-07-27 03:15:00,1,4,0.01,0.0,0.0,0.0,0.0,GBPNZD.p,E25/TP5
307712609,2026-07-27 03:29:12,1,4,0.01,0.0,0.0,0.0,0.0,CHFJPY.p,E25/TP5
307716626,2026-07-27 03:32:18,0,4,0.01,0.0,0.81416,0.0,0.0,USDCHF.p,[tp 0.81416]
307716691,2026-07-27 03:32:28,1,4,0.01,0.0,0.58091,0.0,0.0,NZDUSD.p,[tp 0.58091]
307723349,2026-07-27 03:39:48,0,4,0.01,0.0,0.8171,0.0,0.0,NZDCAD.p,[tp 0.81710]
307725856,2026-07-27 03:45:00,1,4,0.01,0.0,0.0,0.0,0.0,NZDCAD.p,E25/TP5
307725921,2026-07-27 03:45:00,0,4,0.01,0.0,0.0,0.0,0.0,USDCHF.p,E25/TP5
307726034,2026-07-27 03:45:00,1,4,0.01,0.0,0.0,0.0,0.0,EURUSD.p,E25/TP5
307726035,2026-07-27 03:45:00,1,4,0.01,0.0,0.0,0.0,0.0,EURJPY.p,E25/TP5
307783085,2026-07-27 04:34:56,1,4,0.01,0.0,1.9663,0.0,0.0,EURNZD.p,[tp 1.96630]
307783086,2026-07-27 04:34:56,1,4,0.01,0.0,1.9663,0.0,0.0,EURNZD.p,[tp 1.96630]
307804258,2026-07-27 04:57:24,0,4,0.01,0.0,1.9080599999999999,0.0,0.0,GBPAUD.p,[tp 1.90806]
307808555,2026-07-27 05:00:00,1,4,0.01,0.0,0.0,0.0,0.0,EURNZD.p,E25/TP5
307809303,2026-07-27 05:00:00,1,4,0.01,0.0,0.0,0.0,0.0,GBPAUD.p,E25/TP5
307811726,2026-07-27 05:01:39,0,4,0.01,0.0,163.464,0.0,0.0,USDJPY.p,[tp 163.464]
307811727,2026-07-27 05:01:39,0,4,0.01,0.0,163.464,0.0,0.0,USDJPY.p,[tp 163.464]
307813583,2026-07-27 05:03:54,0,4,0.01,0.0,0.81642,0.0,0.0,NZDCAD.p,[tp 0.81642]
307819291,2026-07-27 05:15:00,0,4,0.01,0.0,0.0,0.0,0.0,USDJPY.p,E25/TP5
307864706,2026-07-27 06:33:44,1,4,0.01,0.0,163.609,0.0,0.0,USDJPY.p,[tp 163.609]
307884600,2026-07-27 07:30:00,0,4,0.01,0.0,0.0,0.0,0.0,USDJPY.p,E25/TP5
307925547,2026-07-27 08:50:49,0,4,0.01,0.0,1.9069500000000001,0.0,0.0,GBPAUD.p,[tp 1.90695]
307926053,2026-07-27 08:51:44,0,4,0.01,0.0,1.96549,0.0,0.0,EURNZD.p,[tp 1.96549]
307939021,2026-07-27 09:07:50,1,4,0.01,0.0,0.98663,0.0,0.0,AUDCAD.p,[tp 0.98663]
307939269,2026-07-27 09:08:35,1,4,0.01,0.0,1.40916,0.0,0.0,USDCAD.p,[tp 1.40916]
307941637,2026-07-27 09:10:40,1,4,0.01,0.0,1.60815,0.0,0.0,EURCAD.p,[tp 1.60815]
307942497,2026-07-27 09:11:52,1,4,0.01,0.0,1.4719,0.0,0.0,EURSGD.p,[tp 1.47190]
307954023,2026-07-27 09:30:00,1,4,0.01,0.0,0.0,0.0,0.0,EURCAD.p,E25/TP5
307954107,2026-07-27 09:30:00,1,4,0.01,0.0,0.0,0.0,0.0,USDCAD.p,E25/TP5
307954884,2026-07-27 09:31:28,0,4,0.01,0.0,1.6285500000000002,0.0,0.0,EURAUD.p,[tp 1.62855]
307958454,2026-07-27 09:37:20,1,4,0.01,0.0,0.70092,0.0,0.0,AUDUSD.p,[tp 0.70092]
307972442,2026-07-27 09:58:14,0,4,0.01,0.0,2.29985,0.0,0.0,GBPNZD.p,[tp 2.29985]
307972945,2026-07-27 10:00:00,1,4,0.01,0.0,0.0,0.0,0.0,AUDCAD.p,E25/TP5
307973061,2026-07-27 10:00:00,1,4,0.01,0.0,0.0,0.0,0.0,NZDCAD.p,E25/TP5
307973079,2026-07-27 10:00:00,1,4,0.01,0.0,0.0,0.0,0.0,EURSGD.p,E25/TP5
307976596,2026-07-27 10:02:25,0,4,0.01,0.0,186.494,0.0,0.0,EURJPY.p,[tp 186.494]
307976610,2026-07-27 10:02:25,1,4,0.01,0.0,0.0,0.0,0.0,EURJPY.p,E25/TP5
307982346,2026-07-27 10:10:02,0,4,0.01,0.0,1.60763,0.0,0.0,EURCAD.p,[tp 1.60763]
307982368,2026-07-27 10:10:03,1,4,0.01,0.0,0.0,0.0,0.0,EURCAD.p,E25/TP5
307992133,2026-07-27 10:21:28,0,4,0.01,0.0,218.109,0.0,0.0,GBPJPY.p,[tp 218.109]
307997247,2026-07-27 10:29:10,0,4,0.01,0.0,115.91,0.0,0.0,CADJPY.p,[tp 115.910]
307997248,2026-07-27 10:29:10,0,4,0.01,0.0,115.91,0.0,0.0,CADJPY.p,[tp 115.910]
307997415,2026-07-27 10:29:54,0,4,0.01,0.0,200.574,0.0,0.0,CHFJPY.p,[tp 200.574]
307997416,2026-07-27 10:29:54,0,4,0.01,0.0,200.574,0.0,0.0,CHFJPY.p,[tp 200.574]
307997437,2026-07-27 10:30:00,0,4,0.01,0.0,0.0,0.0,0.0,GBPAUD.p,E25/TP5
307997568,2026-07-27 10:30:00,0,4,0.01,0.0,0.0,0.0,0.0,GBPNZD.p,E25/TP5
308010118,2026-07-27 10:45:00,0,4,0.01,0.0,0.0,0.0,0.0,CADJPY.p,E25/TP5
308010207,2026-07-27 10:45:00,0,4,0.01,0.0,0.0,0.0,0.0,GBPJPY.p,E25/TP5
308013238,2026-07-27 10:48:43,0,4,0.01,0.0,1.334,0.0,0.0,GBPUSD.p,[tp 1.33400]
308022734,2026-07-27 10:58:37,0,4,0.01,0.0,1.13991,0.0,0.0,EURUSD.p,[tp 1.13991]
308024089,2026-07-27 10:59:32,0,4,0.01,0.0,1.6065800000000001,0.0,0.0,EURCAD.p,[tp 1.60658]
308024116,2026-07-27 10:59:33,0,4,0.01,0.0,186.365,0.0,0.0,EURJPY.p,[tp 186.365]
308024147,2026-07-27 10:59:34,0,4,0.01,0.0,0.0,0.0,0.0,EURJPY.p,E25/TP5
308024164,2026-07-27 10:59:35,1,4,0.01,0.0,0.0,0.0,0.0,EURCAD.p,E25/TP5
308025639,2026-07-27 11:00:00,0,4,0.01,0.0,0.0,0.0,0.0,CHFJPY.p,E25/TP5
308029529,2026-07-27 11:02:03,1,4,0.01,0.0,0.81538,0.0,0.0,USDCHF.p,[tp 0.81538]
308032575,2026-07-27 11:05:11,0,4,0.01,0.0,0.98658,0.0,0.0,AUDCAD.p,[tp 0.98658]
308033375,2026-07-27 11:05:31,0,4,0.01,0.0,1.8794499999999998,0.0,0.0,GBPCAD.p,[tp 1.87945]
308037103,2026-07-27 11:10:10,0,4,0.01,0.0,0.81732,0.0,0.0,NZDCAD.p,[tp 0.81732]
308039359,2026-07-27 11:15:00,1,4,0.01,0.0,0.0,0.0,0.0,NZDCAD.p,E25/TP5
308039397,2026-07-27 11:15:00,1,4,0.01,0.0,0.0,0.0,0.0,AUDCAD.p,E25/TP5
308045437,2026-07-27 11:30:00,0,4,0.01,0.0,0.0,0.0,0.0,GBPCAD.p,E25/TP5
308053227,2026-07-27 11:43:55,1,4,0.01,0.0,2.29989,0.0,0.0,GBPNZD.p,[tp 2.29989]
308053706,2026-07-27 11:45:00,0,4,0.01,0.0,0.0,0.0,0.0,GBPNZD.p,E25/TP5
308053714,2026-07-27 11:45:00,0,4,0.01,0.0,0.0,0.0,0.0,EURUSD.p,E25/TP5
308074168,2026-07-27 12:13:18,1,4,0.01,0.0,200.671,0.0,0.0,CHFJPY.p,[tp 200.671]
308074169,2026-07-27 12:13:19,0,4,0.01,0.0,0.0,0.0,0.0,CHFJPY.p,E25/TP5
308076291,2026-07-27 12:16:41,1,4,0.01,0.0,186.472,0.0,0.0,EURJPY.p,[tp 186.472]
308082672,2026-07-27 12:26:05,0,4,0.01,0.0,1.47046,0.0,0.0,EURSGD.p,[tp 1.47046]
308097034,2026-07-27 12:45:00,0,4,0.01,0.0,0.0,0.0,0.0,EURSGD.p,E25/TP5
308110163,2026-07-27 12:56:38,1,4,0.01,0.0,1.88064,0.0,0.0,GBPCAD.p,[tp 1.88064]
308115789,2026-07-27 13:02:21,1,4,0.01,0.0,200.736,0.0,0.0,CHFJPY.p,[tp 200.736]
308115793,2026-07-27 13:02:22,1,4,0.01,0.0,0.0,0.0,0.0,CHFJPY.p,E25/TP5
308129397,2026-07-27 13:15:00,0,4,0.01,0.0,0.0,0.0,0.0,EURJPY.p,E25/TP5
308138228,2026-07-27 13:30:00,0,4,0.01,0.0,0.0,0.0,0.0,GBPCAD.p,E25/TP5
308158573,2026-07-27 13:56:43,0,4,0.01,0.0,0.0,0.0,0.0,GBPUSD.p,E25/TP5
308161131,2026-07-27 14:00:00,0,4,0.01,0.0,0.0,0.0,0.0,GBPSGD.p,E25/TP5
308168098,2026-07-27 14:07:28,1,4,0.01,0.0,163.641,0.0,0.0,USDJPY.p,[tp 163.641]
308168255,2026-07-27 14:08:07,0,4,0.01,0.0,0.0,0.0,0.0,GBPAUD.p,E25/TP5
308182724,2026-07-27 14:22:28,1,4,0.01,0.0,116.036,0.0,0.0,CADJPY.p,[tp 116.036]
308182729,2026-07-27 14:22:29,0,4,0.01,0.0,0.0,0.0,0.0,CADJPY.p,E25/TP5
308215882,2026-07-27 15:11:20,0,4,0.01,0.0,0.81651,0.0,0.0,NZDCAD.p,[tp 0.81651]
308215887,2026-07-27 15:11:20,0,4,0.01,0.0,1.60603,0.0,0.0,EURCAD.p,[tp 1.60603]
308236452,2026-07-27 15:28:13,1,4,0.01,0.0,2.30064,0.0,0.0,GBPNZD.p,[tp 2.30064]
308245236,2026-07-27 15:39:27,0,4,0.01,0.0,200.678,0.0,0.0,CHFJPY.p,[tp 200.678]
308248388,2026-07-27 15:45:00,1,4,0.01,0.0,0.0,0.0,0.0,GBPNZD.p,E25/TP5
308260912,2026-07-27 16:00:00,0,4,0.01,0.0,0.0,0.0,0.0,EURCAD.p,E25/TP5
308260980,2026-07-27 16:00:00,0,4,0.01,0.0,0.0,0.0,0.0,NZDCAD.p,E25/TP5
308264039,2026-07-27 16:01:27,1,4,0.01,0.0,0.93062,0.0,0.0,EURCHF.p,[tp 0.93062]
308264065,2026-07-27 16:01:28,0,4,0.01,0.0,0.0,0.0,0.0,EURCHF.p,E25/TP5
308290092,2026-07-27 16:28:24,1,4,0.01,0.0,0.58007,0.0,0.0,CADCHF.p,[tp 0.58007]
308327120,2026-07-27 16:45:00,1,4,0.01,0.0,0.0,0.0,0.0,CADCHF.p,E25/TP5
308327153,2026-07-27 16:45:00,1,4,0.01,0.0,0.0,0.0,0.0,AUDCHF.p,E25/TP5
308327184,2026-07-27 16:45:00,0,4,0.01,0.0,0.0,0.0,0.0,CHFJPY.p,E25/TP5
308327186,2026-07-27 16:45:00,1,4,0.01,0.0,0.0,0.0,0.0,USDCHF.p,E25/TP5
308329306,2026-07-27 16:46:58,1,4,0.01,0.0,116.094,0.0,0.0,CADJPY.p,[tp 116.094]
308348576,2026-07-27 16:57:26,0,4,0.01,0.0,2.29928,0.0,0.0,GBPNZD.p,[tp 2.29928]
308381512,2026-07-27 17:15:00,0,4,0.01,0.0,0.0,0.0,0.0,EURAUD.p,E25/TP5
308393585,2026-07-27 17:24:34,1,4,0.01,0.0,1.90381,0.0,0.0,GBPAUD.p,[tp 1.90381]
308393586,2026-07-27 17:24:34,1,4,0.01,0.0,1.90381,0.0,0.0,GBPAUD.p,[tp 1.90381]
308393712,2026-07-27 17:24:35,0,4,0.01,0.0,0.0,0.0,0.0,GBPAUD.p,E25/TP5
308410024,2026-07-27 17:31:44,0,4,0.01,0.0,0.98616,0.0,0.0,AUDCAD.p,[tp 0.98616]
308414304,2026-07-27 17:34:37,1,4,0.01,0.0,0.93121,0.0,0.0,EURCHF.p,[tp 0.93121]
308449279,2026-07-27 18:00:00,1,4,0.01,0.0,0.0,0.0,0.0,EURCHF.p,E25/TP5
308449484,2026-07-27 18:00:00,1,4,0.01,0.0,0.0,0.0,0.0,GBPNZD.p,E25/TP5
308469504,2026-07-27 18:18:26,1,4,0.01,0.0,1.62655,0.0,0.0,EURAUD.p,[tp 1.62655]
308480825,2026-07-27 18:30:00,0,4,0.01,0.0,0.0,0.0,0.0,EURAUD.p,E25/TP5
308497023,2026-07-27 18:45:00,1,4,0.02,0.0,0.0,0.0,0.0,AUDNZD.p,E25/TP5
308521088,2026-07-27 19:17:37,1,4,0.01,0.0,1.62725,0.0,0.0,EURAUD.p,[tp 1.62725]
308585013,2026-07-27 20:15:00,0,4,0.01,0.0,0.0,0.0,0.0,GBPJPY.p,E25/TP5
308705123,2026-07-28 01:15:00,0,4,0.01,0.0,0.0,0.0,0.0,EURAUD.p,E25/TP5
308705319,2026-07-28 01:15:00,0,4,0.01,0.0,0.0,0.0,0.0,NZDJPY.p,E25/TP5
308750435,2026-07-28 03:03:33,1,4,0.01,0.0,1.6276000000000002,0.0,0.0,EURAUD.p,[tp 1.62760]
308750524,2026-07-28 03:03:34,1,4,0.01,0.0,0.0,0.0,0.0,EURAUD.p,E25/TP5
308816400,2026-07-28 04:04:18,0,4,0.01,0.0,1.62707,0.0,0.0,EURAUD.p,[tp 1.62707]
308846034,2026-07-28 04:30:00,1,4,0.01,0.0,0.0,0.0,0.0,EURAUD.p,E25/TP5
308880474,2026-07-28 05:07:49,0,4,0.01,0.0,1.62653,0.0,0.0,EURAUD.p,[tp 1.62653]
308934774,2026-07-28 06:35:43,0,4,0.01,0.0,0.57179,0.0,0.0,AUDCHF.p,[tp 0.57179]
308935696,2026-07-28 06:37:34,1,4,0.01,0.0,0.0,0.0,0.0,EURAUD.p,E25/TP5
308935700,2026-07-28 06:37:35,1,4,0.01,0.0,1.9044699999999999,0.0,0.0,GBPAUD.p,[tp 1.90447]
308935715,2026-07-28 06:37:37,1,4,0.01,0.0,0.0,0.0,0.0,GBPAUD.p,E25/TP5
308961934,2026-07-28 07:45:00,0,4,0.01,0.0,0.0,0.0,0.0,AUDJPY.p,E25/TP5
308961960,2026-07-28 07:45:00,0,4,0.01,0.0,0.0,0.0,0.0,AUDCAD.p,E25/TP5
308981848,2026-07-28 08:30:00,0,4,0.01,0.0,0.0,0.0,0.0,AUDUSD.p,E25/TP5
309032091,2026-07-28 09:29:02,1,4,0.01,0.0,0.69719,0.0,0.0,AUDUSD.p,[tp 0.69719]
309032591,2026-07-28 09:30:00,0,4,0.01,0.0,0.0,0.0,0.0,AUDUSD.p,E25/TP5
309066793,2026-07-28 10:33:07,1,4,0.01,0.0,1.09007,0.0,0.0,GBPCHF.p,[tp 1.09007]
309107576,2026-07-28 11:18:17,1,4,0.01,0.0,217.909,0.0,0.0,GBPJPY.p,[tp 217.909]
309107577,2026-07-28 11:18:17,1,4,0.01,0.0,217.909,0.0,0.0,GBPJPY.p,[tp 217.909]
309126447,2026-07-28 11:45:00,1,4,0.01,0.0,0.0,0.0,0.0,GBPJPY.p,E25/TP5
309135050,2026-07-28 12:00:22,1,4,0.01,0.0,114.252,0.0,0.0,AUDJPY.p,[tp 114.252]
309166697,2026-07-28 12:43:56,0,4,0.01,0.0,217.745,0.0,0.0,GBPJPY.p,[tp 217.745]
309196984,2026-07-28 13:15:00,0,4,0.01,0.0,0.0,0.0,0.0,AUDJPY.p,E25/TP5
309210065,2026-07-28 13:30:00,0,4,0.01,0.0,0.0,0.0,0.0,GBPJPY.p,E25/TP5
309262807,2026-07-28 14:45:00,0,4,0.01,0.0,0.0,0.0,0.0,GBPCAD.p,E25/TP5
309274794,2026-07-28 15:00:43,1,4,0.01,0.0,217.741,0.0,0.0,GBPJPY.p,[tp 217.741]
309276291,2026-07-28 15:04:43,1,4,0.01,0.0,114.21,0.0,0.0,AUDJPY.p,[tp 114.210]
309278456,2026-07-28 15:07:38,1,4,0.01,0.0,94.606,0.0,0.0,NZDJPY.p,[tp 94.606]
309341453,2026-07-28 16:15:00,1,4,0.01,0.0,0.0,0.0,0.0,GBPJPY.p,E25/TP5
309436811,2026-07-28 17:18:02,0,4,0.01,0.0,217.824,0.0,0.0,GBPJPY.p,[tp 217.824]
309436839,2026-07-28 17:18:04,1,4,0.01,0.0,0.0,0.0,0.0,GBPJPY.p,E25/TP5
309438453,2026-07-28 17:19:48,0,4,0.01,0.0,1.20627,0.0,0.0,AUDNZD.p,[tp 1.20627]
309438454,2026-07-28 17:19:48,0,4,0.01,0.0,1.20627,0.0,0.0,AUDNZD.p,[tp 1.20627]
309438455,2026-07-28 17:19:48,0,4,0.02,0.0,1.20627,0.0,0.0,AUDNZD.p,[tp 1.20627]
309452491,2026-07-28 17:25:26,1,4,0.01,0.0,1.47085,0.0,0.0,EURSGD.p,[tp 1.47085]
309474028,2026-07-28 17:43:00,1,4,0.01,0.0,186.442,0.0,0.0,EURJPY.p,[tp 186.442]
309475097,2026-07-28 17:43:40,0,4,0.01,0.0,2.29999,0.0,0.0,GBPNZD.p,[tp 2.29999]
309495745,2026-07-28 18:02:53,0,4,0.01,0.0,0.0,0.0,0.0,GBPNZD.p,E25/TP5
309512588,2026-07-28 18:12:53,1,4,0.01,0.0,200.259,0.0,0.0,CHFJPY.p,[tp 200.259]
309517074,2026-07-28 18:14:46,1,4,0.01,0.0,0.69767,0.0,0.0,AUDUSD.p,[tp 0.69767]
309523902,2026-07-28 18:18:44,1,4,0.01,0.0,0.0,0.0,0.0,NZDJPY.p,E25/TP5
309526755,2026-07-28 18:20:18,0,4,0.01,0.0,0.81715,0.0,0.0,USDCHF.p,[tp 0.81715]
309531916,2026-07-28 18:22:37,0,4,0.01,0.0,1.40888,0.0,0.0,USDCAD.p,[tp 1.40888]
309549528,2026-07-28 18:36:51,1,4,0.01,0.0,0.0,0.0,0.0,EURJPY.p,E25/TP5
309549539,2026-07-28 18:36:52,1,4,0.01,0.0,0.0,0.0,0.0,EURSGD.p,E25/TP5
309566862,2026-07-28 18:57:32,1,4,0.01,0.0,1.60656,0.0,0.0,EURCAD.p,[tp 1.60656]
309572934,2026-07-28 19:06:11,1,4,0.01,0.0,0.0,0.0,0.0,CHFJPY.p,E25/TP5
309572935,2026-07-28 19:06:12,0,4,0.01,0.0,0.0,0.0,0.0,USDCHF.p,E25/TP5
309572938,2026-07-28 19:06:13,0,4,0.01,0.0,0.0,0.0,0.0,USDCAD.p,E25/TP5
309581609,2026-07-28 19:21:34,1,4,0.01,0.0,0.0,0.0,0.0,EURCAD.p,E25/TP5
309581612,2026-07-28 19:21:35,0,4,0.01,0.0,0.0,0.0,0.0,USDJPY.p,E25/TP5
309581618,2026-07-28 19:21:35,0,4,0.01,0.0,0.0,0.0,0.0,AUDNZD.p,E25/TP5
309585221,2026-07-28 19:27:54,1,4,0.01,0.0,1.14045,0.0,0.0,EURUSD.p,[tp 1.14045]
309602745,2026-07-28 19:53:34,1,4,0.01,0.0,0.0,0.0,0.0,EURUSD.p,E25/TP5
309602750,2026-07-28 19:53:35,1,4,0.01,0.0,0.0,0.0,0.0,NZDUSD.p,E25/TP5
309642487,2026-07-28 20:47:25,0,4,0.01,0.0,217.743,0.0,0.0,GBPJPY.p,[tp 217.743]
309716697,2026-07-29 00:12:41,1,4,0.01,0.0,1.20541,0.0,0.0,AUDNZD.p,[tp 1.20541]
309724110,2026-07-29 01:16:45,0,4,0.01,0.0,199.985,0.0,0.0,CHFJPY.p,[tp 199.985]
309724112,2026-07-29 01:16:46,0,4,0.01,0.0,0.0,0.0,0.0,CHFJPY.p,E25/TP5
309724477,2026-07-29 01:18:05,0,4,0.01,0.0,0.57841,0.0,0.0,NZDUSD.p,[tp 0.57841]
309724584,2026-07-29 01:18:13,0,4,0.01,0.0,1.13869,0.0,0.0,EURUSD.p,[tp 1.13869]
309725763,2026-07-29 01:20:20,0,4,0.01,0.0,1.6059700000000001,0.0,0.0,EURCAD.p,[tp 1.60597]
309725853,2026-07-29 01:20:23,1,4,0.01,0.0,163.872,0.0,0.0,USDJPY.p,[tp 163.872]
309725855,2026-07-29 01:20:23,1,4,0.01,0.0,0.81954,0.0,0.0,USDCHF.p,[tp 0.81954]
309726280,2026-07-29 01:20:27,0,4,0.01,0.0,0.0,0.0,0.0,USDJPY.p,E25/TP5
309726283,2026-07-29 01:20:27,0,4,0.01,0.0,0.0,0.0,0.0,USDCHF.p,E25/TP5
309729106,2026-07-29 01:24:28,0,4,0.01,0.0,94.742,0.0,0.0,NZDJPY.p,[tp 94.742]
309729121,2026-07-29 01:24:29,0,4,0.01,0.0,0.0,0.0,0.0,NZDJPY.p,E25/TP5
309749805,2026-07-29 02:07:33,0,4,0.01,0.0,1.47141,0.0,0.0,EURSGD.p,[tp 1.47141]
309772811,2026-07-29 02:45:00,1,4,0.01,0.0,0.0,0.0,0.0,EURSGD.p,E25/TP5
309775149,2026-07-29 02:48:10,1,4,0.01,0.0,1.41076,0.0,0.0,USDCAD.p,[tp 1.41076]
309782729,2026-07-29 03:00:00,1,4,0.01,0.0,0.0,0.0,0.0,AUDNZD.p,E25/TP5
309824812,2026-07-29 03:42:39,0,4,0.01,0.0,1.20547,0.0,0.0,AUDNZD.p,[tp 1.20547]
309824827,2026-07-29 03:42:40,1,4,0.01,0.0,0.0,0.0,0.0,AUDNZD.p,E25/TP5
309826849,2026-07-29 03:46:46,0,4,0.01,0.0,186.504,0.0,0.0,EURJPY.p,[tp 186.504]
309875372,2026-07-29 04:30:00,0,4,0.01,0.0,1.2049400000000001,0.0,0.0,AUDNZD.p,[tp 1.20494]
309876066,2026-07-29 04:30:02,0,4,0.01,0.0,0.0,0.0,0.0,AUDNZD.p,E25/TP5
309876151,2026-07-29 04:30:03,0,4,0.01,0.0,0.0,0.0,0.0,AUDUSD.p,E25/TP5
309877012,2026-07-29 04:30:10,0,4,0.01,0.0,0.0,0.0,0.0,AUDCHF.p,E25/TP5
309896714,2026-07-29 04:45:01,1,4,0.01,0.0,0.0,0.0,0.0,GBPAUD.p,E25/TP5
309896741,2026-07-29 04:45:02,0,4,0.01,0.0,0.0,0.0,0.0,AUDSGD.p,E25/TP5
309906352,2026-07-29 04:58:13,1,4,0.01,0.0,200.04,0.0,0.0,CHFJPY.p,[tp 200.040]
309907659,2026-07-29 05:00:00,0,4,0.01,0.0,0.0,0.0,0.0,CHFJPY.p,E25/TP5
309917960,2026-07-29 05:15:00,0,4,0.01,0.0,0.0,0.0,0.0,AUDJPY.p,E25/TP5
309964098,2026-07-29 06:18:33,1,4,0.01,0.0,200.106,0.0,0.0,CHFJPY.p,[tp 200.106]
309964100,2026-07-29 06:18:34,1,4,0.01,0.0,0.0,0.0,0.0,CHFJPY.p,E25/TP5
309988080,2026-07-29 07:11:24,0,4,0.01,0.0,200.035,0.0,0.0,CHFJPY.p,[tp 200.035]
309988090,2026-07-29 07:11:27,1,4,0.01,0.0,0.0,0.0,0.0,CHFJPY.p,E25/TP5
310002584,2026-07-29 07:40:39,0,4,0.01,0.0,126.497,0.0,0.0,SGDJPY.p,[tp 126.497]
310002585,2026-07-29 07:40:39,0,4,0.01,0.0,126.497,0.0,0.0,SGDJPY.p,[tp 126.497]
310011351,2026-07-29 07:57:17,0,4,0.01,0.0,199.962,0.0,0.0,CHFJPY.p,[tp 199.962]
310011983,2026-07-29 08:00:00,0,4,0.01,0.0,0.0,0.0,0.0,SGDJPY.p,E25/TP5
310011984,2026-07-29 08:00:00,0,4,0.01,0.0,0.0,0.0,0.0,GBPJPY.p,E25/TP5
310012100,2026-07-29 08:00:01,0,4,0.01,0.0,0.0,0.0,0.0,CADJPY.p,E25/TP5
310012124,2026-07-29 08:00:01,0,4,0.01,0.0,0.0,0.0,0.0,CHFJPY.p,E25/TP5
310012142,2026-07-29 08:00:01,0,4,0.01,0.0,0.0,0.0,0.0,EURJPY.p,E25/TP5
310059987,2026-07-29 09:01:50,1,4,0.01,0.0,217.453,0.0,0.0,GBPJPY.p,[tp 217.453]
310059989,2026-07-29 09:01:50,1,4,0.01,0.0,116.045,0.0,0.0,CADJPY.p,[tp 116.045]
310059995,2026-07-29 09:01:51,0,4,0.01,0.0,0.0,0.0,0.0,CADJPY.p,E25/TP5
310059997,2026-07-29 09:01:51,0,4,0.01,0.0,0.0,0.0,0.0,GBPJPY.p,E25/TP5
310062938,2026-07-29 09:07:01,1,4,0.01,0.0,126.585,0.0,0.0,SGDJPY.p,[tp 126.585]
310062954,2026-07-29 09:07:03,0,4,0.01,0.0,0.0,0.0,0.0,SGDJPY.p,E25/TP5
310062991,2026-07-29 09:07:06,1,4,0.01,0.0,186.383,0.0,0.0,EURJPY.p,[tp 186.383]
310063003,2026-07-29 09:07:07,0,4,0.01,0.0,0.0,0.0,0.0,EURJPY.p,E25/TP5
310067457,2026-07-29 09:15:38,1,4,0.01,0.0,0.6959,0.0,0.0,AUDUSD.p,[tp 0.69590]
310110740,2026-07-29 10:23:48,1,4,0.01,0.0,217.54,0.0,0.0,GBPJPY.p,[tp 217.540]
310113696,2026-07-29 10:28:59,1,4,0.01,0.0,126.643,0.0,0.0,SGDJPY.p,[tp 126.643]
310114097,2026-07-29 10:29:32,1,4,0.01,0.0,116.103,0.0,0.0,CADJPY.p,[tp 116.103]
310114101,2026-07-29 10:29:34,0,4,0.01,0.0,0.0,0.0,0.0,CADJPY.p,E25/TP5
310115095,2026-07-29 10:31:31,1,4,0.01,0.0,186.447,0.0,0.0,EURJPY.p,[tp 186.447]
310115107,2026-07-29 10:31:32,0,4,0.01,0.0,0.0,0.0,0.0,EURJPY.p,E25/TP5
310137303,2026-07-29 11:15:00,1,4,0.01,0.0,0.0,0.0,0.0,SGDJPY.p,E25/TP5
310137343,2026-07-29 11:15:00,1,4,0.01,0.0,0.0,0.0,0.0,GBPJPY.p,E25/TP5
310154244,2026-07-29 11:45:07,1,4,0.01,0.0,2.301,0.0,0.0,GBPNZD.p,[tp 2.30100]
310162514,2026-07-29 12:00:00,1,4,0.01,0.0,0.0,0.0,0.0,GBPCHF.p,E25/TP5
310162575,2026-07-29 12:00:00,1,4,0.01,0.0,0.0,0.0,0.0,GBPNZD.p,E25/TP5
310167017,2026-07-29 12:12:38,0,4,0.01,0.0,126.599,0.0,0.0,SGDJPY.p,[tp 126.599]
310177113,2026-07-29 12:32:57,0,4,0.01,0.0,217.534,0.0,0.0,GBPJPY.p,[tp 217.534]
310186609,2026-07-29 12:50:40,0,4,0.01,0.0,2.29963,0.0,0.0,GBPNZD.p,[tp 2.29963]
310198080,2026-07-29 13:14:46,1,4,0.01,0.0,0.56932,0.0,0.0,AUDCHF.p,[tp 0.56932]
310198188,2026-07-29 13:15:00,1,4,0.01,0.0,0.0,0.0,0.0,GBPNZD.p,E25/TP5
310201281,2026-07-29 13:21:15,1,4,0.01,0.0,0.82011,0.0,0.0,USDCHF.p,[tp 0.82011]
310214305,2026-07-29 13:45:00,0,4,0.01,0.0,0.0,0.0,0.0,GBPJPY.p,E25/TP5
310237397,2026-07-29 14:21:44,0,4,0.01,0.0,2.29922,0.0,0.0,GBPNZD.p,[tp 2.29922]
310237400,2026-07-29 14:21:45,1,4,0.01,0.0,0.0,0.0,0.0,GBPNZD.p,E25/TP5
310258169,2026-07-29 14:59:07,0,4,0.01,0.0,1.4709699999999999,0.0,0.0,EURSGD.p,[tp 1.47097]
310284050,2026-07-29 15:22:24,1,4,0.01,0.0,116.16,0.0,0.0,CADJPY.p,[tp 116.160]
310301016,2026-07-29 15:32:18,0,4,0.01,0.0,1.0893,0.0,0.0,GBPCHF.p,[tp 1.08930]
310316813,2026-07-29 15:45:00,0,4,0.01,0.0,0.0,0.0,0.0,EURCAD.p,E25/TP5
310348420,2026-07-29 16:17:08,0,4,0.01,0.0,2.2984999999999998,0.0,0.0,GBPNZD.p,[tp 2.29850]
310383318,2026-07-29 16:43:13,1,4,0.01,0.0,200.03,0.0,0.0,CHFJPY.p,[tp 200.030]
310384941,2026-07-29 16:45:00,0,4,0.01,0.0,0.0,0.0,0.0,GBPNZD.p,E25/TP5
310389122,2026-07-29 16:47:52,1,4,0.01,0.0,186.507,0.0,0.0,EURJPY.p,[tp 186.507]
310404582,2026-07-29 16:54:53,1,4,0.01,0.0,217.673,0.0,0.0,GBPJPY.p,[tp 217.673]
310415629,2026-07-29 17:00:00,0,4,0.01,0.0,0.0,0.0,0.0,GBPCHF.p,E25/TP5
310444852,2026-07-29 17:15:00,1,4,0.01,0.0,0.0,0.0,0.0,CADJPY.p,E25/TP5
310444996,2026-07-29 17:15:00,1,4,0.01,0.0,0.0,0.0,0.0,CHFJPY.p,E25/TP5
310468410,2026-07-29 17:34:54,1,4,0.01,0.0,2.30042,0.0,0.0,GBPNZD.p,[tp 2.30042]
310472991,2026-07-29 17:40:29,1,4,0.01,0.0,1.6048200000000001,0.0,0.0,EURCAD.p,[tp 1.60482]
310480426,2026-07-29 17:45:00,0,4,0.01,0.0,0.0,0.0,0.0,EURCAD.p,E25/TP5
310491672,2026-07-29 17:54:43,1,4,0.01,0.0,1.0895299999999999,0.0,0.0,GBPCHF.p,[tp 1.08953]
310491714,2026-07-29 17:54:46,0,4,0.01,0.0,0.0,0.0,0.0,GBPCHF.p,E25/TP5
310496276,2026-07-29 18:00:34,1,4,0.01,0.0,0.0,0.0,0.0,GBPNZD.p,E25/TP5
310496286,2026-07-29 18:00:35,1,4,0.01,0.0,0.0,0.0,0.0,EURJPY.p,E25/TP5
310496293,2026-07-29 18:00:35,1,4,0.01,0.0,0.0,0.0,0.0,GBPJPY.p,E25/TP5
310496314,2026-07-29 18:00:36,1,4,0.01,0.0,0.0,0.0,0.0,EURAUD.p,E25/TP5
310496324,2026-07-29 18:00:36,1,4,0.02,0.0,0.0,0.0,0.0,GBPAUD.p,E25/TP5
310510359,2026-07-29 18:16:52,0,4,0.01,0.0,0.0,0.0,0.0,AUDUSD.p,E25/TP5
310519061,2026-07-29 18:27:00,0,4,0.01,0.0,199.76,0.0,0.0,CHFJPY.p,[tp 199.760]
310519069,2026-07-29 18:27:02,0,4,0.01,0.0,0.0,0.0,0.0,CHFJPY.p,E25/TP5
310597796,2026-07-29 19:59:31,1,4,0.01,0.0,1.09025,0.0,0.0,GBPCHF.p,[tp 1.09025]
310609675,2026-07-29 20:08:17,1,4,0.01,0.0,199.816,0.0,0.0,CHFJPY.p,[tp 199.816]
310609678,2026-07-29 20:08:18,0,4,0.01,0.0,0.0,0.0,0.0,CHFJPY.p,E25/TP5
310628323,2026-07-29 20:21:09,1,4,0.01,0.0,1.60538,0.0,0.0,EURCAD.p,[tp 1.60538]
310656164,2026-07-29 20:49:28,1,4,0.01,0.0,0.69354,0.0,0.0,AUDUSD.p,[tp 0.69354]
310656222,2026-07-29 20:49:30,0,4,0.01,0.0,0.0,0.0,0.0,AUDUSD.p,E25/TP5
310659426,2026-07-29 20:54:08,0,4,0.01,0.0,116.213,0.0,0.0,CADJPY.p,[tp 116.213]
310659503,2026-07-29 20:54:10,1,4,0.01,0.0,0.0,0.0,0.0,CADJPY.p,E25/TP5
310667144,2026-07-29 21:00:02,1,4,0.01,0.0,199.88,0.0,0.0,CHFJPY.p,[tp 199.880]
310670118,2026-07-29 21:00:04,1,4,0.01,0.0,1.3326,0.0,0.0,GBPUSD.p,[tp 1.33260]
310670373,2026-07-29 21:00:04,1,4,0.01,0.0,0.0,0.0,0.0,GBPCHF.p,E25/TP5
310671229,2026-07-29 21:00:05,1,4,0.01,0.0,0.0,0.0,0.0,EURCAD.p,E25/TP5
310672450,2026-07-29 21:00:09,0,4,0.01,0.0,2.30011,0.0,0.0,GBPNZD.p,[tp 2.30011]
310673425,2026-07-29 21:00:11,1,4,0.01,0.0,0.0,0.0,0.0,GBPUSD.p,E25/TP5
310673722,2026-07-29 21:00:12,1,4,0.01,0.0,0.0,0.0,0.0,GBPNZD.p,E25/TP5
310673791,2026-07-29 21:00:12,1,4,0.01,0.0,94.802,0.0,0.0,NZDJPY.p,[tp 94.802]
310761058,2026-07-29 21:36:02,0,4,0.01,0.0,0.0,0.0,0.0,USDJPY.p,E25/TP5
310761085,2026-07-29 21:36:03,0,4,0.01,0.0,0.0,0.0,0.0,EURSGD.p,E25/TP5
310761941,2026-07-29 21:36:37,1,4,0.01,0.0,0.0,0.0,0.0,EURJPY.p,E25/TP5
310775821,2026-07-29 21:41:12,1,4,0.01,0.0,113.836,0.0,0.0,AUDJPY.p,[tp 113.836]
310791452,2026-07-29 21:47:19,1,4,0.01,0.0,0.74928,0.0,0.0,NZDSGD.p,[tp 0.74928]
310791462,2026-07-29 21:47:20,0,4,0.01,0.0,0.0,0.0,0.0,NZDSGD.p,E25/TP5
310792929,2026-07-29 21:47:44,1,4,0.01,0.0,0.81728,0.0,0.0,NZDCAD.p,[tp 0.81728]
310822404,2026-07-29 21:58:15,1,4,0.01,0.0,1.72208,0.0,0.0,GBPSGD.p,[tp 1.72208]
310822405,2026-07-29 21:58:15,1,4,0.01,0.0,1.72208,0.0,0.0,GBPSGD.p,[tp 1.72208]
310846159,2026-07-29 22:05:58,1,4,0.01,0.0,0.0,0.0,0.0,EURUSD.p,E25/TP5
310846160,2026-07-29 22:05:58,1,4,0.01,0.0,0.0,0.0,0.0,NZDJPY.p,E25/TP5
310846183,2026-07-29 22:06:00,1,4,0.01,0.0,0.0,0.0,0.0,AUDJPY.p,E25/TP5
310846329,2026-07-29 22:06:00,1,4,0.01,0.0,0.0,0.0,0.0,GBPSGD.p,E25/TP5
310846330,2026-07-29 22:06:00,0,4,0.01,0.0,0.0,0.0,0.0,USDCAD.p,E25/TP5
310846331,2026-07-29 22:06:00,1,4,0.01,0.0,0.0,0.0,0.0,SGDJPY.p,E25/TP5
310846548,2026-07-29 22:06:03,1,4,0.01,0.0,0.0,0.0,0.0,NZDUSD.p,E25/TP5
310846549,2026-07-29 22:06:03,0,4,0.01,0.0,0.0,0.0,0.0,USDSGD.p,E25/TP5
310846551,2026-07-29 22:06:03,1,4,0.01,0.0,0.0,0.0,0.0,NZDCAD.p,E25/TP5
310846836,2026-07-29 22:06:05,0,4,0.01,0.0,0.0,0.0,0.0,USDCHF.p,E25/TP5
310846837,2026-07-29 22:06:05,1,4,0.01,0.0,0.0,0.0,0.0,CHFJPY.p,E25/TP5
310877305,2026-07-29 22:18:32,1,4,0.01,0.0,1.8773300000000002,0.0,0.0,GBPCAD.p,[tp 1.87733]
310877306,2026-07-29 22:18:32,1,4,0.01,0.0,1.8773300000000002,0.0,0.0,GBPCAD.p,[tp 1.87733]
310877387,2026-07-29 22:18:35,1,4,0.01,0.0,0.0,0.0,0.0,GBPCAD.p,E25/TP5
310989497,2026-07-29 23:37:02,0,4,0.01,0.0,0.57929,0.0,0.0,CADCHF.p,[tp 0.57929]
311006211,2026-07-30 00:07:55,1,4,0.01,0.0,0.0,0.0,0.0,AUDCHF.p,E25/TP5
311006613,2026-07-30 00:14:00,1,4,0.01,0.0,0.69528,0.0,0.0,AUDUSD.p,[tp 0.69528]
311007164,2026-07-30 00:22:55,1,4,0.01,0.0,0.0,0.0,0.0,GBPJPY.p,E25/TP5
311024901,2026-07-30 01:15:00,0,4,0.01,0.0,0.0,0.0,0.0,NZDCHF.p,E25/TP5
311024902,2026-07-30 01:15:00,0,4,0.01,0.0,0.0,0.0,0.0,CADCHF.p,E25/TP5
311069955,2026-07-30 02:19:48,0,4,0.01,0.0,1.08771,0.0,0.0,GBPCHF.p,[tp 1.08771]
311135660,2026-07-30 03:36:53,1,4,0.01,0.0,1.40445,0.0,0.0,USDCAD.p,[tp 1.40445]
311138017,2026-07-30 03:39:31,0,4,0.01,0.0,0.57942,0.0,0.0,NZDUSD.p,[tp 0.57942]
311139791,2026-07-30 03:41:27,0,4,0.01,0.0,113.647,0.0,0.0,AUDJPY.p,[tp 113.647]
311146901,2026-07-30 03:50:00,0,4,0.01,0.0,0.0,0.0,0.0,USDCAD.p,E25/TP5
311146932,2026-07-30 03:50:01,1,4,0.01,0.0,0.0,0.0,0.0,NZDUSD.p,E25/TP5
311175955,2026-07-30 04:07:52,1,4,0.01,0.0,0.0,0.0,0.0,AUDJPY.p,E25/TP5
311188295,2026-07-30 04:15:01,1,4,0.01,0.0,0.47272,0.0,0.0,NZDCHF.p,[tp 0.47272]
311194773,2026-07-30 04:22:02,1,4,0.01,0.0,1.28938,0.0,0.0,USDSGD.p,[tp 1.28938]
311233490,2026-07-30 04:53:36,1,4,0.01,0.0,1.4050500000000001,0.0,0.0,USDCAD.p,[tp 1.40505]
311233492,2026-07-30 04:53:36,1,4,0.01,0.0,0.81511,0.0,0.0,USDCHF.p,[tp 0.81511]
311258896,2026-07-30 05:18:21,0,4,0.01,0.0,1.87554,0.0,0.0,GBPCAD.p,[tp 1.87554]
311261975,2026-07-30 05:22:10,0,4,0.01,0.0,2.2984,0.0,0.0,GBPNZD.p,[tp 2.29840]
311267072,2026-07-30 05:30:00,1,4,0.01,0.0,0.0,0.0,0.0,USDSGD.p,E25/TP5
311267239,2026-07-30 05:30:01,0,4,0.01,0.0,1.72141,0.0,0.0,GBPSGD.p,[tp 1.72141]
311270626,2026-07-30 05:32:25,0,4,0.01,0.0,94.936,0.0,0.0,NZDJPY.p,[tp 94.936]
311287641,2026-07-30 05:51:10,0,4,0.01,0.0,113.715,0.0,0.0,AUDJPY.p,[tp 113.715]
311302636,2026-07-30 06:00:57,0,4,0.01,0.0,0.81602,0.0,0.0,NZDCAD.p,[tp 0.81602]
311316615,2026-07-30 06:15:00,1,4,0.01,0.0,0.0,0.0,0.0,NZDCHF.p,E25/TP5
311316616,2026-07-30 06:15:00,0,4,0.01,0.0,0.0,0.0,0.0,GBPNZD.p,E25/TP5
311316643,2026-07-30 06:15:01,1,4,0.01,0.0,0.0,0.0,0.0,NZDCAD.p,E25/TP5
311316662,2026-07-30 06:15:03,1,4,0.01,0.0,0.0,0.0,0.0,NZDJPY.p,E25/TP5
311338154,2026-07-30 06:36:55,1,4,0.01,0.0,1.47725,0.0,0.0,EURSGD.p,[tp 1.47725]
311350411,2026-07-30 06:52:39,0,4,0.01,0.0,200.488,0.0,0.0,CHFJPY.p,[tp 200.488]
311364603,2026-07-30 07:15:03,1,4,0.01,0.0,0.0,0.0,0.0,USDCHF.p,E25/TP5
311421151,2026-07-30 08:24:31,1,4,0.01,0.0,2.29915,0.0,0.0,GBPNZD.p,[tp 2.29915]
311425011,2026-07-30 08:30:00,0,4,0.01,0.0,0.0,0.0,0.0,GBPNZD.p,E25/TP5
311474704,2026-07-30 09:02:37,1,4,0.01,0.0,0.58052,0.0,0.0,CADCHF.p,[tp 0.58052]
311491460,2026-07-30 09:15:41,0,4,0.01,0.0,0.8152,0.0,0.0,NZDCAD.p,[tp 0.81520]
311491494,2026-07-30 09:15:42,1,4,0.01,0.0,0.0,0.0,0.0,NZDCAD.p,E25/TP5
311492363,2026-07-30 09:16:13,0,4,0.01,0.0,94.887,0.0,0.0,NZDJPY.p,[tp 94.887]
311493465,2026-07-30 09:18:46,1,4,0.01,0.0,2.29988,0.0,0.0,GBPNZD.p,[tp 2.29988]
311528415,2026-07-30 10:00:32,1,4,0.01,0.0,0.74981,0.0,0.0,NZDSGD.p,[tp 0.74981]
311551883,2026-07-30 10:18:14,0,4,0.01,0.0,0.0,0.0,0.0,GBPCAD.p,E25/TP5
311552894,2026-07-30 10:19:02,0,4,0.01,0.0,1.14424,0.0,0.0,EURUSD.p,[tp 1.14424]
311565935,2026-07-30 10:30:01,0,4,0.01,0.0,0.0,0.0,0.0,GBPNZD.p,E25/TP5
311565959,2026-07-30 10:30:02,1,4,0.01,0.0,0.0,0.0,0.0,NZDJPY.p,E25/TP5
311622196,2026-07-30 11:16:26,0,4,0.01,0.0,0.0,0.0,0.0,CHFJPY.p,E25/TP5
311622220,2026-07-30 11:16:29,1,4,0.01,0.0,0.0,0.0,0.0,GBPCHF.p,E25/TP5
311631115,2026-07-30 11:23:30,1,4,0.01,0.0,1.87698,0.0,0.0,GBPCAD.p,[tp 1.87698]
311676108,2026-07-30 12:00:51,1,4,0.01,0.0,0.0,0.0,0.0,GBPSGD.p,E25/TP5
311676114,2026-07-30 12:00:52,1,4,0.01,0.0,0.0,0.0,0.0,GBPCAD.p,E25/TP5
311698019,2026-07-30 12:26:20,0,4,0.01,0.0,0.81483,0.0,0.0,USDCHF.p,[tp 0.81483]
311698032,2026-07-30 12:26:22,1,4,0.01,0.0,0.0,0.0,0.0,USDCHF.p,E25/TP5
311701377,2026-07-30 12:30:22,1,4,0.01,0.0,200.649,0.0,0.0,CHFJPY.p,[tp 200.649]
311707372,2026-07-30 12:34:20,0,4,0.01,0.0,126.7,0.0,0.0,SGDJPY.p,[tp 126.700]
311717112,2026-07-30 12:48:00,0,4,0.01,0.0,1.08914,0.0,0.0,GBPCHF.p,[tp 1.08914]
311717139,2026-07-30 12:48:01,1,4,0.01,0.0,0.0,0.0,0.0,GBPCHF.p,E25/TP5
311734055,2026-07-30 13:05:44,1,4,0.01,0.0,0.0,0.0,0.0,CHFJPY.p,E25/TP5
311734059,2026-07-30 13:05:44,0,4,0.01,0.0,0.0,0.0,0.0,AUDNZD.p,E25/TP5
311744921,2026-07-30 13:13:46,0,4,0.01,0.0,1.2888600000000001,0.0,0.0,USDSGD.p,[tp 1.28886]
311749809,2026-07-30 13:16:28,0,4,0.01,0.0,217.677,0.0,0.0,GBPJPY.p,[tp 217.677]
311759992,2026-07-30 13:28:00,0,4,0.01,0.0,115.932,0.0,0.0,CADJPY.p,[tp 115.932]
311760378,2026-07-30 13:29:11,1,4,0.01,0.0,0.0,0.0,0.0,AUDJPY.p,E25/TP5
311761720,2026-07-30 13:31:17,0,4,0.01,0.0,217.859,0.0,0.0,GBPJPY.p,[tp 217.859]
311761726,2026-07-30 13:31:18,1,4,0.01,0.0,0.0,0.0,0.0,GBPJPY.p,E25/TP5
311778896,2026-07-30 13:47:55,1,4,0.01,0.0,0.0,0.0,0.0,AUDUSD.p,E25/TP5
311778897,2026-07-30 13:47:55,1,4,0.01,0.0,0.0,0.0,0.0,NZDSGD.p,E25/TP5
311793636,2026-07-30 14:06:57,1,4,0.01,0.0,0.0,0.0,0.0,GBPCAD.p,E25/TP5
311795302,2026-07-30 14:08:29,0,4,0.01,0.0,1.7236799999999999,0.0,0.0,GBPSGD.p,[tp 1.72368]
311807980,2026-07-30 14:25:05,0,4,0.01,0.0,0.0,0.0,0.0,SGDJPY.p,E25/TP5
311807984,2026-07-30 14:25:05,1,4,0.01,0.0,0.0,0.0,0.0,GBPSGD.p,E25/TP5
311808002,2026-07-30 14:25:06,0,4,0.01,0.0,0.0,0.0,0.0,USDSGD.p,E25/TP5
311808032,2026-07-30 14:25:07,1,4,0.01,0.0,0.0,0.0,0.0,EURUSD.p,E25/TP5
311808041,2026-07-30 14:25:07,0,4,0.01,0.0,0.0,0.0,0.0,CADJPY.p,E25/TP5
311825273,2026-07-30 14:51:50,0,4,0.01,0.0,0.81305,0.0,0.0,USDCHF.p,[tp 0.81305]
311825286,2026-07-30 14:51:51,0,4,0.01,0.0,0.0,0.0,0.0,USDCHF.p,E25/TP5
311860162,2026-07-30 15:26:27,0,4,0.01,0.0,1.08741,0.0,0.0,GBPCHF.p,[tp 1.08741]
311893620,2026-07-30 15:47:14,0,4,0.01,0.0,95.01,0.0,0.0,NZDJPY.p,[tp 95.010]
311966708,2026-07-30 16:32:54,0,4,0.01,0.0,200.47,0.0,0.0,CHFJPY.p,[tp 200.470]
311966767,2026-07-30 16:32:55,1,4,0.01,0.0,0.0,0.0,0.0,CHFJPY.p,E25/TP5
311973428,2026-07-30 16:36:03,0,4,0.01,0.0,186.572,0.0,0.0,EURJPY.p,[tp 186.572]
311973429,2026-07-30 16:36:03,0,4,0.01,0.0,186.572,0.0,0.0,EURJPY.p,[tp 186.572]
312003400,2026-07-30 16:42:15,0,4,0.01,0.0,0.93044,0.0,0.0,EURCHF.p,[tp 0.93044]
312054380,2026-07-30 16:59:20,0,4,0.01,0.0,1.91299,0.0,0.0,GBPAUD.p,[tp 1.91299]
312054381,2026-07-30 16:59:20,0,4,0.01,0.0,1.91299,0.0,0.0,GBPAUD.p,[tp 1.91299]
312054382,2026-07-30 16:59:20,0,4,0.02,0.0,1.91299,0.0,0.0,GBPAUD.p,[tp 1.91299]
312057764,2026-07-30 17:00:23,0,4,0.01,0.0,0.0,0.0,0.0,EURJPY.p,E25/TP5
312075759,2026-07-30 17:04:09,0,4,0.01,0.0,0.47281,0.0,0.0,NZDCHF.p,[tp 0.47281]
312173535,2026-07-30 17:51:14,0,4,0.01,0.0,0.0,0.0,0.0,GBPNZD.p,E25/TP5
312217814,2026-07-30 18:18:46,1,4,0.01,0.0,0.0,0.0,0.0,EURCAD.p,E25/TP5
312217816,2026-07-30 18:18:46,0,4,0.01,0.0,0.0,0.0,0.0,USDSGD.p,E25/TP5
312217851,2026-07-30 18:18:47,0,4,0.02,0.0,0.0,0.0,0.0,USDJPY.p,E25/TP5
312217889,2026-07-30 18:18:48,1,4,0.01,0.0,0.0,0.0,0.0,NZDCAD.p,E25/TP5
312217901,2026-07-30 18:18:48,0,4,0.01,0.0,0.0,0.0,0.0,CADJPY.p,E25/TP5
312217916,2026-07-30 18:18:49,0,4,0.01,0.0,0.0,0.0,0.0,SGDJPY.p,E25/TP5
312217929,2026-07-30 18:18:49,1,4,0.01,0.0,0.0,0.0,0.0,NZDUSD.p,E25/TP5
312217930,2026-07-30 18:18:49,0,4,0.01,0.0,0.0,0.0,0.0,USDCHF.p,E25/TP5
312220895,2026-07-30 18:21:37,1,4,0.01,0.0,0.0,0.0,0.0,EURUSD.p,E25/TP5
312247784,2026-07-30 18:44:17,1,4,0.01,0.0,0.0,0.0,0.0,AUDUSD.p,E25/TP5
312250135,2026-07-30 18:46:21,0,4,0.01,0.0,214.469,0.0,0.0,GBPJPY.p,[tp 214.469]
312254241,2026-07-30 18:52:17,0,4,0.01,0.0,111.938,0.0,0.0,AUDJPY.p,[tp 111.938]
312279686,2026-07-30 19:16:35,1,4,0.02,0.0,0.0,0.0,0.0,GBPCAD.p,E25/TP5
312279693,2026-07-30 19:16:36,0,4,0.01,0.0,0.0,0.0,0.0,USDCAD.p,E25/TP5
312279699,2026-07-30 19:16:36,0,4,0.01,0.0,0.0,0.0,0.0,GBPAUD.p,E25/TP5
312279704,2026-07-30 19:16:37,0,4,0.01,0.0,0.0,0.0,0.0,GBPCHF.p,E25/TP5
312299061,2026-07-30 19:40:47,0,4,0.01,0.0,0.0,0.0,0.0,EURCHF.p,E25/TP5
312299065,2026-07-30 19:40:48,0,4,0.01,0.0,0.0,0.0,0.0,GBPJPY.p,E25/TP5
312299069,2026-07-30 19:40:48,0,4,0.01,0.0,0.0,0.0,0.0,AUDJPY.p,E25/TP5
312299070,2026-07-30 19:40:48,0,4,0.01,0.0,0.0,0.0,0.0,NZDJPY.p,E25/TP5
312299075,2026-07-30 19:40:49,0,4,0.01,0.0,0.0,0.0,0.0,CADCHF.p,E25/TP5
312316678,2026-07-30 20:06:24,0,4,0.01,0.0,0.0,0.0,0.0,NZDCHF.p,E25/TP5
312342966,2026-07-30 20:37:55,0,4,0.01,0.0,197.574,0.0,0.0,CHFJPY.p,[tp 197.574]
312361201,2026-07-30 20:55:05,0,4,0.01,0.0,0.0,0.0,0.0,CHFJPY.p,E25/TP5
312380608,2026-07-30 21:20:17,1,4,0.01,0.0,0.0,0.0,0.0,GBPUSD.p,E25/TP5
312408559,2026-07-30 21:54:21,0,4,0.01,0.0,0.56522,0.0,0.0,AUDCHF.p,[tp 0.56522]
312415335,2026-07-30 22:00:55,0,4,0.01,0.0,0.0,0.0,0.0,AUDCHF.p,E25/TP5
312531995,2026-07-31 01:18:51,1,4,0.01,0.0,184.149,0.0,0.0,EURJPY.p,[tp 184.149]
312542424,2026-07-31 01:44:27,1,4,0.01,0.0,93.903,0.0,0.0,NZDJPY.p,[tp 93.903]
312542652,2026-07-31 01:45:00,1,4,0.01,0.0,0.0,0.0,0.0,EURJPY.p,E25/TP5
312542680,2026-07-31 01:45:00,1,4,0.01,0.0,0.0,0.0,0.0,NZDJPY.p,E25/TP5
312544398,2026-07-31 01:47:53,1,4,0.01,0.0,214.959,0.0,0.0,GBPJPY.p,[tp 214.959]
312545351,2026-07-31 01:50:35,1,4,0.01,0.0,112.206,0.0,0.0,AUDJPY.p,[tp 112.206]
312545405,2026-07-31 01:50:46,1,4,0.01,0.0,0.0,0.0,0.0,AUDJPY.p,E25/TP5
312552215,2026-07-31 02:08:53,1,4,0.01,0.0,198.244,0.0,0.0,CHFJPY.p,[tp 198.244]
312555178,2026-07-31 02:13:13,1,4,0.01,0.0,1.40084,0.0,0.0,USDCAD.p,[tp 1.40084]
312556433,2026-07-31 02:15:00,0,4,0.01,0.0,0.0,0.0,0.0,USDCAD.p,E25/TP5
312561008,2026-07-31 02:24:46,1,4,0.01,0.0,1.08484,0.0,0.0,GBPCHF.p,[tp 1.08484]
312580863,2026-07-31 03:00:00,1,4,0.01,0.0,0.0,0.0,0.0,CHFJPY.p,E25/TP5
312583846,2026-07-31 03:01:46,1,4,0.01,0.0,0.92882,0.0,0.0,EURCHF.p,[tp 0.92882]
312588960,2026-07-31 03:07:48,1,4,0.01,0.0,0.56636,0.0,0.0,AUDCHF.p,[tp 0.56636]
312605877,2026-07-31 03:30:00,1,4,0.01,0.0,0.0,0.0,0.0,GBPCHF.p,E25/TP5
312605982,2026-07-31 03:30:00,1,4,0.01,0.0,0.0,0.0,0.0,EURCHF.p,E25/TP5
312609979,2026-07-31 03:36:15,1,4,0.01,0.0,0.90151,0.0,0.0,AUDSGD.p,[tp 0.90151]
312609980,2026-07-31 03:36:15,1,4,0.01,0.0,0.90151,0.0,0.0,AUDSGD.p,[tp 0.90151]
312609988,2026-07-31 03:36:15,1,4,0.01,0.0,0.98496,0.0,0.0,AUDCAD.p,[tp 0.98496]
312610562,2026-07-31 03:37:08,1,4,0.01,0.0,0.57538,0.0,0.0,CADCHF.p,[tp 0.57538]
312624617,2026-07-31 04:00:00,1,4,0.01,0.0,0.0,0.0,0.0,AUDCHF.p,E25/TP5
312652028,2026-07-31 04:15:00,1,4,0.01,0.0,0.0,0.0,0.0,AUDCAD.p,E25/TP5
312652204,2026-07-31 04:15:00,1,4,0.01,0.0,0.0,0.0,0.0,GBPJPY.p,E25/TP5
312670148,2026-07-31 04:30:00,1,4,0.01,0.0,0.0,0.0,0.0,AUDSGD.p,E25/TP5
312670714,2026-07-31 04:30:30,1,4,0.01,0.0,2.29433,0.0,0.0,GBPNZD.p,[tp 2.29433]
312670715,2026-07-31 04:30:30,1,4,0.01,0.0,2.29433,0.0,0.0,GBPNZD.p,[tp 2.29433]
312676998,2026-07-31 04:38:17,1,4,0.01,0.0,1.40154,0.0,0.0,USDCAD.p,[tp 1.40154]
312680856,2026-07-31 04:45:00,1,4,0.01,0.0,0.0,0.0,0.0,GBPNZD.p,E25/TP5
312710267,2026-07-31 05:15:00,1,4,0.01,0.0,0.0,0.0,0.0,USDCAD.p,E25/TP5
312724523,2026-07-31 05:35:34,1,4,0.01,0.0,0.47365,0.0,0.0,NZDCHF.p,[tp 0.47365]
312786697,2026-07-31 07:18:02,0,4,0.01,0.0,2.29133,0.0,0.0,GBPNZD.p,[tp 2.29133]
312810659,2026-07-31 08:00:00,0,4,0.01,0.0,0.0,0.0,0.0,GBPNZD.p,E25/TP5
312827204,2026-07-31 08:33:34,0,4,0.01,0.0,215.911,0.0,0.0,GBPJPY.p,[tp 215.911]
312836644,2026-07-31 08:45:00,1,4,0.01,0.0,0.0,0.0,0.0,GBPJPY.p,E25/TP5
312857077,2026-07-31 09:07:54,0,4,0.01,0.0,198.726,0.0,0.0,CHFJPY.p,[tp 198.726]
312861020,2026-07-31 09:15:00,0,4,0.01,0.0,0.0,0.0,0.0,CHFJPY.p,E25/TP5
312881580,2026-07-31 09:35:57,0,4,0.01,0.0,215.833,0.0,0.0,GBPJPY.p,[tp 215.833]
312881585,2026-07-31 09:35:59,0,4,0.01,0.0,0.0,0.0,0.0,GBPJPY.p,E25/TP5
312900016,2026-07-31 10:03:28,1,4,0.01,0.0,2.2921,0.0,0.0,GBPNZD.p,[tp 2.29210]
312915441,2026-07-31 10:21:39,1,4,0.01,0.0,198.905,0.0,0.0,CHFJPY.p,[tp 198.905]
312915462,2026-07-31 10:21:41,0,4,0.01,0.0,0.0,0.0,0.0,CHFJPY.p,E25/TP5
312921778,2026-07-31 10:29:48,1,4,0.01,0.0,215.903,0.0,0.0,GBPJPY.p,[tp 215.903]
312950148,2026-07-31 11:00:01,1,4,0.01,0.0,0.0,0.0,0.0,GBPJPY.p,E25/TP5
312963584,2026-07-31 11:12:26,0,4,0.01,0.0,0.90127,0.0,0.0,AUDSGD.p,[tp 0.90127]
312963722,2026-07-31 11:12:44,1,4,0.01,0.0,0.0,0.0,0.0,AUDSGD.p,E25/TP5
313006731,2026-07-31 11:45:00,0,4,0.01,0.0,0.0,0.0,0.0,GBPNZD.p,E25/TP5
313019225,2026-07-31 11:55:39,0,4,0.01,0.0,183.937,0.0,0.0,EURJPY.p,[tp 183.937]
313021689,2026-07-31 11:56:34,0,4,0.01,0.0,93.635,0.0,0.0,NZDJPY.p,[tp 93.635]
313021844,2026-07-31 11:56:42,0,4,0.01,0.0,112.041,0.0,0.0,AUDJPY.p,[tp 112.041]
313030716,2026-07-31 12:02:18,0,4,0.01,0.0,1.40054,0.0,0.0,USDCAD.p,[tp 1.40054]
313037000,2026-07-31 12:06:09,0,4,0.01,0.0,213.754,0.0,0.0,GBPJPY.p,[tp 213.754]
313052338,2026-07-31 12:19:18,0,4,0.01,0.0,0.0,0.0,0.0,NZDJPY.p,E25/TP5
313052342,2026-07-31 12:19:18,0,4,0.01,0.0,0.0,0.0,0.0,AUDJPY.p,E25/TP5
313052345,2026-07-31 12:19:18,0,4,0.01,0.0,0.0,0.0,0.0,GBPJPY.p,E25/TP5
313052348,2026-07-31 12:19:19,0,4,0.01,0.0,0.0,0.0,0.0,EURJPY.p,E25/TP5
313080177,2026-07-31 12:55:12,0,4,0.01,0.0,1.63591,0.0,0.0,EURAUD.p,[tp 1.63591]
313080178,2026-07-31 12:55:12,0,4,0.01,0.0,1.63591,0.0,0.0,EURAUD.p,[tp 1.63591]
313080377,2026-07-31 12:55:25,0,4,0.01,0.0,0.0,0.0,0.0,EURAUD.p,E25/TP5
313115469,2026-07-31 13:52:56,1,4,0.01,0.0,2.28891,0.0,0.0,GBPNZD.p,[tp 2.28891]
313118133,2026-07-31 14:00:00,0,4,0.01,0.0,0.0,0.0,0.0,GBPNZD.p,E25/TP5
313158037,2026-07-31 14:49:50,1,4,0.01,0.0,215.015,0.0,0.0,GBPJPY.p,[tp 215.015]
313159226,2026-07-31 14:51:46,1,4,0.01,0.0,184.053,0.0,0.0,EURJPY.p,[tp 184.053]
313159427,2026-07-31 14:52:30,1,4,0.01,0.0,112.482,0.0,0.0,AUDJPY.p,[tp 112.482]
313159468,2026-07-31 14:52:39,1,4,0.01,0.0,93.947,0.0,0.0,NZDJPY.p,[tp 93.947]
313164663,2026-07-31 15:00:12,0,4,0.01,0.0,1.14845,0.0,0.0,EURUSD.p,[tp 1.14845]
313164664,2026-07-31 15:00:12,0,4,0.01,0.0,1.14845,0.0,0.0,EURUSD.p,[tp 1.14845]
313173455,2026-07-31 15:10:40,1,4,0.01,0.0,1.6367500000000001,0.0,0.0,EURAUD.p,[tp 1.63675]
313176675,2026-07-31 15:15:00,0,4,0.01,0.0,0.0,0.0,0.0,EURJPY.p,E25/TP5
313176711,2026-07-31 15:15:00,0,4,0.01,0.0,0.0,0.0,0.0,GBPJPY.p,E25/TP5
313176713,2026-07-31 15:15:00,0,4,0.01,0.0,0.0,0.0,0.0,NZDJPY.p,E25/TP5
313176851,2026-07-31 15:15:01,0,4,0.01,0.0,0.0,0.0,0.0,EURUSD.p,E25/TP5
313179416,2026-07-31 15:18:41,1,4,0.01,0.0,2.28985,0.0,0.0,GBPNZD.p,[tp 2.28985]
313187045,2026-07-31 15:24:37,1,4,0.01,0.0,0.81053,0.0,0.0,USDCHF.p,[tp 0.81053]
313187046,2026-07-31 15:24:37,1,4,0.01,0.0,0.81053,0.0,0.0,USDCHF.p,[tp 0.81053]
313222204,2026-07-31 15:48:20,0,4,0.01,0.0,0.98449,0.0,0.0,AUDCAD.p,[tp 0.98449]
313237809,2026-07-31 16:00:00,1,4,0.01,0.0,0.0,0.0,0.0,GBPNZD.p,E25/TP5
313237962,2026-07-31 16:00:00,1,4,0.01,0.0,0.0,0.0,0.0,USDCAD.p,E25/TP5
313238070,2026-07-31 16:00:00,1,4,0.01,0.0,0.0,0.0,0.0,USDCHF.p,E25/TP5
313263373,2026-07-31 16:15:00,0,4,0.01,0.0,0.0,0.0,0.0,AUDJPY.p,E25/TP5
313287995,2026-07-31 16:31:22,0,4,0.01,0.0,0.0,0.0,0.0,CHFJPY.p,E25/TP5
313312101,2026-07-31 16:39:52,0,4,0.01,0.0,1.72253,0.0,0.0,GBPSGD.p,[tp 1.72253]
313312153,2026-07-31 16:39:52,0,4,0.01,0.0,0.0,0.0,0.0,GBPSGD.p,E25/TP5
313318250,2026-07-31 16:42:00,0,4,0.01,0.0,1.88097,0.0,0.0,GBPCAD.p,[tp 1.88097]
313318791,2026-07-31 16:42:19,0,4,0.01,0.0,0.90073,0.0,0.0,AUDSGD.p,[tp 0.90073]
313322018,2026-07-31 16:43:12,0,4,0.01,0.0,1.60873,0.0,0.0,EURCAD.p,[tp 1.60873]
313324032,2026-07-31 16:43:36,1,4,0.01,0.0,0.0,0.0,0.0,CADCHF.p,E25/TP5
313342765,2026-07-31 16:52:55,0,4,0.01,0.0,0.0,0.0,0.0,AUDCAD.p,E25/TP5
313346407,2026-07-31 16:55:07,0,4,0.01,0.0,0.0,0.0,0.0,EURJPY.p,E25/TP5
313371763,2026-07-31 17:07:58,1,4,0.01,0.0,1.91719,0.0,0.0,GBPAUD.p,[tp 1.91719]
313377284,2026-07-31 17:09:44,0,4,0.01,0.0,0.75188,0.0,0.0,NZDSGD.p,[tp 0.75188]
313386715,2026-07-31 17:14:50,1,4,0.01,0.0,0.0,0.0,0.0,GBPCHF.p,E25/TP5
313403633,2026-07-31 17:25:21,0,4,0.01,0.0,0.0,0.0,0.0,EURAUD.p,E25/TP5
313419073,2026-07-31 17:35:44,0,4,0.01,0.0,0.0,0.0,0.0,EURSGD.p,E25/TP5
313445385,2026-07-31 17:54:43,1,4,0.01,0.0,0.0,0.0,0.0,GBPAUD.p,E25/TP5
313445411,2026-07-31 17:54:43,0,4,0.01,0.0,0.0,0.0,0.0,AUDSGD.p,E25/TP5
313488900,2026-07-31 18:21:06,1,4,0.01,0.0,1.15002,0.0,0.0,EURUSD.p,[tp 1.15002]
313488948,2026-07-31 18:21:07,0,4,0.01,0.0,0.0,0.0,0.0,EURUSD.p,E25/TP5
313606274,2026-07-31 20:24:46,0,4,0.01,0.0,2.28979,0.0,0.0,GBPNZD.p,[tp 2.28979]
313606586,2026-07-31 20:24:50,0,4,0.01,0.0,0.80805,0.0,0.0,USDCHF.p,[tp 0.80805]
313616542,2026-07-31 20:31:34,0,4,0.01,0.0,1.40145,0.0,0.0,USDCAD.p,[tp 1.40145]
313628067,2026-07-31 20:45:07,0,4,0.02,0.0,0.0,0.0,0.0,SGDJPY.p,E25/TP5
313628076,2026-07-31 20:45:08,0,4,0.02,0.0,0.0,0.0,0.0,CADJPY.p,E25/TP5
313642099,2026-07-31 21:02:05,0,4,0.01,0.0,0.0,0.0,0.0,AUDJPY.p,E25/TP5
313642807,2026-07-31 21:02:47,0,4,0.01,0.0,0.0,0.0,0.0,USDCHF.p,E25/TP5
313642814,2026-07-31 21:02:48,0,4,0.01,0.0,0.0,0.0,0.0,USDCAD.p,E25/TP5
313642822,2026-07-31 21:02:48,0,4,0.01,0.0,0.0,0.0,0.0,GBPNZD.p,E25/TP5
313679661,2026-07-31 22:16:08,1,4,0.01,0.0,183.372,0.0,0.0,EURJPY.p,[tp 183.372]
313679662,2026-07-31 22:16:08,1,4,0.01,0.0,183.372,0.0,0.0,EURJPY.p,[tp 183.372]
313695797,2026-07-31 22:49:54,1,4,0.01,0.0,0.98669,0.0,0.0,AUDCAD.p,[tp 0.98669]
313699415,2026-07-31 22:53:57,0,4,0.01,0.0,0.57643,0.0,0.0,CADCHF.p,[tp 0.57643]
313712127,2026-07-31 23:11:10,1,4,0.01,0.0,1.47818,0.0,0.0,EURSGD.p,[tp 1.47818]
313712664,2026-07-31 23:13:01,1,4,0.01,0.0,1.72818,0.0,0.0,GBPSGD.p,[tp 1.72818]
313713987,2026-07-31 23:16:42,1,4,0.01,0.0,1.15326,0.0,0.0,EURUSD.p,[tp 1.15326]
313721061,2026-07-31 23:35:51,1,4,0.01,0.0,0.90245,0.0,0.0,AUDSGD.p,[tp 0.90245]
313725487,2026-07-31 23:51:50,1,4,0.01,0.0,1.6397,0.0,0.0,EURAUD.p,[tp 1.63970]
313838051,2026-08-03 00:15:00,0,4,0.01,0.0,0.0,0.0,0.0,GBPNZD.p,E25/TP5
313862493,2026-08-03 01:15:00,0,4,0.04,0.0,0.0,0.0,0.0,USDJPY.p,E25/TP5
313862850,2026-08-03 01:15:00,0,4,0.04,0.0,0.0,0.0,0.0,CADJPY.p,E25/TP5
313862932,2026-08-03 01:15:01,0,4,0.04,0.0,0.0,0.0,0.0,SGDJPY.p,E25/TP5
313872426,2026-08-03 01:26:32,0,4,0.01,0.0,1.91535,0.0,0.0,GBPAUD.p,[tp 1.91535]
313874915,2026-08-03 01:30:00,1,4,0.01,0.0,0.0,0.0,0.0,GBPAUD.p,E25/TP5
313874916,2026-08-03 01:30:00,1,4,0.01,0.0,0.0,0.0,0.0,EURUSD.p,E25/TP5
313874919,2026-08-03 01:30:00,1,4,0.01,0.0,0.0,0.0,0.0,GBPSGD.p,E25/TP5
313874920,2026-08-03 01:30:00,0,4,0.01,0.0,0.0,0.0,0.0,CADCHF.p,E25/TP5
313874922,2026-08-03 01:30:00,1,4,0.01,0.0,0.0,0.0,0.0,EURSGD.p,E25/TP5
313875076,2026-08-03 01:30:01,0,4,0.01,0.0,0.0,0.0,0.0,EURJPY.p,E25/TP5
313894485,2026-08-03 02:00:00,1,4,0.01,0.0,0.0,0.0,0.0,AUDCAD.p,E25/TP5
313904904,2026-08-03 02:15:00,1,4,0.01,0.0,0.0,0.0,0.0,AUDSGD.p,E25/TP5
313995407,2026-08-03 03:33:40,0,4,0.01,0.0,0.0,0.0,0.0,GBPJPY.p,E25/TP5
313995408,2026-08-03 03:33:40,0,4,0.02,0.0,0.0,0.0,0.0,AUDJPY.p,E25/TP5
314028877,2026-08-03 04:00:39,0,4,0.02,0.0,0.0,0.0,0.0,USDSGD.p,E25/TP5
314028904,2026-08-03 04:00:39,0,4,0.02,0.0,0.0,0.0,0.0,CHFJPY.p,E25/TP5
314076755,2026-08-03 04:28:55,1,4,0.01,0.0,1.40265,0.0,0.0,USDCAD.p,[tp 1.40265]
314076795,2026-08-03 04:28:57,0,4,0.01,0.0,0.0,0.0,0.0,USDCAD.p,E25/TP5
314107408,2026-08-03 04:53:42,1,4,0.01,0.0,0.80875,0.0,0.0,USDCHF.p,[tp 0.80875]
314146460,2026-08-03 05:30:01,1,4,0.01,0.0,0.0,0.0,0.0,USDCHF.p,E25/TP5
314180679,2026-08-03 06:00:55,0,4,0.01,0.0,1.15304,0.0,0.0,EURUSD.p,[tp 1.15304]
314205928,2026-08-03 06:28:25,1,4,0.01,0.0,2.28869,0.0,0.0,GBPNZD.p,[tp 2.28869]
314205929,2026-08-03 06:28:25,1,4,0.01,0.0,2.28869,0.0,0.0,GBPNZD.p,[tp 2.28869]
314230256,2026-08-03 07:00:00,0,4,0.01,0.0,0.0,0.0,0.0,EURUSD.p,E25/TP5
314237630,2026-08-03 07:11:16,0,4,0.01,0.0,1.7260900000000001,0.0,0.0,GBPSGD.p,[tp 1.72609]
314237669,2026-08-03 07:11:24,0,4,0.01,0.0,0.0,0.0,0.0,GBPSGD.p,E25/TP5
314237815,2026-08-03 07:12:00,0,4,0.01,0.0,1.4776500000000001,0.0,0.0,EURSGD.p,[tp 1.47765]
314292992,2026-08-03 08:30:00,1,4,0.01,0.0,0.0,0.0,0.0,GBPNZD.p,E25/TP5
314294441,2026-08-03 08:30:34,0,4,0.01,0.0,0.80846,0.0,0.0,USDCHF.p,[tp 0.80846]
314313305,2026-08-03 08:45:49,1,4,0.01,0.0,1.72675,0.0,0.0,GBPSGD.p,[tp 1.72675]
314314544,2026-08-03 08:47:11,1,4,0.01,0.0,1.15369,0.0,0.0,EURUSD.p,[tp 1.15369]
314335044,2026-08-03 09:05:08,0,4,0.01,0.0,1.9151500000000001,0.0,0.0,GBPAUD.p,[tp 1.91515]
314341278,2026-08-03 09:15:00,1,4,0.01,0.0,0.0,0.0,0.0,EURUSD.p,E25/TP5
314349810,2026-08-03 09:23:19,0,4,0.01,0.0,2.28999,0.0,0.0,GBPNZD.p,[tp 2.28999]
314352903,2026-08-03 09:25:08,1,4,0.01,0.0,1.40326,0.0,0.0,USDCAD.p,[tp 1.40326]
314372473,2026-08-03 09:39:25,1,4,0.01,0.0,0.57644,0.0,0.0,CADCHF.p,[tp 0.57644]
314375789,2026-08-03 09:43:48,0,4,0.01,0.0,0.90135,0.0,0.0,AUDSGD.p,[tp 0.90135]
314376689,2026-08-03 09:45:00,1,4,0.01,0.0,0.0,0.0,0.0,GBPNZD.p,E25/TP5
314377657,2026-08-03 09:46:02,0,4,0.01,0.0,0.98659,0.0,0.0,AUDCAD.p,[tp 0.98659]
314396081,2026-08-03 10:06:56,0,4,0.01,0.0,1.15225,0.0,0.0,EURUSD.p,[tp 1.15225]
314396211,2026-08-03 10:06:58,0,4,0.01,0.0,0.0,0.0,0.0,EURUSD.p,E25/TP5
314450308,2026-08-03 11:00:00,1,4,0.01,0.0,0.0,0.0,0.0,GBPAUD.p,E25/TP5
314561315,2026-08-03 12:42:55,1,4,0.01,0.0,1.1528,0.0,0.0,EURUSD.p,[tp 1.15280]
314564930,2026-08-03 12:45:00,0,4,0.01,0.0,0.0,0.0,0.0,EURUSD.p,E25/TP5
314569808,2026-08-03 12:49:43,0,4,0.01,0.0,0.56615,0.0,0.0,AUDCHF.p,[tp 0.56615]
314608161,2026-08-03 13:30:00,1,4,0.01,0.0,0.0,0.0,0.0,GBPNZD.p,E25/TP5
314637392,2026-08-03 14:00:00,0,4,0.01,0.0,0.0,0.0,0.0,AUDCAD.p,E25/TP5
314666605,2026-08-03 14:30:00,1,4,0.01,0.0,0.0,0.0,0.0,EURAUD.p,E25/TP5
314683550,2026-08-03 14:45:00,0,4,0.01,0.0,0.0,0.0,0.0,AUDSGD.p,E25/TP5
314714227,2026-08-03 15:02:29,1,4,0.01,0.0,1.15341,0.0,0.0,EURUSD.p,[tp 1.15341]
314849957,2026-08-03 16:16:17,0,4,0.01,0.0,0.69953,0.0,0.0,AUDUSD.p,[tp 0.69953]
314849958,2026-08-03 16:16:17,0,4,0.01,0.0,0.69953,0.0,0.0,AUDUSD.p,[tp 0.69953]
314881547,2026-08-03 16:31:46,0,4,0.02,0.0,0.0,0.0,0.0,AUDNZD.p,E25/TP5
314917337,2026-08-03 16:45:00,0,4,0.04,0.0,0.0,0.0,0.0,CHFJPY.p,E25/TP5
314944585,2026-08-03 16:59:59,1,4,0.01,0.0,0.0,0.0,0.0,GBPSGD.p,E25/TP5
314997013,2026-08-03 17:34:28,0,4,0.01,0.0,2.29187,0.0,0.0,GBPNZD.p,[tp 2.29187]
314997014,2026-08-03 17:34:28,0,4,0.01,0.0,2.29187,0.0,0.0,GBPNZD.p,[tp 2.29187]
315011068,2026-08-03 17:45:00,0,4,0.01,0.0,0.0,0.0,0.0,AUDUSD.p,E25/TP5
315016473,2026-08-03 17:51:00,0,4,0.01,0.0,1.64553,0.0,0.0,EURAUD.p,[tp 1.64553]
315016496,2026-08-03 17:51:01,1,4,0.01,0.0,0.0,0.0,0.0,EURAUD.p,E25/TP5
315022315,2026-08-03 17:57:30,0,4,0.01,0.0,1.7234099999999999,0.0,0.0,GBPSGD.p,[tp 1.72341]
315044020,2026-08-03 18:15:00,0,4,0.01,0.0,0.0,0.0,0.0,GBPNZD.p,E25/TP5
315076394,2026-08-03 18:45:00,1,4,0.01,0.0,0.0,0.0,0.0,USDCHF.p,E25/TP5
315089860,2026-08-03 19:00:00,0,4,0.01,0.0,0.0,0.0,0.0,GBPSGD.p,E25/TP5
315089939,2026-08-03 19:00:00,0,4,0.01,0.0,0.0,0.0,0.0,EURUSD.p,E25/TP5
315098805,2026-08-03 19:15:41,0,4,0.01,0.0,1.64404,0.0,0.0,EURAUD.p,[tp 1.64404]
315120660,2026-08-03 19:45:00,0,4,0.01,0.0,0.0,0.0,0.0,EURAUD.p,E25/TP5
315210754,2026-08-03 21:30:32,0,4,0.01,0.0,0.8105,0.0,0.0,USDCHF.p,[tp 0.81050]
315210772,2026-08-03 21:30:34,1,4,0.01,0.0,0.0,0.0,0.0,USDCHF.p,E25/TP5
315218294,2026-08-03 21:42:45,1,4,0.01,0.0,1.64532,0.0,0.0,EURAUD.p,[tp 1.64532]
315234896,2026-08-03 21:55:32,1,4,0.01,0.0,0.69995,0.0,0.0,AUDUSD.p,[tp 0.69995]
315340890,2026-08-04 01:15:00,0,4,0.01,0.0,0.0,0.0,0.0,EURAUD.p,E25/TP5
315341036,2026-08-04 01:15:00,0,4,0.01,0.0,0.0,0.0,0.0,EURSGD.p,E25/TP5
315341039,2026-08-04 01:15:00,0,4,0.01,0.0,0.0,0.0,0.0,NZDSGD.p,E25/TP5
315377625,2026-08-04 02:46:23,1,4,0.01,0.0,194.536,0.0,0.0,CHFJPY.p,[tp 194.536]
315377626,2026-08-04 02:46:23,1,4,0.01,0.0,194.536,0.0,0.0,CHFJPY.p,[tp 194.536]
315377627,2026-08-04 02:46:23,1,4,0.02,0.0,194.536,0.0,0.0,CHFJPY.p,[tp 194.536]
315377628,2026-08-04 02:46:23,1,4,0.04,0.0,194.536,0.0,0.0,CHFJPY.p,[tp 194.536]
315384351,2026-08-04 03:00:00,1,4,0.01,0.0,0.0,0.0,0.0,CHFJPY.p,E25/TP5
315397046,2026-08-04 03:04:13,0,4,0.01,0.0,0.80994,0.0,0.0,USDCHF.p,[tp 0.80994]
315397401,2026-08-04 03:04:34,1,4,0.01,0.0,1.47649,0.0,0.0,EURSGD.p,[tp 1.47649]
315410386,2026-08-04 03:11:54,0,4,0.01,0.0,1.9176199999999999,0.0,0.0,GBPAUD.p,[tp 1.91762]
315444220,2026-08-04 03:45:00,1,4,0.01,0.0,0.0,0.0,0.0,EURSGD.p,E25/TP5
315457289,2026-08-04 03:56:36,0,4,0.01,0.0,194.338,0.0,0.0,CHFJPY.p,[tp 194.338]
315466620,2026-08-04 04:00:00,1,4,0.01,0.0,0.0,0.0,0.0,CHFJPY.p,E25/TP5
315529578,2026-08-04 04:31:33,1,4,0.01,0.0,0.98369,0.0,0.0,AUDCAD.p,[tp 0.98369]
315536336,2026-08-04 04:35:39,0,4,0.01,0.0,0.0,0.0,0.0,GBPAUD.p,E25/TP5
315547865,2026-08-04 04:41:40,1,4,0.01,0.0,0.89869,0.0,0.0,AUDSGD.p,[tp 0.89869]
315602390,2026-08-04 05:31:38,1,4,0.01,0.0,0.0,0.0,0.0,AUDSGD.p,E25/TP5
315631131,2026-08-04 05:59:21,1,4,0.01,0.0,1.19596,0.0,0.0,AUDNZD.p,[tp 1.19596]
315631132,2026-08-04 05:59:21,1,4,0.01,0.0,1.19596,0.0,0.0,AUDNZD.p,[tp 1.19596]
315631133,2026-08-04 05:59:21,1,4,0.02,0.0,1.19596,0.0,0.0,AUDNZD.p,[tp 1.19596]
315631549,2026-08-04 06:00:00,1,4,0.01,0.0,0.0,0.0,0.0,AUDCAD.p,E25/TP5
315675451,2026-08-04 07:00:00,1,4,0.01,0.0,0.0,0.0,0.0,AUDNZD.p,E25/TP5
315813238,2026-08-04 09:24:47,1,4,0.01,0.0,0.0,0.0,0.0,EURCAD.p,E25/TP5
315822505,2026-08-04 09:33:37,1,4,0.01,0.0,1.7237,0.0,0.0,GBPSGD.p,[tp 1.72370]
315824009,2026-08-04 09:35:22,1,4,0.01,0.0,1.28351,0.0,0.0,USDSGD.p,[tp 1.28351]
315824010,2026-08-04 09:35:22,1,4,0.01,0.0,1.28351,0.0,0.0,USDSGD.p,[tp 1.28351]
315824011,2026-08-04 09:35:22,1,4,0.02,0.0,1.28351,0.0,0.0,USDSGD.p,[tp 1.28351]
315828305,2026-08-04 09:40:30,1,4,0.01,0.0,0.0,0.0,0.0,USDCAD.p,E25/TP5
315836199,2026-08-04 09:46:14,0,4,0.01,0.0,1.19576,0.0,0.0,AUDNZD.p,[tp 1.19576]
315841132,2026-08-04 09:52:59,1,4,0.01,0.0,0.0,0.0,0.0,AUDNZD.p,E25/TP5
315858128,2026-08-04 10:08:26,1,4,0.01,0.0,0.75328,0.0,0.0,NZDSGD.p,[tp 0.75328]
315872608,2026-08-04 10:24:00,1,4,0.01,0.0,1.15153,0.0,0.0,EURUSD.p,[tp 1.15153]
315888877,2026-08-04 10:39:09,1,4,0.01,0.0,0.0,0.0,0.0,NZDCHF.p,E25/TP5
315888895,2026-08-04 10:39:12,1,4,0.01,0.0,0.0,0.0,0.0,AUDCHF.p,E25/TP5
315893891,2026-08-04 10:45:09,0,4,0.01,0.0,0.0,0.0,0.0,USDCHF.p,E25/TP5
315893892,2026-08-04 10:45:09,1,4,0.01,0.0,0.0,0.0,0.0,EURUSD.p,E25/TP5
315893898,2026-08-04 10:45:09,0,4,0.01,0.0,0.0,0.0,0.0,CADCHF.p,E25/TP5
315893905,2026-08-04 10:45:10,1,4,0.01,0.0,0.0,0.0,0.0,AUDUSD.p,E25/TP5
315900607,2026-08-04 10:53:08,0,4,0.01,0.0,1.405,0.0,0.0,USDCAD.p,[tp 1.40500]
315905372,2026-08-04 11:00:00,1,4,0.01,0.0,0.0,0.0,0.0,USDSGD.p,E25/TP5
315929627,2026-08-04 11:15:01,1,4,0.01,0.0,0.0,0.0,0.0,GBPSGD.p,E25/TP5
316019250,2026-08-04 12:45:00,1,4,0.01,0.0,0.0,0.0,0.0,NZDSGD.p,E25/TP5
316733610,2026-08-04 20:33:24,1,4,0.01,0.0,0.0,0.0,0.0,EURCHF.p,E25/TP5
316742450,2026-08-04 20:45:00,1,4,0.01,0.0,0.0,0.0,0.0,USDCAD.p,E25/TP5
316774024,2026-08-04 21:16:27,1,4,0.01,0.0,181.711,0.0,0.0,EURJPY.p,[tp 181.711]
316810821,2026-08-04 21:57:10,0,4,0.01,0.0,1.28194,0.0,0.0,USDSGD.p,[tp 1.28194]
316828999,2026-08-04 22:15:00,0,4,0.01,0.0,0.0,0.0,0.0,USDSGD.p,E25/TP5
316842587,2026-08-04 22:30:00,0,4,0.01,0.0,0.0,0.0,0.0,GBPAUD.p,E25/TP5
316871218,2026-08-04 23:15:00,1,4,0.01,0.0,0.0,0.0,0.0,AUDSGD.p,E25/TP5
316893603,2026-08-05 00:28:15,0,4,0.01,0.0,1.19504,0.0,0.0,AUDNZD.p,[tp 1.19504]
316894803,2026-08-05 01:00:00,0,4,0.01,0.0,0.0,0.0,0.0,GBPNZD.p,E25/TP5
316900055,2026-08-05 01:15:00,0,4,0.01,0.0,0.0,0.0,0.0,AUDNZD.p,E25/TP5
316918011,2026-08-05 01:45:00,1,4,0.01,0.0,0.0,0.0,0.0,EURJPY.p,E25/TP5
316965595,2026-08-05 02:36:41,0,4,0.01,0.0,0.75328,0.0,0.0,NZDSGD.p,[tp 0.75328]
316972746,2026-08-05 02:54:13,1,4,0.01,0.0,2.29041,0.0,0.0,GBPNZD.p,[tp 2.29041]
316976345,2026-08-05 03:00:09,0,4,0.01,0.0,0.0,0.0,0.0,NZDSGD.p,E25/TP5
316989786,2026-08-05 03:18:59,0,4,0.01,0.0,1.4064,0.0,0.0,USDCAD.p,[tp 1.40640]
317057759,2026-08-05 04:19:45,0,4,0.01,0.0,181.655,0.0,0.0,EURJPY.p,[tp 181.655]
317060068,2026-08-05 04:22:53,1,4,0.01,0.0,2.28893,0.0,0.0,GBPNZD.p,[tp 2.28893]
317060069,2026-08-05 04:22:53,1,4,0.01,0.0,1.19894,0.0,0.0,AUDNZD.p,[tp 1.19894]
317060094,2026-08-05 04:22:55,1,4,0.01,0.0,0.0,0.0,0.0,AUDNZD.p,E25/TP5
317064758,2026-08-05 04:28:44,1,4,0.01,0.0,0.0,0.0,0.0,GBPNZD.p,E25/TP5
317078745,2026-08-05 04:39:26,0,4,0.01,0.0,0.47493,0.0,0.0,NZDCHF.p,[tp 0.47493]
317083511,2026-08-05 04:43:32,0,4,0.01,0.0,0.0,0.0,0.0,EURJPY.p,E25/TP5
317086904,2026-08-05 04:46:22,0,4,0.01,0.0,1.72375,0.0,0.0,GBPSGD.p,[tp 1.72375]
317197773,2026-08-05 06:04:02,0,4,0.01,0.0,0.0,0.0,0.0,GBPJPY.p,E25/TP5
317266318,2026-08-05 07:45:46,1,4,0.01,0.0,181.801,0.0,0.0,EURJPY.p,[tp 181.801]
317266321,2026-08-05 07:45:48,0,4,0.01,0.0,0.0,0.0,0.0,EURJPY.p,E25/TP5
317349779,2026-08-05 08:51:23,1,4,0.01,0.0,181.876,0.0,0.0,EURJPY.p,[tp 181.876]
317457680,2026-08-05 10:14:23,1,4,0.01,0.0,0.0,0.0,0.0,GBPCAD.p,E25/TP5
317457681,2026-08-05 10:14:23,1,4,0.01,0.0,0.0,0.0,0.0,EURCAD.p,E25/TP5
317497002,2026-08-05 10:55:51,1,4,0.01,0.0,0.0,0.0,0.0,EURJPY.p,E25/TP5
317506587,2026-08-05 11:04:01,1,4,0.01,0.0,111.184,0.0,0.0,AUDJPY.p,[tp 111.184]
317506588,2026-08-05 11:04:01,1,4,0.01,0.0,111.184,0.0,0.0,AUDJPY.p,[tp 111.184]
317506589,2026-08-05 11:04:01,1,4,0.02,0.0,111.184,0.0,0.0,AUDJPY.p,[tp 111.184]
317517161,2026-08-05 11:16:25,1,4,0.01,0.0,0.0,0.0,0.0,GBPNZD.p,E25/TP5
317574919,2026-08-05 12:13:09,1,4,0.01,0.0,0.0,0.0,0.0,GBPSGD.p,E25/TP5
317955398,2026-08-05 16:36:26,0,4,0.01,0.0,181.902,0.0,0.0,EURJPY.p,[tp 181.902]
317955431,2026-08-05 16:36:27,1,4,0.01,0.0,0.0,0.0,0.0,EURJPY.p,E25/TP5
317983480,2026-08-05 16:48:08,0,4,0.01,0.0,1.72546,0.0,0.0,GBPSGD.p,[tp 1.72546]
318064347,2026-08-05 17:15:52,1,4,0.01,0.0,0.0,0.0,0.0,GBPSGD.p,E25/TP5
318136826,2026-08-05 17:40:05,1,4,0.01,0.0,0.0,0.0,0.0,EURSGD.p,E25/TP5
318375120,2026-08-05 19:21:30,0,4,0.01,0.0,0.0,0.0,0.0,USDCAD.p,E25/TP5
318435696,2026-08-05 19:55:00,0,4,0.01,0.0,2.28959,0.0,0.0,GBPNZD.p,[tp 2.28959]
318435697,2026-08-05 19:55:00,0,4,0.01,0.0,2.28959,0.0,0.0,GBPNZD.p,[tp 2.28959]
318435790,2026-08-05 19:55:03,0,4,0.01,0.0,0.0,0.0,0.0,GBPNZD.p,E25/TP5
318456270,2026-08-05 20:08:00,0,4,0.01,0.0,1.7248299999999999,0.0,0.0,GBPSGD.p,[tp 1.72483]
318477713,2026-08-05 20:25:55,1,4,0.01,0.0,0.75386,0.0,0.0,NZDSGD.p,[tp 0.75386]
318486610,2026-08-05 20:30:15,0,4,0.01,0.0,0.0,0.0,0.0,GBPSGD.p,E25/TP5
318507620,2026-08-05 20:45:00,1,4,0.01,0.0,0.0,0.0,0.0,CHFJPY.p,E25/TP5
318591707,2026-08-05 22:07:25,0,4,0.01,0.0,1.19843,0.0,0.0,AUDNZD.p,[tp 1.19843]
318689535,2026-08-06 01:15:00,0,4,0.01,0.0,0.0,0.0,0.0,AUDNZD.p,E25/TP5
318801446,2026-08-06 03:04:04,0,4,0.01,0.0,1.08646,0.0,0.0,GBPCHF.p,[tp 1.08646]
318801447,2026-08-06 03:04:04,0,4,0.01,0.0,1.08646,0.0,0.0,GBPCHF.p,[tp 1.08646]
318887882,2026-08-06 03:41:05,1,4,0.01,0.0,1.19988,0.0,0.0,AUDNZD.p,[tp 1.19988]
318968742,2026-08-06 04:11:38,1,4,0.01,0.0,2.29006,0.0,0.0,GBPNZD.p,[tp 2.29006]
319011897,2026-08-06 04:28:18,1,4,0.01,0.0,0.0,0.0,0.0,GBPNZD.p,E25/TP5
319011909,2026-08-06 04:28:18,1,4,0.01,0.0,0.0,0.0,0.0,AUDNZD.p,E25/TP5
319112568,2026-08-06 05:15:00,0,4,0.01,0.0,0.0,0.0,0.0,GBPCHF.p,E25/TP5
319127227,2026-08-06 05:28:39,0,4,0.01,0.0,2.28575,0.0,0.0,GBPNZD.p,[tp 2.28575]
319174697,2026-08-06 06:00:03,0,4,0.01,0.0,0.0,0.0,0.0,GBPNZD.p,E25/TP5
319183008,2026-08-06 06:08:40,0,4,0.01,0.0,1.19757,0.0,0.0,AUDNZD.p,[tp 1.19757]
319183069,2026-08-06 06:08:43,0,4,0.01,0.0,0.0,0.0,0.0,AUDNZD.p,E25/TP5
319260128,2026-08-06 07:14:52,1,4,0.01,0.0,2.28779,0.0,0.0,GBPNZD.p,[tp 2.28779]
319293794,2026-08-06 07:44:47,1,4,0.01,0.0,1.19811,0.0,0.0,AUDNZD.p,[tp 1.19811]
319293844,2026-08-06 07:44:51,0,4,0.01,0.0,0.0,0.0,0.0,AUDNZD.p,E25/TP5
319296229,2026-08-06 07:48:32,1,4,0.01,0.0,1.08672,0.0,0.0,GBPCHF.p,[tp 1.08672]
319368079,2026-08-06 08:45:03,1,4,0.01,0.0,0.0,0.0,0.0,GBPNZD.p,E25/TP5
319418287,2026-08-06 09:27:12,1,4,0.01,0.0,1.19865,0.0,0.0,AUDNZD.p,[tp 1.19865]
319496209,2026-08-06 10:45:38,1,4,0.01,0.0,0.57713,0.0,0.0,CADCHF.p,[tp 0.57713]
319531176,2026-08-06 11:13:07,1,4,0.01,0.0,1.72622,0.0,0.0,GBPSGD.p,[tp 1.72622]
319641992,2026-08-06 12:41:45,0,4,0.01,0.0,1.88496,0.0,0.0,GBPCAD.p,[tp 1.88496]
319641993,2026-08-06 12:41:45,0,4,0.02,0.0,1.88496,0.0,0.0,GBPCAD.p,[tp 1.88496]
319641994,2026-08-06 12:41:45,0,4,0.01,0.0,1.88496,0.0,0.0,GBPCAD.p,[tp 1.88496]
319866645,2026-08-06 15:40:51,1,4,0.01,0.0,1.91311,0.0,0.0,GBPAUD.p,[tp 1.91311]
319866646,2026-08-06 15:40:51,1,4,0.01,0.0,1.91311,0.0,0.0,GBPAUD.p,[tp 1.91311]
320070848,2026-08-06 17:09:40,1,4,0.01,0.0,1.2826,0.0,0.0,USDSGD.p,[tp 1.28260]
320084619,2026-08-06 17:14:52,1,4,0.01,0.0,1.40217,0.0,0.0,USDCAD.p,[tp 1.40217]
321665486,2026-08-07 15:24:31,0,4,0.01,0.0,0.0,0.0,0.0,CADCHF.p,E25/TP5
321665492,2026-08-07 15:24:32,0,4,0.01,0.0,0.0,0.0,0.0,NZDCHF.p,E25/TP5
321686421,2026-08-07 15:30:09,0,4,0.01,0.0,0.0,0.0,0.0,GBPAUD.p,E25/TP5
321686936,2026-08-07 15:30:10,0,4,0.01,0.0,0.0,0.0,0.0,GBPCHF.p,E25/TP5
321801466,2026-08-07 16:03:18,0,4,0.01,0.0,0.0,0.0,0.0,GBPCAD.p,E25/TP5
321801486,2026-08-07 16:03:19,0,4,0.01,0.0,0.0,0.0,0.0,NZDSGD.p,E25/TP5
321801487,2026-08-07 16:03:19,0,4,0.01,0.0,0.0,0.0,0.0,GBPSGD.p,E25/TP5
321801552,2026-08-07 16:03:20,1,4,0.01,0.0,0.0,0.0,0.0,AUDNZD.p,E25/TP5
321846200,2026-08-07 16:21:23,0,4,0.01,0.0,0.0,0.0,0.0,EURGBP.p,
321846201,2026-08-07 16:21:23,1,4,0.01,0.0,0.0,0.0,0.0,USDJPY.p,
321846202,2026-08-07 16:21:23,0,4,0.01,0.0,0.0,0.0,0.0,EURCAD.p,
321846203,2026-08-07 16:21:23,0,4,0.01,0.0,0.0,0.0,0.0,GBPUSD.p,
321846204,2026-08-07 16:21:23,1,4,0.01,0.0,0.0,0.0,0.0,USDJPY.p,
321846205,2026-08-07 16:21:23,0,4,0.01,0.0,0.0,0.0,0.0,NZDUSD.p,
321846206,2026-08-07 16:21:23,0,4,0.01,0.0,0.0,0.0,0.0,NZDCAD.p,
321846207,2026-08-07 16:21:23,1,4,0.01,0.0,0.0,0.0,0.0,SGDJPY.p,
321846208,2026-08-07 16:21:23,1,4,0.01,0.0,0.0,0.0,0.0,CADJPY.p,
321846217,2026-08-07 16:21:23,1,4,0.02,0.0,0.0,0.0,0.0,USDJPY.p,
321846218,2026-08-07 16:21:23,0,4,0.01,0.0,0.0,0.0,0.0,NZDCAD.p,
321846219,2026-08-07 16:21:23,1,4,0.01,0.0,0.0,0.0,0.0,CADJPY.p,
321846220,2026-08-07 16:21:23,1,4,0.01,0.0,0.0,0.0,0.0,SGDJPY.p,
321846221,2026-08-07 16:21:23,0,4,0.01,0.0,0.0,0.0,0.0,NZDUSD.p,
321846222,2026-08-07 16:21:23,0,4,0.01,0.0,0.0,0.0,0.0,GBPUSD.p,
321846223,2026-08-07 16:21:23,0,4,0.01,0.0,0.0,0.0,0.0,EURCHF.p,
321846224,2026-08-07 16:21:23,1,4,0.01,0.0,0.0,0.0,0.0,GBPJPY.p,
321846225,2026-08-07 16:21:23,1,4,0.01,0.0,0.0,0.0,0.0,NZDJPY.p,
321846226,2026-08-07 16:21:23,1,4,0.02,0.0,0.0,0.0,0.0,SGDJPY.p,
321846227,2026-08-07 16:21:23,1,4,0.02,0.0,0.0,0.0,0.0,CADJPY.p,
321846228,2026-08-07 16:21:23,1,4,0.04,0.0,0.0,0.0,0.0,USDJPY.p,
321846229,2026-08-07 16:21:23,1,4,0.04,0.0,0.0,0.0,0.0,CADJPY.p,
321846230,2026-08-07 16:21:23,1,4,0.04,0.0,0.0,0.0,0.0,SGDJPY.p,
321846231,2026-08-07 16:21:23,1,4,0.01,0.0,0.0,0.0,0.0,GBPJPY.p,
321846232,2026-08-07 16:21:23,1,4,0.01,0.0,0.0,0.0,0.0,EURAUD.p,
321846233,2026-08-07 16:21:23,0,4,0.01,0.0,0.0,0.0,0.0,EURSGD.p,
321846234,2026-08-07 16:21:23,0,4,0.01,0.0,0.0,0.0,0.0,CHFJPY.p,
321846235,2026-08-07 16:21:23,0,4,0.01,0.0,0.0,0.0,0.0,AUDSGD.p,
321846236,2026-08-07 16:21:23,0,4,0.01,0.0,0.0,0.0,0.0,AUDCAD.p,
321846237,2026-08-07 16:21:23,0,4,0.01,0.0,0.0,0.0,0.0,EURCAD.p,
321846238,2026-08-07 16:21:23,0,4,0.01,0.0,0.0,0.0,0.0,AUDCHF.p,
321846239,2026-08-07 16:21:23,1,4,0.01,0.0,0.0,0.0,0.0,USDCHF.p,
321846240,2026-08-07 16:21:23,0,4,0.01,0.0,0.0,0.0,0.0,EURUSD.p,
321846241,2026-08-07 16:21:23,0,4,0.01,0.0,0.0,0.0,0.0,AUDUSD.p,
321846242,2026-08-07 16:21:23,0,4,0.01,0.0,0.0,0.0,0.0,EURCHF.p,
321846243,2026-08-07 16:21:23,0,4,0.01,0.0,0.0,0.0,0.0,AUDSGD.p,
321846244,2026-08-07 16:21:23,1,4,0.01,0.0,0.0,0.0,0.0,GBPJPY.p,
321846245,2026-08-07 16:21:23,0,4,0.01,0.0,0.0,0.0,0.0,EURCAD.p,
321846246,2026-08-07 16:21:23,0,4,0.01,0.0,0.0,0.0,0.0,EURJPY.p,
321846247,2026-08-07 16:21:23,0,4,0.01,0.0,0.0,0.0,0.0,EURSGD.p,
321846248,2026-08-07 16:21:23,0,4,0.01,0.0,0.0,0.0,0.0,CHFJPY.p,
321846249,2026-08-07 16:21:23,0,4,0.01,0.0,0.0,0.0,0.0,GBPNZD.p,
321846250,2026-08-07 16:21:23,1,4,0.01,0.0,0.0,0.0,0.0,CADCHF.p,
321846251,2026-08-07 16:21:23,1,4,0.01,0.0,0.0,0.0,0.0,NZDCHF.p,
321846252,2026-08-07 16:21:23,1,4,0.01,0.0,0.0,0.0,0.0,GBPAUD.p,
321846253,2026-08-07 16:21:23,1,4,0.01,0.0,0.0,0.0,0.0,GBPCHF.p,
321846254,2026-08-07 16:21:23,1,4,0.01,0.0,0.0,0.0,0.0,GBPCAD.p,
321846255,2026-08-07 16:21:23,1,4,0.01,0.0,0.0,0.0,0.0,NZDSGD.p,
321846256,2026-08-07 16:21:23,1,4,0.01,0.0,0.0,0.0,0.0,GBPSGD.p,
321846257,2026-08-07 16:21:23,0,4,0.01,0.0,0.0,0.0,0.0,AUDNZD.p,
324001321,2026-08-10 18:30:00,1,4,0.01,0.0,0.0,0.0,0.0,USDJPY.p,E25/T4
324001322,2026-08-10 18:30:00,1,4,0.01,0.0,0.0,0.0,0.0,GBPCAD.p,E25/T4
324001324,2026-08-10 18:30:00,1,4,0.01,0.0,0.0,0.0,0.0,CADJPY.p,E25/T4
324001375,2026-08-10 18:30:00,1,4,0.01,0.0,0.0,0.0,0.0,GBPJPY.p,E25/T4
324001376,2026-08-10 18:30:00,1,4,0.01,0.0,0.0,0.0,0.0,AUDJPY.p,E25/T4
324001377,2026-08-10 18:30:00,1,4,0.01,0.0,0.0,0.0,0.0,CHFJPY.p,E25/T4
324001379,2026-08-10 18:30:00,1,4,0.01,0.0,0.0,0.0,0.0,GBPNZD.p,E25/T4
324001380,2026-08-10 18:30:00,1,4,0.01,0.0,0.0,0.0,0.0,SGDJPY.p,E25/T4
324001383,2026-08-10 18:30:00,1,4,0.01,0.0,0.0,0.0,0.0,EURJPY.p,E25/T4
324034332,2026-08-10 19:00:00,1,4,0.01,0.0,0.0,0.0,0.0,GBPSGD.p,E25/T4
324034334,2026-08-10 19:00:00,0,4,0.01,0.0,0.0,0.0,0.0,EURCAD.p,E25/T4
324034338,2026-08-10 19:00:00,1,4,0.01,0.0,0.0,0.0,0.0,NZDJPY.p,E25/T4
324034509,2026-08-10 19:00:00,1,4,0.01,0.0,0.0,0.0,0.0,GBPCHF.p,E25/T4
324034511,2026-08-10 19:00:00,1,4,0.01,0.0,0.0,0.0,0.0,GBPAUD.p,E25/T4
324056376,2026-08-10 19:15:00,1,4,0.01,0.0,0.0,0.0,0.0,GBPUSD.p,E25/T4
324056433,2026-08-10 19:15:00,0,4,0.01,0.0,0.0,0.0,0.0,USDCAD.p,E25/T4
324109825,2026-08-10 20:08:54,1,4,0.01,0.0,1.60938,0.0,0.0,EURCAD.p,[tp 1.60938]
324109833,2026-08-10 20:08:55,0,4,0.01,0.0,0.0,0.0,0.0,EURCAD.p,E25/T4
324145353,2026-08-10 20:46:00,0,4,0.01,0.0,1.88344,0.0,0.0,GBPCAD.p,[tp 1.88344]
324211422,2026-08-10 21:51:53,0,4,0.01,0.0,1.35077,0.0,0.0,GBPUSD.p,[tp 1.35077]
324211472,2026-08-10 21:51:54,0,4,0.01,0.0,0.0,0.0,0.0,GBPUSD.p,E25/T4
324214663,2026-08-10 21:55:22,1,4,0.01,0.0,1.39428,0.0,0.0,USDCAD.p,[tp 1.39428]
324214684,2026-08-10 21:55:23,1,4,0.01,0.0,0.0,0.0,0.0,USDCAD.p,E25/T4
324222552,2026-08-10 22:10:22,1,4,0.01,0.0,0.0,0.0,0.0,USDJPY.p,E25/T4
324246502,2026-08-10 22:32:34,1,4,0.01,0.0,0.0,0.0,0.0,EURJPY.p,E25/T4
324290551,2026-08-10 23:30:05,0,4,0.01,0.0,1.72987,0.0,0.0,GBPSGD.p,[tp 1.72987]
324290559,2026-08-10 23:30:05,1,4,0.01,0.0,0.0,0.0,0.0,GBPSGD.p,E25/T4
324311372,2026-08-11 01:15:00,0,4,0.01,0.0,0.0,0.0,0.0,USDSGD.p,E25/T4
324311381,2026-08-11 01:15:00,0,4,0.01,0.0,0.0,0.0,0.0,AUDNZD.p,E25/T4
324311480,2026-08-11 01:15:00,0,4,0.01,0.0,0.0,0.0,0.0,NZDSGD.p,E25/T4
324311482,2026-08-11 01:15:00,0,4,0.01,0.0,0.0,0.0,0.0,EURSGD.p,E25/T4
324311483,2026-08-11 01:15:00,0,4,0.01,0.0,0.0,0.0,0.0,AUDSGD.p,E25/T4
324325469,2026-08-11 01:45:00,1,4,0.01,0.0,0.0,0.0,0.0,EURNZD.p,E25/T4
324342849,2026-08-11 02:06:26,0,4,0.01,0.0,1.39372,0.0,0.0,USDCAD.p,[tp 1.39372]
324363413,2026-08-11 02:45:00,0,4,0.01,0.0,1.9617499999999999,0.0,0.0,EURNZD.p,[tp 1.96175]
324373209,2026-08-11 02:57:49,1,4,0.01,0.0,0.7537,0.0,0.0,NZDSGD.p,[tp 0.75370]
324377919,2026-08-11 03:00:49,0,4,0.01,0.0,2.29486,0.0,0.0,GBPNZD.p,[tp 2.29486]
324385558,2026-08-11 03:04:37,1,4,0.01,0.0,1.47854,0.0,0.0,EURSGD.p,[tp 1.47854]
324394165,2026-08-11 03:10:35,1,4,0.01,0.0,1.35124,0.0,0.0,GBPUSD.p,[tp 1.35124]
324418118,2026-08-11 03:30:00,1,4,0.01,0.0,0.0,0.0,0.0,EURSGD.p,E25/T4
324418189,2026-08-11 03:30:00,1,4,0.01,0.0,0.0,0.0,0.0,NZDSGD.p,E25/T4
324431175,2026-08-11 03:42:33,0,4,0.01,0.0,159.034,0.0,0.0,USDJPY.p,[tp 159.034]
324431177,2026-08-11 03:42:33,0,4,0.01,0.0,159.034,0.0,0.0,USDJPY.p,[tp 159.034]
324431178,2026-08-11 03:42:33,0,4,0.01,0.0,183.659,0.0,0.0,EURJPY.p,[tp 183.659]
324431179,2026-08-11 03:42:33,0,4,0.01,0.0,183.659,0.0,0.0,EURJPY.p,[tp 183.659]
324431208,2026-08-11 03:42:34,0,4,0.01,0.0,0.0,0.0,0.0,USDJPY.p,E25/T4
324431693,2026-08-11 03:43:03,0,4,0.01,0.0,112.201,0.0,0.0,AUDJPY.p,[tp 112.201]
324431697,2026-08-11 03:43:03,0,4,0.01,0.0,196.354,0.0,0.0,CHFJPY.p,[tp 196.354]
324431727,2026-08-11 03:43:04,0,4,0.01,0.0,0.0,0.0,0.0,AUDJPY.p,E25/T4
324431955,2026-08-11 03:43:15,0,4,0.01,0.0,214.812,0.0,0.0,GBPJPY.p,[tp 214.812]
324434852,2026-08-11 03:45:00,1,4,0.01,0.0,0.0,0.0,0.0,EURJPY.p,E25/T4
324434897,2026-08-11 03:45:00,1,4,0.01,0.0,0.0,0.0,0.0,GBPJPY.p,E25/T4
324452140,2026-08-11 04:00:00,0,4,0.01,0.0,0.0,0.0,0.0,CHFJPY.p,E25/T4
324491968,2026-08-11 04:13:13,0,4,0.01,0.0,1.72931,0.0,0.0,GBPSGD.p,[tp 1.72931]
324497445,2026-08-11 04:16:46,0,4,0.01,0.0,1.91392,0.0,0.0,GBPAUD.p,[tp 1.91392]
324530278,2026-08-11 04:42:00,1,4,0.01,0.0,159.119,0.0,0.0,USDJPY.p,[tp 159.119]
324534275,2026-08-11 04:45:01,0,4,0.01,0.0,0.0,0.0,0.0,USDJPY.p,E25/T4
324544477,2026-08-11 04:50:26,1,4,0.01,0.0,112.357,0.0,0.0,AUDJPY.p,[tp 112.357]
324564504,2026-08-11 05:03:21,0,4,0.01,0.0,1.47781,0.0,0.0,EURSGD.p,[tp 1.47781]
324564505,2026-08-11 05:03:21,0,4,0.01,0.0,0.75329,0.0,0.0,NZDSGD.p,[tp 0.75329]
324578257,2026-08-11 05:12:23,1,4,0.01,0.0,196.592,0.0,0.0,CHFJPY.p,[tp 196.592]
324600744,2026-08-11 05:30:00,1,4,0.01,0.0,0.0,0.0,0.0,AUDJPY.p,E25/T4
324600745,2026-08-11 05:30:00,1,4,0.01,0.0,0.0,0.0,0.0,NZDSGD.p,E25/T4
324600806,2026-08-11 05:30:00,1,4,0.01,0.0,0.0,0.0,0.0,CHFJPY.p,E25/T4
324603313,2026-08-11 05:31:04,1,4,0.01,0.0,159.301,0.0,0.0,USDJPY.p,[tp 159.301]
324624542,2026-08-11 05:45:00,0,4,0.01,0.0,0.0,0.0,0.0,EURSGD.p,E25/T4
324643479,2026-08-11 06:00:00,1,4,0.01,0.0,0.0,0.0,0.0,USDJPY.p,E25/T4
324674276,2026-08-11 06:33:00,0,4,0.01,0.0,196.472,0.0,0.0,CHFJPY.p,[tp 196.472]
324711901,2026-08-11 07:18:47,0,4,0.01,0.0,159.171,0.0,0.0,USDJPY.p,[tp 159.171]
324722367,2026-08-11 07:30:12,0,4,0.01,0.0,112.339,0.0,0.0,AUDJPY.p,[tp 112.339]
324742581,2026-08-11 07:45:00,1,4,0.01,0.0,0.0,0.0,0.0,AUDUSD.p,E25/T4
324742582,2026-08-11 07:45:00,1,4,0.01,0.0,0.0,0.0,0.0,AUDCAD.p,E25/T4
324742633,2026-08-11 07:45:00,0,4,0.01,0.0,0.0,0.0,0.0,GBPAUD.p,E25/T4
324742690,2026-08-11 07:45:00,0,4,0.01,0.0,0.0,0.0,0.0,EURAUD.p,E25/T4
324748204,2026-08-11 07:50:01,0,4,0.01,0.0,0.0,0.0,0.0,AUDNZD.p,E25/T4
324758875,2026-08-11 08:00:00,0,4,0.01,0.0,0.0,0.0,0.0,AUDJPY.p,E25/T4
324772652,2026-08-11 08:15:00,0,4,0.01,0.0,0.0,0.0,0.0,GBPNZD.p,E25/T4
324772692,2026-08-11 08:15:00,0,4,0.01,0.0,0.0,0.0,0.0,EURNZD.p,E25/T4
324799038,2026-08-11 08:31:13,1,4,0.01,0.0,1.9182700000000001,0.0,0.0,GBPAUD.p,[tp 1.91827]
324831182,2026-08-11 08:45:00,1,4,0.01,0.0,0.0,0.0,0.0,GBPAUD.p,E25/T4
324857700,2026-08-11 09:00:08,1,4,0.01,0.0,2.29524,0.0,0.0,GBPNZD.p,[tp 2.29524]
324857717,2026-08-11 09:00:09,0,4,0.01,0.0,0.0,0.0,0.0,GBPNZD.p,E25/T4
324879097,2026-08-11 09:15:59,1,4,0.01,0.0,1.1987,0.0,0.0,AUDNZD.p,[tp 1.19870]
324879098,2026-08-11 09:15:59,1,4,0.01,0.0,1.1987,0.0,0.0,AUDNZD.p,[tp 1.19870]
324885938,2026-08-11 09:19:57,1,4,0.01,0.0,1.96097,0.0,0.0,EURNZD.p,[tp 1.96097]
324886000,2026-08-11 09:19:58,0,4,0.01,0.0,0.0,0.0,0.0,EURNZD.p,E25/T4
324894719,2026-08-11 09:24:56,0,4,0.01,0.0,0.75285,0.0,0.0,NZDSGD.p,[tp 0.75285]
324915392,2026-08-11 09:35:15,0,4,0.01,0.0,1.91487,0.0,0.0,GBPAUD.p,[tp 1.91487]
324919050,2026-08-11 09:37:10,1,4,0.01,0.0,112.301,0.0,0.0,AUDJPY.p,[tp 112.301]
324919194,2026-08-11 09:37:11,1,4,0.01,0.0,0.0,0.0,0.0,AUDJPY.p,E25/T4
324926608,2026-08-11 09:44:27,1,4,0.01,0.0,2.29846,0.0,0.0,GBPNZD.p,[tp 2.29846]
324929482,2026-08-11 09:46:59,0,4,0.01,0.0,93.539,0.0,0.0,NZDJPY.p,[tp 93.539]
324935962,2026-08-11 09:54:32,1,4,0.01,0.0,1.28097,0.0,0.0,USDSGD.p,[tp 1.28097]
324941971,2026-08-11 10:00:00,0,4,0.01,0.0,0.0,0.0,0.0,CHFJPY.p,E25/T4
324951493,2026-08-11 10:06:48,1,4,0.01,0.0,1.96365,0.0,0.0,EURNZD.p,[tp 1.96365]
324958646,2026-08-11 10:15:00,1,4,0.01,0.0,0.0,0.0,0.0,EURNZD.p,E25/T4
324958679,2026-08-11 10:15:00,1,4,0.01,0.0,0.0,0.0,0.0,GBPNZD.p,E25/T4
324958680,2026-08-11 10:15:00,0,4,0.01,0.0,0.0,0.0,0.0,NZDCAD.p,E25/T4
324958704,2026-08-11 10:15:00,0,4,0.01,0.0,0.0,0.0,0.0,NZDJPY.p,E25/T4
324992031,2026-08-11 10:45:00,0,4,0.01,0.0,0.0,0.0,0.0,GBPAUD.p,E25/T4
324998919,2026-08-11 10:53:19,1,4,0.01,0.0,196.447,0.0,0.0,CHFJPY.p,[tp 196.447]
325004737,2026-08-11 11:00:00,0,4,0.01,0.0,0.0,0.0,0.0,CHFJPY.p,E25/T4
325063988,2026-08-11 12:01:06,1,4,0.01,0.0,196.513,0.0,0.0,CHFJPY.p,[tp 196.513]
325090514,2026-08-11 12:30:00,1,4,0.01,0.0,0.0,0.0,0.0,AUDNZD.p,E25/T4
325104385,2026-08-11 12:45:00,0,4,0.01,0.0,0.0,0.0,0.0,CHFJPY.p,E25/T4
325106680,2026-08-11 12:49:03,1,4,0.01,0.0,0.90385,0.0,0.0,AUDSGD.p,[tp 0.90385]
325126670,2026-08-11 13:22:39,0,4,0.01,0.0,2.2973,0.0,0.0,GBPNZD.p,[tp 2.29730]
325126839,2026-08-11 13:22:40,1,4,0.01,0.0,0.0,0.0,0.0,GBPNZD.p,E25/T4
325128297,2026-08-11 13:23:01,0,4,0.01,0.0,1.96259,0.0,0.0,EURNZD.p,[tp 1.96259]
325128306,2026-08-11 13:23:02,1,4,0.01,0.0,0.0,0.0,0.0,EURNZD.p,E25/T4
325141717,2026-08-11 13:31:56,1,4,0.01,0.0,196.454,0.0,0.0,CHFJPY.p,[tp 196.454]
325172187,2026-08-11 14:02:49,1,4,0.01,0.0,0.81966,0.0,0.0,NZDCAD.p,[tp 0.81966]
325176063,2026-08-11 14:03:55,0,4,0.01,0.0,2.29417,0.0,0.0,GBPNZD.p,[tp 2.29417]
325176766,2026-08-11 14:04:09,0,4,0.01,0.0,214.844,0.0,0.0,GBPJPY.p,[tp 214.844]
325179587,2026-08-11 14:05:41,0,4,0.01,0.0,1.20055,0.0,0.0,AUDNZD.p,[tp 1.20055]
325185951,2026-08-11 14:10:57,0,4,0.01,0.0,1.09377,0.0,0.0,GBPCHF.p,[tp 1.09377]
325190808,2026-08-11 14:15:00,1,4,0.01,0.0,0.0,0.0,0.0,AUDNZD.p,E25/T4
325204280,2026-08-11 14:30:00,0,4,0.01,0.0,0.0,0.0,0.0,USDJPY.p,E25/T4
325204348,2026-08-11 14:30:00,0,4,0.01,0.0,0.0,0.0,0.0,GBPJPY.p,E25/T4
325204350,2026-08-11 14:30:00,1,4,0.01,0.0,0.0,0.0,0.0,NZDCAD.p,E25/T4
325204362,2026-08-11 14:30:00,0,4,0.01,0.0,0.0,0.0,0.0,GBPNZD.p,E25/T4
325252502,2026-08-11 15:15:00,0,4,0.01,0.0,0.0,0.0,0.0,CHFJPY.p,E25/T4
325283143,2026-08-11 15:30:48,0,4,0.01,0.0,1.96216,0.0,0.0,EURNZD.p,[tp 1.96216]
325285419,2026-08-11 15:32:10,1,4,0.01,0.0,93.681,0.0,0.0,NZDJPY.p,[tp 93.681]
325316792,2026-08-11 15:51:15,1,4,0.01,0.0,159.29,0.0,0.0,USDJPY.p,[tp 159.290]
325316814,2026-08-11 15:51:16,1,4,0.01,0.0,215.007,0.0,0.0,GBPJPY.p,[tp 215.007]
325316818,2026-08-11 15:51:16,1,4,0.01,0.0,0.0,0.0,0.0,USDJPY.p,E25/T4
325366757,2026-08-11 16:23:58,0,4,0.01,0.0,1.20032,0.0,0.0,AUDNZD.p,[tp 1.20032]
325373400,2026-08-11 16:30:00,0,4,0.01,0.0,0.0,0.0,0.0,GBPJPY.p,E25/T4
325403212,2026-08-11 16:45:00,0,4,0.01,0.0,0.0,0.0,0.0,AUDNZD.p,E25/T4
325403258,2026-08-11 16:45:00,0,4,0.01,0.0,0.0,0.0,0.0,EURNZD.p,E25/T4
325403482,2026-08-11 16:45:03,0,4,0.01,0.0,159.209,0.0,0.0,USDJPY.p,[tp 159.209]
325464195,2026-08-11 17:17:01,1,4,0.01,0.0,215.073,0.0,0.0,GBPJPY.p,[tp 215.073]
325508471,2026-08-11 17:46:53,1,4,0.01,0.0,2.29623,0.0,0.0,GBPNZD.p,[tp 2.29623]
325509315,2026-08-11 17:48:25,1,4,0.01,0.0,1.96211,0.0,0.0,EURNZD.p,[tp 1.96211]
325509320,2026-08-11 17:48:26,0,4,0.01,0.0,0.0,0.0,0.0,EURNZD.p,E25/T4
325576672,2026-08-11 18:34:08,0,4,0.01,0.0,0.81879,0.0,0.0,NZDCAD.p,[tp 0.81879]
325578855,2026-08-11 18:34:31,1,4,0.01,0.0,1.96277,0.0,0.0,EURNZD.p,[tp 1.96277]
325578931,2026-08-11 18:34:32,1,4,0.01,0.0,0.0,0.0,0.0,EURNZD.p,E25/T4
325631779,2026-08-11 19:15:00,1,4,0.01,0.0,0.0,0.0,0.0,GBPNZD.p,E25/T4
325650402,2026-08-11 19:39:21,0,4,0.01,0.0,1.96224,0.0,0.0,EURNZD.p,[tp 1.96224]
325650408,2026-08-11 19:39:22,1,4,0.01,0.0,0.0,0.0,0.0,EURNZD.p,E25/T4
325664035,2026-08-11 20:01:40,0,4,0.01,0.0,2.29579,0.0,0.0,GBPNZD.p,[tp 2.29579]
325687858,2026-08-11 20:30:00,0,4,0.01,0.0,0.0,0.0,0.0,GBPCAD.p,E25/T4
325687920,2026-08-11 20:30:00,0,4,0.01,0.0,0.0,0.0,0.0,GBPNZD.p,E25/T4
325707573,2026-08-11 20:46:23,0,4,0.01,0.0,1.96176,0.0,0.0,EURNZD.p,[tp 1.96176]
325758278,2026-08-11 21:23:04,1,4,0.01,0.0,2.29641,0.0,0.0,GBPNZD.p,[tp 2.29641]
325764429,2026-08-11 21:30:00,0,4,0.01,0.0,0.0,0.0,0.0,GBPNZD.p,E25/T4
325788653,2026-08-11 22:03:37,1,4,0.01,0.0,1.8797199999999998,0.0,0.0,GBPCAD.p,[tp 1.87972]
325788658,2026-08-11 22:03:38,0,4,0.01,0.0,0.0,0.0,0.0,GBPCAD.p,E25/T4
325830171,2026-08-11 22:55:42,1,4,0.01,0.0,1.8803800000000002,0.0,0.0,GBPCAD.p,[tp 1.88038]
325832470,2026-08-11 22:57:58,1,4,0.01,0.0,2.29703,0.0,0.0,GBPNZD.p,[tp 2.29703]
325840444,2026-08-11 23:15:00,1,4,0.01,0.0,0.0,0.0,0.0,GBPCAD.p,E25/T4
325860825,2026-08-12 01:15:00,0,4,0.01,0.0,0.0,0.0,0.0,EURCHF.p,E25/T4
325860972,2026-08-12 01:15:00,0,4,0.01,0.0,0.0,0.0,0.0,EURNZD.p,E25/T4
325860975,2026-08-12 01:15:00,0,4,0.01,0.0,0.0,0.0,0.0,GBPNZD.p,E25/T4
325870669,2026-08-12 01:45:00,1,4,0.01,0.0,0.0,0.0,0.0,NZDJPY.p,E25/T4
325884671,2026-08-12 02:00:00,1,4,0.01,0.0,0.0,0.0,0.0,GBPSGD.p,E25/T4
325903756,2026-08-12 02:15:00,1,4,0.01,0.0,0.0,0.0,0.0,NZDSGD.p,E25/T4
325910102,2026-08-12 02:21:14,1,4,0.01,0.0,1.20124,0.0,0.0,AUDNZD.p,[tp 1.20124]
325918394,2026-08-12 02:29:41,1,4,0.01,0.0,2.2978,0.0,0.0,GBPNZD.p,[tp 2.29780]
325923631,2026-08-12 02:41:18,1,4,0.01,0.0,1.9632800000000001,0.0,0.0,EURNZD.p,[tp 1.96328]
325924047,2026-08-12 02:45:00,1,4,0.01,0.0,0.0,0.0,0.0,GBPNZD.p,E25/T4
325932352,2026-08-12 03:01:10,0,4,0.01,0.0,1.8803800000000002,0.0,0.0,GBPCAD.p,[tp 1.88038]
325933275,2026-08-12 03:02:01,0,4,0.01,0.0,93.626,0.0,0.0,NZDJPY.p,[tp 93.626]
325965676,2026-08-12 03:45:00,0,4,0.01,0.0,0.0,0.0,0.0,NZDJPY.p,E25/T4
325965696,2026-08-12 03:45:00,1,4,0.01,0.0,0.0,0.0,0.0,AUDNZD.p,E25/T4
325965703,2026-08-12 03:45:00,1,4,0.01,0.0,0.0,0.0,0.0,EURNZD.p,E25/T4
325966725,2026-08-12 03:47:54,1,4,0.01,0.0,0.93649,0.0,0.0,EURCHF.p,[tp 0.93649]
325968330,2026-08-12 03:51:28,0,4,0.01,0.0,0.75214,0.0,0.0,NZDSGD.p,[tp 0.75214]
325968332,2026-08-12 03:51:29,0,4,0.01,0.0,0.0,0.0,0.0,NZDSGD.p,E25/T4
325996298,2026-08-12 04:15:00,1,4,0.01,0.0,0.0,0.0,0.0,EURCHF.p,E25/T4
326116113,2026-08-12 06:45:00,1,4,0.01,0.0,0.0,0.0,0.0,GBPJPY.p,E25/T4
326116143,2026-08-12 06:45:00,1,4,0.01,0.0,0.0,0.0,0.0,GBPNZD.p,E25/T4
326147435,2026-08-12 07:43:51,0,4,0.01,0.0,215.281,0.0,0.0,GBPJPY.p,[tp 215.281]
326147450,2026-08-12 07:43:52,1,4,0.01,0.0,0.0,0.0,0.0,GBPJPY.p,E25/T4
326318817,2026-08-12 11:00:00,1,4,0.01,0.0,0.0,0.0,0.0,EURNZD.p,E25/T4
326343027,2026-08-12 11:39:32,0,4,0.01,0.0,215.205,0.0,0.0,GBPJPY.p,[tp 215.205]
326382998,2026-08-12 12:23:37,0,4,0.01,0.0,183.602,0.0,0.0,EURJPY.p,[tp 183.602]
326388188,2026-08-12 12:24:23,0,4,0.01,0.0,112.261,0.0,0.0,AUDJPY.p,[tp 112.261]
326388289,2026-08-12 12:24:23,0,4,0.01,0.0,113.975,0.0,0.0,CADJPY.p,[tp 113.975]
326388452,2026-08-12 12:24:25,0,4,0.01,0.0,124.09,0.0,0.0,SGDJPY.p,[tp 124.090]
326398462,2026-08-12 12:30:00,1,4,0.01,0.0,0.0,0.0,0.0,GBPJPY.p,E25/T4
326413273,2026-08-12 12:42:11,0,4,0.01,0.0,0.0,0.0,0.0,NZDJPY.p,E25/T4
326415559,2026-08-12 12:45:00,0,4,0.01,0.0,0.0,0.0,0.0,USDJPY.p,E25/T4
326415606,2026-08-12 12:45:00,1,4,0.01,0.0,0.0,0.0,0.0,GBPUSD.p,E25/T4
326415607,2026-08-12 12:45:00,0,4,0.01,0.0,0.0,0.0,0.0,USDSGD.p,E25/T4
326425053,2026-08-12 12:53:35,1,4,0.01,0.0,0.0,0.0,0.0,AUDNZD.p,E25/T4
326433332,2026-08-12 13:00:00,0,4,0.01,0.0,0.0,0.0,0.0,CADJPY.p,E25/T4
326433333,2026-08-12 13:00:00,0,4,0.01,0.0,0.0,0.0,0.0,EURJPY.p,E25/T4
326433470,2026-08-12 13:00:00,1,4,0.02,0.0,0.0,0.0,0.0,GBPNZD.p,E25/T4
326433564,2026-08-12 13:00:00,1,4,0.01,0.0,0.0,0.0,0.0,GBPCAD.p,E25/T4
326465039,2026-08-12 13:45:00,0,4,0.01,0.0,0.0,0.0,0.0,CHFJPY.p,E25/T4
326508350,2026-08-12 14:45:02,1,4,0.01,0.0,0.0,0.0,0.0,AUDCAD.p,E25/T4
326511480,2026-08-12 14:53:10,1,4,0.01,0.0,183.65,0.0,0.0,EURJPY.p,[tp 183.650]
326515551,2026-08-12 15:00:00,0,4,0.01,0.0,0.0,0.0,0.0,EURJPY.p,E25/T4
326525016,2026-08-12 15:07:48,1,4,0.01,0.0,114.256,0.0,0.0,CADJPY.p,[tp 114.256]
326525034,2026-08-12 15:07:49,0,4,0.01,0.0,0.0,0.0,0.0,CADJPY.p,E25/T4
326543105,2026-08-12 15:23:34,0,4,0.01,0.0,1.88263,0.0,0.0,GBPCAD.p,[tp 1.88263]
326555452,2026-08-12 15:29:05,0,4,0.01,0.0,2.3031,0.0,0.0,GBPNZD.p,[tp 2.30310]
326555453,2026-08-12 15:29:05,0,4,0.01,0.0,2.3031,0.0,0.0,GBPNZD.p,[tp 2.30310]
326555454,2026-08-12 15:29:05,0,4,0.02,0.0,2.3031,0.0,0.0,GBPNZD.p,[tp 2.30310]
326567033,2026-08-12 15:30:00,1,4,0.01,0.0,0.0,0.0,0.0,GBPCAD.p,E25/T4
326569816,2026-08-12 15:30:03,0,4,0.01,0.0,0.0,0.0,0.0,USDJPY.p,E25/T4
326578108,2026-08-12 15:30:11,0,4,0.01,0.0,214.906,0.0,0.0,GBPJPY.p,[tp 214.906]
326580664,2026-08-12 15:30:20,0,4,0.01,0.0,1.35099,0.0,0.0,GBPUSD.p,[tp 1.35099]
326580722,2026-08-12 15:30:20,1,4,0.01,0.0,159.125,0.0,0.0,USDJPY.p,[tp 159.125]
326605522,2026-08-12 15:33:16,0,4,0.01,0.0,1.96555,0.0,0.0,EURNZD.p,[tp 1.96555]
326605523,2026-08-12 15:33:16,0,4,0.01,0.0,1.96555,0.0,0.0,EURNZD.p,[tp 1.96555]
326695494,2026-08-12 16:00:00,0,4,0.01,0.0,0.0,0.0,0.0,SGDJPY.p,E25/T4
326695504,2026-08-12 16:00:00,1,4,0.01,0.0,0.0,0.0,0.0,AUDSGD.p,E25/T4
326703887,2026-08-12 16:01:03,0,4,0.01,0.0,0.93597,0.0,0.0,EURCHF.p,[tp 0.93597]
326743215,2026-08-12 16:15:00,1,4,0.02,0.0,0.0,0.0,0.0,EURUSD.p,/// THERANTO V3 ///
326743297,2026-08-12 16:15:00,0,4,0.01,0.0,0.0,0.0,0.0,USDCAD.p,E25/T4
326743340,2026-08-12 16:15:00,1,4,0.01,0.0,0.0,0.0,0.0,GBPUSD.p,E25/T4
326743355,2026-08-12 16:15:00,1,4,0.01,0.0,0.0,0.0,0.0,NZDUSD.p,E25/T4
326743356,2026-08-12 16:15:00,0,4,0.01,0.0,0.0,0.0,0.0,USDCHF.p,E25/T4
326773998,2026-08-12 16:30:00,0,4,0.01,0.0,0.0,0.0,0.0,GBPJPY.p,E25/T4
326802377,2026-08-12 16:38:57,0,4,0.01,0.0,1.72852,0.0,0.0,GBPSGD.p,[tp 1.72852]
326824633,2026-08-12 16:45:00,0,4,0.01,0.0,0.0,0.0,0.0,EURAUD.p,E25/T4
326860480,2026-08-12 16:59:38,1,4,0.01,0.0,183.706,0.0,0.0,EURJPY.p,[tp 183.706]
326860489,2026-08-12 16:59:39,0,4,0.01,0.0,0.0,0.0,0.0,EURJPY.p,E25/T4
326861504,2026-08-12 17:00:00,0,4,0.01,0.0,0.0,0.0,0.0,EURNZD.p,E25/T4
326864427,2026-08-12 17:00:33,1,4,0.01,0.0,114.303,0.0,0.0,CADJPY.p,[tp 114.303]
326865916,2026-08-12 17:01:28,1,4,0.01,0.0,93.485,0.0,0.0,NZDJPY.p,[tp 93.485]
326865917,2026-08-12 17:01:28,1,4,0.01,0.0,93.485,0.0,0.0,NZDJPY.p,[tp 93.485]
326878121,2026-08-12 17:08:09,0,4,0.01,0.0,0.0,0.0,0.0,GBPNZD.p,E25/T4
326891838,2026-08-12 17:17:19,1,4,0.01,0.0,159.154,0.0,0.0,USDJPY.p,[tp 159.154]
326893377,2026-08-12 17:18:49,0,4,0.01,0.0,1.88098,0.0,0.0,GBPCAD.p,[tp 1.88098]
326898625,2026-08-12 17:21:18,1,4,0.01,0.0,196.223,0.0,0.0,CHFJPY.p,[tp 196.223]
326898626,2026-08-12 17:21:18,1,4,0.01,0.0,196.223,0.0,0.0,CHFJPY.p,[tp 196.223]
326912701,2026-08-12 17:30:00,1,4,0.01,0.0,0.0,0.0,0.0,CADJPY.p,E25/T4
326912793,2026-08-12 17:30:00,1,4,0.01,0.0,0.0,0.0,0.0,AUDJPY.p,E25/T4
326917230,2026-08-12 17:31:10,0,4,0.01,0.0,0.90517,0.0,0.0,AUDSGD.p,[tp 0.90517]
326917806,2026-08-12 17:31:11,1,4,0.01,0.0,0.0,0.0,0.0,AUDSGD.p,E25/T4
326946265,2026-08-12 17:45:00,0,4,0.01,0.0,0.0,0.0,0.0,GBPCAD.p,E25/T4
326946391,2026-08-12 17:45:00,1,4,0.01,0.0,0.0,0.0,0.0,NZDJPY.p,E25/T4
326964878,2026-08-12 17:52:18,0,4,0.02,0.0,1.154,0.0,0.0,EURUSD.p,[tp 1.15400]
326964887,2026-08-12 17:52:19,1,4,0.02,0.0,0.0,0.0,0.0,EURUSD.p,/// THERANTO V3 ///
327013472,2026-08-12 18:18:48,1,4,0.01,0.0,1.96671,0.0,0.0,EURNZD.p,[tp 1.96671]
327015766,2026-08-12 18:20:29,1,4,0.01,0.0,183.778,0.0,0.0,EURJPY.p,[tp 183.778]
327015777,2026-08-12 18:20:30,1,4,0.01,0.0,0.0,0.0,0.0,EURJPY.p,E25/T4
327038612,2026-08-12 18:38:52,1,4,0.01,0.0,124.49,0.0,0.0,SGDJPY.p,[tp 124.490]
327063741,2026-08-12 19:00:00,1,4,0.01,0.0,0.0,0.0,0.0,USDJPY.p,E25/T4
327063911,2026-08-12 19:00:00,1,4,0.01,0.0,0.0,0.0,0.0,SGDJPY.p,E25/T4
327072346,2026-08-12 19:05:03,0,4,0.01,0.0,1.35071,0.0,0.0,GBPUSD.p,[tp 1.35071]
327072386,2026-08-12 19:05:06,0,4,0.01,0.0,0.0,0.0,0.0,GBPUSD.p,E25/T4
327074529,2026-08-12 19:07:39,1,4,0.01,0.0,1.39265,0.0,0.0,USDCAD.p,[tp 1.39265]
327074891,2026-08-12 19:08:14,1,4,0.01,0.0,0.81228,0.0,0.0,USDCHF.p,[tp 0.81228]
327074915,2026-08-12 19:08:17,1,4,0.01,0.0,0.0,0.0,0.0,USDCHF.p,E25/T4
327079310,2026-08-12 19:11:56,1,4,0.01,0.0,215.138,0.0,0.0,GBPJPY.p,[tp 215.138]
327097144,2026-08-12 19:33:07,1,4,0.01,0.0,1.28003,0.0,0.0,USDSGD.p,[tp 1.28003]
327097276,2026-08-12 19:33:09,0,4,0.01,0.0,0.58588,0.0,0.0,NZDUSD.p,[tp 0.58588]
327115269,2026-08-12 19:47:17,1,4,0.01,0.0,2.30463,0.0,0.0,GBPNZD.p,[tp 2.30463]
327120380,2026-08-12 19:50:05,0,4,0.01,0.0,183.715,0.0,0.0,EURJPY.p,[tp 183.715]
327140887,2026-08-12 20:07:10,0,4,0.01,0.0,114.295,0.0,0.0,CADJPY.p,[tp 114.295]
327146281,2026-08-12 20:15:00,1,4,0.01,0.0,0.0,0.0,0.0,GBPNZD.p,E25/T4
327146338,2026-08-12 20:15:00,1,4,0.01,0.0,0.0,0.0,0.0,EURNZD.p,E25/T4
327163963,2026-08-12 20:30:00,1,4,0.01,0.0,0.0,0.0,0.0,USDCAD.p,E25/T4
327177702,2026-08-12 20:43:59,0,4,0.02,0.0,1.15244,0.0,0.0,EURUSD.p,[tp 1.15244]
327190816,2026-08-12 21:00:00,1,4,0.01,0.0,0.0,0.0,0.0,EURJPY.p,E25/T4
327199781,2026-08-12 21:09:31,0,4,0.01,0.0,1.9672399999999999,0.0,0.0,EURNZD.p,[tp 1.96724]
327199793,2026-08-12 21:09:32,1,4,0.01,0.0,0.0,0.0,0.0,EURNZD.p,E25/T4
327204734,2026-08-12 21:15:00,1,4,0.01,0.0,0.0,0.0,0.0,USDSGD.p,E25/T4
327204803,2026-08-12 21:15:00,0,4,0.02,0.0,0.0,0.0,0.0,EURUSD.p,/// THERANTO V3 ///
327204880,2026-08-12 21:15:02,0,4,0.01,0.0,0.0,0.0,0.0,NZDUSD.p,E25/T4
327230141,2026-08-12 21:45:31,0,4,0.01,0.0,2.30315,0.0,0.0,GBPNZD.p,[tp 2.30315]
327239613,2026-08-12 21:58:32,0,4,0.01,0.0,112.625,0.0,0.0,AUDJPY.p,[tp 112.625]
327240022,2026-08-12 22:00:00,1,4,0.01,0.0,0.0,0.0,0.0,AUDJPY.p,E25/T4
327240155,2026-08-12 22:00:02,0,4,0.01,0.0,93.387,0.0,0.0,NZDJPY.p,[tp 93.387]
327261164,2026-08-12 22:45:00,0,4,0.01,0.0,0.0,0.0,0.0,GBPNZD.p,E25/T4
327273694,2026-08-12 23:00:43,0,4,0.01,0.0,1.39404,0.0,0.0,USDCAD.p,[tp 1.39404]
327273697,2026-08-12 23:00:44,1,4,0.01,0.0,0.0,0.0,0.0,USDCAD.p,E25/T4
327287604,2026-08-12 23:37:08,0,4,0.01,0.0,183.725,0.0,0.0,EURJPY.p,[tp 183.725]
327288817,2026-08-12 23:37:26,0,4,0.01,0.0,112.577,0.0,0.0,AUDJPY.p,[tp 112.577]
327296716,2026-08-13 00:12:49,0,4,0.01,0.0,1.96677,0.0,0.0,EURNZD.p,[tp 1.96677]
327296733,2026-08-13 00:15:00,0,4,0.01,0.0,0.0,0.0,0.0,AUDCHF.p,E25/T4
327297122,2026-08-13 00:30:00,0,4,0.01,0.0,0.0,0.0,0.0,EURCHF.p,E25/T4
327297401,2026-08-13 00:45:52,0,4,0.01,0.0,0.90416,0.0,0.0,AUDSGD.p,[tp 0.90416]
327302615,2026-08-13 01:08:15,0,4,0.01,0.0,1.28004,0.0,0.0,USDSGD.p,[tp 1.28004]
327302616,2026-08-13 01:08:16,0,4,0.01,0.0,0.0,0.0,0.0,USDSGD.p,E25/T4
327304493,2026-08-13 01:15:00,0,4,0.01,0.0,0.0,0.0,0.0,CHFJPY.p,E25/T4
327304497,2026-08-13 01:15:00,0,4,0.01,0.0,0.0,0.0,0.0,AUDSGD.p,E25/T4
327304498,2026-08-13 01:15:00,0,4,0.01,0.0,0.0,0.0,0.0,GBPSGD.p,E25/T4
327304500,2026-08-13 01:15:00,0,4,0.01,0.0,0.0,0.0,0.0,GBPCHF.p,E25/T4
327306188,2026-08-13 01:19:00,1,4,0.01,0.0,2.30408,0.0,0.0,GBPNZD.p,[tp 2.30408]
327316905,2026-08-13 01:45:00,1,4,0.01,0.0,0.0,0.0,0.0,EURNZD.p,E25/T4
327316906,2026-08-13 01:45:00,1,4,0.01,0.0,0.0,0.0,0.0,GBPNZD.p,E25/T4
327359284,2026-08-13 03:00:31,1,4,0.01,0.0,1.88156,0.0,0.0,GBPCAD.p,[tp 1.88156]
327379778,2026-08-13 03:14:59,1,4,0.01,0.0,196.011,0.0,0.0,CHFJPY.p,[tp 196.011]
327388247,2026-08-13 03:18:24,0,4,0.01,0.0,1.96709,0.0,0.0,EURNZD.p,[tp 1.96709]
327388766,2026-08-13 03:18:45,0,4,0.01,0.0,2.30309,0.0,0.0,GBPNZD.p,[tp 2.30309]
327408159,2026-08-13 03:30:00,1,4,0.01,0.0,0.0,0.0,0.0,CHFJPY.p,E25/T4
327419338,2026-08-13 03:34:12,1,4,0.01,0.0,0.58622,0.0,0.0,NZDUSD.p,[tp 0.58622]
327534371,2026-08-13 04:38:06,0,4,0.01,0.0,195.949,0.0,0.0,CHFJPY.p,[tp 195.949]
327584893,2026-08-13 05:20:00,1,4,0.01,0.0,1.28041,0.0,0.0,USDSGD.p,[tp 1.28041]
327598051,2026-08-13 05:34:12,1,4,0.01,0.0,0.0,0.0,0.0,GBPNZD.p,E25/T4
327598082,2026-08-13 05:34:12,1,4,0.01,0.0,0.0,0.0,0.0,EURNZD.p,E25/T4
327628398,2026-08-13 06:11:25,1,4,0.01,0.0,1.6347399999999999,0.0,0.0,EURAUD.p,[tp 1.63474]
327628399,2026-08-13 06:11:25,1,4,0.01,0.0,1.6347399999999999,0.0,0.0,EURAUD.p,[tp 1.63474]
327638521,2026-08-13 06:32:27,1,4,0.01,0.0,1.09827,0.0,0.0,GBPCHF.p,[tp 1.09827]
327673570,2026-08-13 07:17:56,0,4,0.01,0.0,0.98277,0.0,0.0,AUDCAD.p,[tp 0.98277]
327673571,2026-08-13 07:17:56,0,4,0.01,0.0,0.98277,0.0,0.0,AUDCAD.p,[tp 0.98277]
327692018,2026-08-13 07:45:44,0,4,0.01,0.0,124.396,0.0,0.0,SGDJPY.p,[tp 124.396]
327699640,2026-08-13 08:00:00,0,4,0.01,0.0,0.0,0.0,0.0,NZDCAD.p,E25/T4
327699741,2026-08-13 08:00:00,1,4,0.01,0.0,0.0,0.0,0.0,CADJPY.p,E25/T4
327699742,2026-08-13 08:00:00,0,4,0.01,0.0,0.0,0.0,0.0,NZDUSD.p,E25/T4
327699766,2026-08-13 08:00:00,1,4,0.01,0.0,0.0,0.0,0.0,SGDJPY.p,E25/T4
327722273,2026-08-13 08:15:00,0,4,0.01,0.0,0.0,0.0,0.0,NZDJPY.p,E25/T4
327722274,2026-08-13 08:15:00,0,4,0.01,0.0,0.0,0.0,0.0,AUDJPY.p,E25/T4
327722340,2026-08-13 08:15:00,1,4,0.01,0.0,0.0,0.0,0.0,EURAUD.p,E25/T4
327722482,2026-08-13 08:15:01,0,4,0.01,0.0,0.0,0.0,0.0,CHFJPY.p,E25/T4
327820938,2026-08-13 09:30:17,0,4,0.01,0.0,1.63398,0.0,0.0,EURAUD.p,[tp 1.63398]
327836575,2026-08-13 09:39:24,1,4,0.01,0.0,195.797,0.0,0.0,CHFJPY.p,[tp 195.797]
327843801,2026-08-13 09:45:00,0,4,0.01,0.0,0.0,0.0,0.0,CHFJPY.p,E25/T4
327858225,2026-08-13 10:00:00,1,4,0.01,0.0,0.0,0.0,0.0,EURAUD.p,E25/T4
327858642,2026-08-13 10:00:03,1,4,0.01,0.0,0.81365,0.0,0.0,NZDCAD.p,[tp 0.81365]
327858697,2026-08-13 10:00:05,0,4,0.01,0.0,0.0,0.0,0.0,NZDCAD.p,E25/T4
327881254,2026-08-13 10:30:00,0,4,0.01,0.0,0.0,0.0,0.0,GBPJPY.p,E25/T4
327891868,2026-08-13 10:41:58,1,4,0.01,0.0,195.897,0.0,0.0,CHFJPY.p,[tp 195.897]
327904724,2026-08-13 10:51:29,1,4,0.01,0.0,0.58358,0.0,0.0,NZDUSD.p,[tp 0.58358]
327904747,2026-08-13 10:51:32,0,4,0.01,0.0,0.0,0.0,0.0,NZDUSD.p,E25/T4
327908875,2026-08-13 10:57:36,1,4,0.01,0.0,92.988,0.0,0.0,NZDJPY.p,[tp 92.988]
327908889,2026-08-13 10:57:39,0,4,0.01,0.0,0.0,0.0,0.0,NZDJPY.p,E25/T4
327953777,2026-08-13 11:32:41,1,4,0.01,0.0,0.81417,0.0,0.0,NZDCAD.p,[tp 0.81417]
327977277,2026-08-13 12:00:00,1,4,0.01,0.0,0.0,0.0,0.0,CHFJPY.p,E25/T4
327994145,2026-08-13 12:16:37,1,4,0.01,0.0,93.039,0.0,0.0,NZDJPY.p,[tp 93.039]
328002806,2026-08-13 12:23:56,1,4,0.01,0.0,112.378,0.0,0.0,AUDJPY.p,[tp 112.378]
328005358,2026-08-13 12:25:29,1,4,0.01,0.0,0.584,0.0,0.0,NZDUSD.p,[tp 0.58400]
328005426,2026-08-13 12:25:30,0,4,0.01,0.0,0.0,0.0,0.0,NZDUSD.p,E25/T4
328012590,2026-08-13 12:33:04,1,4,0.01,0.0,214.984,0.0,0.0,GBPJPY.p,[tp 214.984]
328012616,2026-08-13 12:33:06,0,4,0.01,0.0,0.0,0.0,0.0,GBPJPY.p,E25/T4
328020096,2026-08-13 12:45:00,0,4,0.01,0.0,0.0,0.0,0.0,GBPCHF.p,E25/T4
328034018,2026-08-13 13:00:02,1,4,0.02,0.0,1.1535,0.0,0.0,EURUSD.p,[tp 1.15350]
328044802,2026-08-13 13:15:00,1,4,0.01,0.0,0.0,0.0,0.0,AUDJPY.p,E25/T4
328062765,2026-08-13 13:31:17,0,4,0.01,0.0,0.81184,0.0,0.0,USDCHF.p,[tp 0.81184]
328070656,2026-08-13 13:38:22,0,4,0.01,0.0,1.39362,0.0,0.0,USDCAD.p,[tp 1.39362]
328070702,2026-08-13 13:38:23,1,4,0.01,0.0,215.099,0.0,0.0,GBPJPY.p,[tp 215.099]
328077758,2026-08-13 13:45:00,1,4,0.01,0.0,0.0,0.0,0.0,GBPJPY.p,E25/T4
328077759,2026-08-13 13:45:00,1,4,0.01,0.0,0.0,0.0,0.0,NZDJPY.p,E25/T4
328111304,2026-08-13 14:17:49,1,4,0.01,0.0,1.09595,0.0,0.0,GBPCHF.p,[tp 1.09595]
328111377,2026-08-13 14:17:52,0,4,0.01,0.0,0.0,0.0,0.0,GBPCHF.p,E25/T4
328130036,2026-08-13 14:36:04,1,4,0.01,0.0,0.58461,0.0,0.0,NZDUSD.p,[tp 0.58461]
328133133,2026-08-13 14:41:18,0,4,0.01,0.0,112.352,0.0,0.0,AUDJPY.p,[tp 112.352]
328153250,2026-08-13 15:06:27,0,4,0.01,0.0,214.957,0.0,0.0,GBPJPY.p,[tp 214.957]
328158005,2026-08-13 15:10:38,0,4,0.01,0.0,196.044,0.0,0.0,CHFJPY.p,[tp 196.044]
328169617,2026-08-13 15:21:48,1,4,0.01,0.0,1.09703,0.0,0.0,GBPCHF.p,[tp 1.09703]
328226187,2026-08-13 15:45:00,0,4,0.01,0.0,0.0,0.0,0.0,CHFJPY.p,E25/T4
328244489,2026-08-13 15:58:54,1,4,0.01,0.0,1.7281,0.0,0.0,GBPSGD.p,[tp 1.72810]
328246728,2026-08-13 15:59:51,0,4,0.01,0.0,159.181,0.0,0.0,USDJPY.p,[tp 159.181]
328246939,2026-08-13 16:00:00,1,4,0.01,0.0,0.0,0.0,0.0,GBPCHF.p,E25/T4
328270824,2026-08-13 16:08:50,0,4,0.01,0.0,1.63369,0.0,0.0,EURAUD.p,[tp 1.63369]
328280864,2026-08-13 16:15:00,1,4,0.01,0.0,0.0,0.0,0.0,NZDUSD.p,E25/T4
328307554,2026-08-13 16:30:00,0,4,0.01,0.0,0.0,0.0,0.0,EURAUD.p,E25/T4
328339054,2026-08-13 16:38:44,1,4,0.01,0.0,196.081,0.0,0.0,CHFJPY.p,[tp 196.081]
328388025,2026-08-13 17:00:07,0,4,0.01,0.0,114.161,0.0,0.0,CADJPY.p,[tp 114.161]
328419305,2026-08-13 17:11:04,0,4,0.01,0.0,124.349,0.0,0.0,SGDJPY.p,[tp 124.349]
328421873,2026-08-13 17:11:48,0,4,0.01,0.0,93.068,0.0,0.0,NZDJPY.p,[tp 93.068]
328422288,2026-08-13 17:11:53,1,4,0.01,0.0,0.0,0.0,0.0,NZDJPY.p,E25/T4
328442824,2026-08-13 17:19:15,1,4,0.01,0.0,1.3511199999999999,0.0,0.0,GBPUSD.p,[tp 1.35112]
328465890,2026-08-13 17:30:00,0,4,0.01,0.0,0.0,0.0,0.0,USDJPY.p,E25/T4
328465925,2026-08-13 17:30:00,0,4,0.01,0.0,0.0,0.0,0.0,CADJPY.p,E25/T4
328465986,2026-08-13 17:30:00,1,4,0.01,0.0,0.0,0.0,0.0,GBPCAD.p,E25/T4
328466032,2026-08-13 17:30:00,1,4,0.01,0.0,0.0,0.0,0.0,GBPUSD.p,E25/T4
328483522,2026-08-13 17:34:25,0,4,0.01,0.0,0.0,0.0,0.0,CHFJPY.p,E25/T4
328536767,2026-08-13 18:07:45,1,4,0.01,0.0,1.6344699999999999,0.0,0.0,EURAUD.p,[tp 1.63447]
328536814,2026-08-13 18:07:46,0,4,0.01,0.0,0.0,0.0,0.0,EURAUD.p,E25/T4
328558995,2026-08-13 18:19:03,0,4,0.01,0.0,0.5848,0.0,0.0,NZDUSD.p,[tp 0.58480]
328559164,2026-08-13 18:19:08,1,4,0.01,0.0,0.0,0.0,0.0,NZDUSD.p,E25/T4
328584638,2026-08-13 18:30:05,1,4,0.01,0.0,114.345,0.0,0.0,CADJPY.p,[tp 114.345]
328602472,2026-08-13 18:39:15,1,4,0.01,0.0,196.109,0.0,0.0,CHFJPY.p,[tp 196.109]
328608906,2026-08-13 18:45:00,1,4,0.01,0.0,0.0,0.0,0.0,CHFJPY.p,E25/T4
328654222,2026-08-13 19:22:41,0,4,0.01,0.0,1.87913,0.0,0.0,GBPCAD.p,[tp 1.87913]
328663829,2026-08-13 19:30:07,1,4,0.01,0.0,159.473,0.0,0.0,USDJPY.p,[tp 159.473]
328675769,2026-08-13 19:45:00,1,4,0.01,0.0,0.0,0.0,0.0,USDJPY.p,E25/T4
328683126,2026-08-13 20:00:00,0,4,0.01,0.0,0.0,0.0,0.0,GBPCAD.p,E25/T4
328686657,2026-08-13 20:04:38,0,4,0.01,0.0,1.3485,0.0,0.0,GBPUSD.p,[tp 1.34850]
328686941,2026-08-13 20:04:44,0,4,0.01,0.0,0.0,0.0,0.0,GBPUSD.p,E25/T4
328693393,2026-08-13 20:11:47,0,4,0.01,0.0,2.30548,0.0,0.0,GBPNZD.p,[tp 2.30548]
328693435,2026-08-13 20:11:51,0,4,0.01,0.0,0.0,0.0,0.0,GBPNZD.p,E25/T4
328708038,2026-08-13 20:30:00,1,4,0.01,0.0,0.0,0.0,0.0,CADJPY.p,E25/T4
328767518,2026-08-13 21:44:29,1,4,0.01,0.0,1.87934,0.0,0.0,GBPCAD.p,[tp 1.87934]
328767635,2026-08-13 21:45:00,0,4,0.01,0.0,0.0,0.0,0.0,GBPCAD.p,E25/T4
328771597,2026-08-13 21:51:32,0,4,0.01,0.0,196.012,0.0,0.0,CHFJPY.p,[tp 196.012]
328776158,2026-08-13 21:57:30,1,4,0.01,0.0,0.93834,0.0,0.0,EURCHF.p,[tp 0.93834]
328811315,2026-08-13 22:44:07,1,4,0.01,0.0,0.57495,0.0,0.0,AUDCHF.p,[tp 0.57495]
328833586,2026-08-13 23:30:00,0,4,0.01,0.0,0.0,0.0,0.0,CHFJPY.p,E25/T4
328842821,2026-08-14 00:15:00,0,4,0.01,0.0,0.0,0.0,0.0,EURCHF.p,E25/T4
328842930,2026-08-14 00:31:02,1,4,0.01,0.0,1.34893,0.0,0.0,GBPUSD.p,[tp 1.34893]
328850580,2026-08-14 01:15:00,0,4,0.01,0.0,0.0,0.0,0.0,GBPSGD.p,E25/T4
328921342,2026-08-14 03:00:09,0,4,0.01,0.0,159.41,0.0,0.0,USDJPY.p,[tp 159.410]
328923285,2026-08-14 03:02:09,1,4,0.01,0.0,0.90448,0.0,0.0,AUDSGD.p,[tp 0.90448]
328926999,2026-08-14 03:05:41,1,4,0.01,0.0,1.72737,0.0,0.0,GBPSGD.p,[tp 1.72737]
329004310,2026-08-14 03:54:14,0,4,0.01,0.0,1.96917,0.0,0.0,EURNZD.p,[tp 1.96917]
329049708,2026-08-14 04:15:00,1,4,0.01,0.0,0.0,0.0,0.0,GBPSGD.p,E25/T4
329177845,2026-08-14 05:47:40,0,4,0.01,0.0,1.7269700000000001,0.0,0.0,GBPSGD.p,[tp 1.72697]
329187076,2026-08-14 06:00:00,0,4,0.01,0.0,0.0,0.0,0.0,EURNZD.p,E25/T4
329201747,2026-08-14 06:19:10,0,4,0.01,0.0,1.20359,0.0,0.0,AUDNZD.p,[tp 1.20359]
329201748,2026-08-14 06:19:10,0,4,0.01,0.0,1.20359,0.0,0.0,AUDNZD.p,[tp 1.20359]
329232368,2026-08-14 07:30:00,0,4,0.01,0.0,0.0,0.0,0.0,AUDNZD.p,E25/T4
329280015,2026-08-14 08:40:02,0,4,0.01,0.0,114.427,0.0,0.0,CADJPY.p,[tp 114.427]
329285954,2026-08-14 08:45:56,1,4,0.01,0.0,1.20429,0.0,0.0,AUDNZD.p,[tp 1.20429]
329285973,2026-08-14 08:45:57,0,4,0.01,0.0,0.0,0.0,0.0,AUDNZD.p,E25/T4
329327991,2026-08-14 09:30:00,0,4,0.01,0.0,0.0,0.0,0.0,USDJPY.p,E25/T4
329361425,2026-08-14 10:20:52,1,4,0.01,0.0,0.93959,0.0,0.0,EURCHF.p,[tp 0.93959]
329421849,2026-08-14 11:30:00,0,4,0.01,0.0,0.0,0.0,0.0,USDCAD.p,E25/T4
329465855,2026-08-14 12:30:00,1,4,0.01,0.0,0.0,0.0,0.0,NZDJPY.p,E25/T4
329494941,2026-08-14 13:15:00,1,4,0.01,0.0,0.0,0.0,0.0,GBPSGD.p,E25/T4
329532650,2026-08-14 14:16:56,1,4,0.01,0.0,1.4782199999999999,0.0,0.0,EURSGD.p,[tp 1.47822]
329536356,2026-08-14 14:20:56,1,4,0.01,0.0,0.75258,0.0,0.0,NZDSGD.p,[tp 0.75258]
329543264,2026-08-14 14:30:00,1,4,0.01,0.0,0.0,0.0,0.0,NZDUSD.p,E25/T4
329550425,2026-08-14 14:34:27,1,4,0.01,0.0,195.937,0.0,0.0,CHFJPY.p,[tp 195.937]
329555384,2026-08-14 14:38:58,1,4,0.01,0.0,1.8798,0.0,0.0,GBPCAD.p,[tp 1.87980]
329559510,2026-08-14 14:45:00,1,4,0.01,0.0,0.0,0.0,0.0,AUDUSD.p,E25/T4
329574581,2026-08-14 15:00:00,1,4,0.01,0.0,0.0,0.0,0.0,GBPJPY.p,E25/T4
329574582,2026-08-14 15:00:00,1,4,0.01,0.0,0.0,0.0,0.0,GBPCAD.p,E25/T4
329574586,2026-08-14 15:00:00,1,4,0.01,0.0,0.0,0.0,0.0,EURJPY.p,E25/T4
329574588,2026-08-14 15:00:00,1,4,0.01,0.0,0.0,0.0,0.0,GBPUSD.p,E25/T4
329589064,2026-08-14 15:08:20,0,4,0.01,0.0,0.0,0.0,0.0,USDCHF.p,E25/T4
329598666,2026-08-14 15:15:00,1,4,0.01,0.0,0.0,0.0,0.0,CHFJPY.p,E25/T4
329616577,2026-08-14 15:30:00,1,4,0.01,0.0,0.0,0.0,0.0,CADJPY.p,E25/T4
329616819,2026-08-14 15:30:00,0,4,0.01,0.0,0.0,0.0,0.0,USDJPY.p,E25/T4
329644992,2026-08-14 15:45:00,0,4,0.01,0.0,0.0,0.0,0.0,SGDJPY.p,E25/T4
329689192,2026-08-14 16:18:30,0,4,0.01,0.0,183.93,0.0,0.0,EURJPY.p,[tp 183.930]
329689218,2026-08-14 16:18:31,0,4,0.01,0.0,0.0,0.0,0.0,EURJPY.p,E25/T4
329711678,2026-08-14 16:33:21,0,4,0.01,0.0,195.842,0.0,0.0,CHFJPY.p,[tp 195.842]
329716313,2026-08-14 16:35:14,0,4,0.01,0.0,215.294,0.0,0.0,GBPJPY.p,[tp 215.294]
329773027,2026-08-14 17:09:20,1,4,0.01,0.0,159.019,0.0,0.0,USDJPY.p,[tp 159.019]
329773028,2026-08-14 17:09:20,1,4,0.01,0.0,159.019,0.0,0.0,USDJPY.p,[tp 159.019]
329773046,2026-08-14 17:09:21,0,4,0.01,0.0,0.0,0.0,0.0,USDJPY.p,E25/T4
329773113,2026-08-14 17:09:29,1,4,0.01,0.0,124.427,0.0,0.0,SGDJPY.p,[tp 124.427]
329773117,2026-08-14 17:09:30,0,4,0.01,0.0,0.0,0.0,0.0,SGDJPY.p,E25/T4
329798651,2026-08-14 17:29:19,1,4,0.01,0.0,184.146,0.0,0.0,EURJPY.p,[tp 184.146]
329812787,2026-08-14 17:42:29,1,4,0.01,0.0,0.81175,0.0,0.0,USDCHF.p,[tp 0.81175]
329815599,2026-08-14 17:45:00,1,4,0.01,0.0,0.0,0.0,0.0,GBPJPY.p,E25/T4
329815641,2026-08-14 17:45:00,1,4,0.01,0.0,0.0,0.0,0.0,CHFJPY.p,E25/T4
329815665,2026-08-14 17:45:00,0,4,0.01,0.0,0.0,0.0,0.0,USDCHF.p,E25/T4
329863098,2026-08-14 18:19:12,1,4,0.01,0.0,159.127,0.0,0.0,USDJPY.p,[tp 159.127]
329888550,2026-08-14 18:40:37,1,4,0.01,0.0,124.486,0.0,0.0,SGDJPY.p,[tp 124.486]
329916358,2026-08-14 19:13:02,1,4,0.01,0.0,0.81198,0.0,0.0,USDCHF.p,[tp 0.81198]
329916367,2026-08-14 19:13:04,0,4,0.01,0.0,0.0,0.0,0.0,USDCHF.p,E25/T4
329917282,2026-08-14 19:15:00,1,4,0.01,0.0,0.0,0.0,0.0,EURSGD.p,E25/T4
329940369,2026-08-14 19:45:00,1,4,0.01,0.0,0.0,0.0,0.0,EURJPY.p,E25/T4
329940408,2026-08-14 19:45:00,1,4,0.01,0.0,0.0,0.0,0.0,AUDJPY.p,E25/T4
329944011,2026-08-14 19:54:07,0,4,0.01,0.0,1.87845,0.0,0.0,GBPCAD.p,[tp 1.87845]
329954185,2026-08-14 20:15:00,1,4,0.01,0.0,0.0,0.0,0.0,SGDJPY.p,E25/T4
329956855,2026-08-14 20:17:08,0,4,0.01,0.0,1.35304,0.0,0.0,GBPUSD.p,[tp 1.35304]
329957507,2026-08-14 20:18:55,1,4,0.01,0.0,0.8134,0.0,0.0,USDCHF.p,[tp 0.81340]
329963534,2026-08-14 20:30:00,1,4,0.01,0.0,0.0,0.0,0.0,USDJPY.p,E25/T4
329971733,2026-08-14 20:43:22,0,4,0.01,0.0,1.47955,0.0,0.0,EURSGD.p,[tp 1.47955]
329973037,2026-08-14 20:45:00,0,4,0.01,0.0,0.0,0.0,0.0,GBPCAD.p,E25/T4
329979112,2026-08-14 21:00:00,0,4,0.01,0.0,0.0,0.0,0.0,GBPUSD.p,E25/T4
329993761,2026-08-14 21:30:00,1,4,0.01,0.0,0.0,0.0,0.0,USDCHF.p,E25/T4
330012264,2026-08-14 22:03:42,1,4,0.01,0.0,1.8782100000000002,0.0,0.0,GBPCAD.p,[tp 1.87821]
330012269,2026-08-14 22:03:43,0,4,0.01,0.0,0.0,0.0,0.0,GBPCAD.p,E25/T4
330020689,2026-08-14 22:27:20,1,4,0.01,0.0,1.3537,0.0,0.0,GBPUSD.p,[tp 1.35370]
330020694,2026-08-14 22:27:21,0,4,0.01,0.0,0.0,0.0,0.0,GBPUSD.p,E25/T4
330025373,2026-08-14 22:38:12,0,4,0.01,0.0,184.34,0.0,0.0,EURJPY.p,[tp 184.340]
330026917,2026-08-14 22:45:00,1,4,0.01,0.0,0.0,0.0,0.0,EURJPY.p,E25/T4
330044459,2026-08-14 23:33:36,0,4,0.01,0.0,112.851,0.0,0.0,AUDJPY.p,[tp 112.851]
330044460,2026-08-14 23:33:36,1,4,0.01,0.0,0.0,0.0,0.0,AUDJPY.p,E25/T4
330048917,2026-08-14 23:49:53,0,4,0.01,0.0,184.308,0.0,0.0,EURJPY.p,[tp 184.308]
330048918,2026-08-14 23:49:53,1,4,0.01,0.0,0.0,0.0,0.0,EURJPY.p,E25/T4
330108762,2026-08-17 00:45:00,0,4,0.01,0.0,0.0,0.0,0.0,CADCHF.p,E25/T4
330126391,2026-08-17 01:15:00,0,4,0.01,0.0,0.0,0.0,0.0,USDSGD.p,E25/T4
330126545,2026-08-17 01:15:00,0,4,0.01,0.0,0.0,0.0,0.0,EURSGD.p,E25/T4
330126547,2026-08-17 01:15:00,0,4,0.01,0.0,0.0,0.0,0.0,AUDCHF.p,E25/T4
330131710,2026-08-17 01:23:47,0,4,0.01,0.0,159.317,0.0,0.0,USDJPY.p,[tp 159.317]
330135577,2026-08-17 01:30:00,1,4,0.01,0.0,0.0,0.0,0.0,USDJPY.p,E25/T4
330139894,2026-08-17 01:34:35,0,4,0.01,0.0,124.527,0.0,0.0,SGDJPY.p,[tp 124.527]
330139900,2026-08-17 01:34:36,1,4,0.01,0.0,0.0,0.0,0.0,SGDJPY.p,E25/T4
330143036,2026-08-17 01:39:09,0,4,0.01,0.0,195.847,0.0,0.0,CHFJPY.p,[tp 195.847]
330156321,2026-08-17 01:54:37,1,4,0.01,0.0,1.3541699999999999,0.0,0.0,GBPUSD.p,[tp 1.35417]
330157114,2026-08-17 01:55:25,0,4,0.01,0.0,184.236,0.0,0.0,EURJPY.p,[tp 184.236]
330157115,2026-08-17 01:55:25,1,4,0.01,0.0,0.0,0.0,0.0,EURJPY.p,E25/T4
330170981,2026-08-17 02:07:50,1,4,0.01,0.0,1.8787099999999999,0.0,0.0,GBPCAD.p,[tp 1.87871]
330174967,2026-08-17 02:15:00,1,4,0.01,0.0,0.0,0.0,0.0,EURCHF.p,E25/T4
330209670,2026-08-17 02:41:50,0,4,0.01,0.0,159.181,0.0,0.0,USDJPY.p,[tp 159.181]
330209680,2026-08-17 02:41:51,0,4,0.01,0.0,0.0,0.0,0.0,USDJPY.p,E25/T4
330227535,2026-08-17 03:02:00,0,4,0.01,0.0,0.81253,0.0,0.0,USDCHF.p,[tp 0.81253]
330230312,2026-08-17 03:03:43,0,4,0.01,0.0,124.48,0.0,0.0,SGDJPY.p,[tp 124.480]
330230327,2026-08-17 03:03:44,0,4,0.01,0.0,0.0,0.0,0.0,SGDJPY.p,E25/T4
330259721,2026-08-17 03:23:31,0,4,0.01,0.0,184.19,0.0,0.0,EURJPY.p,[tp 184.190]
330293874,2026-08-17 03:51:40,0,4,0.01,0.0,112.801,0.0,0.0,AUDJPY.p,[tp 112.801]
330342435,2026-08-17 04:15:00,1,4,0.01,0.0,0.0,0.0,0.0,NZDCAD.p,E25/T4
330342607,2026-08-17 04:15:00,0,4,0.01,0.0,0.0,0.0,0.0,EURJPY.p,E25/T4
330394507,2026-08-17 04:45:00,1,4,0.01,0.0,0.0,0.0,0.0,GBPCAD.p,E25/T4
330397165,2026-08-17 04:46:37,1,4,0.01,0.0,124.524,0.0,0.0,SGDJPY.p,[tp 124.524]
330430550,2026-08-17 05:08:09,1,4,0.01,0.0,1.4800900000000001,0.0,0.0,EURSGD.p,[tp 1.48009]
330464461,2026-08-17 05:32:28,0,4,0.01,0.0,0.9401,0.0,0.0,EURCHF.p,[tp 0.94010]
330483038,2026-08-17 05:45:00,1,4,0.01,0.0,0.0,0.0,0.0,EURSGD.p,E25/T4
330502637,2026-08-17 06:01:53,1,4,0.01,0.0,184.214,0.0,0.0,EURJPY.p,[tp 184.214]
330515409,2026-08-17 06:12:42,0,4,0.01,0.0,1.8789,0.0,0.0,GBPCAD.p,[tp 1.87890]
330541979,2026-08-17 06:37:56,0,4,0.01,0.0,0.81854,0.0,0.0,NZDCAD.p,[tp 0.81854]
330550286,2026-08-17 06:45:01,1,4,0.01,0.0,0.0,0.0,0.0,NZDCAD.p,E25/T4
330616487,2026-08-17 07:45:00,1,4,0.01,0.0,0.0,0.0,0.0,AUDJPY.p,E25/T4
330678731,2026-08-17 08:35:48,1,4,0.01,0.0,0.57666,0.0,0.0,AUDCHF.p,[tp 0.57666]
330704522,2026-08-17 08:54:50,0,4,0.01,0.0,1.47945,0.0,0.0,EURSGD.p,[tp 1.47945]
330728480,2026-08-17 09:15:00,1,4,0.01,0.0,0.0,0.0,0.0,AUDCAD.p,E25/T4
330784112,2026-08-17 10:00:00,0,4,0.01,0.0,0.0,0.0,0.0,GBPNZD.p,E25/T4
330784305,2026-08-17 10:00:00,1,4,0.02,0.0,0.0,0.0,0.0,NZDJPY.p,E25/T4
330784431,2026-08-17 10:00:01,1,4,0.02,0.0,0.0,0.0,0.0,NZDUSD.p,E25/T4
330854983,2026-08-17 11:00:00,0,4,0.01,0.0,0.0,0.0,0.0,USDCHF.p,E25/T4
330855095,2026-08-17 11:00:00,0,4,0.01,0.0,0.0,0.0,0.0,EURCHF.p,E25/T4
330855218,2026-08-17 11:00:00,1,4,0.02,0.0,0.0,0.0,0.0,EURUSD.p,/// THERANTO V3 ///
330887228,2026-08-17 11:25:47,0,4,0.01,0.0,1.09595,0.0,0.0,GBPCHF.p,[tp 1.09595]
330890655,2026-08-17 11:30:00,0,4,0.01,0.0,0.0,0.0,0.0,USDSGD.p,E25/T4
330910642,2026-08-17 11:45:00,1,4,0.01,0.0,0.0,0.0,0.0,CHFJPY.p,E25/T4
330910725,2026-08-17 11:45:00,0,4,0.01,0.0,0.0,0.0,0.0,GBPCHF.p,E25/T4
330917831,2026-08-17 11:51:58,0,4,0.01,0.0,1.7293699999999999,0.0,0.0,GBPSGD.p,[tp 1.72937]
330924451,2026-08-17 12:00:00,1,4,0.01,0.0,0.0,0.0,0.0,EURJPY.p,E25/T4
330938107,2026-08-17 12:15:32,1,4,0.01,0.0,0.93863,0.0,0.0,EURCHF.p,[tp 0.93863]
330938127,2026-08-17 12:15:33,0,4,0.01,0.0,0.0,0.0,0.0,EURCHF.p,E25/T4
330953993,2026-08-17 12:36:50,1,4,0.01,0.0,0.80927,0.0,0.0,USDCHF.p,[tp 0.80927]
330960346,2026-08-17 12:45:00,0,4,0.01,0.0,0.0,0.0,0.0,USDCHF.p,E25/T4
330971859,2026-08-17 13:00:34,0,4,0.01,0.0,196.566,0.0,0.0,CHFJPY.p,[tp 196.566]
330971867,2026-08-17 13:00:35,1,4,0.01,0.0,0.0,0.0,0.0,CHFJPY.p,E25/T4
330977338,2026-08-17 13:11:44,1,4,0.01,0.0,1.09812,0.0,0.0,GBPCHF.p,[tp 1.09812]
330977344,2026-08-17 13:11:46,0,4,0.01,0.0,0.0,0.0,0.0,GBPCHF.p,E25/T4
330990099,2026-08-17 13:29:10,1,4,0.01,0.0,0.93935,0.0,0.0,EURCHF.p,[tp 0.93935]
331000747,2026-08-17 13:30:52,0,4,0.01,0.0,184.527,0.0,0.0,EURJPY.p,[tp 184.527]
331000763,2026-08-17 13:30:53,1,4,0.01,0.0,0.0,0.0,0.0,EURJPY.p,E25/T4
331009136,2026-08-17 13:39:14,0,4,0.02,0.0,1.15923,0.0,0.0,EURUSD.p,[tp 1.15923]
331012732,2026-08-17 13:45:00,1,4,0.02,0.0,0.0,0.0,0.0,EURUSD.p,/// THERANTO V3 ///
331017895,2026-08-17 13:54:12,1,4,0.01,0.0,0.81034,0.0,0.0,USDCHF.p,[tp 0.81034]
331030339,2026-08-17 14:10:40,0,4,0.01,0.0,196.495,0.0,0.0,CHFJPY.p,[tp 196.495]
331035939,2026-08-17 14:18:16,1,4,0.01,0.0,159.229,0.0,0.0,USDJPY.p,[tp 159.229]
331045888,2026-08-17 14:30:00,1,4,0.01,0.0,0.0,0.0,0.0,USDCHF.p,E25/T4
331045934,2026-08-17 14:30:00,1,4,0.01,0.0,0.0,0.0,0.0,GBPJPY.p,E25/T4
331053237,2026-08-17 14:41:14,1,4,0.01,0.0,1.09854,0.0,0.0,GBPCHF.p,[tp 1.09854]
331055679,2026-08-17 14:45:00,1,4,0.01,0.0,0.0,0.0,0.0,CHFJPY.p,E25/T4
331065777,2026-08-17 15:00:00,1,4,0.01,0.0,0.0,0.0,0.0,USDJPY.p,E25/T4
331065849,2026-08-17 15:00:00,1,4,0.01,0.0,0.0,0.0,0.0,GBPCHF.p,E25/T4
331138855,2026-08-17 15:59:34,0,4,0.01,0.0,0.80947,0.0,0.0,USDCHF.p,[tp 0.80947]
331178362,2026-08-17 16:34:50,0,4,0.01,0.0,1.09697,0.0,0.0,GBPCHF.p,[tp 1.09697]
331186643,2026-08-17 16:40:08,0,4,0.01,0.0,0.98539,0.0,0.0,AUDCAD.p,[tp 0.98539]
331194556,2026-08-17 16:45:00,0,4,0.01,0.0,0.0,0.0,0.0,USDCHF.p,E25/T4
331194611,2026-08-17 16:45:00,1,4,0.01,0.0,0.0,0.0,0.0,CADJPY.p,E25/T4
331237257,2026-08-17 17:00:00,0,4,0.01,0.0,0.0,0.0,0.0,AUDCAD.p,E25/T4
331265124,2026-08-17 17:15:00,0,4,0.01,0.0,0.0,0.0,0.0,GBPCHF.p,E25/T4
331347198,2026-08-17 18:04:17,1,4,0.01,0.0,0.98631,0.0,0.0,AUDCAD.p,[tp 0.98631]
331347201,2026-08-17 18:04:17,0,4,0.01,0.0,0.0,0.0,0.0,AUDCAD.p,E25/T4
331361695,2026-08-17 18:18:00,1,4,0.01,0.0,0.80991,0.0,0.0,USDCHF.p,[tp 0.80991]
331361728,2026-08-17 18:18:01,0,4,0.02,0.0,1.15821,0.0,0.0,EURUSD.p,[tp 1.15821]
331371542,2026-08-17 18:27:16,1,4,0.01,0.0,1.09796,0.0,0.0,GBPCHF.p,[tp 1.09796]
331375045,2026-08-17 18:30:00,0,4,0.01,0.0,0.0,0.0,0.0,GBPCHF.p,E25/T4
331444320,2026-08-17 20:07:26,1,4,0.01,0.0,1.09852,0.0,0.0,GBPCHF.p,[tp 1.09852]
331468475,2026-08-17 20:38:15,1,4,0.01,0.0,1.2776399999999999,0.0,0.0,USDSGD.p,[tp 1.27764]
331468476,2026-08-17 20:38:15,1,4,0.01,0.0,1.2776399999999999,0.0,0.0,USDSGD.p,[tp 1.27764]
331511165,2026-08-17 21:30:00,1,4,0.01,0.0,0.0,0.0,0.0,GBPCHF.p,E25/T4
331609647,2026-08-18 01:15:00,0,4,0.01,0.0,0.0,0.0,0.0,GBPSGD.p,E25/T4
331609648,2026-08-18 01:15:00,0,4,0.01,0.0,0.0,0.0,0.0,SGDJPY.p,E25/T4
331649038,2026-08-18 02:39:55,1,4,0.01,0.0,1.73098,0.0,0.0,GBPSGD.p,[tp 1.73098]
331715808,2026-08-18 03:30:00,1,4,0.01,0.0,0.0,0.0,0.0,GBPSGD.p,E25/T4
331735856,2026-08-18 03:49:26,1,4,0.01,0.0,124.858,0.0,0.0,SGDJPY.p,[tp 124.858]
331745996,2026-08-18 04:00:00,1,4,0.01,0.0,0.0,0.0,0.0,SGDJPY.p,E25/T4
331801862,2026-08-18 04:27:18,1,4,0.01,0.0,1.20475,0.0,0.0,AUDNZD.p,[tp 1.20475]
331820391,2026-08-18 04:44:22,0,4,0.01,0.0,0.81813,0.0,0.0,NZDCAD.p,[tp 0.81813]
331883022,2026-08-18 05:25:41,0,4,0.01,0.0,1.73029,0.0,0.0,GBPSGD.p,[tp 1.73029]
331883440,2026-08-18 05:26:01,0,4,0.01,0.0,1.09832,0.0,0.0,GBPCHF.p,[tp 1.09832]
331886268,2026-08-18 05:30:00,1,4,0.01,0.0,0.0,0.0,0.0,GBPCHF.p,E25/T4
331941844,2026-08-18 06:19:39,1,4,0.01,0.0,2.298,0.0,0.0,GBPNZD.p,[tp 2.29800]
331941845,2026-08-18 06:19:39,1,4,0.01,0.0,2.298,0.0,0.0,GBPNZD.p,[tp 2.29800]
331944389,2026-08-18 06:21:44,0,4,0.01,0.0,0.58906,0.0,0.0,NZDUSD.p,[tp 0.58906]
331944390,2026-08-18 06:21:44,0,4,0.01,0.0,0.58906,0.0,0.0,NZDUSD.p,[tp 0.58906]
331944391,2026-08-18 06:21:44,0,4,0.02,0.0,0.58906,0.0,0.0,NZDUSD.p,[tp 0.58906]
331993891,2026-08-18 07:30:00,1,4,0.01,0.0,0.0,0.0,0.0,AUDNZD.p,E25/T4
331994008,2026-08-18 07:30:00,0,4,0.01,0.0,0.0,0.0,0.0,GBPSGD.p,E25/T4
332017462,2026-08-18 08:00:00,1,4,0.01,0.0,0.0,0.0,0.0,GBPNZD.p,E25/T4
332017525,2026-08-18 08:00:00,0,4,0.01,0.0,0.0,0.0,0.0,NZDSGD.p,E25/T4
332017772,2026-08-18 08:00:01,0,4,0.01,0.0,0.0,0.0,0.0,NZDCAD.p,E25/T4
332075987,2026-08-18 08:54:39,1,4,0.01,0.0,1.96875,0.0,0.0,EURNZD.p,[tp 1.96875]
332079877,2026-08-18 09:00:00,1,4,0.01,0.0,0.0,0.0,0.0,EURNZD.p,E25/T4
332089680,2026-08-18 09:05:20,0,4,0.01,0.0,1.09799,0.0,0.0,GBPCHF.p,[tp 1.09799]
332116938,2026-08-18 09:30:00,0,4,0.01,0.0,0.0,0.0,0.0,GBPUSD.p,E25/T4
332116991,2026-08-18 09:30:00,0,4,0.01,0.0,0.0,0.0,0.0,GBPCAD.p,E25/T4
332144835,2026-08-18 10:12:21,0,4,0.01,0.0,2.30064,0.0,0.0,GBPNZD.p,[tp 2.30064]
332144843,2026-08-18 10:12:22,1,4,0.01,0.0,0.0,0.0,0.0,GBPNZD.p,E25/T4
332305418,2026-08-18 13:04:04,0,4,0.01,0.0,2.3001,0.0,0.0,GBPNZD.p,[tp 2.30010]
332321189,2026-08-18 13:30:00,0,4,0.01,0.0,0.0,0.0,0.0,GBPNZD.p,E25/T4
332430910,2026-08-18 14:58:43,0,4,0.01,0.0,1.9677799999999999,0.0,0.0,EURNZD.p,[tp 1.96778]
332434453,2026-08-18 15:00:00,1,4,0.01,0.0,0.0,0.0,0.0,AUDJPY.p,E25/T4
332442224,2026-08-18 15:04:20,1,4,0.01,0.0,0.98677,0.0,0.0,AUDCAD.p,[tp 0.98677]
332456367,2026-08-18 15:20:03,1,4,0.01,0.0,0.81666,0.0,0.0,NZDCAD.p,[tp 0.81666]
332492480,2026-08-18 15:49:58,1,4,0.01,0.0,0.75228,0.0,0.0,NZDSGD.p,[tp 0.75228]
332497742,2026-08-18 15:55:58,1,4,0.01,0.0,1.8773300000000002,0.0,0.0,GBPCAD.p,[tp 1.87733]
332511799,2026-08-18 16:03:54,1,4,0.01,0.0,1.35372,0.0,0.0,GBPUSD.p,[tp 1.35372]
332538516,2026-08-18 16:21:00,0,4,0.01,0.0,196.464,0.0,0.0,CHFJPY.p,[tp 196.464]
332551530,2026-08-18 16:30:00,0,4,0.01,0.0,0.0,0.0,0.0,EURNZD.p,E25/T4
332602192,2026-08-18 16:45:00,0,4,0.01,0.0,0.0,0.0,0.0,CHFJPY.p,E25/T4
332674226,2026-08-18 17:15:00,1,4,0.01,0.0,0.0,0.0,0.0,GBPCAD.p,E25/T4
332723246,2026-08-18 17:36:28,1,4,0.01,0.0,2.30076,0.0,0.0,GBPNZD.p,[tp 2.30076]
332723328,2026-08-18 17:36:31,1,4,0.01,0.0,1.9679,0.0,0.0,EURNZD.p,[tp 1.96790]
332739377,2026-08-18 17:42:17,1,4,0.01,0.0,1.73062,0.0,0.0,GBPSGD.p,[tp 1.73062]
332774332,2026-08-18 17:54:42,0,4,0.01,0.0,1.20683,0.0,0.0,AUDNZD.p,[tp 1.20683]
332797130,2026-08-18 18:00:00,0,4,0.01,0.0,0.0,0.0,0.0,AUDNZD.p,E25/T4
332860655,2026-08-18 18:20:15,0,4,0.01,0.0,113.228,0.0,0.0,AUDJPY.p,[tp 113.228]
332860656,2026-08-18 18:20:15,0,4,0.01,0.0,113.228,0.0,0.0,AUDJPY.p,[tp 113.228]
332924127,2026-08-18 18:45:00,1,4,0.01,0.0,0.0,0.0,0.0,GBPNZD.p,E25/T4
332945639,2026-08-18 19:00:00,1,4,0.01,0.0,0.0,0.0,0.0,EURNZD.p,E25/T4
332980982,2026-08-18 19:30:09,1,4,0.01,0.0,1.3897,0.0,0.0,USDCAD.p,[tp 1.38970]
333102509,2026-08-18 21:18:01,1,4,0.01,0.0,1.6098599999999998,0.0,0.0,EURCAD.p,[tp 1.60986]
333128747,2026-08-18 22:00:00,1,4,0.01,0.0,0.0,0.0,0.0,EURCAD.p,E25/T4
333128873,2026-08-18 22:00:00,1,4,0.01,0.0,0.0,0.0,0.0,USDCAD.p,E25/T4
333138664,2026-08-18 22:15:00,0,4,0.01,0.0,0.0,0.0,0.0,AUDJPY.p,E25/T4
333215019,2026-08-18 23:31:45,0,4,0.01,0.0,1.6084100000000001,0.0,0.0,EURCAD.p,[tp 1.60841]
333215020,2026-08-18 23:31:46,0,4,0.01,0.0,1.38981,0.0,0.0,USDCAD.p,[tp 1.38981]
333221173,2026-08-18 23:45:00,1,4,0.01,0.0,0.0,0.0,0.0,USDCAD.p,E25/T4
333231938,2026-08-19 00:15:00,0,4,0.01,0.0,0.0,0.0,0.0,EURCAD.p,E25/T4
333248294,2026-08-19 01:15:00,0,4,0.01,0.0,0.0,0.0,0.0,GBPSGD.p,E25/T4
333248421,2026-08-19 01:15:00,0,4,0.01,0.0,0.0,0.0,0.0,AUDSGD.p,E25/T4
333253918,2026-08-19 01:20:07,0,4,0.01,0.0,2.30301,0.0,0.0,GBPNZD.p,[tp 2.30301]
333253971,2026-08-19 01:20:08,0,4,0.01,0.0,0.0,0.0,0.0,GBPNZD.p,E25/T4
333325608,2026-08-19 02:33:34,1,4,0.01,0.0,2.30439,0.0,0.0,GBPNZD.p,[tp 2.30439]
333350358,2026-08-19 02:57:21,0,4,0.01,0.0,93.692,0.0,0.0,NZDJPY.p,[tp 93.692]
333350359,2026-08-19 02:57:21,0,4,0.01,0.0,93.692,0.0,0.0,NZDJPY.p,[tp 93.692]
333350360,2026-08-19 02:57:21,0,4,0.02,0.0,93.692,0.0,0.0,NZDJPY.p,[tp 93.692]
333350458,2026-08-19 02:57:34,1,4,0.01,0.0,1.6349,0.0,0.0,EURAUD.p,[tp 1.63490]
333354528,2026-08-19 03:01:00,1,4,0.01,0.0,1.73051,0.0,0.0,GBPSGD.p,[tp 1.73051]
333355385,2026-08-19 03:01:33,0,4,0.01,0.0,124.769,0.0,0.0,SGDJPY.p,[tp 124.769]
333357620,2026-08-19 03:02:06,1,4,0.01,0.0,1.6092300000000002,0.0,0.0,EURCAD.p,[tp 1.60923]
333387455,2026-08-19 03:18:56,0,4,0.01,0.0,1.38934,0.0,0.0,USDCAD.p,[tp 1.38934]
333403747,2026-08-19 03:30:00,1,4,0.01,0.0,0.0,0.0,0.0,EURAUD.p,E25/T4
333425677,2026-08-19 03:45:00,1,4,0.01,0.0,0.0,0.0,0.0,GBPSGD.p,E25/T4
333429943,2026-08-19 03:50:21,0,4,0.01,0.0,114.706,0.0,0.0,CADJPY.p,[tp 114.706]
333429944,2026-08-19 03:50:21,0,4,0.01,0.0,114.706,0.0,0.0,CADJPY.p,[tp 114.706]
333500309,2026-08-19 04:15:00,0,4,0.01,0.0,0.0,0.0,0.0,NZDJPY.p,E25/T4
333500364,2026-08-19 04:15:00,1,4,0.01,0.0,0.0,0.0,0.0,GBPNZD.p,E25/T4
333624241,2026-08-19 05:27:08,0,4,0.01,0.0,1.72942,0.0,0.0,GBPSGD.p,[tp 1.72942]
333627518,2026-08-19 05:30:06,0,4,0.01,0.0,2.30566,0.0,0.0,GBPNZD.p,[tp 2.30566]
333639582,2026-08-19 05:38:29,1,4,0.01,0.0,93.583,0.0,0.0,NZDJPY.p,[tp 93.583]
333647671,2026-08-19 05:45:00,0,4,0.01,0.0,0.0,0.0,0.0,AUDCAD.p,E25/T4
333647717,2026-08-19 05:45:00,0,4,0.01,0.0,0.0,0.0,0.0,NZDJPY.p,E25/T4
333647731,2026-08-19 05:45:00,1,4,0.01,0.0,0.0,0.0,0.0,GBPNZD.p,E25/T4
333683765,2026-08-19 06:15:00,0,4,0.01,0.0,0.0,0.0,0.0,GBPSGD.p,E25/T4
333696606,2026-08-19 06:30:00,0,4,0.01,0.0,0.0,0.0,0.0,USDCAD.p,E25/T4
333743490,2026-08-19 07:30:00,1,4,0.01,0.0,0.0,0.0,0.0,EURAUD.p,E25/T4
333754586,2026-08-19 07:44:46,1,4,0.01,0.0,1.9151500000000001,0.0,0.0,GBPAUD.p,[tp 1.91515]
333754765,2026-08-19 07:45:00,0,4,0.01,0.0,0.0,0.0,0.0,AUDJPY.p,E25/T4
333766794,2026-08-19 08:00:00,1,4,0.01,0.0,0.0,0.0,0.0,GBPAUD.p,E25/T4
333814237,2026-08-19 08:34:41,0,4,0.01,0.0,184.48,0.0,0.0,EURJPY.p,[tp 184.480]
333886905,2026-08-19 09:20:31,0,4,0.01,0.0,159.19,0.0,0.0,USDJPY.p,[tp 159.190]
333887686,2026-08-19 09:21:01,1,4,0.01,0.0,1.7299799999999999,0.0,0.0,GBPSGD.p,[tp 1.72998]
333920445,2026-08-19 09:45:00,1,4,0.01,0.0,0.0,0.0,0.0,GBPUSD.p,E25/T4
333920477,2026-08-19 09:45:00,0,4,0.01,0.0,0.0,0.0,0.0,USDJPY.p,E25/T4
334074659,2026-08-19 11:30:41,1,4,0.01,0.0,1.38824,0.0,0.0,USDCAD.p,[tp 1.38824]
334074683,2026-08-19 11:30:43,0,4,0.01,0.0,0.0,0.0,0.0,USDCAD.p,E25/T4
334091479,2026-08-19 11:45:00,1,4,0.01,0.0,0.0,0.0,0.0,GBPCAD.p,E25/T4
334119285,2026-08-19 12:11:48,0,4,0.01,0.0,1.9140700000000002,0.0,0.0,GBPAUD.p,[tp 1.91407]
334119293,2026-08-19 12:11:49,1,4,0.01,0.0,0.0,0.0,0.0,GBPAUD.p,E25/T4
334122676,2026-08-19 12:16:13,1,4,0.01,0.0,159.264,0.0,0.0,USDJPY.p,[tp 159.264]
334122908,2026-08-19 12:16:14,0,4,0.01,0.0,0.0,0.0,0.0,USDJPY.p,E25/T4
334129079,2026-08-19 12:22:19,0,4,0.01,0.0,2.30492,0.0,0.0,GBPNZD.p,[tp 2.30492]
334131801,2026-08-19 12:24:36,1,4,0.01,0.0,93.631,0.0,0.0,NZDJPY.p,[tp 93.631]
334152299,2026-08-19 12:45:00,0,4,0.01,0.0,0.0,0.0,0.0,GBPNZD.p,E25/T4
334226679,2026-08-19 13:58:13,0,4,0.01,0.0,1.88007,0.0,0.0,GBPCAD.p,[tp 1.88007]
334226680,2026-08-19 13:58:13,0,4,0.01,0.0,1.88007,0.0,0.0,GBPCAD.p,[tp 1.88007]
334231293,2026-08-19 14:01:26,1,4,0.01,0.0,2.30534,0.0,0.0,GBPNZD.p,[tp 2.30534]
334267324,2026-08-19 14:30:00,0,4,0.01,0.0,0.0,0.0,0.0,GBPNZD.p,E25/T4
334267375,2026-08-19 14:30:00,0,4,0.01,0.0,0.0,0.0,0.0,AUDNZD.p,E25/T4
334332782,2026-08-19 15:22:34,0,4,0.01,0.0,215.611,0.0,0.0,GBPJPY.p,[tp 215.611]
334332783,2026-08-19 15:22:34,0,4,0.01,0.0,215.611,0.0,0.0,GBPJPY.p,[tp 215.611]
334360749,2026-08-19 15:34:28,1,4,0.01,0.0,0.98304,0.0,0.0,AUDCAD.p,[tp 0.98304]
334435590,2026-08-19 15:45:00,0,4,0.01,0.0,0.0,0.0,0.0,USDJPY.p,E25/T4
334435814,2026-08-19 15:45:00,1,4,0.01,0.0,0.0,0.0,0.0,GBPUSD.p,E25/T4
334435815,2026-08-19 15:45:00,1,4,0.01,0.0,0.0,0.0,0.0,NZDJPY.p,E25/T4
334435922,2026-08-19 15:45:01,0,4,0.01,0.0,0.0,0.0,0.0,CADCHF.p,E25/T4
334505659,2026-08-19 16:00:00,0,4,0.01,0.0,0.0,0.0,0.0,GBPJPY.p,E25/T4
334505745,2026-08-19 16:00:00,0,4,0.01,0.0,0.0,0.0,0.0,EURJPY.p,E25/T4
334505748,2026-08-19 16:00:00,0,4,0.01,0.0,0.0,0.0,0.0,SGDJPY.p,E25/T4
334506078,2026-08-19 16:00:00,0,4,0.01,0.0,0.0,0.0,0.0,CADJPY.p,E25/T4
334528672,2026-08-19 16:04:41,0,4,0.01,0.0,1.91357,0.0,0.0,GBPAUD.p,[tp 1.91357]
334554071,2026-08-19 16:10:31,0,4,0.01,0.0,1.96929,0.0,0.0,EURNZD.p,[tp 1.96929]
334554223,2026-08-19 16:10:32,0,4,0.01,0.0,0.0,0.0,0.0,EURNZD.p,E25/T4
334559058,2026-08-19 16:11:36,0,4,0.01,0.0,0.0,0.0,0.0,EURCHF.p,E25/T4
334559126,2026-08-19 16:11:37,1,4,0.01,0.0,196.659,0.0,0.0,CHFJPY.p,[tp 196.659]
334578431,2026-08-19 16:15:00,0,4,0.01,0.0,0.0,0.0,0.0,GBPNZD.p,E25/T4
334578554,2026-08-19 16:15:00,1,4,0.01,0.0,0.0,0.0,0.0,EURCAD.p,E25/T4
334622787,2026-08-19 16:30:00,1,4,0.01,0.0,0.0,0.0,0.0,AUDCAD.p,E25/T4
334622863,2026-08-19 16:30:00,0,4,0.01,0.0,0.0,0.0,0.0,GBPAUD.p,E25/T4
334628529,2026-08-19 16:31:19,1,4,0.01,0.0,0.90611,0.0,0.0,AUDSGD.p,[tp 0.90611]
334683169,2026-08-19 16:45:00,0,4,0.01,0.0,0.0,0.0,0.0,USDSGD.p,E25/T4
334683291,2026-08-19 16:45:00,1,4,0.01,0.0,0.0,0.0,0.0,GBPCAD.p,E25/T4
334683394,2026-08-19 16:45:00,1,4,0.01,0.0,0.0,0.0,0.0,NZDCAD.p,E25/T4
334727361,2026-08-19 17:00:00,1,4,0.01,0.0,0.0,0.0,0.0,GBPSGD.p,E25/T4
334727535,2026-08-19 17:00:00,1,4,0.01,0.0,0.0,0.0,0.0,AUDSGD.p,E25/T4
334883880,2026-08-19 18:00:00,0,4,0.01,0.0,0.0,0.0,0.0,AUDCHF.p,E25/T4
334884079,2026-08-19 18:00:00,1,4,0.01,0.0,0.0,0.0,0.0,EURSGD.p,E25/T4
334884082,2026-08-19 18:00:00,1,4,0.01,0.0,0.0,0.0,0.0,NZDSGD.p,E25/T4
334884162,2026-08-19 18:00:00,1,4,0.02,0.0,0.0,0.0,0.0,EURUSD.p,/// THERANTO V3 ///
334884232,2026-08-19 18:00:01,0,4,0.01,0.0,0.0,0.0,0.0,GBPCHF.p,E25/T4
334884262,2026-08-19 18:00:01,0,4,0.01,0.0,0.0,0.0,0.0,USDCHF.p,E25/T4
334884287,2026-08-19 18:00:01,0,4,0.01,0.0,0.0,0.0,0.0,NZDCHF.p,E25/T4
334884288,2026-08-19 18:00:01,1,4,0.01,0.0,0.0,0.0,0.0,NZDUSD.p,E25/T4
334884316,2026-08-19 18:00:02,1,4,0.01,0.0,0.0,0.0,0.0,CHFJPY.p,E25/T4
334972031,2026-08-19 18:45:00,0,4,0.02,0.0,0.0,0.0,0.0,CADCHF.p,E25/T4
334994006,2026-08-19 18:55:40,1,4,0.01,0.0,114.634,0.0,0.0,CADJPY.p,[tp 114.634]
334994176,2026-08-19 18:55:41,1,4,0.01,0.0,0.0,0.0,0.0,CADJPY.p,E25/T4
334998600,2026-08-19 18:59:08,1,4,0.01,0.0,184.839,0.0,0.0,EURJPY.p,[tp 184.839]
335043826,2026-08-19 19:30:00,1,4,0.01,0.0,0.0,0.0,0.0,EURJPY.p,E25/T4
335061157,2026-08-19 19:44:50,0,4,0.01,0.0,1.61161,0.0,0.0,EURCAD.p,[tp 1.61161]
335061188,2026-08-19 19:44:52,1,4,0.01,0.0,0.0,0.0,0.0,EURCAD.p,E25/T4
335089407,2026-08-19 20:07:44,0,4,0.01,0.0,0.98369,0.0,0.0,AUDCAD.p,[tp 0.98369]
335097577,2026-08-19 20:13:11,1,4,0.01,0.0,124.604,0.0,0.0,SGDJPY.p,[tp 124.604]
335184466,2026-08-19 21:17:18,0,4,0.01,0.0,0.90507,0.0,0.0,AUDSGD.p,[tp 0.90507]
335184616,2026-08-19 21:17:22,0,4,0.01,0.0,0.0,0.0,0.0,AUDSGD.p,E25/T4
335233256,2026-08-19 21:45:00,0,4,0.01,0.0,0.0,0.0,0.0,AUDCAD.p,E25/T4
335248539,2026-08-19 21:56:22,0,4,0.01,0.0,1.8791799999999999,0.0,0.0,GBPCAD.p,[tp 1.87918]
335248575,2026-08-19 21:56:23,0,4,0.01,0.0,0.0,0.0,0.0,GBPCAD.p,E25/T4
335302984,2026-08-19 22:36:19,0,4,0.01,0.0,1.7298900000000001,0.0,0.0,GBPSGD.p,[tp 1.72989]
335302991,2026-08-19 22:36:20,0,4,0.01,0.0,0.0,0.0,0.0,GBPSGD.p,E25/T4
335313470,2026-08-19 22:45:00,0,4,0.01,0.0,0.0,0.0,0.0,SGDJPY.p,E25/T4
335362096,2026-08-19 23:43:51,0,4,0.01,0.0,184.703,0.0,0.0,EURJPY.p,[tp 184.703]
335362098,2026-08-19 23:43:51,0,4,0.01,0.0,114.537,0.0,0.0,CADJPY.p,[tp 114.537]
335362106,2026-08-19 23:43:53,0,4,0.01,0.0,0.0,0.0,0.0,EURJPY.p,E25/T4
335362108,2026-08-19 23:43:53,0,4,0.01,0.0,0.0,0.0,0.0,CADJPY.p,E25/T4
335373775,2026-08-20 00:15:00,0,4,0.01,0.0,0.0,0.0,0.0,GBPJPY.p,E25/T4
335431541,2026-08-20 01:54:51,1,4,0.01,0.0,114.58,0.0,0.0,CADJPY.p,[tp 114.580]
335431586,2026-08-20 01:54:52,0,4,0.01,0.0,0.0,0.0,0.0,CADJPY.p,E25/T4
335442013,2026-08-20 02:02:20,1,4,0.01,0.0,0.9059,0.0,0.0,AUDSGD.p,[tp 0.90590]
335448050,2026-08-20 02:05:33,1,4,0.01,0.0,0.98394,0.0,0.0,AUDCAD.p,[tp 0.98394]
335473097,2026-08-20 02:30:00,1,4,0.01,0.0,0.0,0.0,0.0,AUDSGD.p,E25/T4
335481788,2026-08-20 02:36:20,1,4,0.01,0.0,184.748,0.0,0.0,EURJPY.p,[tp 184.748]
335514101,2026-08-20 03:01:06,1,4,0.01,0.0,114.636,0.0,0.0,CADJPY.p,[tp 114.636]
335531953,2026-08-20 03:08:05,1,4,0.01,0.0,124.518,0.0,0.0,SGDJPY.p,[tp 124.518]
335574136,2026-08-20 03:30:00,1,4,0.01,0.0,0.0,0.0,0.0,EURJPY.p,E25/T4
335604112,2026-08-20 03:47:43,0,4,0.01,0.0,0.90529,0.0,0.0,AUDSGD.p,[tp 0.90529]
335604234,2026-08-20 03:47:46,1,4,0.01,0.0,0.0,0.0,0.0,AUDSGD.p,E25/T4
335628024,2026-08-20 04:00:00,1,4,0.01,0.0,0.0,0.0,0.0,SGDJPY.p,E25/T4
335644044,2026-08-20 04:02:41,1,4,0.01,0.0,215.469,0.0,0.0,GBPJPY.p,[tp 215.469]
335644045,2026-08-20 04:02:41,1,4,0.01,0.0,215.469,0.0,0.0,GBPJPY.p,[tp 215.469]
335712841,2026-08-20 04:30:09,1,4,0.01,0.0,1.91372,0.0,0.0,GBPAUD.p,[tp 1.91372]
335713059,2026-08-20 04:30:10,1,4,0.01,0.0,0.0,0.0,0.0,GBPAUD.p,E25/T4
335746541,2026-08-20 04:45:00,1,4,0.01,0.0,0.0,0.0,0.0,NZDJPY.p,E25/T4
335775931,2026-08-20 05:00:00,0,4,0.02,0.0,0.0,0.0,0.0,GBPNZD.p,E25/T4
335788690,2026-08-20 05:04:17,1,4,0.01,0.0,1.73031,0.0,0.0,GBPSGD.p,[tp 1.73031]
335800078,2026-08-20 05:09:51,0,4,0.01,0.0,0.90473,0.0,0.0,AUDSGD.p,[tp 0.90473]
335800113,2026-08-20 05:09:52,0,4,0.01,0.0,0.0,0.0,0.0,AUDSGD.p,E25/T4
335802519,2026-08-20 05:11:05,1,4,0.01,0.0,0.47563,0.0,0.0,NZDCHF.p,[tp 0.47563]
335808255,2026-08-20 05:15:00,1,4,0.01,0.0,0.0,0.0,0.0,GBPJPY.p,E25/T4
335808281,2026-08-20 05:15:00,1,4,0.01,0.0,0.0,0.0,0.0,CADJPY.p,E25/T4
335907283,2026-08-20 06:13:42,0,4,0.01,0.0,1.91255,0.0,0.0,GBPAUD.p,[tp 1.91255]
335907295,2026-08-20 06:13:44,1,4,0.01,0.0,0.0,0.0,0.0,GBPAUD.p,E25/T4
335974487,2026-08-20 06:55:20,1,4,0.01,0.0,0.90516,0.0,0.0,AUDSGD.p,[tp 0.90516]
335991107,2026-08-20 07:07:19,0,4,0.01,0.0,1.61117,0.0,0.0,EURCAD.p,[tp 1.61117]
335998940,2026-08-20 07:15:00,0,4,0.01,0.0,0.0,0.0,0.0,EURNZD.p,E25/T4
336146136,2026-08-20 08:47:01,0,4,0.01,0.0,1.9120300000000001,0.0,0.0,GBPAUD.p,[tp 1.91203]
336267641,2026-08-20 10:00:47,0,4,0.01,0.0,215.619,0.0,0.0,GBPJPY.p,[tp 215.619]
336385355,2026-08-20 11:00:00,1,4,0.01,0.0,0.0,0.0,0.0,GBPJPY.p,E25/T4
336385532,2026-08-20 11:00:00,1,4,0.01,0.0,0.0,0.0,0.0,GBPSGD.p,E25/T4
336477628,2026-08-20 11:40:26,1,4,0.01,0.0,112.922,0.0,0.0,AUDJPY.p,[tp 112.922]
336477629,2026-08-20 11:40:26,1,4,0.01,0.0,112.922,0.0,0.0,AUDJPY.p,[tp 112.922]
336486795,2026-08-20 11:45:00,1,4,0.01,0.0,0.0,0.0,0.0,EURJPY.p,E25/T4
336624305,2026-08-20 13:00:00,0,4,0.01,0.0,0.0,0.0,0.0,USDCAD.p,E25/T4
336682668,2026-08-20 13:30:00,1,4,0.01,0.0,0.0,0.0,0.0,GBPAUD.p,E25/T4
336753723,2026-08-20 14:15:00,1,4,0.01,0.0,0.0,0.0,0.0,CADJPY.p,E25/T4
336900167,2026-08-20 15:05:34,0,4,0.01,0.0,0.8183,0.0,0.0,NZDCAD.p,[tp 0.81830]
336900568,2026-08-20 15:05:35,1,4,0.01,0.0,1.9655200000000002,0.0,0.0,EURNZD.p,[tp 1.96552]
336900569,2026-08-20 15:05:35,1,4,0.01,0.0,1.9655200000000002,0.0,0.0,EURNZD.p,[tp 1.96552]
336938614,2026-08-20 15:15:00,0,4,0.01,0.0,0.0,0.0,0.0,NZDCAD.p,E25/T4
336938615,2026-08-20 15:15:00,1,4,0.01,0.0,0.0,0.0,0.0,GBPJPY.p,E25/T4
336978214,2026-08-20 15:30:00,0,4,0.01,0.0,0.0,0.0,0.0,AUDCAD.p,E25/T4
336978282,2026-08-20 15:30:00,0,4,0.01,0.0,0.0,0.0,0.0,EURCAD.p,E25/T4
337075481,2026-08-20 15:52:49,1,4,0.01,0.0,1.8796300000000001,0.0,0.0,GBPCAD.p,[tp 1.87963]
337174563,2026-08-20 16:15:00,1,4,0.01,0.0,0.0,0.0,0.0,GBPCAD.p,E25/T4
337291507,2026-08-20 16:38:41,1,4,0.01,0.0,0.82054,0.0,0.0,NZDCAD.p,[tp 0.82054]
337368870,2026-08-20 16:56:23,1,4,0.01,0.0,0.98092,0.0,0.0,AUDCAD.p,[tp 0.98092]
337382019,2026-08-20 17:00:00,1,4,0.01,0.0,0.0,0.0,0.0,AUDCAD.p,E25/T4
337450865,2026-08-20 17:15:00,0,4,0.01,0.0,0.0,0.0,0.0,EURNZD.p,E25/T4
337508064,2026-08-20 17:30:00,1,4,0.01,0.0,0.0,0.0,0.0,AUDJPY.p,E25/T4
337541849,2026-08-20 17:40:07,1,4,0.01,0.0,1.61022,0.0,0.0,EURCAD.p,[tp 1.61022]
337541894,2026-08-20 17:40:08,0,4,0.01,0.0,0.0,0.0,0.0,EURCAD.p,E25/T4
337546826,2026-08-20 17:41:23,0,4,0.01,0.0,1.91426,0.0,0.0,GBPAUD.p,[tp 1.91426]
337599198,2026-08-20 17:57:02,0,4,0.01,0.0,1.87813,0.0,0.0,GBPCAD.p,[tp 1.87813]
337599530,2026-08-20 17:57:04,1,4,0.01,0.0,0.0,0.0,0.0,GBPCAD.p,E25/T4
337609177,2026-08-20 18:00:00,0,4,0.01,0.0,0.0,0.0,0.0,GBPAUD.p,E25/T4
337609193,2026-08-20 18:00:00,1,4,0.01,0.0,0.0,0.0,0.0,NZDCAD.p,E25/T4
337738752,2026-08-20 18:42:52,1,4,0.01,0.0,158.911,0.0,0.0,USDJPY.p,[tp 158.911]
337738753,2026-08-20 18:42:52,1,4,0.01,0.0,158.911,0.0,0.0,USDJPY.p,[tp 158.911]
337745364,2026-08-20 18:44:23,1,4,0.01,0.0,1.09112,0.0,0.0,GBPCHF.p,[tp 1.09112]
337747589,2026-08-20 18:45:00,1,4,0.01,0.0,0.0,0.0,0.0,SGDJPY.p,E25/T4
337806233,2026-08-20 19:00:00,1,4,0.01,0.0,0.0,0.0,0.0,USDJPY.p,E25/T4
337806237,2026-08-20 19:00:00,1,4,0.01,0.0,0.0,0.0,0.0,GBPCHF.p,E25/T4
337823093,2026-08-20 19:04:45,1,4,0.01,0.0,1.96399,0.0,0.0,EURNZD.p,[tp 1.96399]
337823251,2026-08-20 19:04:47,1,4,0.01,0.0,0.0,0.0,0.0,EURNZD.p,E25/T4
337903387,2026-08-20 19:30:00,1,4,0.02,0.0,0.0,0.0,0.0,GBPJPY.p,E25/T4
338064655,2026-08-20 20:38:08,0,4,0.01,0.0,0.819,0.0,0.0,NZDCAD.p,[tp 0.81900]
338099978,2026-08-20 20:56:42,1,4,0.01,0.0,1.9161299999999999,0.0,0.0,GBPAUD.p,[tp 1.91613]
338100048,2026-08-20 20:56:45,1,4,0.01,0.0,0.0,0.0,0.0,GBPAUD.p,E25/T4
338106207,2026-08-20 21:00:00,0,4,0.01,0.0,0.0,0.0,0.0,NZDCAD.p,E25/T4
338119505,2026-08-20 21:07:34,0,4,0.01,0.0,0.98026,0.0,0.0,AUDCAD.p,[tp 0.98026]
338304080,2026-08-20 22:58:11,1,4,0.01,0.0,1.61064,0.0,0.0,EURCAD.p,[tp 1.61064]
338360413,2026-08-21 01:02:22,1,4,0.01,0.0,0.81973,0.0,0.0,NZDCAD.p,[tp 0.81973]
338501063,2026-08-21 02:50:46,0,4,0.01,0.0,1.96354,0.0,0.0,EURNZD.p,[tp 1.96354]
338532941,2026-08-21 03:05:43,0,4,0.01,0.0,1.9156499999999999,0.0,0.0,GBPAUD.p,[tp 1.91565]
338624626,2026-08-21 03:45:00,1,4,0.02,0.0,0.0,0.0,0.0,EURJPY.p,E25/T4
338900852,2026-08-21 05:45:00,1,4,0.01,0.0,0.0,0.0,0.0,AUDCAD.p,E25/T4
338900989,2026-08-21 05:45:00,1,4,0.01,0.0,0.0,0.0,0.0,NZDCAD.p,E25/T4
338901016,2026-08-21 05:45:00,0,4,0.01,0.0,0.0,0.0,0.0,GBPAUD.p,E25/T4
338901117,2026-08-21 05:45:01,0,4,0.01,0.0,0.0,0.0,0.0,EURNZD.p,E25/T4
339006276,2026-08-21 06:43:34,1,4,0.01,0.0,0.57109,0.0,0.0,AUDCHF.p,[tp 0.57109]
339071257,2026-08-21 07:29:29,0,4,0.01,0.0,1.8776199999999998,0.0,0.0,GBPCAD.p,[tp 1.87762]
339072675,2026-08-21 07:30:12,1,4,0.01,0.0,1.95939,0.0,0.0,EURNZD.p,[tp 1.95939]
339099731,2026-08-21 07:54:06,0,4,0.01,0.0,0.82129,0.0,0.0,NZDCAD.p,[tp 0.82129]
339103682,2026-08-21 08:00:00,0,4,0.01,0.0,0.0,0.0,0.0,EURNZD.p,E25/T4
339120277,2026-08-21 08:15:00,1,4,0.01,0.0,0.0,0.0,0.0,NZDCAD.p,E25/T4
339194404,2026-08-21 09:00:49,0,4,0.01,0.0,158.804,0.0,0.0,USDJPY.p,[tp 158.804]
339289569,2026-08-21 10:09:47,1,4,0.01,0.0,1.96015,0.0,0.0,EURNZD.p,[tp 1.96015]
339289583,2026-08-21 10:09:48,0,4,0.01,0.0,0.0,0.0,0.0,EURNZD.p,E25/T4
339332316,2026-08-21 10:38:13,0,4,0.01,0.0,1.63575,0.0,0.0,EURAUD.p,[tp 1.63575]
339332317,2026-08-21 10:38:13,0,4,0.01,0.0,1.63575,0.0,0.0,EURAUD.p,[tp 1.63575]
339355797,2026-08-21 10:59:04,1,4,0.01,0.0,0.5818,0.0,0.0,CADCHF.p,[tp 0.58180]
339355798,2026-08-21 10:59:04,1,4,0.01,0.0,0.5818,0.0,0.0,CADCHF.p,[tp 0.58180]
339355799,2026-08-21 10:59:04,1,4,0.02,0.0,0.5818,0.0,0.0,CADCHF.p,[tp 0.58180]
339363283,2026-08-21 11:06:07,0,4,0.01,0.0,0.82069,0.0,0.0,NZDCAD.p,[tp 0.82069]
339374448,2026-08-21 11:15:00,0,4,0.01,0.0,0.0,0.0,0.0,GBPAUD.p,E25/T4
339402782,2026-08-21 11:30:00,0,4,0.01,0.0,0.0,0.0,0.0,NZDCAD.p,E25/T4
339402783,2026-08-21 11:30:00,0,4,0.01,0.0,0.0,0.0,0.0,GBPCAD.p,E25/T4
339402909,2026-08-21 11:30:00,1,4,0.02,0.0,0.0,0.0,0.0,AUDUSD.p,E25/T4
339422623,2026-08-21 11:45:00,0,4,0.01,0.0,0.0,0.0,0.0,USDSGD.p,E25/T4
339422629,2026-08-21 11:45:00,0,4,0.01,0.0,0.0,0.0,0.0,EURAUD.p,E25/T4
339422690,2026-08-21 11:45:00,1,4,0.01,0.0,0.0,0.0,0.0,NZDUSD.p,E25/T4
339450918,2026-08-21 12:08:11,0,4,0.01,0.0,185.47,0.0,0.0,EURJPY.p,[tp 185.470]
339450919,2026-08-21 12:08:11,0,4,0.01,0.0,185.47,0.0,0.0,EURJPY.p,[tp 185.470]
339450920,2026-08-21 12:08:11,0,4,0.02,0.0,185.47,0.0,0.0,EURJPY.p,[tp 185.470]
339490854,2026-08-21 12:30:00,0,4,0.01,0.0,0.0,0.0,0.0,USDJPY.p,E25/T4
339505632,2026-08-21 12:45:00,0,4,0.01,0.0,0.0,0.0,0.0,EURJPY.p,E25/T4
339544865,2026-08-21 13:21:44,1,4,0.01,0.0,1.63455,0.0,0.0,EURAUD.p,[tp 1.63455]
339575805,2026-08-21 13:53:10,1,4,0.01,0.0,185.731,0.0,0.0,EURJPY.p,[tp 185.731]
339575890,2026-08-21 13:53:11,0,4,0.01,0.0,0.0,0.0,0.0,EURJPY.p,E25/T4
339581034,2026-08-21 13:57:31,0,4,0.01,0.0,1.73126,0.0,0.0,GBPSGD.p,[tp 1.73126]
339594891,2026-08-21 14:06:31,1,4,0.01,0.0,158.734,0.0,0.0,USDJPY.p,[tp 158.734]
339594939,2026-08-21 14:06:32,0,4,0.01,0.0,0.0,0.0,0.0,USDJPY.p,E25/T4
339629038,2026-08-21 14:25:32,1,4,0.01,0.0,1.8772799999999998,0.0,0.0,GBPCAD.p,[tp 1.87728]
339629112,2026-08-21 14:25:33,0,4,0.01,0.0,0.0,0.0,0.0,GBPCAD.p,E25/T4
339629320,2026-08-21 14:25:37,1,4,0.01,0.0,0.82218,0.0,0.0,NZDCAD.p,[tp 0.82218]
339676431,2026-08-21 15:00:00,0,4,0.01,0.0,0.0,0.0,0.0,EURAUD.p,E25/T4
339676434,2026-08-21 15:00:00,0,4,0.01,0.0,0.0,0.0,0.0,EURCAD.p,E25/T4
339750543,2026-08-21 15:37:01,1,4,0.01,0.0,158.789,0.0,0.0,USDJPY.p,[tp 158.789]
339788724,2026-08-21 16:00:00,1,4,0.01,0.0,0.0,0.0,0.0,USDJPY.p,E25/T4
339808765,2026-08-21 16:11:08,0,4,0.02,0.0,0.0,0.0,0.0,GBPAUD.p,E25/T4
339832268,2026-08-21 16:24:05,0,4,0.01,0.0,1.48292,0.0,0.0,EURSGD.p,[tp 1.48292]
339930356,2026-08-21 17:00:00,0,4,0.01,0.0,0.0,0.0,0.0,EURAUD.p,E25/T4
339930560,2026-08-21 17:00:00,0,4,0.01,0.0,0.0,0.0,0.0,EURSGD.p,E25/T4
339930561,2026-08-21 17:00:00,0,4,0.01,0.0,0.0,0.0,0.0,GBPSGD.p,E25/T4
339930711,2026-08-21 17:00:00,0,4,0.01,0.0,0.0,0.0,0.0,EURNZD.p,E25/T4
340049269,2026-08-21 17:44:48,1,4,0.01,0.0,1.60786,0.0,0.0,EURCAD.p,[tp 1.60786]
340050153,2026-08-21 17:45:00,0,4,0.01,0.0,0.0,0.0,0.0,EURCAD.p,E25/T4
340123140,2026-08-21 18:15:00,1,4,0.01,0.0,0.0,0.0,0.0,AUDJPY.p,E25/T4
340142082,2026-08-21 18:23:46,1,4,0.01,0.0,0.80194,0.0,0.0,USDCHF.p,[tp 0.80194]
340204220,2026-08-21 18:51:43,1,4,0.01,0.0,1.87785,0.0,0.0,GBPCAD.p,[tp 1.87785]
340294566,2026-08-21 19:21:07,1,4,0.01,0.0,1.60853,0.0,0.0,EURCAD.p,[tp 1.60853]
340307505,2026-08-21 19:25:26,1,4,0.01,0.0,1.48311,0.0,0.0,EURSGD.p,[tp 1.48311]
340339854,2026-08-21 19:45:00,1,4,0.01,0.0,0.0,0.0,0.0,EURCAD.p,E25/T4
340424394,2026-08-21 20:30:00,0,4,0.01,0.0,0.0,0.0,0.0,EURSGD.p,E25/T4
340432001,2026-08-21 20:34:52,1,4,0.01,0.0,1.7319900000000001,0.0,0.0,GBPSGD.p,[tp 1.73199]
340491601,2026-08-21 21:30:00,1,4,0.01,0.0,0.0,0.0,0.0,AUDCHF.p,E25/T4
340491775,2026-08-21 21:30:02,1,4,0.01,0.0,185.774,0.0,0.0,EURJPY.p,[tp 185.774]
340517529,2026-08-21 21:52:02,0,4,0.01,0.0,1.6076000000000001,0.0,0.0,EURCAD.p,[tp 1.60760]
340893444,2026-08-24 00:01:29,0,4,0.01,0.0,0.0,0.0,0.0,EURCAD.p,E25/T4
340895463,2026-08-24 00:15:00,0,4,0.01,0.0,0.0,0.0,0.0,CADCHF.p,E25/T4
340897104,2026-08-24 00:26:08,0,4,0.02,0.0,0.0,0.0,0.0,AUDNZD.p,E25/T4
340899320,2026-08-24 00:37:01,0,4,0.01,0.0,158.644,0.0,0.0,USDJPY.p,[tp 158.644]
340899578,2026-08-24 00:38:48,0,4,0.01,0.0,0.57433,0.0,0.0,AUDCHF.p,[tp 0.57433]
340900267,2026-08-24 00:45:00,0,4,0.01,0.0,0.0,0.0,0.0,USDJPY.p,E25/T4
340929926,2026-08-24 01:15:00,0,4,0.01,0.0,0.0,0.0,0.0,EURJPY.p,E25/T4
340930071,2026-08-24 01:15:00,0,4,0.01,0.0,0.0,0.0,0.0,AUDSGD.p,E25/T4
340930072,2026-08-24 01:15:00,0,4,0.01,0.0,0.0,0.0,0.0,AUDCHF.p,E25/T4
340930244,2026-08-24 01:15:00,0,4,0.01,0.0,0.0,0.0,0.0,GBPSGD.p,E25/T4
340964545,2026-08-24 01:45:00,1,4,0.01,0.0,0.0,0.0,0.0,NZDCAD.p,E25/T4
340964641,2026-08-24 01:45:00,1,4,0.01,0.0,0.0,0.0,0.0,GBPCAD.p,E25/T4
341019255,2026-08-24 02:41:01,1,4,0.01,0.0,158.988,0.0,0.0,USDJPY.p,[tp 158.988]
341049209,2026-08-24 03:00:00,1,4,0.01,0.0,0.0,0.0,0.0,USDJPY.p,E25/T4
341064845,2026-08-24 03:04:03,1,4,0.01,0.0,185.637,0.0,0.0,EURJPY.p,[tp 185.637]
341113309,2026-08-24 03:23:31,1,4,0.01,0.0,1.48312,0.0,0.0,EURSGD.p,[tp 1.48312]
341172219,2026-08-24 03:45:00,1,4,0.01,0.0,0.0,0.0,0.0,EURSGD.p,E25/T4
341246618,2026-08-24 04:15:00,0,4,0.01,0.0,0.0,0.0,0.0,EURJPY.p,E25/T4
341365579,2026-08-24 05:02:09,0,4,0.01,0.0,158.828,0.0,0.0,USDJPY.p,[tp 158.828]
341431944,2026-08-24 05:31:47,1,4,0.01,0.0,185.601,0.0,0.0,EURJPY.p,[tp 185.601]
341500305,2026-08-24 06:09:15,0,4,0.01,0.0,0.82369,0.0,0.0,NZDCAD.p,[tp 0.82369]
341500316,2026-08-24 06:09:16,1,4,0.01,0.0,0.0,0.0,0.0,NZDCAD.p,E25/T4
341569834,2026-08-24 07:09:05,0,4,0.01,0.0,1.48237,0.0,0.0,EURSGD.p,[tp 1.48237]
341755450,2026-08-24 09:15:00,1,4,0.01,0.0,0.0,0.0,0.0,AUDCAD.p,E25/T4
341846958,2026-08-24 09:55:36,1,4,0.01,0.0,1.61395,0.0,0.0,EURCAD.p,[tp 1.61395]
341876926,2026-08-24 10:09:26,1,4,0.01,0.0,1.38278,0.0,0.0,USDCAD.p,[tp 1.38278]
341876927,2026-08-24 10:09:26,1,4,0.01,0.0,1.38278,0.0,0.0,USDCAD.p,[tp 1.38278]
341905597,2026-08-24 10:21:13,1,4,0.01,0.0,1.73292,0.0,0.0,GBPSGD.p,[tp 1.73292]
341950399,2026-08-24 10:45:04,1,4,0.01,0.0,0.0,0.0,0.0,EURCAD.p,E25/T4
342011969,2026-08-24 11:13:35,1,4,0.01,0.0,0.57477,0.0,0.0,AUDCHF.p,[tp 0.57477]
342065843,2026-08-24 11:45:00,1,4,0.01,0.0,0.0,0.0,0.0,GBPCAD.p,E25/T4
342065974,2026-08-24 11:45:00,1,4,0.01,0.0,0.0,0.0,0.0,USDJPY.p,E25/T4
342066063,2026-08-24 11:45:01,1,4,0.01,0.0,0.0,0.0,0.0,USDCHF.p,E25/T4
342104928,2026-08-24 12:15:00,1,4,0.01,0.0,0.0,0.0,0.0,USDCAD.p,E25/T4
342155008,2026-08-24 12:54:50,0,4,0.01,0.0,1.61338,0.0,0.0,EURCAD.p,[tp 1.61338]
342155128,2026-08-24 12:54:52,1,4,0.01,0.0,0.0,0.0,0.0,EURCAD.p,E25/T4
342197919,2026-08-24 13:34:59,0,4,0.01,0.0,159.129,0.0,0.0,USDJPY.p,[tp 159.129]
342197943,2026-08-24 13:35:00,1,4,0.01,0.0,0.0,0.0,0.0,USDJPY.p,E25/T4
342233836,2026-08-24 14:06:38,1,4,0.01,0.0,1.9569999999999999,0.0,0.0,EURNZD.p,[tp 1.95700]
342233837,2026-08-24 14:06:38,1,4,0.01,0.0,1.9569999999999999,0.0,0.0,EURNZD.p,[tp 1.95700]
342269224,2026-08-24 14:34:25,0,4,0.01,0.0,114.988,0.0,0.0,CADJPY.p,[tp 114.988]
342269225,2026-08-24 14:34:25,0,4,0.01,0.0,114.988,0.0,0.0,CADJPY.p,[tp 114.988]
342281005,2026-08-24 14:36:03,0,4,0.01,0.0,0.80199,0.0,0.0,USDCHF.p,[tp 0.80199]
342281163,2026-08-24 14:36:05,1,4,0.01,0.0,0.0,0.0,0.0,USDCHF.p,E25/T4
342318353,2026-08-24 14:45:00,1,4,0.01,0.0,0.0,0.0,0.0,EURJPY.p,E25/T4
342318461,2026-08-24 14:45:00,1,4,0.01,0.0,0.0,0.0,0.0,EURNZD.p,E25/T4
342340611,2026-08-24 14:55:05,0,4,0.01,0.0,159.066,0.0,0.0,USDJPY.p,[tp 159.066]
342340636,2026-08-24 14:55:06,1,4,0.01,0.0,0.0,0.0,0.0,USDJPY.p,E25/T4
342419669,2026-08-24 15:37:12,0,4,0.01,0.0,1.38358,0.0,0.0,USDCAD.p,[tp 1.38358]
342419672,2026-08-24 15:37:13,1,4,0.01,0.0,0.0,0.0,0.0,USDCAD.p,E25/T4
342436895,2026-08-24 15:45:00,0,4,0.01,0.0,0.0,0.0,0.0,CADJPY.p,E25/T4
342484161,2026-08-24 16:11:30,0,4,0.01,0.0,1.95568,0.0,0.0,EURNZD.p,[tp 1.95568]
342491045,2026-08-24 16:15:00,1,4,0.01,0.0,0.0,0.0,0.0,EURNZD.p,E25/T4
342621486,2026-08-24 16:59:34,0,4,0.01,0.0,1.38287,0.0,0.0,USDCAD.p,[tp 1.38287]
342621846,2026-08-24 16:59:49,0,4,0.01,0.0,1.61294,0.0,0.0,EURCAD.p,[tp 1.61294]
342665753,2026-08-24 17:14:53,1,4,0.01,0.0,115.075,0.0,0.0,CADJPY.p,[tp 115.075]
342666056,2026-08-24 17:15:00,0,4,0.01,0.0,0.0,0.0,0.0,USDCAD.p,E25/T4
342666210,2026-08-24 17:15:00,0,4,0.01,0.0,0.0,0.0,0.0,EURCAD.p,E25/T4
342736388,2026-08-24 17:45:00,1,4,0.01,0.0,0.0,0.0,0.0,CADJPY.p,E25/T4
342796182,2026-08-24 18:15:55,1,4,0.01,0.0,1.9068800000000001,0.0,0.0,GBPAUD.p,[tp 1.90688]
342796183,2026-08-24 18:15:55,1,4,0.01,0.0,1.9068800000000001,0.0,0.0,GBPAUD.p,[tp 1.90688]
342796185,2026-08-24 18:15:55,1,4,0.02,0.0,1.9068800000000001,0.0,0.0,GBPAUD.p,[tp 1.90688]
342825446,2026-08-24 18:30:00,1,4,0.01,0.0,0.0,0.0,0.0,GBPAUD.p,E25/T4
342834069,2026-08-24 18:32:15,1,4,0.01,0.0,1.38353,0.0,0.0,USDCAD.p,[tp 1.38353]
342871681,2026-08-24 18:48:54,1,4,0.01,0.0,1.6147399999999998,0.0,0.0,EURCAD.p,[tp 1.61474]
342935486,2026-08-24 19:15:00,1,4,0.01,0.0,0.0,0.0,0.0,USDCAD.p,E25/T4
342947148,2026-08-24 19:23:41,0,4,0.01,0.0,114.924,0.0,0.0,CADJPY.p,[tp 114.924]
342963162,2026-08-24 19:38:17,0,4,0.01,0.0,159.014,0.0,0.0,USDJPY.p,[tp 159.014]
342972325,2026-08-24 19:45:00,0,4,0.01,0.0,0.0,0.0,0.0,CADJPY.p,E25/T4
342972425,2026-08-24 19:45:00,1,4,0.01,0.0,0.0,0.0,0.0,EURCAD.p,E25/T4
343000387,2026-08-24 20:00:58,1,4,0.01,0.0,1.63177,0.0,0.0,EURAUD.p,[tp 1.63177]
343000388,2026-08-24 20:00:58,1,4,0.01,0.0,1.63177,0.0,0.0,EURAUD.p,[tp 1.63177]
343012066,2026-08-24 20:07:43,0,4,0.01,0.0,185.5,0.0,0.0,EURJPY.p,[tp 185.500]
343063123,2026-08-24 20:25:15,1,4,0.01,0.0,1.27104,0.0,0.0,USDSGD.p,[tp 1.27104]
343063124,2026-08-24 20:25:15,1,4,0.01,0.0,1.27104,0.0,0.0,USDSGD.p,[tp 1.27104]
343155258,2026-08-24 21:15:00,0,4,0.01,0.0,0.0,0.0,0.0,AUDCHF.p,E25/T4
343155481,2026-08-24 21:15:00,0,4,0.01,0.0,0.0,0.0,0.0,NZDCHF.p,E25/T4
343180787,2026-08-24 21:30:00,1,4,0.01,0.0,0.0,0.0,0.0,USDJPY.p,E25/T4
343180948,2026-08-24 21:30:00,0,4,0.01,0.0,0.0,0.0,0.0,EURSGD.p,E25/T4
343355283,2026-08-25 01:15:00,0,4,0.01,0.0,0.0,0.0,0.0,GBPSGD.p,E25/T4
343477489,2026-08-25 03:00:24,0,4,0.01,0.0,1.90597,0.0,0.0,GBPAUD.p,[tp 1.90597]
343597095,2026-08-25 03:53:36,1,4,0.01,0.0,114.982,0.0,0.0,CADJPY.p,[tp 114.982]
343655135,2026-08-25 04:15:00,1,4,0.01,0.0,0.0,0.0,0.0,CADJPY.p,E25/T4
343655190,2026-08-25 04:15:00,1,4,0.01,0.0,0.0,0.0,0.0,EURJPY.p,E25/T4
343692729,2026-08-25 04:30:00,0,4,0.01,0.0,0.0,0.0,0.0,EURAUD.p,E25/T4
343728921,2026-08-25 04:47:13,0,4,0.01,0.0,0.0,0.0,0.0,GBPAUD.p,E25/T4
343736008,2026-08-25 04:49:28,1,4,0.01,0.0,0.57456,0.0,0.0,AUDCHF.p,[tp 0.57456]
343845442,2026-08-25 05:30:00,1,4,0.01,0.0,0.0,0.0,0.0,USDSGD.p,E25/T4
343884522,2026-08-25 05:41:55,0,4,0.01,0.0,1.9555799999999999,0.0,0.0,EURNZD.p,[tp 1.95558]
344095455,2026-08-25 06:45:00,0,4,0.01,0.0,0.0,0.0,0.0,EURNZD.p,E25/T4
344095586,2026-08-25 06:45:00,1,4,0.01,0.0,0.0,0.0,0.0,AUDCHF.p,E25/T4
344201952,2026-08-25 07:23:33,1,4,0.01,0.0,1.6309399999999998,0.0,0.0,EURAUD.p,[tp 1.63094]
344235853,2026-08-25 07:45:00,1,4,0.01,0.0,0.0,0.0,0.0,EURAUD.p,E25/T4
344237222,2026-08-25 07:45:15,0,4,0.01,0.0,185.621,0.0,0.0,EURJPY.p,[tp 185.621]
344240498,2026-08-25 07:48:37,0,4,0.01,0.0,114.887,0.0,0.0,CADJPY.p,[tp 114.887]
344256041,2026-08-25 08:00:00,0,4,0.01,0.0,0.0,0.0,0.0,CADJPY.p,E25/T4
344256243,2026-08-25 08:00:00,0,4,0.01,0.0,0.0,0.0,0.0,EURJPY.p,E25/T4
344397029,2026-08-25 09:10:37,1,4,0.01,0.0,1.9575900000000002,0.0,0.0,EURNZD.p,[tp 1.95759]
344418783,2026-08-25 09:23:21,0,4,0.01,0.0,0.57436,0.0,0.0,AUDCHF.p,[tp 0.57436]
344418810,2026-08-25 09:23:22,1,4,0.01,0.0,0.0,0.0,0.0,AUDCHF.p,E25/T4
344431629,2026-08-25 09:30:00,1,4,0.01,0.0,0.0,0.0,0.0,EURNZD.p,E25/T4
344465630,2026-08-25 09:47:49,0,4,0.02,0.0,1.16528,0.0,0.0,EURUSD.p,[tp 1.16528]
344508978,2026-08-25 10:05:03,1,4,0.01,0.0,185.807,0.0,0.0,EURJPY.p,[tp 185.807]
344530861,2026-08-25 10:15:00,0,4,0.02,0.0,0.0,0.0,0.0,EURUSD.p,/// THERANTO V3 ///
344530879,2026-08-25 10:15:00,1,4,0.01,0.0,0.0,0.0,0.0,GBPCHF.p,E25/T4
344567426,2026-08-25 10:29:17,1,4,0.01,0.0,115.006,0.0,0.0,CADJPY.p,[tp 115.006]
344715266,2026-08-25 11:24:32,1,4,0.01,0.0,0.47846,0.0,0.0,NZDCHF.p,[tp 0.47846]
344773635,2026-08-25 11:43:44,0,4,0.01,0.0,0.57394,0.0,0.0,AUDCHF.p,[tp 0.57394]
344773666,2026-08-25 11:43:46,0,4,0.01,0.0,0.0,0.0,0.0,AUDCHF.p,E25/T4
344776792,2026-08-25 11:45:00,1,4,0.01,0.0,0.0,0.0,0.0,EURJPY.p,E25/T4
344779773,2026-08-25 11:46:25,1,4,0.01,0.0,1.7329599999999998,0.0,0.0,GBPSGD.p,[tp 1.73296]
344842338,2026-08-25 12:10:59,1,4,0.01,0.0,1.48252,0.0,0.0,EURSGD.p,[tp 1.48252]
344884377,2026-08-25 12:30:00,1,4,0.01,0.0,0.0,0.0,0.0,GBPSGD.p,E25/T4
345003540,2026-08-25 13:13:03,0,4,0.01,0.0,185.835,0.0,0.0,EURJPY.p,[tp 185.835]
345003627,2026-08-25 13:13:04,1,4,0.01,0.0,0.0,0.0,0.0,EURJPY.p,E25/T4
345052223,2026-08-25 13:40:58,0,4,0.01,0.0,1.95647,0.0,0.0,EURNZD.p,[tp 1.95647]
345125328,2026-08-25 14:15:03,0,4,0.01,0.0,1.6303,0.0,0.0,EURAUD.p,[tp 1.63030]
345171926,2026-08-25 14:40:01,0,4,0.01,0.0,185.751,0.0,0.0,EURJPY.p,[tp 185.751]
345171998,2026-08-25 14:40:02,0,4,0.01,0.0,0.0,0.0,0.0,EURJPY.p,E25/T4
345178576,2026-08-25 14:43:40,1,4,0.01,0.0,0.57439,0.0,0.0,AUDCHF.p,[tp 0.57439]
345209926,2026-08-25 15:00:00,0,4,0.01,0.0,0.0,0.0,0.0,EURNZD.p,E25/T4
345249666,2026-08-25 15:15:00,0,4,0.01,0.0,0.0,0.0,0.0,EURAUD.p,E25/T4
345396933,2026-08-25 16:08:06,1,4,0.02,0.0,1.16695,0.0,0.0,EURUSD.p,[tp 1.16695]
345435395,2026-08-25 16:18:31,1,4,0.01,0.0,185.814,0.0,0.0,EURJPY.p,[tp 185.814]
345435419,2026-08-25 16:18:33,1,4,0.01,0.0,0.0,0.0,0.0,EURJPY.p,E25/T4
345464893,2026-08-25 17:22:54,0,4,0.01,0.0,1.61426,0.0,0.0,EURCAD.p,[tp 1.61426]
345485157,2026-08-25 17:30:28,1,4,0.01,0.0,1.63093,0.0,0.0,EURAUD.p,[tp 1.63093]
345485174,2026-08-25 17:30:28,1,4,0.01,0.0,1.9555799999999999,0.0,0.0,EURNZD.p,[tp 1.95558]
345503212,2026-08-25 17:37:56,0,4,0.01,0.0,1.3833199999999999,0.0,0.0,USDCAD.p,[tp 1.38332]
345503831,2026-08-25 17:38:10,0,4,0.01,0.0,0.0,0.0,0.0,USDCAD.p,E25/T4
345544499,2026-08-25 18:00:00,0,4,0.01,0.0,0.0,0.0,0.0,EURCAD.p,E25/T4
345957862,2026-08-25 20:54:06,0,4,0.01,0.0,1.26936,0.0,0.0,USDSGD.p,[tp 1.26936]
345962832,2026-08-25 20:57:23,1,4,0.01,0.0,0.0,0.0,0.0,EURAUD.p,E25/T4
345974884,2026-08-25 21:05:30,1,4,0.01,0.0,1.90653,0.0,0.0,GBPAUD.p,[tp 1.90653]
346017316,2026-08-25 21:45:00,0,4,0.01,0.0,0.0,0.0,0.0,EURNZD.p,E25/T4
346076695,2026-08-25 22:17:34,0,4,0.01,0.0,0.80151,0.0,0.0,USDCHF.p,[tp 0.80151]
346098233,2026-08-25 22:30:00,0,4,0.01,0.0,0.0,0.0,0.0,USDSGD.p,E25/T4
346101247,2026-08-25 22:31:43,0,4,0.01,0.0,1.63015,0.0,0.0,EURAUD.p,[tp 1.63015]
346134382,2026-08-25 22:53:17,0,4,0.01,0.0,185.769,0.0,0.0,EURJPY.p,[tp 185.769]
346143936,2026-08-25 22:57:58,0,4,0.01,0.0,159.096,0.0,0.0,USDJPY.p,[tp 159.096]
346146552,2026-08-25 23:00:00,1,4,0.01,0.0,0.0,0.0,0.0,NZDJPY.p,E25/T4
346149755,2026-08-25 23:02:58,1,4,0.01,0.0,1.61487,0.0,0.0,EURCAD.p,[tp 1.61487]
346149808,2026-08-25 23:02:59,0,4,0.01,0.0,0.0,0.0,0.0,EURCAD.p,E25/T4
346185402,2026-08-25 23:37:11,1,4,0.01,0.0,1.38372,0.0,0.0,USDCAD.p,[tp 1.38372]
346185411,2026-08-25 23:37:12,0,4,0.01,0.0,0.0,0.0,0.0,USDCAD.p,E25/T4
346191104,2026-08-25 23:45:00,0,4,0.01,0.0,0.0,0.0,0.0,EURAUD.p,E25/T4
346201535,2026-08-25 23:55:12,0,4,0.01,0.0,1.73225,0.0,0.0,GBPSGD.p,[tp 1.73225]
346224736,2026-08-26 01:15:00,0,4,0.01,0.0,0.0,0.0,0.0,GBPAUD.p,E25/T4
346227578,2026-08-26 01:16:35,1,4,0.01,0.0,1.61561,0.0,0.0,EURCAD.p,[tp 1.61561]
346227606,2026-08-26 01:16:40,0,4,0.01,0.0,0.0,0.0,0.0,EURCAD.p,E25/T4
346544742,2026-08-26 04:31:04,1,4,0.01,0.0,0.91082,0.0,0.0,AUDSGD.p,[tp 0.91082]
346545862,2026-08-26 04:31:26,1,4,0.01,0.0,1.95509,0.0,0.0,EURNZD.p,[tp 1.95509]
346549930,2026-08-26 04:33:13,1,4,0.01,0.0,1.20251,0.0,0.0,AUDNZD.p,[tp 1.20251]
346549931,2026-08-26 04:33:13,1,4,0.01,0.0,1.20251,0.0,0.0,AUDNZD.p,[tp 1.20251]
346549933,2026-08-26 04:33:13,1,4,0.02,0.0,1.20251,0.0,0.0,AUDNZD.p,[tp 1.20251]
346578729,2026-08-26 04:47:38,1,4,0.01,0.0,0.0,0.0,0.0,AUDCAD.p,E25/T4
346619231,2026-08-26 05:15:00,1,4,0.01,0.0,0.0,0.0,0.0,EURNZD.p,E25/T4
346639119,2026-08-26 05:30:00,0,4,0.01,0.0,0.0,0.0,0.0,USDJPY.p,E25/T4
346685654,2026-08-26 05:45:00,0,4,0.01,0.0,0.0,0.0,0.0,CADJPY.p,E25/T4
346685800,2026-08-26 05:45:00,0,4,0.01,0.0,0.0,0.0,0.0,EURJPY.p,E25/T4
346709902,2026-08-26 06:00:00,1,4,0.01,0.0,0.0,0.0,0.0,AUDSGD.p,E25/T4
346776124,2026-08-26 06:31:02,1,4,0.01,0.0,1.26976,0.0,0.0,USDSGD.p,[tp 1.26976]
346818533,2026-08-26 07:00:00,1,4,0.01,0.0,0.0,0.0,0.0,AUDNZD.p,E25/T4
346818543,2026-08-26 07:00:00,1,4,0.01,0.0,0.0,0.0,0.0,AUDCHF.p,E25/T4
347017149,2026-08-26 09:14:38,0,4,0.01,0.0,0.59496,0.0,0.0,NZDUSD.p,[tp 0.59496]
347017150,2026-08-26 09:14:38,0,4,0.01,0.0,0.59496,0.0,0.0,NZDUSD.p,[tp 0.59496]
347055320,2026-08-26 09:40:57,1,4,0.01,0.0,1.6167500000000001,0.0,0.0,EURCAD.p,[tp 1.61675]
347140204,2026-08-26 10:45:01,1,4,0.01,0.0,0.0,0.0,0.0,EURCAD.p,E25/T4
347593539,2026-08-26 16:45:00,1,4,0.01,0.0,0.0,0.0,0.0,AUDJPY.p,E25/T4
347603355,2026-08-26 16:49:46,1,4,0.01,0.0,114.908,0.0,0.0,CADJPY.p,[tp 114.908]
347603735,2026-08-26 16:49:50,1,4,0.01,0.0,0.93869,0.0,0.0,EURCHF.p,[tp 0.93869]
347604848,2026-08-26 16:50:01,1,4,0.01,0.0,185.741,0.0,0.0,EURJPY.p,[tp 185.741]
347654427,2026-08-26 17:15:00,1,4,0.01,0.0,0.0,0.0,0.0,CADJPY.p,E25/T4
347654477,2026-08-26 17:15:00,1,4,0.01,0.0,0.0,0.0,0.0,EURJPY.p,E25/T4
347697101,2026-08-26 17:45:00,0,4,0.02,0.0,0.0,0.0,0.0,EURUSD.p,/// THERANTO V3 ///
347726981,2026-08-26 18:00:00,1,4,0.01,0.0,0.0,0.0,0.0,EURNZD.p,E25/T4
348183114,2026-08-26 23:52:09,0,4,0.01,0.0,1.61696,0.0,0.0,EURCAD.p,[tp 1.61696]
348208707,2026-08-27 01:00:00,0,4,0.01,0.0,0.0,0.0,0.0,EURCHF.p,E25/T4
348228205,2026-08-27 01:15:00,0,4,0.01,0.0,0.0,0.0,0.0,EURSGD.p,E25/T4
348275543,2026-08-27 01:48:31,0,4,0.01,0.0,185.607,0.0,0.0,EURJPY.p,[tp 185.607]
348313785,2026-08-27 02:14:13,0,4,0.01,0.0,1.9595099999999999,0.0,0.0,EURNZD.p,[tp 1.95951]
348313786,2026-08-27 02:14:13,0,4,0.01,0.0,1.9595099999999999,0.0,0.0,EURNZD.p,[tp 1.95951]
348313822,2026-08-27 02:14:14,0,4,0.01,0.0,0.0,0.0,0.0,EURNZD.p,E25/T4
348324910,2026-08-27 02:19:53,0,4,0.01,0.0,114.772,0.0,0.0,CADJPY.p,[tp 114.772]
348340722,2026-08-27 02:29:38,1,4,0.01,0.0,1.38776,0.0,0.0,USDCAD.p,[tp 1.38776]
348341436,2026-08-27 02:30:00,0,4,0.01,0.0,0.0,0.0,0.0,EURJPY.p,E25/T4
348368203,2026-08-27 02:45:00,0,4,0.01,0.0,0.0,0.0,0.0,CADJPY.p,E25/T4
348369912,2026-08-27 02:45:51,1,4,0.01,0.0,159.257,0.0,0.0,USDJPY.p,[tp 159.257]
348427282,2026-08-27 03:06:31,0,4,0.01,0.0,216.396,0.0,0.0,GBPJPY.p,[tp 216.396]
348427285,2026-08-27 03:06:31,0,4,0.01,0.0,216.396,0.0,0.0,GBPJPY.p,[tp 216.396]
348427286,2026-08-27 03:06:31,0,4,0.02,0.0,216.396,0.0,0.0,GBPJPY.p,[tp 216.396]
348491439,2026-08-27 03:30:00,0,4,0.01,0.0,0.0,0.0,0.0,GBPJPY.p,E25/T4
348585626,2026-08-27 04:00:00,0,4,0.01,0.0,0.0,0.0,0.0,USDJPY.p,E25/T4
348671106,2026-08-27 04:17:57,1,4,0.01,0.0,1.9600300000000002,0.0,0.0,EURNZD.p,[tp 1.96003]
348724471,2026-08-27 04:38:39,1,4,0.01,0.0,185.652,0.0,0.0,EURJPY.p,[tp 185.652]
348743870,2026-08-27 04:45:00,0,4,0.01,0.0,0.0,0.0,0.0,EURJPY.p,E25/T4
348789319,2026-08-27 05:00:30,1,4,0.01,0.0,216.464,0.0,0.0,GBPJPY.p,[tp 216.464]
348789552,2026-08-27 05:00:32,0,4,0.01,0.0,0.0,0.0,0.0,GBPJPY.p,E25/T4
348850597,2026-08-27 05:24:21,1,4,0.01,0.0,114.837,0.0,0.0,CADJPY.p,[tp 114.837]
348919837,2026-08-27 05:45:00,1,4,0.01,0.0,0.0,0.0,0.0,CADJPY.p,E25/T4
348959124,2026-08-27 06:00:40,1,4,0.01,0.0,159.347,0.0,0.0,USDJPY.p,[tp 159.347]
348998028,2026-08-27 06:15:00,1,4,0.01,0.0,0.0,0.0,0.0,USDJPY.p,E25/T4
349082187,2026-08-27 06:31:16,1,4,0.01,0.0,185.728,0.0,0.0,EURJPY.p,[tp 185.728]
349113954,2026-08-27 06:45:00,0,4,0.01,0.0,0.0,0.0,0.0,EURNZD.p,E25/T4
349175369,2026-08-27 07:14:43,1,4,0.01,0.0,216.547,0.0,0.0,GBPJPY.p,[tp 216.547]
349239340,2026-08-27 07:45:00,1,4,0.01,0.0,0.0,0.0,0.0,GBPJPY.p,E25/T4
349239490,2026-08-27 07:45:00,1,4,0.01,0.0,0.0,0.0,0.0,EURJPY.p,E25/T4
349272306,2026-08-27 07:59:04,1,4,0.01,0.0,0.9389,0.0,0.0,EURCHF.p,[tp 0.93890]
349311540,2026-08-27 08:13:15,1,4,0.01,0.0,1.959,0.0,0.0,EURNZD.p,[tp 1.95900]
349314818,2026-08-27 08:15:00,0,4,0.01,0.0,0.0,0.0,0.0,EURNZD.p,E25/T4
349314825,2026-08-27 08:15:00,1,4,0.01,0.0,0.0,0.0,0.0,EURCHF.p,E25/T4
349795089,2026-08-27 09:46:18,0,4,0.01,0.0,114.759,0.0,0.0,CADJPY.p,[tp 114.759]
349880062,2026-08-27 10:01:46,0,4,0.01,0.0,185.689,0.0,0.0,EURJPY.p,[tp 185.689]
349942365,2026-08-27 10:12:57,1,4,0.01,0.0,1.95959,0.0,0.0,EURNZD.p,[tp 1.95959]
349998979,2026-08-27 10:23:35,0,4,0.01,0.0,216.451,0.0,0.0,GBPJPY.p,[tp 216.451]
350179742,2026-08-27 11:15:00,1,4,0.01,0.0,0.0,0.0,0.0,EURNZD.p,E25/T4
350348866,2026-08-27 12:15:00,0,4,0.01,0.0,0.0,0.0,0.0,GBPJPY.p,E25/T4
350363815,2026-08-27 12:22:37,0,4,0.01,0.0,0.93832,0.0,0.0,EURCHF.p,[tp 0.93832]
350518361,2026-08-27 13:02:18,0,4,0.01,0.0,1.96015,0.0,0.0,EURNZD.p,[tp 1.96015]
350518386,2026-08-27 13:02:20,1,4,0.01,0.0,0.0,0.0,0.0,EURNZD.p,E25/T4
350594412,2026-08-27 13:30:00,0,4,0.01,0.0,0.0,0.0,0.0,EURCHF.p,E25/T4
350640819,2026-08-27 13:53:41,1,4,0.01,0.0,216.532,0.0,0.0,GBPJPY.p,[tp 216.532]
350640852,2026-08-27 13:53:43,1,4,0.01,0.0,0.0,0.0,0.0,GBPJPY.p,E25/T4
350704985,2026-08-27 14:31:42,0,4,0.01,0.0,1.95812,0.0,0.0,EURNZD.p,[tp 1.95812]
350709349,2026-08-27 14:32:43,0,4,0.01,0.0,1.8838599999999999,0.0,0.0,GBPCAD.p,[tp 1.88386]
350709350,2026-08-27 14:32:43,0,4,0.01,0.0,1.8838599999999999,0.0,0.0,GBPCAD.p,[tp 1.88386]
350743879,2026-08-27 14:51:32,0,4,0.01,0.0,1.09301,0.0,0.0,GBPCHF.p,[tp 1.09301]
350743880,2026-08-27 14:51:32,0,4,0.01,0.0,1.09301,0.0,0.0,GBPCHF.p,[tp 1.09301]
350760371,2026-08-27 15:00:00,0,4,0.01,0.0,0.0,0.0,0.0,GBPCAD.p,E25/T4
350791625,2026-08-27 15:15:00,0,4,0.01,0.0,0.0,0.0,0.0,EURCAD.p,E25/T4
350801259,2026-08-27 15:18:23,0,4,0.01,0.0,216.433,0.0,0.0,GBPJPY.p,[tp 216.433]
350832011,2026-08-27 15:30:00,0,4,0.01,0.0,0.0,0.0,0.0,EURNZD.p,E25/T4
351001055,2026-08-27 16:15:00,0,4,0.01,0.0,0.0,0.0,0.0,GBPJPY.p,E25/T4
351045972,2026-08-27 16:26:49,1,4,0.01,0.0,1.88422,0.0,0.0,GBPCAD.p,[tp 1.88422]
351046583,2026-08-27 16:26:52,0,4,0.01,0.0,0.0,0.0,0.0,GBPCAD.p,E25/T4
351047322,2026-08-27 16:27:04,1,4,0.02,0.0,1.16588,0.0,0.0,EURUSD.p,[tp 1.16588]
351059755,2026-08-27 16:30:00,0,4,0.01,0.0,0.0,0.0,0.0,GBPCHF.p,E25/T4
351163850,2026-08-27 16:45:00,0,4,0.01,0.0,0.0,0.0,0.0,USDCAD.p,E25/T4
351163852,2026-08-27 16:45:00,0,4,0.01,0.0,0.0,0.0,0.0,USDCHF.p,E25/T4
351278105,2026-08-27 17:02:28,1,4,0.01,0.0,1.95798,0.0,0.0,EURNZD.p,[tp 1.95798]
351353229,2026-08-27 17:17:00,0,4,0.01,0.0,0.0,0.0,0.0,EURNZD.p,E25/T4
351651672,2026-08-27 18:43:31,1,4,0.01,0.0,1.95828,0.0,0.0,EURNZD.p,[tp 1.95828]
351686451,2026-08-27 18:54:23,0,4,0.01,0.0,159.259,0.0,0.0,USDJPY.p,[tp 159.259]
351729510,2026-08-27 19:10:44,1,4,0.01,0.0,1.09285,0.0,0.0,GBPCHF.p,[tp 1.09285]
351729663,2026-08-27 19:10:46,0,4,0.01,0.0,0.0,0.0,0.0,GBPCHF.p,E25/T4
351764826,2026-08-27 19:30:00,0,4,0.01,0.0,0.0,0.0,0.0,EURNZD.p,E25/T4
351987960,2026-08-27 21:25:51,1,4,0.01,0.0,1.95841,0.0,0.0,EURNZD.p,[tp 1.95841]
352184941,2026-08-28 01:15:00,0,4,0.01,0.0,0.0,0.0,0.0,EURNZD.p,E25/T4
352185152,2026-08-28 01:15:00,0,4,0.01,0.0,0.0,0.0,0.0,GBPSGD.p,E25/T4
352328338,2026-08-28 03:27:05,1,4,0.01,0.0,1.09327,0.0,0.0,GBPCHF.p,[tp 1.09327]
352456727,2026-08-28 04:15:00,1,4,0.01,0.0,0.0,0.0,0.0,GBPCHF.p,E25/T4
352645730,2026-08-28 05:13:01,1,4,0.01,0.0,0.80458,0.0,0.0,USDCHF.p,[tp 0.80458]
352715566,2026-08-28 05:49:15,1,4,0.01,0.0,216.696,0.0,0.0,GBPJPY.p,[tp 216.696]
352810321,2026-08-28 07:02:02,1,4,0.01,0.0,0.5811,0.0,0.0,CADCHF.p,[tp 0.58110]
353183543,2026-08-28 11:34:38,0,4,0.01,0.0,1.09249,0.0,0.0,GBPCHF.p,[tp 1.09249]
353226443,2026-08-28 12:15:00,1,4,0.01,0.0,0.0,0.0,0.0,SGDJPY.p,E25/T4
353273359,2026-08-28 13:00:00,0,4,0.01,0.0,0.0,0.0,0.0,GBPCHF.p,E25/T4
353341878,2026-08-28 14:00:00,1,4,0.01,0.0,0.0,0.0,0.0,GBPJPY.p,E25/T4
353388956,2026-08-28 14:45:00,1,4,0.01,0.0,0.0,0.0,0.0,AUDNZD.p,E25/T4
353392916,2026-08-28 14:48:02,1,4,0.01,0.0,1.95886,0.0,0.0,EURNZD.p,[tp 1.95886]
353394235,2026-08-28 14:49:06,0,4,0.01,0.0,0.8232,0.0,0.0,NZDCAD.p,[tp 0.82320]
353417511,2026-08-28 15:10:38,1,4,0.01,0.0,1.0924800000000001,0.0,0.0,GBPCHF.p,[tp 1.09248]
353423822,2026-08-28 15:15:00,1,4,0.01,0.0,0.0,0.0,0.0,EURNZD.p,E25/T4
353423864,2026-08-28 15:15:00,0,4,0.01,0.0,0.0,0.0,0.0,GBPCHF.p,E25/T4
353444110,2026-08-28 15:29:07,0,4,0.01,0.0,216.744,0.0,0.0,GBPJPY.p,[tp 216.744]
353444126,2026-08-28 15:29:08,1,4,0.01,0.0,0.0,0.0,0.0,GBPJPY.p,E25/T4
353607530,2026-08-28 16:44:11,0,4,0.01,0.0,1.95669,0.0,0.0,EURNZD.p,[tp 1.95669]
353609192,2026-08-28 16:45:00,1,4,0.01,0.0,0.0,0.0,0.0,EURNZD.p,E25/T4
353683110,2026-08-28 17:01:17,0,4,0.01,0.0,216.672,0.0,0.0,GBPJPY.p,[tp 216.672]
353693429,2026-08-28 17:02:17,1,4,0.01,0.0,1.3869500000000001,0.0,0.0,USDCAD.p,[tp 1.38695]
353693912,2026-08-28 17:02:18,0,4,0.01,0.0,1.35655,0.0,0.0,GBPUSD.p,[tp 1.35655]
353693913,2026-08-28 17:02:18,0,4,0.01,0.0,1.35655,0.0,0.0,GBPUSD.p,[tp 1.35655]
353698781,2026-08-28 17:02:33,1,4,0.01,0.0,1.09259,0.0,0.0,GBPCHF.p,[tp 1.09259]
353699253,2026-08-28 17:02:35,0,4,0.01,0.0,0.0,0.0,0.0,GBPCHF.p,E25/T4
353954345,2026-08-28 17:45:00,1,4,0.01,0.0,0.0,0.0,0.0,USDSGD.p,E25/T4
353954346,2026-08-28 17:45:00,0,4,0.01,0.0,0.0,0.0,0.0,GBPJPY.p,E25/T4
353954347,2026-08-28 17:45:00,1,4,0.01,0.0,0.0,0.0,0.0,USDJPY.p,E25/T4
353954459,2026-08-28 17:45:00,1,4,0.01,0.0,0.0,0.0,0.0,USDCAD.p,E25/T4
353954460,2026-08-28 17:45:00,0,4,0.01,0.0,0.0,0.0,0.0,GBPUSD.p,E25/T4
353954461,2026-08-28 17:45:00,0,4,0.01,0.0,0.0,0.0,0.0,NZDCAD.p,E25/T4
353954462,2026-08-28 17:45:00,1,4,0.01,0.0,0.0,0.0,0.0,USDCHF.p,E25/T4
353954463,2026-08-28 17:45:00,0,4,0.01,0.0,0.0,0.0,0.0,EURUSD.p,E25/T4
353954538,2026-08-28 17:45:01,0,4,0.01,0.0,0.0,0.0,0.0,NZDUSD.p,E25/T4
353954549,2026-08-28 17:45:01,0,4,0.01,0.0,0.0,0.0,0.0,EURJPY.p,E25/T4
353997467,2026-08-28 17:56:33,1,4,0.01,0.0,1.7283,0.0,0.0,GBPSGD.p,[tp 1.72830]
353998035,2026-08-28 17:56:38,0,4,0.01,0.0,0.0,0.0,0.0,GBPSGD.p,E25/T4
354177820,2026-08-28 18:54:27,0,4,0.01,0.0,0.75365,0.0,0.0,NZDSGD.p,[tp 0.75365]
354380053,2026-08-28 19:51:44,1,4,0.01,0.0,185.618,0.0,0.0,EURJPY.p,[tp 185.618]
354380199,2026-08-28 19:51:45,0,4,0.01,0.0,0.0,0.0,0.0,EURJPY.p,E25/T4
354394534,2026-08-28 20:00:00,0,4,0.01,0.0,0.0,0.0,0.0,NZDSGD.p,E25/T4
354477861,2026-08-28 20:45:00,0,4,0.01,0.0,0.0,0.0,0.0,EURSGD.p,E25/T4
354572423,2026-08-28 21:52:16,1,4,0.01,0.0,1.09534,0.0,0.0,GBPCHF.p,[tp 1.09534]
354619702,2026-08-28 22:30:00,1,4,0.01,0.0,0.0,0.0,0.0,GBPCHF.p,E25/T4
355154096,2026-08-31 01:00:00,0,4,0.01,0.0,0.0,0.0,0.0,EURAUD.p,E25/T4
355204320,2026-08-31 01:32:28,1,4,0.01,0.0,0.75402,0.0,0.0,NZDSGD.p,[tp 0.75402]
355204456,2026-08-31 01:32:42,1,4,0.01,0.0,216.712,0.0,0.0,GBPJPY.p,[tp 216.712]
355319174,2026-08-31 03:00:53,0,4,0.01,0.0,1.09505,0.0,0.0,GBPCHF.p,[tp 1.09505]
355341983,2026-08-31 03:15:00,1,4,0.01,0.0,0.0,0.0,0.0,NZDSGD.p,E25/T4
355342075,2026-08-31 03:15:00,1,4,0.01,0.0,0.0,0.0,0.0,GBPJPY.p,E25/T4
355476965,2026-08-31 04:24:55,0,4,0.01,0.0,159.821,0.0,0.0,USDJPY.p,[tp 159.821]
355542644,2026-08-31 05:00:00,0,4,0.01,0.0,0.0,0.0,0.0,USDJPY.p,E25/T4
355575466,2026-08-31 05:13:59,0,4,0.01,0.0,216.437,0.0,0.0,GBPJPY.p,[tp 216.437]
355586688,2026-08-31 05:21:53,0,4,0.01,0.0,0.75315,0.0,0.0,NZDSGD.p,[tp 0.75315]
355586703,2026-08-31 05:21:54,0,4,0.01,0.0,0.0,0.0,0.0,NZDSGD.p,E25/T4
355603721,2026-08-31 05:32:06,0,4,0.01,0.0,1.2732,0.0,0.0,USDSGD.p,[tp 1.27320]
355633172,2026-08-31 05:45:00,0,4,0.01,0.0,0.0,0.0,0.0,USDSGD.p,E25/T4
355660545,2026-08-31 06:00:00,0,4,0.01,0.0,0.0,0.0,0.0,GBPJPY.p,E25/T4
355717766,2026-08-31 06:51:35,0,4,0.01,0.0,197.529,0.0,0.0,CHFJPY.p,[tp 197.529]
355779465,2026-08-31 08:00:00,0,4,0.01,0.0,0.0,0.0,0.0,CHFJPY.p,E25/T4
355842304,2026-08-31 08:46:06,1,4,0.01,0.0,216.477,0.0,0.0,GBPJPY.p,[tp 216.477]
355842313,2026-08-31 08:46:07,0,4,0.01,0.0,0.0,0.0,0.0,GBPJPY.p,E25/T4
355900713,2026-08-31 09:29:08,1,4,0.01,0.0,197.529,0.0,0.0,CHFJPY.p,[tp 197.529]
355901331,2026-08-31 09:30:00,0,4,0.01,0.0,0.0,0.0,0.0,CHFJPY.p,E25/T4
355901624,2026-08-31 09:30:07,1,4,0.01,0.0,159.878,0.0,0.0,USDJPY.p,[tp 159.878]
355901648,2026-08-31 09:30:09,0,4,0.01,0.0,0.0,0.0,0.0,USDJPY.p,E25/T4
355950679,2026-08-31 10:17:25,0,4,0.01,0.0,0.0,0.0,0.0,GBPJPY.p,E25/T4
355980280,2026-08-31 10:38:27,0,4,0.01,0.0,0.91109,0.0,0.0,AUDSGD.p,[tp 0.91109]
356005731,2026-08-31 11:01:23,1,4,0.01,0.0,1.35518,0.0,0.0,GBPUSD.p,[tp 1.35518]
356038782,2026-08-31 11:30:00,0,4,0.01,0.0,0.0,0.0,0.0,CADJPY.p,E25/T4
356123228,2026-08-31 12:59:46,1,4,0.01,0.0,197.578,0.0,0.0,CHFJPY.p,[tp 197.578]
356123249,2026-08-31 12:59:48,0,4,0.01,0.0,0.0,0.0,0.0,CHFJPY.p,E25/T4
356131054,2026-08-31 13:06:14,1,4,0.01,0.0,115.018,0.0,0.0,CADJPY.p,[tp 115.018]
356132262,2026-08-31 13:06:24,1,4,0.01,0.0,216.371,0.0,0.0,GBPJPY.p,[tp 216.371]
356132263,2026-08-31 13:06:24,1,4,0.01,0.0,216.371,0.0,0.0,GBPJPY.p,[tp 216.371]
356173495,2026-08-31 13:45:00,1,4,0.01,0.0,0.0,0.0,0.0,CADJPY.p,E25/T4
356277787,2026-08-31 15:15:00,0,4,0.01,0.0,0.0,0.0,0.0,GBPJPY.p,E25/T4
356296876,2026-08-31 15:26:53,1,4,0.01,0.0,197.628,0.0,0.0,CHFJPY.p,[tp 197.628]
356308977,2026-08-31 15:33:11,0,4,0.01,0.0,1.38808,0.0,0.0,USDCAD.p,[tp 1.38808]
356404259,2026-08-31 16:30:00,1,4,0.01,0.0,0.0,0.0,0.0,CHFJPY.p,E25/T4
356462136,2026-08-31 16:52:29,1,4,0.01,0.0,216.49,0.0,0.0,GBPJPY.p,[tp 216.490]
356479615,2026-08-31 17:00:00,1,4,0.01,0.0,0.0,0.0,0.0,GBPJPY.p,E25/T4
356519494,2026-08-31 17:15:00,0,4,0.01,0.0,0.0,0.0,0.0,GBPCAD.p,E25/T4
356529944,2026-08-31 17:19:35,1,4,0.01,0.0,0.75357,0.0,0.0,NZDSGD.p,[tp 0.75357]
356590151,2026-08-31 17:46:41,1,4,0.01,0.0,1.1612,0.0,0.0,EURUSD.p,[tp 1.16120]
356605162,2026-08-31 17:53:08,0,4,0.01,0.0,0.80729,0.0,0.0,USDCHF.p,[tp 0.80729]
356615065,2026-08-31 17:58:58,0,4,0.01,0.0,197.657,0.0,0.0,CHFJPY.p,[tp 197.657]
356615146,2026-08-31 17:59:00,1,4,0.01,0.0,0.0,0.0,0.0,CHFJPY.p,E25/T4
356617705,2026-08-31 18:00:09,1,4,0.01,0.0,0.93864,0.0,0.0,EURCHF.p,[tp 0.93864]
356717837,2026-08-31 19:00:00,1,4,0.01,0.0,0.0,0.0,0.0,EURUSD.p,E25/T4
356731655,2026-08-31 19:09:04,0,4,0.01,0.0,216.391,0.0,0.0,GBPJPY.p,[tp 216.391]
356775820,2026-08-31 19:43:04,0,4,0.01,0.0,197.591,0.0,0.0,CHFJPY.p,[tp 197.591]
356827431,2026-08-31 20:30:00,0,4,0.01,0.0,0.0,0.0,0.0,USDCAD.p,E25/T4
357040951,2026-09-01 00:15:00,0,4,0.01,0.0,0.0,0.0,0.0,GBPSGD.p,E25/T4
357045403,2026-09-01 00:30:00,0,4,0.01,0.0,0.0,0.0,0.0,EURCHF.p,E25/T4
357071185,2026-09-01 01:15:00,0,4,0.01,0.0,0.0,0.0,0.0,CHFJPY.p,E25/T4
357071186,2026-09-01 01:15:00,0,4,0.01,0.0,0.0,0.0,0.0,NZDSGD.p,E25/T4
357142175,2026-09-01 02:53:02,1,4,0.01,0.0,0.75255,0.0,0.0,NZDSGD.p,[tp 0.75255]
357164076,2026-09-01 03:04:34,1,4,0.01,0.0,197.688,0.0,0.0,CHFJPY.p,[tp 197.688]
357164104,2026-09-01 03:04:35,1,4,0.01,0.0,185.667,0.0,0.0,EURJPY.p,[tp 185.667]
357184435,2026-09-01 03:15:00,1,4,0.01,0.0,0.0,0.0,0.0,EURJPY.p,E25/T4
357224836,2026-09-01 03:45:00,1,4,0.01,0.0,0.0,0.0,0.0,NZDSGD.p,E25/T4
357291527,2026-09-01 04:22:02,0,4,0.01,0.0,1.1612,0.0,0.0,EURUSD.p,[tp 1.16120]
357295022,2026-09-01 04:23:55,1,4,0.01,0.0,1.38632,0.0,0.0,USDCAD.p,[tp 1.38632]
357326260,2026-09-01 04:45:00,1,4,0.01,0.0,0.0,0.0,0.0,USDCAD.p,E25/T4
357339827,2026-09-01 04:55:42,0,4,0.01,0.0,185.463,0.0,0.0,EURJPY.p,[tp 185.463]
357367415,2026-09-01 05:15:00,0,4,0.01,0.0,0.0,0.0,0.0,EURJPY.p,E25/T4
357383241,2026-09-01 05:30:00,0,4,0.01,0.0,0.0,0.0,0.0,CHFJPY.p,E25/T4
357437278,2026-09-01 06:04:25,0,4,0.01,0.0,0.75129,0.0,0.0,NZDSGD.p,[tp 0.75129]
357478433,2026-09-01 06:45:00,0,4,0.01,0.0,0.0,0.0,0.0,NZDSGD.p,E25/T4
357490563,2026-09-01 06:57:24,1,4,0.01,0.0,0.93991,0.0,0.0,EURCHF.p,[tp 0.93991]
357555188,2026-09-01 07:59:52,1,4,0.01,0.0,185.545,0.0,0.0,EURJPY.p,[tp 185.545]
357555196,2026-09-01 07:59:53,0,4,0.01,0.0,0.0,0.0,0.0,EURJPY.p,E25/T4
357555269,2026-09-01 08:00:00,1,4,0.01,0.0,0.0,0.0,0.0,EURCHF.p,E25/T4
357555945,2026-09-01 08:00:21,1,4,0.01,0.0,197.458,0.0,0.0,CHFJPY.p,[tp 197.458]
357555956,2026-09-01 08:00:22,0,4,0.01,0.0,0.0,0.0,0.0,CHFJPY.p,E25/T4
357616304,2026-09-01 08:44:38,1,4,0.01,0.0,0.75187,0.0,0.0,NZDSGD.p,[tp 0.75187]
357617178,2026-09-01 08:45:00,0,4,0.01,0.0,0.0,0.0,0.0,NZDSGD.p,E25/T4
357657577,2026-09-01 09:15:10,1,4,0.01,0.0,159.927,0.0,0.0,USDJPY.p,[tp 159.927]
357719092,2026-09-01 10:19:20,1,4,0.01,0.0,197.589,0.0,0.0,CHFJPY.p,[tp 197.589]
357719095,2026-09-01 10:19:21,1,4,0.01,0.0,0.0,0.0,0.0,CHFJPY.p,E25/T4
357910238,2026-09-01 11:42:25,1,4,0.01,0.0,2.29611,0.0,0.0,GBPNZD.p,[tp 2.29611]
357910239,2026-09-01 11:42:25,1,4,0.01,0.0,2.29611,0.0,0.0,GBPNZD.p,[tp 2.29611]
357910240,2026-09-01 11:42:25,1,4,0.02,0.0,2.29611,0.0,0.0,GBPNZD.p,[tp 2.29611]
357930280,2026-09-01 11:52:09,0,4,0.01,0.0,0.93925,0.0,0.0,EURCHF.p,[tp 0.93925]
357937543,2026-09-01 11:56:26,0,4,0.01,0.0,197.384,0.0,0.0,CHFJPY.p,[tp 197.384]
357942866,2026-09-01 12:00:00,0,4,0.01,0.0,0.0,0.0,0.0,CHFJPY.p,E25/T4
357981044,2026-09-01 12:20:42,1,4,0.01,0.0,1.62411,0.0,0.0,EURAUD.p,[tp 1.62411]
357981045,2026-09-01 12:20:42,1,4,0.01,0.0,1.62411,0.0,0.0,EURAUD.p,[tp 1.62411]
357993884,2026-09-01 12:30:03,0,4,0.01,0.0,0.0,0.0,0.0,NZDUSD.p,E25/T4
358018873,2026-09-01 12:45:00,0,4,0.01,0.0,0.0,0.0,0.0,AUDSGD.p,E25/T4
358018939,2026-09-01 12:45:00,1,4,0.01,0.0,0.0,0.0,0.0,GBPNZD.p,E25/T4
358018957,2026-09-01 12:45:00,1,4,0.01,0.0,0.0,0.0,0.0,EURAUD.p,E25/T4
358020819,2026-09-01 12:46:11,1,4,0.01,0.0,185.589,0.0,0.0,EURJPY.p,[tp 185.589]
358087355,2026-09-01 13:38:52,1,4,0.01,0.0,197.59,0.0,0.0,CHFJPY.p,[tp 197.590]
358087389,2026-09-01 13:38:54,1,4,0.01,0.0,0.0,0.0,0.0,CHFJPY.p,E25/T4
358139042,2026-09-01 14:20:24,0,4,0.01,0.0,2.29588,0.0,0.0,GBPNZD.p,[tp 2.29588]
358160053,2026-09-01 14:39:18,0,4,0.01,0.0,1.6225399999999999,0.0,0.0,EURAUD.p,[tp 1.62254]
358236841,2026-09-01 15:27:49,1,4,0.01,0.0,0.90997,0.0,0.0,AUDSGD.p,[tp 0.90997]
358240950,2026-09-01 15:30:00,1,4,0.01,0.0,0.0,0.0,0.0,EURAUD.p,E25/T4
358241039,2026-09-01 15:30:00,0,4,0.01,0.0,0.0,0.0,0.0,AUDSGD.p,E25/T4
358306605,2026-09-01 16:00:00,1,4,0.01,0.0,0.0,0.0,0.0,USDJPY.p,E25/T4
358368213,2026-09-01 16:15:00,0,4,0.01,0.0,0.0,0.0,0.0,GBPNZD.p,E25/T4
358381855,2026-09-01 16:21:12,0,4,0.01,0.0,197.537,0.0,0.0,CHFJPY.p,[tp 197.537]
358381892,2026-09-01 16:21:14,1,4,0.01,0.0,0.0,0.0,0.0,CHFJPY.p,E25/T4
358526295,2026-09-01 17:16:19,0,4,0.01,0.0,1.62157,0.0,0.0,EURAUD.p,[tp 1.62157]
358536634,2026-09-01 17:22:03,1,4,0.01,0.0,0.91059,0.0,0.0,AUDSGD.p,[tp 0.91059]
358540395,2026-09-01 17:24:11,1,4,0.01,0.0,1.8817,0.0,0.0,GBPCAD.p,[tp 1.88170]
358540396,2026-09-01 17:24:11,1,4,0.01,0.0,1.8817,0.0,0.0,GBPCAD.p,[tp 1.88170]
358577755,2026-09-01 17:45:00,1,4,0.01,0.0,0.0,0.0,0.0,GBPCAD.p,E25/T4
358610907,2026-09-01 18:00:00,1,4,0.01,0.0,0.0,0.0,0.0,USDCAD.p,E25/T4
358610926,2026-09-01 18:00:00,1,4,0.01,0.0,0.0,0.0,0.0,AUDCHF.p,E25/T4
358616351,2026-09-01 18:02:17,0,4,0.01,0.0,197.19,0.0,0.0,CHFJPY.p,[tp 197.190]
358625507,2026-09-01 18:07:48,0,4,0.01,0.0,160.052,0.0,0.0,USDJPY.p,[tp 160.052]
358637015,2026-09-01 18:15:00,1,4,0.01,0.0,0.0,0.0,0.0,USDJPY.p,E25/T4
358637064,2026-09-01 18:15:00,1,4,0.01,0.0,0.0,0.0,0.0,GBPCHF.p,E25/T4
358637066,2026-09-01 18:15:00,1,4,0.01,0.0,0.0,0.0,0.0,EURCHF.p,E25/T4
358637140,2026-09-01 18:15:00,0,4,0.01,0.0,0.0,0.0,0.0,CHFJPY.p,E25/T4
358637152,2026-09-01 18:15:00,1,4,0.01,0.0,0.0,0.0,0.0,USDCHF.p,E25/T4
358699912,2026-09-01 19:00:00,0,4,0.01,0.0,0.0,0.0,0.0,EURAUD.p,E25/T4
358720738,2026-09-01 19:15:00,1,4,0.01,0.0,0.0,0.0,0.0,AUDSGD.p,E25/T4
358738220,2026-09-01 19:26:22,1,4,0.01,0.0,2.2940300000000002,0.0,0.0,GBPNZD.p,[tp 2.29403]
358738262,2026-09-01 19:26:23,0,4,0.01,0.0,0.0,0.0,0.0,GBPNZD.p,E25/T4
358843311,2026-09-01 20:33:54,0,4,0.01,0.0,1.87928,0.0,0.0,GBPCAD.p,[tp 1.87928]
358843355,2026-09-01 20:33:55,0,4,0.01,0.0,0.0,0.0,0.0,GBPCAD.p,E25/T4
358868848,2026-09-01 20:59:03,1,4,0.01,0.0,197.281,0.0,0.0,CHFJPY.p,[tp 197.281]
358869566,2026-09-01 21:00:00,0,4,0.01,0.0,0.0,0.0,0.0,CHFJPY.p,E25/T4
358879846,2026-09-01 21:07:26,1,4,0.01,0.0,1.62187,0.0,0.0,EURAUD.p,[tp 1.62187]
358890753,2026-09-01 21:16:59,0,4,0.01,0.0,1.0973600000000001,0.0,0.0,GBPCHF.p,[tp 1.09736]
358905614,2026-09-01 21:30:18,0,4,0.01,0.0,0.94054,0.0,0.0,EURCHF.p,[tp 0.94054]
358905643,2026-09-01 21:30:19,1,4,0.01,0.0,0.0,0.0,0.0,EURCHF.p,E25/T4
358923548,2026-09-01 21:45:00,0,4,0.01,0.0,0.0,0.0,0.0,GBPCHF.p,E25/T4
358939674,2026-09-01 22:00:00,1,4,0.01,0.0,0.0,0.0,0.0,EURAUD.p,E25/T4
358939675,2026-09-01 22:00:00,0,4,0.01,0.0,0.0,0.0,0.0,GBPUSD.p,E25/T4
359000983,2026-09-01 22:56:24,1,4,0.01,0.0,197.407,0.0,0.0,CHFJPY.p,[tp 197.407]
359000996,2026-09-01 22:56:26,1,4,0.01,0.0,0.0,0.0,0.0,CHFJPY.p,E25/T4
359001391,2026-09-01 22:57:03,0,4,0.01,0.0,0.90977,0.0,0.0,AUDSGD.p,[tp 0.90977]
359037609,2026-09-01 23:45:00,0,4,0.01,0.0,0.0,0.0,0.0,AUDSGD.p,E25/T4
359080146,2026-09-02 01:15:00,0,4,0.01,0.0,0.0,0.0,0.0,GBPJPY.p,E25/T4
359131922,2026-09-02 02:24:05,0,4,0.01,0.0,197.356,0.0,0.0,CHFJPY.p,[tp 197.356]
359137623,2026-09-02 02:30:01,1,4,0.01,0.0,0.0,0.0,0.0,CHFJPY.p,E25/T4
359230108,2026-09-02 03:27:45,1,4,0.01,0.0,1.0974,0.0,0.0,GBPCHF.p,[tp 1.09740]
359343648,2026-09-02 04:18:53,0,4,0.01,0.0,1.62121,0.0,0.0,EURAUD.p,[tp 1.62121]
359363402,2026-09-02 04:30:01,1,4,0.01,0.0,0.91043,0.0,0.0,AUDSGD.p,[tp 0.91043]
359363687,2026-09-02 04:30:13,0,4,0.01,0.0,197.284,0.0,0.0,CHFJPY.p,[tp 197.284]
359397097,2026-09-02 04:49:36,1,4,0.01,0.0,216.579,0.0,0.0,GBPJPY.p,[tp 216.579]
359422440,2026-09-02 05:00:00,0,4,0.01,0.0,0.0,0.0,0.0,CHFJPY.p,E25/T4
359422623,2026-09-02 05:00:00,0,4,0.01,0.0,0.0,0.0,0.0,EURAUD.p,E25/T4
359423229,2026-09-02 05:00:19,1,4,0.01,0.0,2.2946400000000002,0.0,0.0,GBPNZD.p,[tp 2.29464]
359423462,2026-09-02 05:00:23,0,4,0.01,0.0,94.223,0.0,0.0,NZDJPY.p,[tp 94.223]
359423463,2026-09-02 05:00:23,0,4,0.01,0.0,94.223,0.0,0.0,NZDJPY.p,[tp 94.223]
359423464,2026-09-02 05:00:23,0,4,0.01,0.0,94.223,0.0,0.0,NZDJPY.p,[tp 94.223]
359447011,2026-09-02 05:15:00,1,4,0.01,0.0,0.0,0.0,0.0,NZDCHF.p,E25/T4
359447012,2026-09-02 05:15:00,0,4,0.01,0.0,0.0,0.0,0.0,GBPNZD.p,E25/T4
359447013,2026-09-02 05:15:00,1,4,0.01,0.0,0.0,0.0,0.0,NZDJPY.p,E25/T4
359447014,2026-09-02 05:15:00,1,4,0.01,0.0,0.0,0.0,0.0,EURNZD.p,E25/T4
359447015,2026-09-02 05:15:00,1,4,0.02,0.0,0.0,0.0,0.0,AUDNZD.p,E25/T4
359447016,2026-09-02 05:15:00,0,4,0.01,0.0,0.0,0.0,0.0,NZDSGD.p,E25/T4
359447115,2026-09-02 05:15:00,0,4,0.01,0.0,0.0,0.0,0.0,NZDCAD.p,E25/T4
359448364,2026-09-02 05:16:03,0,4,0.02,0.0,0.0,0.0,0.0,NZDUSD.p,E25/T4
359600109,2026-09-02 07:04:31,0,4,0.01,0.0,0.0,0.0,0.0,GBPJPY.p,E25/T4
359601591,2026-09-02 07:06:01,0,4,0.01,0.0,0.0,0.0,0.0,EURJPY.p,E25/T4
359629060,2026-09-02 07:39:53,1,4,0.01,0.0,1.6229900000000002,0.0,0.0,EURAUD.p,[tp 1.62299]
359652042,2026-09-02 08:13:07,0,4,0.01,0.0,160.012,0.0,0.0,USDJPY.p,[tp 160.012]
359653714,2026-09-02 08:15:00,1,4,0.01,0.0,0.0,0.0,0.0,EURAUD.p,E25/T4
359654563,2026-09-02 08:15:07,0,4,0.01,0.0,114.956,0.0,0.0,CADJPY.p,[tp 114.956]
359705319,2026-09-02 08:49:42,1,4,0.01,0.0,2.31173,0.0,0.0,GBPNZD.p,[tp 2.31173]
359705363,2026-09-02 08:49:44,1,4,0.01,0.0,0.0,0.0,0.0,GBPNZD.p,E25/T4
359709516,2026-09-02 08:52:13,0,4,0.01,0.0,93.36,0.0,0.0,NZDJPY.p,[tp 93.360]
359755803,2026-09-02 09:30:00,0,4,0.01,0.0,0.0,0.0,0.0,USDJPY.p,E25/T4
359755869,2026-09-02 09:30:00,0,4,0.01,0.0,0.0,0.0,0.0,NZDJPY.p,E25/T4
359755894,2026-09-02 09:30:00,0,4,0.01,0.0,0.0,0.0,0.0,CADJPY.p,E25/T4
359792831,2026-09-02 09:58:16,0,4,0.01,0.0,0.47487,0.0,0.0,NZDCHF.p,[tp 0.47487]
359800717,2026-09-02 10:04:02,0,4,0.01,0.0,1.62013,0.0,0.0,EURAUD.p,[tp 1.62013]
359814578,2026-09-02 10:12:24,1,4,0.01,0.0,1.8798,0.0,0.0,GBPCAD.p,[tp 1.87980]
359833368,2026-09-02 10:30:00,0,4,0.01,0.0,0.0,0.0,0.0,EURAUD.p,E25/T4
359833443,2026-09-02 10:30:00,0,4,0.01,0.0,0.0,0.0,0.0,CHFJPY.p,E25/T4
359888740,2026-09-02 11:15:00,0,4,0.01,0.0,0.0,0.0,0.0,NZDCHF.p,E25/T4
359908561,2026-09-02 11:33:16,1,4,0.01,0.0,159.69,0.0,0.0,USDJPY.p,[tp 159.690]
359925067,2026-09-02 11:45:00,0,4,0.01,0.0,0.0,0.0,0.0,USDJPY.p,E25/T4
359948853,2026-09-02 12:00:00,1,4,0.01,0.0,0.0,0.0,0.0,GBPCAD.p,E25/T4
359949058,2026-09-02 12:00:00,1,4,0.01,0.0,0.0,0.0,0.0,GBPCHF.p,E25/T4
359973919,2026-09-02 12:14:07,1,4,0.01,0.0,1.62409,0.0,0.0,EURAUD.p,[tp 1.62409]
360019180,2026-09-02 12:43:57,1,4,0.01,0.0,1.27403,0.0,0.0,USDSGD.p,[tp 1.27403]
360020430,2026-09-02 12:45:00,1,4,0.01,0.0,0.0,0.0,0.0,EURAUD.p,E25/T4
360098512,2026-09-02 13:56:16,1,4,0.01,0.0,114.777,0.0,0.0,CADJPY.p,[tp 114.777]
360098558,2026-09-02 13:56:17,0,4,0.01,0.0,0.0,0.0,0.0,CADJPY.p,E25/T4
360132713,2026-09-02 14:14:38,0,4,0.01,0.0,1.62194,0.0,0.0,EURAUD.p,[tp 1.62194]
360133292,2026-09-02 14:14:40,1,4,0.01,0.0,0.0,0.0,0.0,EURAUD.p,E25/T4
360138283,2026-09-02 14:15:37,0,4,0.01,0.0,1.09907,0.0,0.0,GBPCHF.p,[tp 1.09907]
360142818,2026-09-02 14:17:38,0,4,0.01,0.0,1.87854,0.0,0.0,GBPCAD.p,[tp 1.87854]
360142914,2026-09-02 14:17:39,0,4,0.01,0.0,0.0,0.0,0.0,GBPCAD.p,E25/T4
360145806,2026-09-02 14:19:14,1,4,0.01,0.0,159.828,0.0,0.0,USDJPY.p,[tp 159.828]
360163617,2026-09-02 14:30:00,1,4,0.01,0.0,0.0,0.0,0.0,GBPCHF.p,E25/T4
360210254,2026-09-02 15:00:00,0,4,0.02,0.0,0.0,0.0,0.0,GBPSGD.p,E25/T4
360210364,2026-09-02 15:00:00,0,4,0.01,0.0,0.0,0.0,0.0,GBPAUD.p,E25/T4
360278622,2026-09-02 15:30:00,0,4,0.01,0.0,0.0,0.0,0.0,USDJPY.p,E25/T4
360315890,2026-09-02 15:53:02,0,4,0.01,0.0,1.61979,0.0,0.0,EURAUD.p,[tp 1.61979]
360315925,2026-09-02 15:53:04,0,4,0.01,0.0,0.0,0.0,0.0,EURAUD.p,E25/T4
360324320,2026-09-02 16:00:00,0,4,0.01,0.0,0.0,0.0,0.0,GBPJPY.p,E25/T4
360376561,2026-09-02 16:26:29,0,4,0.01,0.0,124.979,0.0,0.0,SGDJPY.p,[tp 124.979]
360376563,2026-09-02 16:26:29,0,4,0.01,0.0,124.979,0.0,0.0,SGDJPY.p,[tp 124.979]
360376564,2026-09-02 16:26:29,0,4,0.01,0.0,124.979,0.0,0.0,SGDJPY.p,[tp 124.979]
360376935,2026-09-02 16:26:32,0,4,0.01,0.0,0.0,0.0,0.0,SGDJPY.p,E25/T4
360377128,2026-09-02 16:26:33,0,4,0.01,0.0,113.708,0.0,0.0,AUDJPY.p,[tp 113.708]
360377131,2026-09-02 16:26:33,0,4,0.01,0.0,113.708,0.0,0.0,AUDJPY.p,[tp 113.708]
360377133,2026-09-02 16:26:33,0,4,0.01,0.0,113.708,0.0,0.0,AUDJPY.p,[tp 113.708]
360390709,2026-09-02 16:30:00,0,4,0.01,0.0,0.0,0.0,0.0,EURJPY.p,E25/T4
360390735,2026-09-02 16:30:01,0,4,0.02,0.0,0.0,0.0,0.0,CHFJPY.p,E25/T4
360390736,2026-09-02 16:30:01,0,4,0.01,0.0,0.0,0.0,0.0,CADJPY.p,E25/T4
360390796,2026-09-02 16:30:01,1,4,0.01,0.0,0.0,0.0,0.0,AUDJPY.p,E25/T4
360438961,2026-09-02 16:45:00,0,4,0.01,0.0,0.0,0.0,0.0,NZDJPY.p,E25/T4
360462783,2026-09-02 16:52:52,0,4,0.01,0.0,1.38775,0.0,0.0,USDCAD.p,[tp 1.38775]
360462784,2026-09-02 16:52:52,0,4,0.01,0.0,1.38775,0.0,0.0,USDCAD.p,[tp 1.38775]
360481085,2026-09-02 17:00:00,0,4,0.01,0.0,0.0,0.0,0.0,GBPCAD.p,E25/T4
360491724,2026-09-02 17:04:16,0,4,0.01,0.0,2.31123,0.0,0.0,GBPNZD.p,[tp 2.31123]
360519784,2026-09-02 17:15:00,0,4,0.01,0.0,0.0,0.0,0.0,USDSGD.p,E25/T4
360519785,2026-09-02 17:15:00,0,4,0.01,0.0,0.0,0.0,0.0,USDCAD.p,E25/T4
360519887,2026-09-02 17:15:00,0,4,0.01,0.0,0.0,0.0,0.0,GBPNZD.p,E25/T4
360519898,2026-09-02 17:15:00,1,4,0.01,0.0,0.0,0.0,0.0,EURUSD.p,E25/T4
360543898,2026-09-02 17:25:23,0,4,0.01,0.0,1.09792,0.0,0.0,GBPCHF.p,[tp 1.09792]
360543917,2026-09-02 17:25:24,0,4,0.01,0.0,0.0,0.0,0.0,GBPCHF.p,E25/T4
360584985,2026-09-02 17:51:10,1,4,0.01,0.0,0.47505,0.0,0.0,NZDCHF.p,[tp 0.47505]
360686502,2026-09-02 19:00:00,1,4,0.01,0.0,0.0,0.0,0.0,CADCHF.p,E25/T4
360830857,2026-09-02 21:07:09,1,4,0.01,0.0,114.799,0.0,0.0,CADJPY.p,[tp 114.799]
360830858,2026-09-02 21:07:09,1,4,0.01,0.0,114.799,0.0,0.0,CADJPY.p,[tp 114.799]
360830965,2026-09-02 21:07:16,1,4,0.01,0.0,0.0,0.0,0.0,CADJPY.p,E25/T4
360900458,2026-09-02 22:11:46,0,4,0.01,0.0,1.1583700000000001,0.0,0.0,EURUSD.p,[tp 1.15837]
360900527,2026-09-02 22:11:49,1,4,0.01,0.0,125.045,0.0,0.0,SGDJPY.p,[tp 125.045]
360918512,2026-09-02 22:30:02,0,4,0.01,0.0,0.0,0.0,0.0,EURUSD.p,E25/T4
360945094,2026-09-02 22:57:31,0,4,0.01,0.0,114.753,0.0,0.0,CADJPY.p,[tp 114.753]
360948015,2026-09-02 23:00:00,1,4,0.01,0.0,0.0,0.0,0.0,CADJPY.p,E25/T4
360967829,2026-09-02 23:30:00,0,4,0.01,0.0,0.0,0.0,0.0,SGDJPY.p,E25/T4
361035574,2026-09-03 01:40:10,1,4,0.01,0.0,124.942,0.0,0.0,SGDJPY.p,[tp 124.942]
361056034,2026-09-03 02:11:24,1,4,0.01,0.0,1.2711299999999999,0.0,0.0,USDSGD.p,[tp 1.27113]
361067435,2026-09-03 02:30:00,1,4,0.01,0.0,0.0,0.0,0.0,SGDJPY.p,E25/T4
361069631,2026-09-03 02:33:04,1,4,0.01,0.0,92.948,0.0,0.0,NZDJPY.p,[tp 92.948]
361069632,2026-09-03 02:33:04,1,4,0.01,0.0,92.948,0.0,0.0,NZDJPY.p,[tp 92.948]
361069635,2026-09-03 02:33:06,1,4,0.01,0.0,0.0,0.0,0.0,NZDJPY.p,E25/T4
361125889,2026-09-03 03:27:07,1,4,0.01,0.0,1.15892,0.0,0.0,EURUSD.p,[tp 1.15892]
361137675,2026-09-03 03:38:54,0,4,0.01,0.0,113.708,0.0,0.0,AUDJPY.p,[tp 113.708]
361140847,2026-09-03 03:41:24,0,4,0.01,0.0,114.685,0.0,0.0,CADJPY.p,[tp 114.685]
361140850,2026-09-03 03:41:25,1,4,0.01,0.0,0.0,0.0,0.0,CADJPY.p,E25/T4
361162199,2026-09-03 04:00:00,0,4,0.01,0.0,0.0,0.0,0.0,AUDJPY.p,E25/T4
361206019,2026-09-03 04:15:02,0,4,0.01,0.0,124.79,0.0,0.0,SGDJPY.p,[tp 124.790]
361208690,2026-09-03 04:16:09,0,4,0.01,0.0,92.886,0.0,0.0,NZDJPY.p,[tp 92.886]
361229304,2026-09-03 04:30:00,0,4,0.02,0.0,0.0,0.0,0.0,EURJPY.p,E25/T4
361229426,2026-09-03 04:30:00,0,4,0.01,0.0,0.0,0.0,0.0,USDJPY.p,E25/T4
361229451,2026-09-03 04:30:00,0,4,0.01,0.0,0.0,0.0,0.0,GBPNZD.p,E25/T4
361273794,2026-09-03 05:00:00,0,4,0.01,0.0,0.0,0.0,0.0,NZDJPY.p,E25/T4
361273796,2026-09-03 05:00:00,0,4,0.01,0.0,0.0,0.0,0.0,SGDJPY.p,E25/T4
361294556,2026-09-03 05:15:00,0,4,0.02,0.0,0.0,0.0,0.0,GBPJPY.p,E25/T4
361320445,2026-09-03 05:35:25,0,4,0.01,0.0,114.278,0.0,0.0,CADJPY.p,[tp 114.278]
361330715,2026-09-03 05:45:00,0,4,0.01,0.0,0.0,0.0,0.0,CADJPY.p,E25/T4
361400811,2026-09-03 06:45:00,0,4,0.01,0.0,0.0,0.0,0.0,USDCAD.p,E25/T4
361450481,2026-09-03 07:32:43,0,4,0.01,0.0,0.0,0.0,0.0,CADJPY.p,E25/T4
361505888,2026-09-03 08:26:53,0,4,0.01,0.0,0.58659,0.0,0.0,CADCHF.p,[tp 0.58659]
361527970,2026-09-03 08:40:09,1,4,0.01,0.0,1.62025,0.0,0.0,EURAUD.p,[tp 1.62025]
361546570,2026-09-03 08:50:22,0,4,0.01,0.0,0.8111,0.0,0.0,USDCHF.p,[tp 0.81110]
361561964,2026-09-03 09:00:00,0,4,0.04,0.0,0.0,0.0,0.0,GBPJPY.p,E25/T4
361562167,2026-09-03 09:00:00,1,4,0.01,0.0,0.0,0.0,0.0,EURAUD.p,E25/T4
361562237,2026-09-03 09:00:00,0,4,0.01,0.0,0.0,0.0,0.0,AUDJPY.p,E25/T4
361562248,2026-09-03 09:00:01,0,4,0.01,0.0,0.0,0.0,0.0,NZDJPY.p,E25/T4
361583248,2026-09-03 09:15:00,0,4,0.04,0.0,0.0,0.0,0.0,GBPSGD.p,E25/T4
361605030,2026-09-03 09:30:03,0,4,0.01,0.0,0.94001,0.0,0.0,EURCHF.p,[tp 0.94001]
361633705,2026-09-03 10:00:00,0,4,0.01,0.0,0.0,0.0,0.0,EURCHF.p,E25/T4
361633821,2026-09-03 10:00:00,0,4,0.01,0.0,0.0,0.0,0.0,NZDCHF.p,E25/T4
361633822,2026-09-03 10:00:00,0,4,0.01,0.0,0.0,0.0,0.0,USDCHF.p,E25/T4
361633832,2026-09-03 10:00:00,0,4,0.01,0.0,0.0,0.0,0.0,CADCHF.p,E25/T4
361646121,2026-09-03 10:05:33,1,4,0.01,0.0,0.0,0.0,0.0,EURUSD.p,E25/T4
361660343,2026-09-03 10:15:00,0,4,0.02,0.0,0.0,0.0,0.0,CADJPY.p,E25/T4
361660418,2026-09-03 10:15:00,0,4,0.01,0.0,0.0,0.0,0.0,SGDJPY.p,E25/T4
361660435,2026-09-03 10:15:00,0,4,0.02,0.0,0.0,0.0,0.0,USDJPY.p,E25/T4
361660439,2026-09-03 10:15:00,0,4,0.04,0.0,0.0,0.0,0.0,EURJPY.p,E25/T4
361778136,2026-09-03 11:32:56,0,4,0.01,0.0,1.61566,0.0,0.0,EURAUD.p,[tp 1.61566]
361808193,2026-09-03 12:00:00,0,4,0.01,0.0,0.0,0.0,0.0,EURAUD.p,E25/T4
361842684,2026-09-03 12:30:00,0,4,0.04,0.0,0.0,0.0,0.0,CHFJPY.p,E25/T4
361979671,2026-09-03 14:24:25,1,4,0.01,0.0,0.47486,0.0,0.0,NZDCHF.p,[tp 0.47486]
361982069,2026-09-03 14:26:17,0,4,0.01,0.0,1.16096,0.0,0.0,EURUSD.p,[tp 1.16096]
361985898,2026-09-03 14:30:00,0,4,0.02,0.0,0.0,0.0,0.0,GBPCAD.p,E25/T4
361989688,2026-09-03 14:31:20,1,4,0.01,0.0,0.58625,0.0,0.0,CADCHF.p,[tp 0.58625]
362007073,2026-09-03 14:45:00,0,4,0.01,0.0,0.0,0.0,0.0,CADCHF.p,E25/T4
362027839,2026-09-03 15:00:00,0,4,0.02,0.0,0.0,0.0,0.0,USDCAD.p,E25/T4
362078514,2026-09-03 15:30:00,0,4,0.02,0.0,0.0,0.0,0.0,NZDJPY.p,E25/T4
362078517,2026-09-03 15:30:00,0,4,0.08,0.0,0.0,0.0,0.0,CHFJPY.p,E25/T4
362078625,2026-09-03 15:30:00,1,4,0.01,0.0,0.0,0.0,0.0,EURUSD.p,E25/T4
362084385,2026-09-03 15:30:06,1,4,0.01,0.0,0.0,0.0,0.0,AUDSGD.p,E25/T4
362141570,2026-09-03 15:45:00,0,4,0.04,0.0,0.0,0.0,0.0,CADJPY.p,E25/T4
362141666,2026-09-03 15:45:00,0,4,0.04,0.0,0.0,0.0,0.0,USDJPY.p,E25/T4
362165588,2026-09-03 15:53:13,1,4,0.01,0.0,1.35187,0.0,0.0,GBPUSD.p,[tp 1.35187]
362184473,2026-09-03 16:00:00,1,4,0.01,0.0,0.0,0.0,0.0,AUDUSD.p,E25/T4
362221515,2026-09-03 16:14:48,0,4,0.01,0.0,0.0,0.0,0.0,USDCHF.p,E25/T4
362221859,2026-09-03 16:15:00,0,4,0.01,0.0,0.0,0.0,0.0,USDSGD.p,E25/T4
362221947,2026-09-03 16:15:00,1,4,0.01,0.0,0.0,0.0,0.0,GBPUSD.p,E25/T4
362325795,2026-09-03 17:00:00,0,4,0.02,0.0,0.0,0.0,0.0,AUDJPY.p,E25/T4
362359636,2026-09-03 17:10:58,1,4,0.01,0.0,1.61696,0.0,0.0,EURAUD.p,[tp 1.61696]
362406740,2026-09-03 17:30:00,1,4,0.01,0.0,0.0,0.0,0.0,EURAUD.p,E25/T4
362442382,2026-09-03 17:46:08,1,4,0.01,0.0,0.58666,0.0,0.0,CADCHF.p,[tp 0.58666]
362626352,2026-09-03 19:17:16,1,4,0.01,0.0,0.58888,0.0,0.0,NZDUSD.p,[tp 0.58888]
362626354,2026-09-03 19:17:16,1,4,0.01,0.0,0.58888,0.0,0.0,NZDUSD.p,[tp 0.58888]
362626355,2026-09-03 19:17:16,1,4,0.02,0.0,0.58888,0.0,0.0,NZDUSD.p,[tp 0.58888]
362826863,2026-09-03 22:41:23,0,4,0.01,0.0,1.6143100000000001,0.0,0.0,EURAUD.p,[tp 1.61431]
362844973,2026-09-03 23:00:00,0,4,0.01,0.0,0.0,0.0,0.0,EURAUD.p,E25/T4
362871138,2026-09-03 23:40:11,1,4,0.01,0.0,1.26726,0.0,0.0,USDSGD.p,[tp 1.26726]
362915479,2026-09-04 01:15:00,0,4,0.01,0.0,0.0,0.0,0.0,USDSGD.p,E25/T4
362915484,2026-09-04 01:15:00,0,4,0.01,0.0,0.0,0.0,0.0,NZDCHF.p,E25/T4
362963541,2026-09-04 02:59:01,1,4,0.01,0.0,1.61489,0.0,0.0,EURAUD.p,[tp 1.61489]
362998184,2026-09-04 03:46:51,1,4,0.01,0.0,0.4756,0.0,0.0,NZDCHF.p,[tp 0.47560]
363036576,2026-09-04 04:22:21,0,4,0.01,0.0,0.0,0.0,0.0,EURAUD.p,E25/T4
363054473,2026-09-04 04:37:31,1,4,0.01,0.0,91.974,0.0,0.0,NZDJPY.p,[tp 91.974]
363054474,2026-09-04 04:37:31,1,4,0.01,0.0,91.974,0.0,0.0,NZDJPY.p,[tp 91.974]
363054475,2026-09-04 04:37:31,1,4,0.02,0.0,91.974,0.0,0.0,NZDJPY.p,[tp 91.974]
363059651,2026-09-04 04:42:56,1,4,0.01,0.0,112.572,0.0,0.0,AUDJPY.p,[tp 112.572]
363059652,2026-09-04 04:42:56,1,4,0.01,0.0,112.572,0.0,0.0,AUDJPY.p,[tp 112.572]
363059653,2026-09-04 04:42:56,1,4,0.02,0.0,112.572,0.0,0.0,AUDJPY.p,[tp 112.572]
363061714,2026-09-04 04:45:00,0,4,0.02,0.0,0.0,0.0,0.0,GBPNZD.p,E25/T4
363075214,2026-09-04 05:00:00,1,4,0.01,0.0,0.0,0.0,0.0,NZDJPY.p,E25/T4
363075215,2026-09-04 05:00:00,1,4,0.01,0.0,0.0,0.0,0.0,AUDJPY.p,E25/T4
363085717,2026-09-04 05:15:00,1,4,0.01,0.0,0.0,0.0,0.0,NZDCHF.p,E25/T4
363134320,2026-09-04 06:28:37,1,4,0.01,0.0,1.6133,0.0,0.0,EURAUD.p,[tp 1.61330]
363134366,2026-09-04 06:28:43,0,4,0.01,0.0,0.0,0.0,0.0,EURAUD.p,E25/T4
363137703,2026-09-04 06:39:05,1,4,0.01,0.0,113.306,0.0,0.0,CADJPY.p,[tp 113.306]
363137705,2026-09-04 06:39:05,1,4,0.01,0.0,113.306,0.0,0.0,CADJPY.p,[tp 113.306]
363137706,2026-09-04 06:39:05,1,4,0.02,0.0,113.306,0.0,0.0,CADJPY.p,[tp 113.306]
363137707,2026-09-04 06:39:05,1,4,0.04,0.0,113.306,0.0,0.0,CADJPY.p,[tp 113.306]
363167355,2026-09-04 07:45:00,1,4,0.01,0.0,0.0,0.0,0.0,CADJPY.p,E25/T4
363220998,2026-09-04 09:04:39,1,4,0.01,0.0,193.67,0.0,0.0,CHFJPY.p,[tp 193.670]
363221000,2026-09-04 09:04:39,1,4,0.01,0.0,193.67,0.0,0.0,CHFJPY.p,[tp 193.670]
363221001,2026-09-04 09:04:39,1,4,0.02,0.0,193.67,0.0,0.0,CHFJPY.p,[tp 193.670]
363221002,2026-09-04 09:04:39,1,4,0.04,0.0,193.67,0.0,0.0,CHFJPY.p,[tp 193.670]
363221003,2026-09-04 09:04:39,1,4,0.08,0.0,193.67,0.0,0.0,CHFJPY.p,[tp 193.670]
363221048,2026-09-04 09:04:47,1,4,0.01,0.0,0.0,0.0,0.0,CHFJPY.p,E25/T4
363237316,2026-09-04 09:24:27,1,4,0.01,0.0,1.6137000000000001,0.0,0.0,EURAUD.p,[tp 1.61370]
363243365,2026-09-04 09:30:00,0,4,0.01,0.0,0.0,0.0,0.0,EURAUD.p,E25/T4
363246663,2026-09-04 09:33:17,0,4,0.01,0.0,113.223,0.0,0.0,CADJPY.p,[tp 113.223]
363246811,2026-09-04 09:33:24,1,4,0.01,0.0,0.0,0.0,0.0,CADJPY.p,E25/T4
363292477,2026-09-04 10:22:02,1,4,0.01,0.0,0.80866,0.0,0.0,USDCHF.p,[tp 0.80866]
363292478,2026-09-04 10:22:02,1,4,0.01,0.0,0.80866,0.0,0.0,USDCHF.p,[tp 0.80866]
363321927,2026-09-04 10:47:43,1,4,0.01,0.0,2.30123,0.0,0.0,GBPNZD.p,[tp 2.30123]
363321928,2026-09-04 10:47:43,1,4,0.01,0.0,2.30123,0.0,0.0,GBPNZD.p,[tp 2.30123]
363321929,2026-09-04 10:47:43,1,4,0.02,0.0,2.30123,0.0,0.0,GBPNZD.p,[tp 2.30123]
363322615,2026-09-04 10:48:02,0,4,0.01,0.0,0.47569,0.0,0.0,NZDCHF.p,[tp 0.47569]
363367695,2026-09-04 11:45:00,1,4,0.01,0.0,0.0,0.0,0.0,GBPNZD.p,E25/T4
363372631,2026-09-04 11:53:06,0,4,0.01,0.0,193.411,0.0,0.0,CHFJPY.p,[tp 193.411]
363413498,2026-09-04 12:34:31,1,4,0.01,0.0,1.6145399999999999,0.0,0.0,EURAUD.p,[tp 1.61454]
363416423,2026-09-04 12:38:24,1,4,0.01,0.0,0.94037,0.0,0.0,EURCHF.p,[tp 0.94037]
363420449,2026-09-04 12:45:00,1,4,0.01,0.0,0.0,0.0,0.0,EURAUD.p,E25/T4
363420502,2026-09-04 12:45:00,1,4,0.04,0.0,0.0,0.0,0.0,AUDNZD.p,E25/T4
363420535,2026-09-04 12:45:00,0,4,0.01,0.0,0.0,0.0,0.0,NZDCHF.p,E25/T4
363476526,2026-09-04 13:45:00,0,4,0.01,0.0,0.0,0.0,0.0,CHFJPY.p,E25/T4
363499000,2026-09-04 14:14:13,0,4,0.01,0.0,91.872,0.0,0.0,NZDJPY.p,[tp 91.872]
363517697,2026-09-04 14:35:11,0,4,0.01,0.0,113.173,0.0,0.0,CADJPY.p,[tp 113.173]
363549788,2026-09-04 15:15:06,0,4,0.01,0.0,1.61324,0.0,0.0,EURAUD.p,[tp 1.61324]
363549805,2026-09-04 15:15:08,0,4,0.01,0.0,0.0,0.0,0.0,EURAUD.p,E25/T4
363551768,2026-09-04 15:17:51,0,4,0.01,0.0,2.29909,0.0,0.0,GBPNZD.p,[tp 2.29909]
363551777,2026-09-04 15:17:53,1,4,0.01,0.0,0.0,0.0,0.0,GBPNZD.p,E25/T4
363554222,2026-09-04 15:20:01,1,4,0.01,0.0,0.47615,0.0,0.0,NZDCHF.p,[tp 0.47615]
363572081,2026-09-04 15:30:01,0,4,0.01,0.0,1.1602999999999999,0.0,0.0,EURUSD.p,[tp 1.16030]
363572159,2026-09-04 15:30:01,0,4,0.01,0.0,0.91156,0.0,0.0,AUDSGD.p,[tp 0.91156]
363573100,2026-09-04 15:30:04,1,4,0.01,0.0,0.0,0.0,0.0,USDCHF.p,E25/T4
363573283,2026-09-04 15:30:06,1,4,0.01,0.0,1.38297,0.0,0.0,USDCAD.p,[tp 1.38297]
363573285,2026-09-04 15:30:06,1,4,0.01,0.0,1.38297,0.0,0.0,USDCAD.p,[tp 1.38297]
363573286,2026-09-04 15:30:06,1,4,0.02,0.0,1.38297,0.0,0.0,USDCAD.p,[tp 1.38297]
363573989,2026-09-04 15:30:07,0,4,0.01,0.0,1.34863,0.0,0.0,GBPUSD.p,[tp 1.34863]
363581084,2026-09-04 15:30:13,1,4,0.01,0.0,1.2678099999999999,0.0,0.0,USDSGD.p,[tp 1.26781]
363590003,2026-09-04 15:30:25,1,4,0.01,0.0,1.8696700000000002,0.0,0.0,GBPCAD.p,[tp 1.86967]
363590004,2026-09-04 15:30:25,1,4,0.01,0.0,1.8696700000000002,0.0,0.0,GBPCAD.p,[tp 1.86967]
363590005,2026-09-04 15:30:25,1,4,0.02,0.0,1.8696700000000002,0.0,0.0,GBPCAD.p,[tp 1.86967]
363619437,2026-09-04 15:32:50,1,4,0.01,0.0,0.0,0.0,0.0,EURCHF.p,E25/T4
363658994,2026-09-04 15:37:41,0,4,0.01,0.0,112.378,0.0,0.0,AUDJPY.p,[tp 112.378]
363692377,2026-09-04 15:45:00,0,4,0.01,0.0,0.0,0.0,0.0,GBPCAD.p,E25/T4
363692662,2026-09-04 15:45:00,0,4,0.02,0.0,0.0,0.0,0.0,EURSGD.p,E25/T4
363692671,2026-09-04 15:45:00,0,4,0.01,0.0,0.0,0.0,0.0,USDCAD.p,E25/T4
363692870,2026-09-04 15:45:00,1,4,0.01,0.0,0.0,0.0,0.0,NZDUSD.p,E25/T4
363718506,2026-09-04 15:50:32,1,4,0.02,0.0,0.0,0.0,0.0,AUDCAD.p,E25/T4
363747556,2026-09-04 16:00:00,0,4,0.01,0.0,0.0,0.0,0.0,GBPUSD.p,E25/T4
363816215,2026-09-04 16:15:00,0,4,0.01,0.0,0.0,0.0,0.0,CADJPY.p,E25/T4
363816324,2026-09-04 16:15:00,0,4,0.01,0.0,0.0,0.0,0.0,AUDJPY.p,E25/T4
363822862,2026-09-04 16:17:08,0,4,0.01,0.0,0.0,0.0,0.0,NZDJPY.p,E25/T4
363851370,2026-09-04 16:30:00,0,4,0.01,0.0,0.0,0.0,0.0,AUDSGD.p,E25/T4
364236846,2026-09-04 19:49:16,0,4,0.01,0.0,2.2954,0.0,0.0,GBPNZD.p,[tp 2.29540]
364236885,2026-09-04 19:49:17,0,4,0.01,0.0,0.0,0.0,0.0,GBPNZD.p,E25/T4
364329601,2026-09-04 21:33:04,1,4,0.01,0.0,91.85,0.0,0.0,NZDJPY.p,[tp 91.850]
364329815,2026-09-04 21:33:46,1,4,0.01,0.0,112.875,0.0,0.0,CADJPY.p,[tp 112.875]
364335694,2026-09-04 21:47:21,1,4,0.01,0.0,112.541,0.0,0.0,AUDJPY.p,[tp 112.541]
364338754,2026-09-04 22:00:00,1,4,0.01,0.0,0.0,0.0,0.0,CADJPY.p,E25/T4
364339483,2026-09-04 22:00:49,1,4,0.01,0.0,2.29803,0.0,0.0,GBPNZD.p,[tp 2.29803]
364340572,2026-09-04 22:04:11,1,4,0.01,0.0,1.3515,0.0,0.0,GBPUSD.p,[tp 1.35150]
364345058,2026-09-04 22:15:00,0,4,0.01,0.0,0.0,0.0,0.0,EURUSD.p,E25/T4
364345655,2026-09-04 22:16:10,0,4,0.01,0.0,0.80998,0.0,0.0,USDCHF.p,[tp 0.80998]
364345665,2026-09-04 22:16:12,1,4,0.01,0.0,0.0,0.0,0.0,USDCHF.p,E25/T4
364354723,2026-09-04 22:30:00,1,4,0.01,0.0,0.0,0.0,0.0,GBPNZD.p,E25/T4
364358622,2026-09-04 22:35:55,1,4,0.01,0.0,0.91311,0.0,0.0,AUDSGD.p,[tp 0.91311]
364368213,2026-09-04 23:00:00,1,4,0.01,0.0,0.0,0.0,0.0,AUDSGD.p,E25/T4
364375949,2026-09-04 23:30:00,1,4,0.01,0.0,0.0,0.0,0.0,AUDJPY.p,E25/T4
364657920,2026-09-07 01:15:00,0,4,0.01,0.0,0.0,0.0,0.0,NZDJPY.p,E25/T4
364698904,2026-09-07 02:17:58,0,4,0.01,0.0,112.518,0.0,0.0,AUDJPY.p,[tp 112.518]
364698912,2026-09-07 02:17:59,1,4,0.01,0.0,0.0,0.0,0.0,AUDJPY.p,E25/T4
364737936,2026-09-07 03:00:37,1,4,0.01,0.0,91.921,0.0,0.0,NZDJPY.p,[tp 91.921]
364737979,2026-09-07 03:00:42,0,4,0.01,0.0,2.29733,0.0,0.0,GBPNZD.p,[tp 2.29733]
364748453,2026-09-07 03:10:39,0,4,0.01,0.0,112.836,0.0,0.0,CADJPY.p,[tp 112.836]
364753917,2026-09-07 03:15:00,1,4,0.01,0.0,0.0,0.0,0.0,NZDJPY.p,E25/T4
364762126,2026-09-07 03:22:57,1,4,0.01,0.0,1.1616900000000001,0.0,0.0,EURUSD.p,[tp 1.16169]
364768063,2026-09-07 03:30:33,0,4,0.01,0.0,0.91264,0.0,0.0,AUDSGD.p,[tp 0.91264]
364768214,2026-09-07 03:30:34,1,4,0.01,0.0,0.0,0.0,0.0,AUDSGD.p,E25/T4
364775943,2026-09-07 03:39:30,0,4,0.01,0.0,0.80952,0.0,0.0,USDCHF.p,[tp 0.80952]
364780997,2026-09-07 03:45:00,0,4,0.01,0.0,0.0,0.0,0.0,CADJPY.p,E25/T4
364781054,2026-09-07 03:45:00,1,4,0.01,0.0,0.0,0.0,0.0,GBPNZD.p,E25/T4
364814920,2026-09-07 04:05:33,0,4,0.01,0.0,112.349,0.0,0.0,AUDJPY.p,[tp 112.349]
364834508,2026-09-07 04:15:00,0,4,0.01,0.0,0.0,0.0,0.0,AUDJPY.p,E25/T4
364964368,2026-09-07 05:57:24,0,4,0.01,0.0,91.661,0.0,0.0,NZDJPY.p,[tp 91.661]
364964442,2026-09-07 05:57:30,0,4,0.01,0.0,0.0,0.0,0.0,NZDJPY.p,E25/T4
365001301,2026-09-07 06:35:00,1,4,0.01,0.0,112.818,0.0,0.0,CADJPY.p,[tp 112.818]
365009777,2026-09-07 06:45:00,0,4,0.01,0.0,0.0,0.0,0.0,CADJPY.p,E25/T4
365024697,2026-09-07 07:07:42,1,4,0.01,0.0,112.462,0.0,0.0,AUDJPY.p,[tp 112.462]
365053590,2026-09-07 07:45:00,1,4,0.01,0.0,0.0,0.0,0.0,AUDJPY.p,E25/T4
365145287,2026-09-07 09:00:00,0,4,0.01,0.0,0.0,0.0,0.0,CHFJPY.p,E25/T4
365188593,2026-09-07 09:30:00,1,4,0.02,0.0,0.0,0.0,0.0,AUDCHF.p,E25/T4
365240746,2026-09-07 10:23:48,0,4,0.01,0.0,112.36,0.0,0.0,AUDJPY.p,[tp 112.360]
365245873,2026-09-07 10:30:00,1,4,0.01,0.0,0.0,0.0,0.0,AUDJPY.p,E25/T4
365245959,2026-09-07 10:30:00,1,4,0.01,0.0,0.0,0.0,0.0,GBPNZD.p,E25/T4
365302418,2026-09-07 11:09:20,1,4,0.01,0.0,1.8717899999999998,0.0,0.0,GBPCAD.p,[tp 1.87179]
365302756,2026-09-07 11:09:25,0,4,0.01,0.0,0.94093,0.0,0.0,EURCHF.p,[tp 0.94093]
365310249,2026-09-07 11:15:00,0,4,0.01,0.0,0.0,0.0,0.0,NZDJPY.p,E25/T4
365348780,2026-09-07 11:45:00,0,4,0.01,0.0,0.0,0.0,0.0,USDSGD.p,E25/T4
365348808,2026-09-07 11:45:00,1,4,0.01,0.0,0.0,0.0,0.0,GBPUSD.p,E25/T4
365348846,2026-09-07 11:45:00,1,4,0.01,0.0,0.0,0.0,0.0,EURUSD.p,E25/T4
365400529,2026-09-07 12:53:01,0,4,0.01,0.0,2.30136,0.0,0.0,GBPNZD.p,[tp 2.30136]
365400530,2026-09-07 12:53:01,0,4,0.01,0.0,2.30136,0.0,0.0,GBPNZD.p,[tp 2.30136]
365416603,2026-09-07 13:15:00,1,4,0.01,0.0,0.0,0.0,0.0,GBPNZD.p,E25/T4
365423677,2026-09-07 13:24:09,0,4,0.01,0.0,111.581,0.0,0.0,AUDJPY.p,[tp 111.581]
365423821,2026-09-07 13:24:16,0,4,0.01,0.0,0.0,0.0,0.0,AUDJPY.p,E25/T4
365524296,2026-09-07 15:03:31,0,4,0.01,0.0,1.35304,0.0,0.0,GBPUSD.p,[tp 1.35304]
365524302,2026-09-07 15:03:33,1,4,0.01,0.0,0.0,0.0,0.0,GBPUSD.p,E25/T4
365532329,2026-09-07 15:15:43,1,4,0.01,0.0,111.659,0.0,0.0,AUDJPY.p,[tp 111.659]
365532346,2026-09-07 15:15:45,0,4,0.01,0.0,0.0,0.0,0.0,AUDJPY.p,E25/T4
365550399,2026-09-07 15:45:00,0,4,0.01,0.0,0.0,0.0,0.0,USDCAD.p,E25/T4
365568817,2026-09-07 16:06:26,1,4,0.01,0.0,1.2662499999999999,0.0,0.0,USDSGD.p,[tp 1.26625]
365611144,2026-09-07 17:00:54,0,4,0.01,0.0,2.30129,0.0,0.0,GBPNZD.p,[tp 2.30129]
365611225,2026-09-07 17:00:56,1,4,0.01,0.0,0.0,0.0,0.0,GBPNZD.p,E25/T4
365686741,2026-09-07 18:21:43,0,4,0.01,0.0,0.0,0.0,0.0,USDSGD.p,E25/T4
365772808,2026-09-08 00:45:00,0,4,0.02,0.0,0.0,0.0,0.0,GBPAUD.p,E25/T4
366046132,2026-09-08 05:03:45,0,4,0.01,0.0,0.91222,0.0,0.0,AUDSGD.p,[tp 0.91222]
366095541,2026-09-08 06:00:00,0,4,0.01,0.0,0.0,0.0,0.0,AUDSGD.p,E25/T4
366138681,2026-09-08 06:47:27,0,4,0.01,0.0,0.5861,0.0,0.0,NZDUSD.p,[tp 0.58610]
366147585,2026-09-08 07:00:00,0,4,0.02,0.0,0.0,0.0,0.0,NZDSGD.p,E25/T4
366147590,2026-09-08 07:00:00,1,4,0.02,0.0,0.0,0.0,0.0,EURNZD.p,E25/T4
366173294,2026-09-08 07:30:00,0,4,0.01,0.0,0.0,0.0,0.0,NZDUSD.p,E25/T4
366239096,2026-09-08 08:40:00,1,4,0.01,0.0,0.91268,0.0,0.0,AUDSGD.p,[tp 0.91268]
366333185,2026-09-08 09:45:00,0,4,0.01,0.0,0.0,0.0,0.0,GBPCAD.p,E25/T4
366346779,2026-09-08 10:00:01,0,4,0.01,0.0,1.1621,0.0,0.0,EURUSD.p,[tp 1.16210]
366362312,2026-09-08 10:15:00,0,4,0.01,0.0,0.0,0.0,0.0,EURCAD.p,E25/T4
366376274,2026-09-08 10:30:00,1,4,0.08,0.0,0.0,0.0,0.0,AUDNZD.p,E25/T4
366403344,2026-09-08 10:45:00,0,4,0.02,0.0,0.0,0.0,0.0,NZDCAD.p,E25/T4
366420441,2026-09-08 11:00:00,1,4,0.01,0.0,0.0,0.0,0.0,USDCHF.p,E25/T4
366443688,2026-09-08 11:14:52,0,4,0.01,0.0,1.35257,0.0,0.0,GBPUSD.p,[tp 1.35257]
366472541,2026-09-08 11:45:06,1,4,0.01,0.0,1.2664900000000001,0.0,0.0,USDSGD.p,[tp 1.26649]
366495307,2026-09-08 12:04:00,1,4,0.01,0.0,1.09827,0.0,0.0,GBPCHF.p,[tp 1.09827]
366514366,2026-09-08 12:30:00,1,4,0.01,0.0,0.0,0.0,0.0,GBPCHF.p,E25/T4
366531110,2026-09-08 12:41:45,1,4,0.01,0.0,1.86791,0.0,0.0,GBPCAD.p,[tp 1.86791]
366531336,2026-09-08 12:41:50,0,4,0.01,0.0,0.0,0.0,0.0,GBPCAD.p,E25/T4
366661363,2026-09-08 15:00:00,1,4,0.01,0.0,0.0,0.0,0.0,GBPNZD.p,E25/T4
366749630,2026-09-08 15:49:29,0,4,0.01,0.0,0.81025,0.0,0.0,USDCHF.p,[tp 0.81025]
366778924,2026-09-08 16:03:20,0,4,0.01,0.0,1.09742,0.0,0.0,GBPCHF.p,[tp 1.09742]
366779026,2026-09-08 16:03:27,1,4,0.01,0.0,0.0,0.0,0.0,GBPCHF.p,E25/T4
366790863,2026-09-08 16:10:44,1,4,0.01,0.0,1.86842,0.0,0.0,GBPCAD.p,[tp 1.86842]
366790927,2026-09-08 16:10:51,1,4,0.01,0.0,0.0,0.0,0.0,GBPCAD.p,E25/T4
366793596,2026-09-08 16:12:52,1,4,0.01,0.0,0.58589,0.0,0.0,NZDUSD.p,[tp 0.58589]
366821562,2026-09-08 16:30:00,1,4,0.01,0.0,0.0,0.0,0.0,GBPUSD.p,E25/T4
366865832,2026-09-08 16:45:00,0,4,0.01,0.0,0.0,0.0,0.0,USDCHF.p,E25/T4
366865888,2026-09-08 16:45:00,1,4,0.01,0.0,0.0,0.0,0.0,NZDUSD.p,E25/T4
366958717,2026-09-08 17:30:00,0,4,0.02,0.0,0.0,0.0,0.0,USDCAD.p,E25/T4
367235190,2026-09-08 21:48:15,0,4,0.01,0.0,1.35464,0.0,0.0,GBPUSD.p,[tp 1.35464]
367237446,2026-09-08 21:48:28,0,4,0.01,0.0,1.86658,0.0,0.0,GBPCAD.p,[tp 1.86658]
367277914,2026-09-08 21:59:46,0,4,0.01,0.0,1.0959,0.0,0.0,GBPCHF.p,[tp 1.09590]
367278679,2026-09-08 22:00:00,0,4,0.02,0.0,0.0,0.0,0.0,SGDJPY.p,E25/T4
367278687,2026-09-08 22:00:00,0,4,0.08,0.0,0.0,0.0,0.0,GBPJPY.p,E25/T4
367278932,2026-09-08 22:00:00,1,4,0.01,0.0,0.0,0.0,0.0,GBPUSD.p,E25/T4
367348590,2026-09-08 23:00:00,0,4,0.01,0.0,0.0,0.0,0.0,GBPCHF.p,E25/T4
367516618,2026-09-09 03:15:00,0,4,0.08,0.0,0.0,0.0,0.0,EURJPY.p,E25/T4
367516732,2026-09-09 03:15:00,0,4,0.16,0.0,0.0,0.0,0.0,GBPJPY.p,E25/T4
367516753,2026-09-09 03:15:01,0,4,0.01,0.0,0.0,0.0,0.0,CADJPY.p,E25/T4
367631038,2026-09-09 04:33:02,0,4,0.01,0.0,1.35419,0.0,0.0,GBPUSD.p,[tp 1.35419]
368068353,2026-09-09 11:09:34,0,4,0.01,0.0,0.58511,0.0,0.0,NZDUSD.p,[tp 0.58511]
368128188,2026-09-09 12:10:32,1,4,0.01,0.0,1.09677,0.0,0.0,GBPCHF.p,[tp 1.09677]
368151741,2026-09-09 12:35:37,1,4,0.01,0.0,0.80998,0.0,0.0,USDCHF.p,[tp 0.80998]
368179696,2026-09-09 13:00:00,1,4,0.04,0.0,0.0,0.0,0.0,EURNZD.p,E25/T4
368217370,2026-09-09 13:30:00,0,4,0.01,0.0,0.0,0.0,0.0,NZDUSD.p,E25/T4
368285258,2026-09-09 14:26:06,0,4,0.01,0.0,0.0,0.0,0.0,GBPUSD.p,E25/T4
368309987,2026-09-09 14:45:00,1,4,0.01,0.0,0.0,0.0,0.0,GBPCAD.p,E25/T4
368390906,2026-09-09 15:30:00,0,4,0.01,0.0,0.0,0.0,0.0,GBPCHF.p,E25/T4
368390907,2026-09-09 15:30:00,0,4,0.01,0.0,0.0,0.0,0.0,USDCHF.p,E25/T4
368401205,2026-09-09 15:36:26,1,4,0.01,0.0,0.58557,0.0,0.0,NZDUSD.p,[tp 0.58557]
368547040,2026-09-09 16:45:00,1,4,0.01,0.0,0.0,0.0,0.0,NZDUSD.p,E25/T4
368616330,2026-09-09 17:14:34,1,4,0.01,0.0,1.35635,0.0,0.0,GBPUSD.p,[tp 1.35635]
368616455,2026-09-09 17:14:36,1,4,0.01,0.0,0.0,0.0,0.0,GBPUSD.p,E25/T4
368747280,2026-09-09 18:05:27,1,4,0.01,0.0,1.38069,0.0,0.0,USDCAD.p,[tp 1.38069]
368747281,2026-09-09 18:05:27,1,4,0.01,0.0,1.38069,0.0,0.0,USDCAD.p,[tp 1.38069]
368747282,2026-09-09 18:05:27,1,4,0.02,0.0,1.38069,0.0,0.0,USDCAD.p,[tp 1.38069]
368747615,2026-09-09 18:05:30,1,4,0.01,0.0,0.0,0.0,0.0,USDCAD.p,E25/T4
368800937,2026-09-09 18:15:00,1,4,0.01,0.0,0.0,0.0,0.0,EURUSD.p,E25/T4
368898815,2026-09-09 18:47:20,1,4,0.01,0.0,1.09749,0.0,0.0,GBPCHF.p,[tp 1.09749]
368898885,2026-09-09 18:47:21,1,4,0.01,0.0,0.0,0.0,0.0,GBPCHF.p,E25/T4
368901334,2026-09-09 18:48:59,1,4,0.01,0.0,0.81007,0.0,0.0,USDCHF.p,[tp 0.81007]
368901427,2026-09-09 18:49:01,1,4,0.01,0.0,0.0,0.0,0.0,USDCHF.p,E25/T4
369036608,2026-09-09 20:37:57,0,4,0.01,0.0,0.58403,0.0,0.0,NZDUSD.p,[tp 0.58403]
369064132,2026-09-09 21:16:12,0,4,0.01,0.0,1.35565,0.0,0.0,GBPUSD.p,[tp 1.35565]
369071283,2026-09-09 21:30:00,1,4,0.01,0.0,0.0,0.0,0.0,GBPUSD.p,E25/T4
369177268,2026-09-10 00:15:00,0,4,0.01,0.0,0.0,0.0,0.0,NZDUSD.p,E25/T4
369177596,2026-09-10 00:33:34,0,4,0.01,0.0,1.3802400000000001,0.0,0.0,USDCAD.p,[tp 1.38024]
369178091,2026-09-10 01:00:00,0,4,0.01,0.0,0.0,0.0,0.0,EURCHF.p,E25/T4
369188616,2026-09-10 01:15:00,0,4,0.01,0.0,0.0,0.0,0.0,USDCAD.p,E25/T4
369197072,2026-09-10 01:30:16,0,4,0.01,0.0,0.8096,0.0,0.0,USDCHF.p,[tp 0.80960]
369204845,2026-09-10 01:43:43,0,4,0.01,0.0,1.09701,0.0,0.0,GBPCHF.p,[tp 1.09701]
369204865,2026-09-10 01:43:45,1,4,0.01,0.0,0.0,0.0,0.0,GBPCHF.p,E25/T4
369250996,2026-09-10 03:00:54,0,4,0.01,0.0,1.35487,0.0,0.0,GBPUSD.p,[tp 1.35487]
369251076,2026-09-10 03:00:56,1,4,0.01,0.0,0.0,0.0,0.0,GBPUSD.p,E25/T4
369264352,2026-09-10 03:13:18,1,4,0.01,0.0,0.58439,0.0,0.0,NZDUSD.p,[tp 0.58439]
369264392,2026-09-10 03:13:20,1,4,0.01,0.0,0.0,0.0,0.0,NZDUSD.p,E25/T4
369351664,2026-09-10 04:29:34,1,4,0.01,0.0,1.38096,0.0,0.0,USDCAD.p,[tp 1.38096]
369351954,2026-09-10 04:29:41,1,4,0.01,0.0,0.0,0.0,0.0,USDCAD.p,E25/T4
369356402,2026-09-10 04:32:01,1,4,0.01,0.0,1.61367,0.0,0.0,EURAUD.p,[tp 1.61367]
369360263,2026-09-10 04:34:59,0,4,0.01,0.0,1.0965799999999999,0.0,0.0,GBPCHF.p,[tp 1.09658]
369370793,2026-09-10 04:45:00,1,4,0.01,0.0,0.0,0.0,0.0,EURAUD.p,E25/T4
369413473,2026-09-10 05:15:00,0,4,0.01,0.0,0.0,0.0,0.0,GBPCHF.p,E25/T4
369452420,2026-09-10 05:45:01,1,4,0.01,0.0,0.0,0.0,0.0,GBPCAD.p,E25/T4
369526059,2026-09-10 07:06:03,0,4,0.01,0.0,1.61193,0.0,0.0,EURAUD.p,[tp 1.61193]
369669292,2026-09-10 08:53:13,0,4,0.01,0.0,1.38049,0.0,0.0,USDCAD.p,[tp 1.38049]
369679560,2026-09-10 09:00:00,1,4,0.01,0.0,0.0,0.0,0.0,USDCAD.p,E25/T4
369805138,2026-09-10 10:13:50,1,4,0.01,0.0,1.0971,0.0,0.0,GBPCHF.p,[tp 1.09710]
369805432,2026-09-10 10:13:56,0,4,0.01,0.0,0.0,0.0,0.0,GBPCHF.p,E25/T4
369922843,2026-09-10 11:42:01,1,4,0.01,0.0,0.94312,0.0,0.0,EURCHF.p,[tp 0.94312]
370009874,2026-09-10 12:42:07,0,4,0.01,0.0,1.35439,0.0,0.0,GBPUSD.p,[tp 1.35439]
370084044,2026-09-10 13:25:57,1,4,0.01,0.0,1.09809,0.0,0.0,GBPCHF.p,[tp 1.09809]
370084097,2026-09-10 13:25:59,1,4,0.01,0.0,0.0,0.0,0.0,GBPCHF.p,E25/T4
370090762,2026-09-10 13:30:35,0,4,0.01,0.0,0.58396,0.0,0.0,NZDUSD.p,[tp 0.58396]
370191016,2026-09-10 14:11:41,0,4,0.01,0.0,0.0,0.0,0.0,GBPUSD.p,E25/T4
370252660,2026-09-10 14:45:00,1,4,0.01,0.0,0.0,0.0,0.0,EURAUD.p,E25/T4
370279001,2026-09-10 14:57:04,0,4,0.01,0.0,1.1619,0.0,0.0,EURUSD.p,[tp 1.16190]
370292123,2026-09-10 15:02:40,0,4,0.01,0.0,1.86887,0.0,0.0,GBPCAD.p,[tp 1.86887]
370292124,2026-09-10 15:02:40,0,4,0.01,0.0,1.86887,0.0,0.0,GBPCAD.p,[tp 1.86887]
370334927,2026-09-10 15:21:32,0,4,0.01,0.0,0.99164,0.0,0.0,AUDCAD.p,[tp 0.99164]
370334928,2026-09-10 15:21:32,0,4,0.01,0.0,0.99164,0.0,0.0,AUDCAD.p,[tp 0.99164]
370334929,2026-09-10 15:21:32,0,4,0.01,0.0,0.99164,0.0,0.0,AUDCAD.p,[tp 0.99164]
370334930,2026-09-10 15:21:32,0,4,0.02,0.0,0.99164,0.0,0.0,AUDCAD.p,[tp 0.99164]
370352292,2026-09-10 15:30:00,1,4,0.02,0.0,0.0,0.0,0.0,GBPNZD.p,E25/T4
370352430,2026-09-10 15:30:00,0,4,0.01,0.0,0.0,0.0,0.0,EURUSD.p,E25/T4
370484565,2026-09-10 16:00:00,1,4,0.01,0.0,0.0,0.0,0.0,USDCHF.p,E25/T4
370484753,2026-09-10 16:00:00,1,4,0.01,0.0,0.0,0.0,0.0,USDSGD.p,E25/T4
370484804,2026-09-10 16:00:00,0,4,0.01,0.0,0.0,0.0,0.0,GBPCAD.p,E25/T4
370484851,2026-09-10 16:00:00,1,4,0.01,0.0,0.0,0.0,0.0,CADCHF.p,E25/T4
370580285,2026-09-10 16:30:00,0,4,0.01,0.0,0.0,0.0,0.0,AUDSGD.p,E25/T4
370580475,2026-09-10 16:30:00,0,4,0.01,0.0,0.0,0.0,0.0,NZDUSD.p,E25/T4
370580728,2026-09-10 16:30:01,0,4,0.01,0.0,1.09767,0.0,0.0,GBPCHF.p,[tp 1.09767]
370580889,2026-09-10 16:30:03,1,4,0.01,0.0,0.0,0.0,0.0,GBPCHF.p,E25/T4
370607606,2026-09-10 16:36:09,1,4,0.01,0.0,1.88679,0.0,0.0,GBPAUD.p,[tp 1.88679]
370607607,2026-09-10 16:36:09,1,4,0.01,0.0,1.88679,0.0,0.0,GBPAUD.p,[tp 1.88679]
370607608,2026-09-10 16:36:09,1,4,0.02,0.0,1.88679,0.0,0.0,GBPAUD.p,[tp 1.88679]
370607808,2026-09-10 16:36:11,1,4,0.01,0.0,0.0,0.0,0.0,GBPAUD.p,E25/T4
370686503,2026-09-10 17:00:00,0,4,0.01,0.0,0.0,0.0,0.0,AUDCAD.p,E25/T4
370686504,2026-09-10 17:00:00,0,4,0.01,0.0,0.0,0.0,0.0,NZDCHF.p,E25/T4
370828819,2026-09-10 17:52:12,0,4,0.01,0.0,0.58134,0.0,0.0,AUDCHF.p,[tp 0.58134]
370828820,2026-09-10 17:52:12,0,4,0.01,0.0,0.58134,0.0,0.0,AUDCHF.p,[tp 0.58134]
370828821,2026-09-10 17:52:12,0,4,0.02,0.0,0.58134,0.0,0.0,AUDCHF.p,[tp 0.58134]
370875960,2026-09-10 18:15:00,0,4,0.01,0.0,0.0,0.0,0.0,AUDCHF.p,E25/T4
370918313,2026-09-10 18:36:24,1,4,0.01,0.0,1.16288,0.0,0.0,EURUSD.p,[tp 1.16288]
370918419,2026-09-10 18:36:27,1,4,0.01,0.0,0.0,0.0,0.0,EURUSD.p,E25/T4
371127454,2026-09-10 20:36:24,1,4,0.01,0.0,0.99052,0.0,0.0,AUDCAD.p,[tp 0.99052]
371127478,2026-09-10 20:36:25,0,4,0.01,0.0,0.0,0.0,0.0,AUDCAD.p,E25/T4
371130829,2026-09-10 20:38:52,0,4,0.01,0.0,0.58768,0.0,0.0,CADCHF.p,[tp 0.58768]
371143013,2026-09-10 20:45:01,1,4,0.01,0.0,0.0,0.0,0.0,CADCHF.p,E25/T4
371208497,2026-09-10 21:21:14,1,4,0.01,0.0,1.8687200000000002,0.0,0.0,GBPCAD.p,[tp 1.86872]
371272726,2026-09-10 22:00:50,0,4,0.01,0.0,1.1612,0.0,0.0,EURUSD.p,[tp 1.16120]
371316065,2026-09-10 22:30:00,0,4,0.01,0.0,0.0,0.0,0.0,EURUSD.p,E25/T4
371357577,2026-09-10 23:12:53,1,4,0.01,0.0,0.58215,0.0,0.0,AUDCHF.p,[tp 0.58215]
371357582,2026-09-10 23:12:54,0,4,0.01,0.0,0.0,0.0,0.0,AUDCHF.p,E25/T4
371393557,2026-09-11 00:30:00,0,4,0.04,0.0,0.0,0.0,0.0,NZDSGD.p,E25/T4
371406103,2026-09-11 01:15:00,0,4,0.01,0.0,0.0,0.0,0.0,GBPCAD.p,E25/T4
371440144,2026-09-11 01:56:35,1,4,0.01,0.0,0.58059,0.0,0.0,NZDUSD.p,[tp 0.58059]
371440155,2026-09-11 01:56:37,1,4,0.01,0.0,0.47208,0.0,0.0,NZDCHF.p,[tp 0.47208]
371453775,2026-09-11 02:15:00,1,4,0.01,0.0,0.0,0.0,0.0,NZDUSD.p,E25/T4
371457500,2026-09-11 02:21:57,1,4,0.01,0.0,0.90818,0.0,0.0,AUDSGD.p,[tp 0.90818]
371479426,2026-09-11 02:45:00,1,4,0.01,0.0,0.0,0.0,0.0,NZDCHF.p,E25/T4
371479427,2026-09-11 02:45:00,1,4,0.01,0.0,0.0,0.0,0.0,AUDSGD.p,E25/T4
371515776,2026-09-11 03:08:00,0,4,0.01,0.0,0.58738,0.0,0.0,CADCHF.p,[tp 0.58738]
371568197,2026-09-11 03:46:28,1,4,0.01,0.0,0.99099,0.0,0.0,AUDCAD.p,[tp 0.99099]
371573135,2026-09-11 03:49:02,0,4,0.01,0.0,1.88632,0.0,0.0,GBPAUD.p,[tp 1.88632]
371574114,2026-09-11 03:49:32,1,4,0.01,0.0,0.58255,0.0,0.0,AUDCHF.p,[tp 0.58255]
371600680,2026-09-11 04:04:57,1,4,0.01,0.0,1.16165,0.0,0.0,EURUSD.p,[tp 1.16165]
371611731,2026-09-11 04:12:17,0,4,0.01,0.0,0.81257,0.0,0.0,USDCHF.p,[tp 0.81257]
371615738,2026-09-11 04:15:00,1,4,0.01,0.0,0.0,0.0,0.0,AUDCHF.p,E25/T4
371736587,2026-09-11 05:30:00,1,4,0.01,0.0,0.0,0.0,0.0,USDCAD.p,E25/T4
371742410,2026-09-11 05:31:34,0,4,0.01,0.0,0.90741,0.0,0.0,AUDSGD.p,[tp 0.90741]
371851675,2026-09-11 06:34:01,0,4,0.01,0.0,0.0,0.0,0.0,GBPUSD.p,E25/T4
371934514,2026-09-11 07:33:56,0,4,0.01,0.0,2.31678,0.0,0.0,GBPNZD.p,[tp 2.31678]
371934515,2026-09-11 07:33:56,0,4,0.01,0.0,2.31678,0.0,0.0,GBPNZD.p,[tp 2.31678]
371934516,2026-09-11 07:33:56,0,4,0.02,0.0,2.31678,0.0,0.0,GBPNZD.p,[tp 2.31678]
371965631,2026-09-11 08:00:00,0,4,0.01,0.0,0.0,0.0,0.0,GBPNZD.p,E25/T4
371990066,2026-09-11 08:18:46,1,4,0.01,0.0,1.86944,0.0,0.0,GBPCAD.p,[tp 1.86944]
372055587,2026-09-11 09:00:00,1,4,0.01,0.0,1.35153,0.0,0.0,GBPUSD.p,[tp 1.35153]
372055588,2026-09-11 09:00:00,1,4,0.01,0.0,1.35153,0.0,0.0,GBPUSD.p,[tp 1.35153]
372081709,2026-09-11 09:12:53,1,4,0.01,0.0,0.0,0.0,0.0,GBPCAD.p,E25/T4
372086809,2026-09-11 09:15:00,0,4,0.01,0.0,0.0,0.0,0.0,GBPAUD.p,E25/T4
372120046,2026-09-11 09:45:00,1,4,0.01,0.0,0.0,0.0,0.0,AUDCAD.p,E25/T4
372219583,2026-09-11 11:03:38,1,4,0.01,0.0,2.31824,0.0,0.0,GBPNZD.p,[tp 2.31824]
372239125,2026-09-11 11:15:00,0,4,0.01,0.0,0.0,0.0,0.0,GBPNZD.p,E25/T4
372368626,2026-09-11 12:55:06,0,4,0.01,0.0,1.87038,0.0,0.0,GBPCAD.p,[tp 1.87038]
372415798,2026-09-11 13:30:00,1,4,0.01,0.0,0.0,0.0,0.0,GBPCAD.p,E25/T4
372448381,2026-09-11 14:00:00,1,4,0.01,0.0,0.0,0.0,0.0,GBPCHF.p,E25/T4
372448610,2026-09-11 14:00:00,0,4,0.02,0.0,0.0,0.0,0.0,NZDJPY.p,E25/T4
372484307,2026-09-11 14:30:12,1,4,0.01,0.0,2.31949,0.0,0.0,GBPNZD.p,[tp 2.31949]
372484386,2026-09-11 14:30:16,1,4,0.01,0.0,0.0,0.0,0.0,GBPNZD.p,E25/T4
372504274,2026-09-11 14:45:00,0,4,0.02,0.0,0.0,0.0,0.0,CHFJPY.p,E25/T4
372681388,2026-09-11 15:45:00,0,4,0.08,0.0,0.0,0.0,0.0,USDJPY.p,E25/T4
372681396,2026-09-11 15:45:00,0,4,0.02,0.0,0.0,0.0,0.0,CADJPY.p,E25/T4
372681578,2026-09-11 15:45:00,1,4,0.01,0.0,0.0,0.0,0.0,GBPUSD.p,E25/T4
372681602,2026-09-11 15:45:00,0,4,0.01,0.0,0.0,0.0,0.0,AUDSGD.p,E25/T4
372687960,2026-09-11 15:46:16,0,4,0.01,0.0,1.26693,0.0,0.0,USDSGD.p,[tp 1.26693]
372688279,2026-09-11 15:46:19,0,4,0.01,0.0,0.0,0.0,0.0,USDSGD.p,E25/T4
372715392,2026-09-11 15:51:38,0,4,0.01,0.0,1.6148,0.0,0.0,EURAUD.p,[tp 1.61480]
372744092,2026-09-11 16:00:00,1,4,0.01,0.0,0.0,0.0,0.0,AUDCAD.p,E25/T4
372761979,2026-09-11 16:03:39,1,4,0.01,0.0,1.60915,0.0,0.0,EURCAD.p,[tp 1.60915]
372761980,2026-09-11 16:03:39,1,4,0.01,0.0,1.60915,0.0,0.0,EURCAD.p,[tp 1.60915]
372805864,2026-09-11 16:15:00,0,4,0.01,0.0,0.0,0.0,0.0,EURAUD.p,E25/T4
372999749,2026-09-11 17:15:00,1,4,0.01,0.0,0.0,0.0,0.0,EURCAD.p,E25/T4
373077092,2026-09-11 17:45:47,1,4,0.02,0.0,0.0,0.0,0.0,USDCAD.p,E25/T4
373083614,2026-09-11 17:48:11,1,4,0.01,0.0,1.8858899999999998,0.0,0.0,GBPAUD.p,[tp 1.88589]
373177452,2026-09-11 18:30:00,1,4,0.01,0.0,0.0,0.0,0.0,GBPAUD.p,E25/T4
373177510,2026-09-11 18:30:00,1,4,0.01,0.0,0.0,0.0,0.0,EURCHF.p,E25/T4
373339183,2026-09-11 20:10:35,0,4,0.01,0.0,0.99439,0.0,0.0,AUDCAD.p,[tp 0.99439]
373339184,2026-09-11 20:10:35,0,4,0.01,0.0,0.99439,0.0,0.0,AUDCAD.p,[tp 0.99439]
373339191,2026-09-11 20:10:37,1,4,0.01,0.0,0.0,0.0,0.0,AUDCAD.p,E25/T4
373384795,2026-09-11 20:42:53,1,4,0.01,0.0,1.61696,0.0,0.0,EURAUD.p,[tp 1.61696]
373387367,2026-09-11 20:45:00,0,4,0.01,0.0,0.0,0.0,0.0,EURAUD.p,E25/T4
373434467,2026-09-11 21:19:16,0,4,0.01,0.0,1.60775,0.0,0.0,EURCAD.p,[tp 1.60775]
373476120,2026-09-11 22:00:00,0,4,0.01,0.0,0.0,0.0,0.0,EURCAD.p,E25/T4
373552706,2026-09-11 23:34:24,1,4,0.01,0.0,1.26758,0.0,0.0,USDSGD.p,[tp 1.26758]
373801436,2026-09-14 00:01:00,1,4,0.01,0.0,1.61754,0.0,0.0,EURAUD.p,[tp 1.61754]
373801947,2026-09-14 00:08:57,0,4,0.01,0.0,0.99389,0.0,0.0,AUDCAD.p,[tp 0.99389]
373804273,2026-09-14 00:45:00,0,4,0.01,0.0,0.0,0.0,0.0,AUDCAD.p,E25/T4
373837090,2026-09-14 01:15:00,0,4,0.01,0.0,0.0,0.0,0.0,USDSGD.p,E25/T4
373860546,2026-09-14 01:30:00,1,4,0.01,0.0,0.0,0.0,0.0,EURAUD.p,E25/T4
373938530,2026-09-14 02:45:00,0,4,0.01,0.0,0.0,0.0,0.0,AUDJPY.p,E25/T4
374004050,2026-09-14 03:21:05,0,4,0.01,0.0,0.58007,0.0,0.0,NZDUSD.p,[tp 0.58007]
374100677,2026-09-14 04:06:18,1,4,0.01,0.0,1.2681200000000001,0.0,0.0,USDSGD.p,[tp 1.26812]
374101086,2026-09-14 04:06:20,1,4,0.01,0.0,0.0,0.0,0.0,USDSGD.p,E25/T4
374291859,2026-09-14 05:15:00,1,4,0.01,0.0,0.0,0.0,0.0,GBPNZD.p,E25/T4
374397390,2026-09-14 06:13:45,0,4,0.01,0.0,1.6185100000000001,0.0,0.0,EURAUD.p,[tp 1.61851]
374397393,2026-09-14 06:13:47,0,4,0.01,0.0,0.0,0.0,0.0,EURAUD.p,E25/T4
374432232,2026-09-14 06:40:58,0,4,0.01,0.0,1.35039,0.0,0.0,GBPUSD.p,[tp 1.35039]
374492818,2026-09-14 07:35:17,0,4,0.01,0.0,0.9463,0.0,0.0,EURCHF.p,[tp 0.94630]
374529428,2026-09-14 08:00:00,0,4,0.01,0.0,0.0,0.0,0.0,EURUSD.p,E25/T4
374570719,2026-09-14 08:33:02,1,4,0.01,0.0,1.6189200000000001,0.0,0.0,EURAUD.p,[tp 1.61892]
374570767,2026-09-14 08:33:03,0,4,0.01,0.0,0.0,0.0,0.0,EURAUD.p,E25/T4
374651102,2026-09-14 09:15:00,0,4,0.01,0.0,0.0,0.0,0.0,EURCAD.p,E25/T4
374690013,2026-09-14 09:45:00,0,4,0.01,0.0,0.0,0.0,0.0,GBPUSD.p,E25/T4
374863618,2026-09-14 11:15:00,0,4,0.04,0.0,0.0,0.0,0.0,EURSGD.p,E25/T4
374963304,2026-09-14 12:15:10,0,4,0.01,0.0,0.7126,0.0,0.0,AUDUSD.p,[tp 0.71260]
374963305,2026-09-14 12:15:10,0,4,0.01,0.0,0.7126,0.0,0.0,AUDUSD.p,[tp 0.71260]
374963306,2026-09-14 12:15:10,0,4,0.02,0.0,0.7126,0.0,0.0,AUDUSD.p,[tp 0.71260]
374963307,2026-09-14 12:15:10,0,4,0.01,0.0,0.7126,0.0,0.0,AUDUSD.p,[tp 0.71260]
374990650,2026-09-14 12:22:28,1,4,0.01,0.0,1.6193499999999998,0.0,0.0,EURAUD.p,[tp 1.61935]
374993349,2026-09-14 12:23:30,0,4,0.01,0.0,0.47168,0.0,0.0,NZDCHF.p,[tp 0.47168]
375041071,2026-09-14 12:45:00,0,4,0.01,0.0,0.0,0.0,0.0,AUDUSD.p,E25/T4
375041116,2026-09-14 12:45:00,1,4,0.01,0.0,0.0,0.0,0.0,EURAUD.p,E25/T4
375069161,2026-09-14 13:00:00,0,4,0.01,0.0,0.0,0.0,0.0,NZDCHF.p,E25/T4
375069370,2026-09-14 13:00:00,0,4,0.01,0.0,0.0,0.0,0.0,EURCHF.p,E25/T4
375069407,2026-09-14 13:00:00,1,4,0.01,0.0,0.0,0.0,0.0,GBPAUD.p,E25/T4
375304223,2026-09-14 15:31:54,1,4,0.04,0.0,0.0,0.0,0.0,USDCAD.p,E25/T4
375386863,2026-09-14 16:00:00,1,4,0.01,0.0,0.0,0.0,0.0,USDSGD.p,E25/T4
375396948,2026-09-14 16:02:44,0,4,0.01,0.0,0.58178,0.0,0.0,AUDCHF.p,[tp 0.58178]
375402618,2026-09-14 16:04:18,0,4,0.01,0.0,0.0,0.0,0.0,GBPUSD.p,E25/T4
375444520,2026-09-14 16:16:31,1,4,0.01,0.0,0.94356,0.0,0.0,EURCHF.p,[tp 0.94356]
375469295,2026-09-14 16:30:00,0,4,0.01,0.0,0.0,0.0,0.0,AUDCHF.p,E25/T4
375469380,2026-09-14 16:30:00,0,4,0.01,0.0,0.0,0.0,0.0,EURCHF.p,E25/T4
375485285,2026-09-14 16:35:24,1,4,0.01,0.0,1.6061299999999998,0.0,0.0,EURCAD.p,[tp 1.60613]
375485286,2026-09-14 16:35:24,1,4,0.01,0.0,1.6061299999999998,0.0,0.0,EURCAD.p,[tp 1.60613]
375551254,2026-09-14 17:00:00,1,4,0.01,0.0,0.0,0.0,0.0,EURCAD.p,E25/T4
375669059,2026-09-14 17:59:26,0,4,0.01,0.0,1.61886,0.0,0.0,EURAUD.p,[tp 1.61886]
375670305,2026-09-14 18:00:00,1,4,0.01,0.0,0.0,0.0,0.0,EURAUD.p,E25/T4
375681630,2026-09-14 18:05:42,1,4,0.01,0.0,0.71326,0.0,0.0,AUDUSD.p,[tp 0.71326]
375683104,2026-09-14 18:05:45,0,4,0.01,0.0,0.0,0.0,0.0,AUDUSD.p,E25/T4
375687919,2026-09-14 18:06:28,1,4,0.01,0.0,0.47204,0.0,0.0,NZDCHF.p,[tp 0.47204]
375688597,2026-09-14 18:06:34,0,4,0.01,0.0,0.0,0.0,0.0,NZDCHF.p,E25/T4
375906498,2026-09-14 20:11:17,1,4,0.01,0.0,1.35084,0.0,0.0,GBPUSD.p,[tp 1.35084]
375906499,2026-09-14 20:11:17,1,4,0.01,0.0,1.35084,0.0,0.0,GBPUSD.p,[tp 1.35084]
375911914,2026-09-14 20:15:00,0,4,0.01,0.0,0.0,0.0,0.0,USDCHF.p,E25/T4
375944795,2026-09-14 20:45:00,1,4,0.01,0.0,0.0,0.0,0.0,GBPUSD.p,E25/T4
375947318,2026-09-14 20:47:43,1,4,0.01,0.0,0.58319,0.0,0.0,AUDCHF.p,[tp 0.58319]
375990940,2026-09-14 21:24:01,0,4,0.01,0.0,1.61749,0.0,0.0,EURAUD.p,[tp 1.61749]
376013009,2026-09-14 21:45:00,0,4,0.01,0.0,0.0,0.0,0.0,EURAUD.p,E25/T4
376110173,2026-09-14 23:21:32,1,4,0.01,0.0,0.94405,0.0,0.0,EURCHF.p,[tp 0.94405]
376130921,2026-09-15 01:01:32,1,4,0.01,0.0,0.71398,0.0,0.0,AUDUSD.p,[tp 0.71398]
376168670,2026-09-15 02:05:05,1,4,0.01,0.0,1.6181,0.0,0.0,EURAUD.p,[tp 1.61810]
376191318,2026-09-15 02:32:08,0,4,0.01,0.0,1.35007,0.0,0.0,GBPUSD.p,[tp 1.35007]
376191349,2026-09-15 02:32:10,1,4,0.01,0.0,0.0,0.0,0.0,GBPUSD.p,E25/T4
376192145,2026-09-15 02:32:53,1,4,0.01,0.0,0.81739,0.0,0.0,USDCHF.p,[tp 0.81739]
376386194,2026-09-15 05:34:58,0,4,0.01,0.0,1.34847,0.0,0.0,GBPUSD.p,[tp 1.34847]
376399855,2026-09-15 05:45:00,0,4,0.04,0.0,0.0,0.0,0.0,NZDCAD.p,E25/T4
376413685,2026-09-15 06:00:00,0,4,0.01,0.0,0.0,0.0,0.0,GBPUSD.p,E25/T4
376437157,2026-09-15 06:30:00,0,4,0.08,0.0,0.0,0.0,0.0,NZDSGD.p,E25/T4
376483233,2026-09-15 07:45:00,1,4,0.01,0.0,0.0,0.0,0.0,EURAUD.p,E25/T4
376555959,2026-09-15 09:00:42,0,4,0.01,0.0,1.60442,0.0,0.0,EURCAD.p,[tp 1.60442]
376588454,2026-09-15 09:30:00,0,4,0.01,0.0,0.0,0.0,0.0,EURUSD.p,E25/T4
376648677,2026-09-15 10:31:27,0,4,0.01,0.0,1.61954,0.0,0.0,EURAUD.p,[tp 1.61954]
376648766,2026-09-15 10:31:28,1,4,0.01,0.0,0.0,0.0,0.0,EURAUD.p,E25/T4
376709950,2026-09-15 11:05:42,1,4,0.01,0.0,111.506,0.0,0.0,CADJPY.p,[tp 111.506]
376709951,2026-09-15 11:05:42,1,4,0.01,0.0,111.506,0.0,0.0,CADJPY.p,[tp 111.506]
376709952,2026-09-15 11:05:42,1,4,0.02,0.0,111.506,0.0,0.0,CADJPY.p,[tp 111.506]
376740155,2026-09-15 11:30:00,1,4,0.01,0.0,0.0,0.0,0.0,CADJPY.p,E25/T4
376844184,2026-09-15 13:25:42,0,4,0.01,0.0,1.6189200000000001,0.0,0.0,EURAUD.p,[tp 1.61892]
376846715,2026-09-15 13:30:00,0,4,0.01,0.0,0.0,0.0,0.0,EURAUD.p,E25/T4
376871959,2026-09-15 14:02:21,0,4,0.01,0.0,111.242,0.0,0.0,CADJPY.p,[tp 111.242]
376906191,2026-09-15 14:45:00,0,4,0.01,0.0,0.0,0.0,0.0,CADJPY.p,E25/T4
376906226,2026-09-15 14:45:00,1,4,0.01,0.0,0.0,0.0,0.0,EURCAD.p,E25/T4
377038548,2026-09-15 16:13:09,1,4,0.01,0.0,1.61992,0.0,0.0,EURAUD.p,[tp 1.61992]
377040308,2026-09-15 16:15:00,1,4,0.08,0.0,0.0,0.0,0.0,EURNZD.p,E25/T4
377040365,2026-09-15 16:15:00,1,4,0.16,0.0,0.0,0.0,0.0,AUDNZD.p,E25/T4
377063242,2026-09-15 16:30:00,1,4,0.01,0.0,0.0,0.0,0.0,EURAUD.p,E25/T4
377108456,2026-09-15 16:51:49,1,4,0.01,0.0,1.34935,0.0,0.0,GBPUSD.p,[tp 1.34935]
377151189,2026-09-15 17:15:00,1,4,0.02,0.0,0.0,0.0,0.0,GBPCHF.p,E25/T4
377180891,2026-09-15 17:30:00,1,4,0.02,0.0,0.0,0.0,0.0,GBPNZD.p,E25/T4
377189981,2026-09-15 17:33:22,1,4,0.01,0.0,1.15518,0.0,0.0,EURUSD.p,[tp 1.15518]
377189983,2026-09-15 17:33:22,1,4,0.01,0.0,1.15518,0.0,0.0,EURUSD.p,[tp 1.15518]
377231341,2026-09-15 17:56:27,1,4,0.01,0.0,1.71733,0.0,0.0,GBPSGD.p,[tp 1.71733]
377231342,2026-09-15 17:56:27,1,4,0.01,0.0,1.71733,0.0,0.0,GBPSGD.p,[tp 1.71733]
377231343,2026-09-15 17:56:27,1,4,0.02,0.0,1.71733,0.0,0.0,GBPSGD.p,[tp 1.71733]
377231344,2026-09-15 17:56:27,1,4,0.04,0.0,1.71733,0.0,0.0,GBPSGD.p,[tp 1.71733]
377235550,2026-09-15 18:00:00,1,4,0.01,0.0,0.0,0.0,0.0,EURCHF.p,E25/T4
377294416,2026-09-15 18:45:24,1,4,0.01,0.0,111.422,0.0,0.0,CADJPY.p,[tp 111.422]
377294654,2026-09-15 18:45:29,1,4,0.01,0.0,0.0,0.0,0.0,CADJPY.p,E25/T4
377360597,2026-09-15 19:40:59,0,4,0.01,0.0,1.60547,0.0,0.0,EURCAD.p,[tp 1.60547]
377363203,2026-09-15 19:45:00,0,4,0.01,0.0,0.0,0.0,0.0,EURCAD.p,E25/T4
377555461,2026-09-15 23:01:20,0,4,0.01,0.0,1.61829,0.0,0.0,EURAUD.p,[tp 1.61829]
377578386,2026-09-16 00:09:02,0,4,0.01,0.0,0.94481,0.0,0.0,EURCHF.p,[tp 0.94481]
377583364,2026-09-16 01:03:07,1,4,0.01,0.0,1.60686,0.0,0.0,EURCAD.p,[tp 1.60686]
377583379,2026-09-16 01:03:09,0,4,0.01,0.0,0.0,0.0,0.0,EURCAD.p,E25/T4
377590709,2026-09-16 01:15:00,0,4,0.01,0.0,0.0,0.0,0.0,GBPSGD.p,E25/T4
377590830,2026-09-16 01:15:00,0,4,0.01,0.0,0.0,0.0,0.0,EURCHF.p,E25/T4
377604239,2026-09-16 01:30:00,1,4,0.01,0.0,0.0,0.0,0.0,EURAUD.p,E25/T4
377652541,2026-09-16 02:37:41,1,4,0.01,0.0,155.258,0.0,0.0,USDJPY.p,[tp 155.258]
377652542,2026-09-16 02:37:41,1,4,0.01,0.0,155.258,0.0,0.0,USDJPY.p,[tp 155.258]
377652543,2026-09-16 02:37:41,1,4,0.02,0.0,155.258,0.0,0.0,USDJPY.p,[tp 155.258]
377652544,2026-09-16 02:37:41,1,4,0.04,0.0,155.258,0.0,0.0,USDJPY.p,[tp 155.258]
377652545,2026-09-16 02:37:41,1,4,0.08,0.0,155.258,0.0,0.0,USDJPY.p,[tp 155.258]
377653682,2026-09-16 02:39:12,1,4,0.01,0.0,209.299,0.0,0.0,GBPJPY.p,[tp 209.299]
377653683,2026-09-16 02:39:12,1,4,0.01,0.0,209.299,0.0,0.0,GBPJPY.p,[tp 209.299]
377653684,2026-09-16 02:39:12,1,4,0.02,0.0,209.299,0.0,0.0,GBPJPY.p,[tp 209.299]
377653685,2026-09-16 02:39:12,1,4,0.04,0.0,209.299,0.0,0.0,GBPJPY.p,[tp 209.299]
377653686,2026-09-16 02:39:12,1,4,0.08,0.0,209.299,0.0,0.0,GBPJPY.p,[tp 209.299]
377653687,2026-09-16 02:39:12,1,4,0.16,0.0,209.299,0.0,0.0,GBPJPY.p,[tp 209.299]
377653709,2026-09-16 02:39:15,1,4,0.01,0.0,0.0,0.0,0.0,GBPJPY.p,E25/T4
377665949,2026-09-16 03:00:00,1,4,0.01,0.0,0.0,0.0,0.0,USDJPY.p,E25/T4
377719682,2026-09-16 04:02:30,1,4,0.01,0.0,110.771,0.0,0.0,AUDJPY.p,[tp 110.771]
377719683,2026-09-16 04:02:30,1,4,0.01,0.0,110.771,0.0,0.0,AUDJPY.p,[tp 110.771]
377790779,2026-09-16 05:08:27,1,4,0.01,0.0,1.6074199999999998,0.0,0.0,EURCAD.p,[tp 1.60742]
377807803,2026-09-16 05:23:25,1,4,0.01,0.0,1.7156799999999999,0.0,0.0,GBPSGD.p,[tp 1.71568]
377873671,2026-09-16 06:00:42,0,4,0.01,0.0,155.235,0.0,0.0,USDJPY.p,[tp 155.235]
377873709,2026-09-16 06:00:44,1,4,0.01,0.0,0.0,0.0,0.0,USDJPY.p,E25/T4
377932421,2026-09-16 06:30:54,1,4,0.04,0.0,0.0,0.0,0.0,GBPNZD.p,E25/T4
377947627,2026-09-16 06:45:00,1,4,0.01,0.0,0.0,0.0,0.0,GBPSGD.p,E25/T4
377947680,2026-09-16 06:45:00,1,4,0.01,0.0,0.0,0.0,0.0,EURCAD.p,E25/T4
378040616,2026-09-16 08:55:08,0,4,0.01,0.0,155.179,0.0,0.0,USDJPY.p,[tp 155.179]
378056949,2026-09-16 09:08:03,0,4,0.01,0.0,209.212,0.0,0.0,GBPJPY.p,[tp 209.212]
378056962,2026-09-16 09:08:04,1,4,0.01,0.0,0.0,0.0,0.0,GBPJPY.p,E25/T4
378061599,2026-09-16 09:12:41,0,4,0.01,0.0,111.379,0.0,0.0,CADJPY.p,[tp 111.379]
378063588,2026-09-16 09:15:00,1,4,0.01,0.0,0.0,0.0,0.0,GBPUSD.p,E25/T4
378077733,2026-09-16 09:30:00,0,4,0.01,0.0,0.0,0.0,0.0,USDJPY.p,E25/T4
378078198,2026-09-16 09:30:39,0,4,0.01,0.0,2.3432,0.0,0.0,GBPNZD.p,[tp 2.34320]
378078199,2026-09-16 09:30:39,0,4,0.01,0.0,2.3432,0.0,0.0,GBPNZD.p,[tp 2.34320]
378078200,2026-09-16 09:30:39,0,4,0.02,0.0,2.3432,0.0,0.0,GBPNZD.p,[tp 2.34320]
378078201,2026-09-16 09:30:39,0,4,0.04,0.0,2.3432,0.0,0.0,GBPNZD.p,[tp 2.34320]
378078256,2026-09-16 09:30:42,0,4,0.01,0.0,0.0,0.0,0.0,GBPNZD.p,E25/T4
378089941,2026-09-16 09:45:23,0,4,0.01,0.0,1.71582,0.0,0.0,GBPSGD.p,[tp 1.71582]
378105760,2026-09-16 10:00:00,0,4,0.04,0.0,0.0,0.0,0.0,CHFJPY.p,E25/T4
378118918,2026-09-16 10:08:03,1,4,0.01,0.0,0.94546,0.0,0.0,EURCHF.p,[tp 0.94546]
378154049,2026-09-16 10:45:00,0,4,0.01,0.0,0.0,0.0,0.0,CADJPY.p,E25/T4
378230749,2026-09-16 11:52:20,0,4,0.01,0.0,1.6074000000000002,0.0,0.0,EURCAD.p,[tp 1.60740]
378230826,2026-09-16 11:52:28,1,4,0.01,0.0,0.0,0.0,0.0,EURCAD.p,E25/T4
378330875,2026-09-16 13:15:12,0,4,0.01,0.0,1.6180400000000001,0.0,0.0,EURAUD.p,[tp 1.61804]
378344044,2026-09-16 13:27:08,0,4,0.01,0.0,1.88823,0.0,0.0,GBPAUD.p,[tp 1.88823]
378344045,2026-09-16 13:27:08,0,4,0.01,0.0,1.88823,0.0,0.0,GBPAUD.p,[tp 1.88823]
378360009,2026-09-16 13:44:46,0,4,0.01,0.0,208.962,0.0,0.0,GBPJPY.p,[tp 208.962]
378360088,2026-09-16 13:44:54,0,4,0.01,0.0,0.0,0.0,0.0,GBPJPY.p,E25/T4
378365691,2026-09-16 13:52:23,0,4,0.01,0.0,1.34671,0.0,0.0,GBPUSD.p,[tp 1.34671]
378365708,2026-09-16 13:52:27,0,4,0.01,0.0,0.0,0.0,0.0,GBPUSD.p,E25/T4
378390799,2026-09-16 14:10:16,0,4,0.01,0.0,0.0,0.0,0.0,GBPAUD.p,E25/T4
378413478,2026-09-16 14:35:45,0,4,0.01,0.0,1.10182,0.0,0.0,GBPCHF.p,[tp 1.10182]
378413479,2026-09-16 14:35:45,0,4,0.01,0.0,1.10182,0.0,0.0,GBPCHF.p,[tp 1.10182]
378413480,2026-09-16 14:35:45,0,4,0.02,0.0,1.10182,0.0,0.0,GBPCHF.p,[tp 1.10182]
378427503,2026-09-16 14:46:33,1,4,0.01,0.0,111.259,0.0,0.0,CADJPY.p,[tp 111.259]
378462420,2026-09-16 15:15:00,0,4,0.01,0.0,0.0,0.0,0.0,CADJPY.p,E25/T4
378475331,2026-09-16 15:24:55,1,4,0.01,0.0,155.158,0.0,0.0,USDJPY.p,[tp 155.158]
378475471,2026-09-16 15:25:02,0,4,0.01,0.0,0.0,0.0,0.0,USDJPY.p,E25/T4
378501780,2026-09-16 15:45:00,0,4,0.01,0.0,0.0,0.0,0.0,GBPSGD.p,E25/T4
378731909,2026-09-16 17:51:13,1,4,0.01,0.0,111.329,0.0,0.0,CADJPY.p,[tp 111.329]
378797049,2026-09-16 18:30:00,0,4,0.01,0.0,0.0,0.0,0.0,CADJPY.p,E25/T4
378962991,2026-09-16 21:00:09,1,4,0.01,0.0,0.99463,0.0,0.0,AUDCAD.p,[tp 0.99463]
378980846,2026-09-16 21:01:12,1,4,0.01,0.0,155.198,0.0,0.0,USDJPY.p,[tp 155.198]
378981371,2026-09-16 21:01:15,0,4,0.01,0.0,1.60696,0.0,0.0,EURCAD.p,[tp 1.60696]
378985574,2026-09-16 21:01:35,0,4,0.01,0.0,0.0,0.0,0.0,EURUSD.p,E25/T4
379068105,2026-09-16 21:13:40,1,4,0.01,0.0,111.336,0.0,0.0,CADJPY.p,[tp 111.336]
379075250,2026-09-16 21:15:00,0,4,0.01,0.0,0.0,0.0,0.0,USDJPY.p,E25/T4
379075405,2026-09-16 21:15:00,1,4,0.08,0.0,0.0,0.0,0.0,USDCAD.p,E25/T4
379075439,2026-09-16 21:15:00,1,4,0.01,0.0,0.0,0.0,0.0,AUDUSD.p,E25/T4
379075459,2026-09-16 21:15:00,0,4,0.01,0.0,0.0,0.0,0.0,CADJPY.p,E25/T4
379075476,2026-09-16 21:15:00,0,4,0.01,0.0,0.0,0.0,0.0,USDCHF.p,E25/T4
379075495,2026-09-16 21:15:01,0,4,0.01,0.0,0.0,0.0,0.0,GBPUSD.p,E25/T4
379139269,2026-09-16 21:30:00,0,4,0.01,0.0,0.0,0.0,0.0,EURCAD.p,E25/T4
379298996,2026-09-16 22:00:00,0,4,0.01,0.0,0.0,0.0,0.0,GBPSGD.p,E25/T4
379342872,2026-09-16 22:09:13,1,4,0.01,0.0,1.88828,0.0,0.0,GBPAUD.p,[tp 1.88828]
379343018,2026-09-16 22:09:16,0,4,0.01,0.0,0.0,0.0,0.0,GBPAUD.p,E25/T4
379358624,2026-09-16 22:11:42,1,4,0.01,0.0,2.34351,0.0,0.0,GBPNZD.p,[tp 2.34351]
379374350,2026-09-16 22:15:00,1,4,0.01,0.0,0.0,0.0,0.0,GBPCHF.p,E25/T4
379462837,2026-09-16 22:40:51,1,4,0.01,0.0,209.022,0.0,0.0,GBPJPY.p,[tp 209.022]
379474096,2026-09-16 22:45:00,0,4,0.01,0.0,0.0,0.0,0.0,AUDCAD.p,E25/T4
379474202,2026-09-16 22:45:00,0,4,0.01,0.0,0.0,0.0,0.0,NZDUSD.p,E25/T4
379474203,2026-09-16 22:45:00,1,4,0.01,0.0,0.0,0.0,0.0,GBPNZD.p,E25/T4
379474266,2026-09-16 22:45:00,1,4,0.01,0.0,0.0,0.0,0.0,CADCHF.p,E25/T4
379474267,2026-09-16 22:45:00,1,4,0.01,0.0,0.0,0.0,0.0,EURAUD.p,E25/T4
379541337,2026-09-17 00:01:00,1,4,0.01,0.0,0.0,0.0,0.0,AUDJPY.p,E25/T4
379541656,2026-09-17 00:15:00,0,4,0.01,0.0,0.0,0.0,0.0,EURCHF.p,E25/T4
379541819,2026-09-17 00:22:34,0,4,0.01,0.0,0.0,0.0,0.0,AUDSGD.p,E25/T4
379541820,2026-09-17 00:22:35,0,4,0.08,0.0,0.0,0.0,0.0,EURSGD.p,E25/T4
379542093,2026-09-17 00:45:00,0,4,0.01,0.0,0.0,0.0,0.0,EURGBP.p,E25/T4
379558702,2026-09-17 01:30:00,1,4,0.01,0.0,0.0,0.0,0.0,GBPJPY.p,E25/T4
379574068,2026-09-17 01:45:15,1,4,0.01,0.0,0.47241,0.0,0.0,NZDCHF.p,[tp 0.47241]
379656120,2026-09-17 03:13:55,0,4,0.01,0.0,0.7089,0.0,0.0,AUDUSD.p,[tp 0.70890]
379659271,2026-09-17 03:15:14,1,4,0.01,0.0,111.515,0.0,0.0,CADJPY.p,[tp 111.515]
379676067,2026-09-17 03:30:00,0,4,0.01,0.0,0.0,0.0,0.0,AUDUSD.p,E25/T4
379834831,2026-09-17 05:21:24,1,4,0.01,0.0,156.159,0.0,0.0,USDJPY.p,[tp 156.159]
379834880,2026-09-17 05:21:31,1,4,0.01,0.0,0.0,0.0,0.0,USDJPY.p,E25/T4
379843976,2026-09-17 05:35:01,1,4,0.01,0.0,0.82584,0.0,0.0,USDCHF.p,[tp 0.82584]
379885146,2026-09-17 06:15:00,1,4,0.01,0.0,0.0,0.0,0.0,USDCHF.p,E25/T4
379901583,2026-09-17 06:41:23,0,4,0.01,0.0,1.61341,0.0,0.0,EURAUD.p,[tp 1.61341]
379910502,2026-09-17 06:57:17,0,4,0.01,0.0,2.33662,0.0,0.0,GBPNZD.p,[tp 2.33662]
379913117,2026-09-17 07:01:44,1,4,0.01,0.0,0.99405,0.0,0.0,AUDCAD.p,[tp 0.99405]
379921880,2026-09-17 07:20:30,1,4,0.01,0.0,0.57255,0.0,0.0,NZDUSD.p,[tp 0.57255]
379937195,2026-09-17 07:45:00,0,4,0.01,0.0,0.0,0.0,0.0,EURAUD.p,E25/T4
379946465,2026-09-17 08:00:00,0,4,0.01,0.0,0.0,0.0,0.0,GBPNZD.p,E25/T4
379949739,2026-09-17 08:06:32,0,4,0.01,0.0,208.722,0.0,0.0,GBPJPY.p,[tp 208.722]
379984572,2026-09-17 08:45:00,1,4,0.01,0.0,0.0,0.0,0.0,AUDCAD.p,E25/T4
379996985,2026-09-17 08:55:47,0,4,0.01,0.0,110.663,0.0,0.0,AUDJPY.p,[tp 110.663]
379997310,2026-09-17 08:55:55,1,4,0.01,0.0,0.0,0.0,0.0,AUDJPY.p,E25/T4
380020566,2026-09-17 09:15:00,0,4,0.01,0.0,0.0,0.0,0.0,GBPJPY.p,E25/T4
380026071,2026-09-17 09:17:53,0,4,0.01,0.0,1.10339,0.0,0.0,GBPCHF.p,[tp 1.10339]
380037253,2026-09-17 09:30:11,1,4,0.01,0.0,0.9078,0.0,0.0,AUDSGD.p,[tp 0.90780]
380037255,2026-09-17 09:30:11,1,4,0.01,0.0,0.9078,0.0,0.0,AUDSGD.p,[tp 0.90780]
380037456,2026-09-17 09:30:19,0,4,0.01,0.0,0.58905,0.0,0.0,CADCHF.p,[tp 0.58905]
380052654,2026-09-17 09:41:48,0,4,0.01,0.0,155.612,0.0,0.0,USDJPY.p,[tp 155.612]
380055706,2026-09-17 09:45:00,0,4,0.01,0.0,0.0,0.0,0.0,CADJPY.p,E25/T4
380055764,2026-09-17 09:45:00,0,4,0.01,0.0,0.0,0.0,0.0,USDJPY.p,E25/T4
380055768,2026-09-17 09:45:00,0,4,0.01,0.0,0.0,0.0,0.0,CADCHF.p,E25/T4
380080351,2026-09-17 10:09:00,0,4,0.01,0.0,0.82407,0.0,0.0,USDCHF.p,[tp 0.82407]
380091817,2026-09-17 10:15:00,1,4,0.01,0.0,0.0,0.0,0.0,AUDSGD.p,E25/T4
380091916,2026-09-17 10:15:00,1,4,0.01,0.0,0.0,0.0,0.0,NZDUSD.p,E25/T4
380091971,2026-09-17 10:15:00,0,4,0.01,0.0,0.0,0.0,0.0,USDCHF.p,E25/T4
380102888,2026-09-17 10:20:11,1,4,0.01,0.0,0.85717,0.0,0.0,EURGBP.p,[tp 0.85717]
380103073,2026-09-17 10:20:18,0,4,0.01,0.0,0.0,0.0,0.0,EURGBP.p,E25/T4
380195049,2026-09-17 11:39:37,1,4,0.01,0.0,0.71134,0.0,0.0,AUDUSD.p,[tp 0.71134]
380223951,2026-09-17 12:08:14,1,4,0.01,0.0,0.94748,0.0,0.0,EURCHF.p,[tp 0.94748]
380248692,2026-09-17 12:30:00,1,4,0.01,0.0,0.0,0.0,0.0,AUDUSD.p,E25/T4
380262241,2026-09-17 12:45:00,1,4,0.01,0.0,0.0,0.0,0.0,EURCHF.p,E25/T4
380268186,2026-09-17 12:53:25,1,4,0.01,0.0,2.33664,0.0,0.0,GBPNZD.p,[tp 2.33664]
380272287,2026-09-17 12:59:59,1,4,0.01,0.0,0.0,0.0,0.0,GBPCHF.p,E25/T4
380272337,2026-09-17 13:00:00,0,4,0.01,0.0,0.0,0.0,0.0,GBPNZD.p,E25/T4
380342776,2026-09-17 14:05:42,0,4,0.01,0.0,1.86999,0.0,0.0,GBPCAD.p,[tp 1.86999]
380361816,2026-09-17 14:15:00,1,4,0.01,0.0,0.0,0.0,0.0,GBPCAD.p,E25/T4
380361877,2026-09-17 14:15:00,0,4,0.02,0.0,0.0,0.0,0.0,GBPSGD.p,E25/T4
380409404,2026-09-17 14:52:17,1,4,0.01,0.0,1.61398,0.0,0.0,EURAUD.p,[tp 1.61398]
380476892,2026-09-17 15:19:46,1,4,0.01,0.0,1.60682,0.0,0.0,EURCAD.p,[tp 1.60682]
380530999,2026-09-17 15:44:25,1,4,0.01,0.0,155.67,0.0,0.0,USDJPY.p,[tp 155.670]
380531704,2026-09-17 15:45:00,0,4,0.01,0.0,0.0,0.0,0.0,EURAUD.p,E25/T4
380531798,2026-09-17 15:45:00,0,4,0.01,0.0,0.0,0.0,0.0,USDJPY.p,E25/T4
380531817,2026-09-17 15:45:00,1,4,0.01,0.0,0.0,0.0,0.0,EURCAD.p,E25/T4
380772859,2026-09-17 17:45:26,1,4,0.01,0.0,111.412,0.0,0.0,CADJPY.p,[tp 111.412]
380772964,2026-09-17 17:45:33,1,4,0.01,0.0,0.0,0.0,0.0,CADJPY.p,E25/T4
380864577,2026-09-17 18:45:22,1,4,0.01,0.0,0.8247,0.0,0.0,USDCHF.p,[tp 0.82470]
380865713,2026-09-17 18:46:34,0,4,0.01,0.0,0.57311,0.0,0.0,NZDUSD.p,[tp 0.57311]
380936477,2026-09-17 19:54:36,1,4,0.01,0.0,0.58983,0.0,0.0,CADCHF.p,[tp 0.58983]
380987892,2026-09-17 20:42:18,0,4,0.01,0.0,1.10126,0.0,0.0,GBPCHF.p,[tp 1.10126]
380988923,2026-09-17 20:43:16,0,4,0.01,0.0,1.86711,0.0,0.0,GBPCAD.p,[tp 1.86711]
380989033,2026-09-17 20:43:25,0,4,0.01,0.0,0.0,0.0,0.0,GBPCAD.p,E25/T4
380997733,2026-09-17 20:53:18,1,4,0.01,0.0,0.85988,0.0,0.0,EURGBP.p,[tp 0.85988]
381021248,2026-09-17 21:15:00,1,4,0.01,0.0,0.0,0.0,0.0,EURGBP.p,E25/T4
381021315,2026-09-17 21:15:00,0,4,0.01,0.0,0.0,0.0,0.0,GBPCHF.p,E25/T4
381066854,2026-09-17 22:07:18,1,4,0.01,0.0,1.6141299999999998,0.0,0.0,EURAUD.p,[tp 1.61413]
381067043,2026-09-17 22:07:45,0,4,0.01,0.0,0.94645,0.0,0.0,EURCHF.p,[tp 0.94645]
381103720,2026-09-17 22:55:06,0,4,0.01,0.0,1.6054,0.0,0.0,EURCAD.p,[tp 1.60540]
381107100,2026-09-17 22:59:57,1,4,0.01,0.0,155.98,0.0,0.0,USDJPY.p,[tp 155.980]
381107644,2026-09-17 23:00:06,1,4,0.01,0.0,0.0,0.0,0.0,EURCAD.p,E25/T4
381122051,2026-09-17 23:30:00,1,4,0.01,0.0,0.0,0.0,0.0,USDJPY.p,E25/T4
381136437,2026-09-18 00:45:00,0,4,0.01,0.0,0.0,0.0,0.0,EURCHF.p,E25/T4
381139459,2026-09-18 01:01:26,1,4,0.01,0.0,1.86886,0.0,0.0,GBPCAD.p,[tp 1.86886]
381139583,2026-09-18 01:01:33,1,4,0.01,0.0,0.0,0.0,0.0,GBPCAD.p,E25/T4
381199127,2026-09-18 02:39:35,1,4,0.01,0.0,1.10188,0.0,0.0,GBPCHF.p,[tp 1.10188]
381203858,2026-09-18 02:51:57,1,4,0.01,0.0,208.522,0.0,0.0,GBPJPY.p,[tp 208.522]
381271433,2026-09-18 04:00:00,1,4,0.01,0.0,0.0,0.0,0.0,GBPJPY.p,E25/T4
381317240,2026-09-18 04:30:00,1,4,0.01,0.0,0.0,0.0,0.0,AUDJPY.p,E25/T4
381386089,2026-09-18 05:34:16,0,4,0.01,0.0,1.8683999999999998,0.0,0.0,GBPCAD.p,[tp 1.86840]
381405598,2026-09-18 05:54:57,1,4,0.01,0.0,0.947,0.0,0.0,EURCHF.p,[tp 0.94700]
381407576,2026-09-18 05:55:47,1,4,0.01,0.0,122.851,0.0,0.0,SGDJPY.p,[tp 122.851]
381407577,2026-09-18 05:55:47,1,4,0.01,0.0,122.851,0.0,0.0,SGDJPY.p,[tp 122.851]
381407578,2026-09-18 05:55:47,1,4,0.02,0.0,122.851,0.0,0.0,SGDJPY.p,[tp 122.851]
381407678,2026-09-18 05:55:55,1,4,0.01,0.0,0.0,0.0,0.0,SGDJPY.p,E25/T4
381407817,2026-09-18 05:56:00,1,4,0.01,0.0,190.121,0.0,0.0,CHFJPY.p,[tp 190.121]
381407818,2026-09-18 05:56:00,1,4,0.01,0.0,190.121,0.0,0.0,CHFJPY.p,[tp 190.121]
381407819,2026-09-18 05:56:00,1,4,0.02,0.0,190.121,0.0,0.0,CHFJPY.p,[tp 190.121]
381407820,2026-09-18 05:56:00,1,4,0.04,0.0,190.121,0.0,0.0,CHFJPY.p,[tp 190.121]
381407903,2026-09-18 05:56:03,1,4,0.01,0.0,0.0,0.0,0.0,CHFJPY.p,E25/T4
381413404,2026-09-18 06:00:00,1,4,0.01,0.0,0.0,0.0,0.0,USDJPY.p,E25/T4
381413494,2026-09-18 06:00:00,1,4,0.01,0.0,0.0,0.0,0.0,CADJPY.p,E25/T4
381419469,2026-09-18 06:04:51,1,4,0.01,0.0,2.3370699999999998,0.0,0.0,GBPNZD.p,[tp 2.33707]
381419599,2026-09-18 06:04:59,1,4,0.01,0.0,0.0,0.0,0.0,GBPNZD.p,E25/T4
381430273,2026-09-18 06:15:00,1,4,0.32,0.0,0.0,0.0,0.0,AUDNZD.p,E25/T4
