ticket,order,time,type,entry,volume,price,profit,swap,commission,symbol,comment
112689128,0,2026-02-15 09:52:52,2,IN,0.0,0.0,10000.0,0.0,0.0,,demo
112841792,127055393,2026-02-16 02:15:00,BUY,IN,0.2,76.529,0.0,0.0,-0.2,XAGUSD.p,Test : 0.04 / Act=t / Pow=50 / 
112853836,127075055,2026-02-16 02:49:25,SELL,OUT,0.2,76.685,156.0,0.0,-0.2,XAGUSD.p,[tp 76.685]
112853840,127075062,2026-02-16 02:49:26,BUY,IN,0.2,76.77,0.0,0.0,-0.2,XAGUSD.p,Test : 0.04 / Act=t / Pow=50 / 
112862386,127085338,2026-02-16 03:07:49,SELL,OUT,0.2,76.915,145.0,0.0,-0.2,XAGUSD.p,[tp 76.915]
112862395,127085349,2026-02-16 03:07:49,BUY,IN,0.21,76.969,0.0,0.0,-0.21,XAGUSD.p,Test : 0.04 / Act=t / Pow=50 / 
112867314,127091560,2026-02-16 03:19:27,SELL,OUT,0.21,77.145,184.8,0.0,-0.21,XAGUSD.p,[tp 77.145]
112916655,127181330,2026-02-16 05:30:00,BUY,IN,0.21,75.676,0.0,0.0,-0.21,XAGUSD.p,Test : 0.04 / Act=t / Pow=50 / 
112970666,127281190,2026-02-16 07:54:20,SELL,OUT,0.21,75.819,150.15,0.0,-0.21,XAGUSD.p,[tp 75.819]
112970688,127281211,2026-02-16 07:54:21,BUY,IN,0.21,75.945,0.0,0.0,-0.21,XAGUSD.p,Test : 0.04 / Act=t / Pow=50 / 
112974682,127290295,2026-02-16 08:10:55,BUY,IN,0.34,76.086,0.0,0.0,-0.34,XAGUSD.p,Test : 0.04 / Act=t / Pow=80 / 
112978184,127298202,2026-02-16 08:25:42,SELL,OUT,0.21,76.089,151.2,0.0,-0.21,XAGUSD.p,[tp 76.089]
112982081,127305305,2026-02-16 08:36:04,SELL,OUT,0.34,76.29,346.8,0.0,-0.34,XAGUSD.p,[tp 76.290]
112990854,127321065,2026-02-16 09:00:00,SELL,IN,0.36,76.557,0.0,0.0,-0.36,XAGUSD.p,Test : 0.04 / Act=t / Pow=80 / 
113118586,127496770,2026-02-16 14:28:02,SELL,IN,0.1,76.928,0.0,0.0,-0.1,XAGUSD.p,Test : 0.04 / Act=t / Pow=25 / 
113120798,127499465,2026-02-16 14:32:02,BUY,OUT,0.1,76.855,36.5,0.0,-0.1,XAGUSD.p,
113133663,127515082,2026-02-16 15:00:00,SELL,IN,0.07,76.962,0.0,0.0,-0.07,XAGUSD.p,Test : 0.04 / Act=t / Pow=17 / 
113157403,127544241,2026-02-16 15:47:13,BUY,OUT,0.07,76.827,47.25,0.0,-0.07,XAGUSD.p,[tp 76.827]
113185999,127579382,2026-02-16 16:45:46,BUY,OUT,0.36,76.415,255.6,0.0,-0.36,XAGUSD.p,[tp 76.415]
113216087,127615275,2026-02-16 17:30:00,BUY,IN,0.08,76.371,0.0,0.0,-0.08,XAGUSD.p,Test : 0.07 / Act=t / Pow=17 / 
113252592,127659121,2026-02-16 18:31:14,SELL,OUT,0.08,76.517,58.4,0.0,-0.08,XAGUSD.p,[tp 76.517]
113252655,127659177,2026-02-16 18:31:14,BUY,IN,0.08,76.591,0.0,0.0,-0.08,XAGUSD.p,Test : 0.07 / Act=t / Pow=17 / 
113290428,127710454,2026-02-16 20:10:30,SELL,OUT,0.08,76.726,54.0,0.0,-0.08,XAGUSD.p,[tp 76.726]
113298337,127730022,2026-02-16 20:30:00,SELL,IN,0.08,76.678,0.0,0.0,-0.08,XAGUSD.p,Test : 0.07 / Act=t / Pow=17 / 
113314400,127766672,2026-02-16 21:18:15,BUY,OUT,0.08,76.544,53.6,0.0,-0.08,XAGUSD.p,[tp 76.544]
113339593,127801605,2026-02-17 01:17:29,BUY,IN,0.08,76.313,0.0,0.0,-0.08,XAGUSD.p,Test : 0.07 / Act=t / Pow=17 / 
113342201,127806596,2026-02-17 01:22:16,SELL,OUT,0.08,76.472,63.6,0.0,-0.08,XAGUSD.p,[tp 76.472]
113379502,127853403,2026-02-17 02:30:02,BUY,IN,0.08,76.063,0.0,0.0,-0.08,XAGUSD.p,Test : 0.07 / Act=t / Pow=17 / 
113386704,127862318,2026-02-17 02:45:00,BUY,IN,0.08,75.365,0.0,0.0,-0.08,XAGUSD.p,Test : 0.07 / Act=t / Pow=17 / 
113394350,127871279,2026-02-17 02:54:50,BUY,IN,0.16,75.013,0.0,0.0,-0.16,XAGUSD.p,Test : 0.07 / Act=t / Pow=17 / 
113418994,127901889,2026-02-17 03:27:04,SELL,OUT,0.08,75.525,-215.2,0.0,-0.08,XAGUSD.p,[tp 75.525]
113418996,127901890,2026-02-17 03:27:04,SELL,OUT,0.08,75.525,64.0,0.0,-0.08,XAGUSD.p,[tp 75.525]
113419032,127901929,2026-02-17 03:27:04,SELL,OUT,0.16,75.527,411.2,0.0,-0.16,XAGUSD.p,[tp 75.527]
113419037,127901938,2026-02-17 03:27:04,BUY,IN,0.08,75.595,0.0,0.0,-0.08,XAGUSD.p,Test : 0.07 / Act=t / Pow=17 / 
113419435,127902414,2026-02-17 03:27:46,SELL,OUT,0.08,75.764,67.6,0.0,-0.08,XAGUSD.p,[tp 75.764]
113420488,127903753,2026-02-17 03:30:00,BUY,IN,0.08,75.823,0.0,0.0,-0.08,XAGUSD.p,Test : 0.07 / Act=t / Pow=17 / 
113425115,127909662,2026-02-17 03:43:36,SELL,OUT,0.08,75.969,58.4,0.0,-0.08,XAGUSD.p,[tp 75.969]
113425935,127910667,2026-02-17 03:45:00,BUY,IN,0.08,76.209,0.0,0.0,-0.08,XAGUSD.p,Test : 0.07 / Act=t / Pow=17 / 
113441007,127929429,2026-02-17 04:20:13,SELL,OUT,0.08,76.352,57.2,0.0,-0.08,XAGUSD.p,[tp 76.352]
113441011,127929436,2026-02-17 04:20:13,BUY,IN,0.08,76.396,0.0,0.0,-0.08,XAGUSD.p,Test : 0.07 / Act=t / Pow=17 / 
113735672,128306487,2026-02-17 13:29:43,SELL,OUT,0.08,74.436,-784.0,0.0,-0.08,XAGUSD.p,
113736055,0,2026-02-17 13:30:53,2,IN,0.0,0.0,-1356.38,0.0,0.0,,reset balance to 10000
113750789,128325888,2026-02-17 14:00:00,BUY,IN,0.1,74.772,0.0,0.0,-0.1,XAGUSD.p,Lot0.1/E30/TP15/Mbd5/Recv2
113760497,128337631,2026-02-17 14:12:15,SELL,OUT,0.1,74.976,102.0,0.0,-0.1,XAGUSD.p,[tp 74.976]
113778867,128365274,2026-02-17 14:45:00,SELL,IN,0.1,74.805,0.0,0.0,-0.1,XAGUSD.p,Lot0.1/E30/TP15/Mbd5/Recv2
113787899,128381458,2026-02-17 15:00:19,BUY,OUT,0.1,74.621,92.0,0.0,-0.1,XAGUSD.p,[tp 74.621]
113812925,128415142,2026-02-17 15:30:00,BUY,IN,0.1,74.386,0.0,0.0,-0.1,XAGUSD.p,Lot0.1/E30/TP15/Mbd5/Recv2
113824092,128428445,2026-02-17 15:41:15,SELL,OUT,0.1,74.575,94.5,0.0,-0.1,XAGUSD.p,[tp 74.575]
113827299,128432427,2026-02-17 15:45:00,BUY,IN,0.1,74.649,0.0,0.0,-0.1,XAGUSD.p,Lot0.1/E30/TP15/Mbd5/Recv2
114007172,128642746,2026-02-17 17:49:17,SELL,OUT,0.1,72.979,-835.0,0.0,-0.1,XAGUSD.p,
114007543,0,2026-02-17 17:49:51,2,IN,0.0,0.0,547.3,0.0,0.0,,reset balance to 10000
114019222,128657062,2026-02-17 18:00:00,BUY,IN,0.1,73.315,0.0,0.0,-0.1,XAGUSD.p,E15/TP8/Mbd1/Tstop5/Recv2
114021242,128659456,2026-02-17 18:01:52,SELL,OUT,0.1,73.437,61.0,0.0,-0.1,XAGUSD.p,[tp 73.437]
114100046,128748019,2026-02-17 19:30:00,BUY,IN,0.1,72.908,0.0,0.0,-0.1,XAGUSD.p,E15/TP8/Mbd1/Tstop5/Recv2
114121383,128775100,2026-02-17 20:04:02,SELL,OUT,0.1,73.044,68.0,0.0,-0.1,XAGUSD.p,[tp 73.044]
114121385,128775103,2026-02-17 20:04:02,BUY,IN,0.1,73.091,0.0,0.0,-0.1,XAGUSD.p,E15/TP8/Mbd1/Tstop5/Recv2
114124950,128783560,2026-02-17 20:11:18,SELL,OUT,0.1,73.22,64.5,0.0,-0.1,XAGUSD.p,[tp 73.220]
114126901,128788232,2026-02-17 20:15:00,BUY,IN,0.1,73.13,0.0,0.0,-0.1,XAGUSD.p,E15/TP8/Mbd1/Tstop5/Recv2
114128185,128790389,2026-02-17 20:16:06,SELL,OUT,0.1,73.247,58.5,0.0,-0.1,XAGUSD.p,[tp 73.247]
114147805,128835461,2026-02-17 20:45:00,SELL,IN,0.1,73.533,0.0,0.0,-0.1,XAGUSD.p,E15/TP8/Mbd1/Tstop5/Recv2
114190381,128896143,2026-02-17 22:02:28,BUY,OUT,0.1,73.418,57.5,0.0,-0.1,XAGUSD.p,[tp 73.418]
114269901,128990518,2026-02-18 01:30:00,SELL,IN,0.1,73.52,0.0,0.0,-0.1,XAGUSD.p,E15/TP8/Mbd1/Tstop5/Recv2
114272462,128993507,2026-02-18 01:34:04,BUY,OUT,0.1,73.353,83.5,0.0,-0.1,XAGUSD.p,[tp 73.353]
114298742,0,2026-02-18 02:11:48,2,IN,0.0,0.0,-391.8,0.0,0.0,,reset balance to 10000
114301801,129026139,2026-02-18 02:15:00,BUY,IN,0.1,72.586,0.0,0.0,-0.1,XAGUSD.p,E15/TP8/Mbd1/Tstop5/Recv1
114303202,129027667,2026-02-18 02:16:55,SELL,OUT,0.1,72.725,69.5,0.0,-0.1,XAGUSD.p,[tp 72.725]
114330898,129057938,2026-02-18 02:55:00,BUY,IN,0.1,72.815,0.0,0.0,-0.1,XAGUSD.p,M5/E15/TP8/Mbd2/Tstop4/Recv1
114338964,129066669,2026-02-18 03:03:08,SELL,OUT,0.1,72.954,69.5,0.0,-0.1,XAGUSD.p,[tp 72.954]
114340593,129068563,2026-02-18 03:05:00,BUY,IN,0.1,72.727,0.0,0.0,-0.1,XAGUSD.p,M5/E15/TP8/Mbd2/Tstop4/Recv1
114342168,129070392,2026-02-18 03:08:22,SELL,OUT,0.1,72.869,71.0,0.0,-0.1,XAGUSD.p,[tp 72.869]
114353773,129083166,2026-02-18 03:25:00,SELL,IN,0.1,73.139,0.0,0.0,-0.1,XAGUSD.p,M5/E15/TP8/Mbd2/Tstop4/Recv1
114419558,129155172,2026-02-18 05:20:01,SELL,IN,0.1,74.272,0.0,0.0,-0.1,XAGUSD.p,M5/E15/TP8/Mbd2/Tstop4/Recv1
114428473,129165521,2026-02-18 05:45:33,SELL,IN,0.2,74.623,0.0,0.0,-0.2,XAGUSD.p,M5/E15/TP8/Mbd2/Tstop4/Recv1
114439847,129179121,2026-02-18 06:15:00,SELL,IN,0.4,75.017,0.0,0.0,-0.4,XAGUSD.p,M5/E15/TP8/Mbd2/Tstop4/Recv1
114439909,129179188,2026-02-18 06:15:05,BUY,OUT,0.4,75.102,-170.0,0.0,-0.4,XAGUSD.p,from #129179121
114439911,129179190,2026-02-18 06:15:05,BUY,OUT,0.2,75.102,-479.0,0.0,-0.2,XAGUSD.p,from #129165521
114439913,129179192,2026-02-18 06:15:05,BUY,OUT,0.1,75.102,-415.0,0.0,-0.1,XAGUSD.p,from #129155172
114439916,129179195,2026-02-18 06:15:06,BUY,OUT,0.1,75.102,-981.5,0.0,-0.1,XAGUSD.p,from #129083166
114441573,129181226,2026-02-18 06:20:01,SELL,IN,0.1,74.935,0.0,0.0,-0.1,XAGUSD.p,M5/E15/TP8/Mbd2/Tstop4/Recv1
114444901,129185515,2026-02-18 06:30:00,SELL,IN,0.1,75.314,0.0,0.0,-0.1,XAGUSD.p,M5/E15/TP8/Mbd2/Tstop4/Recv1
114485760,129235768,2026-02-18 08:45:00,BUY,IN,0.1,62.541,0.0,0.0,-0.1,USOUSD.p,M5/E15/TP8/Mbd2/Tstop4/Recv2
114488499,129238806,2026-02-18 08:50:31,SELL,OUT,0.1,62.641,10.0,0.0,-0.1,USOUSD.p,[tp 62.641]
114489298,129239864,2026-02-18 08:55:04,SELL,IN,0.1,62.581,0.0,0.0,-0.1,USOUSD.p,M5/E15/TP8/Mbd2/Tstop4/Recv2
114505910,129260214,2026-02-18 09:35:07,BUY,OUT,0.1,62.481,10.0,0.0,-0.1,USOUSD.p,[tp 62.481]
114603703,129377797,2026-02-18 13:10:02,SELL,IN,0.1,63.161,0.0,0.0,-0.1,USOUSD.p,M5/E15/TP8/Mbd2/Tstop4/Recv2
114637067,129417676,2026-02-18 14:15:01,SELL,IN,0.1,64.041,0.0,0.0,-0.1,USOUSD.p,M5/E15/TP8/Mbd2/Tstop4/Recv2
114696235,129489739,2026-02-18 15:36:26,BUY,OUT,0.1,76.768,-727.0,0.0,-0.1,XAGUSD.p,from #129185515
114696236,129489740,2026-02-18 15:36:26,BUY,OUT,0.1,76.768,-916.5,0.0,-0.1,XAGUSD.p,from #129181226
114706148,129502831,2026-02-18 15:45:00,SELL,IN,0.1,76.689,0.0,0.0,-0.1,XAGUSD.p,M5/E15/TP8/Mbd2/Tstop4/Recv1
114709243,129507701,2026-02-18 15:48:56,BUY,OUT,0.1,76.57,59.5,0.0,-0.1,XAGUSD.p,[tp 76.570]
114710022,129508752,2026-02-18 15:50:00,SELL,IN,0.1,76.606,0.0,0.0,-0.1,XAGUSD.p,M5/E15/TP8/Mbd2/Tstop4/Recv1
114712673,129512732,2026-02-18 15:54:10,BUY,OUT,0.1,76.492,57.0,0.0,-0.1,XAGUSD.p,[tp 76.492]
114713183,129513375,2026-02-18 15:55:01,SELL,IN,0.1,76.456,0.0,0.0,-0.1,XAGUSD.p,M5/E15/TP8/Mbd2/Tstop4/Recv1
114732382,0,2026-02-18 16:16:13,2,IN,0.0,0.0,3345.2,0.0,0.0,,reset balance to 9999
114760259,129568992,2026-02-18 16:40:00,SELL,IN,0.1,77.513,0.0,0.0,-0.1,XAGUSD.p,M5/E15/TP8/Mbd2/Tstop4/Recv1
114793938,129608651,2026-02-18 17:05:00,SELL,IN,0.2,77.997,0.0,0.0,-0.2,XAGUSD.p,M5/E15/TP8/Mbd2/Tstop4/Recv1
114822669,129643452,2026-02-18 17:34:57,BUY,IN,0.02,1.91573,0.0,0.0,-0.02,GBPAUD.p,M5/E15/TP8/Mbd2/Tstop4/Recv2
114828398,129650040,2026-02-18 17:42:14,SELL,OUT,0.02,1.91658,1.2,0.0,-0.02,GBPAUD.p,[tp 1.91658]
114828399,129650041,2026-02-18 17:42:14,BUY,IN,0.5,1.91662,0.0,0.0,-0.5,GBPAUD.p,M5/E15/TP8/Mbd2/Tstop4/Recv2
114835968,129660008,2026-02-18 17:55:00,SELL,IN,0.5,209.043,0.0,0.0,-0.5,GBPJPY.p,M5/E15/TP8/Mbd2/Tstop4/Recv2
114835983,129660022,2026-02-18 17:55:00,SELL,IN,0.5,109.103,0.0,0.0,-0.5,AUDJPY.p,M5/E15/TP8/Mbd2/Tstop4/Recv2
114881334,129713953,2026-02-18 19:15:00,SELL,IN,0.2,64.841,0.0,0.0,-0.2,USOUSD.p,M5/E15/TP8/Mbd2/Tstop4/Recv2
114891491,129725841,2026-02-18 19:40:23,BUY,OUT,0.5,208.946,31.39,0.0,-0.5,GBPJPY.p,[tp 208.946]
114900606,129735985,2026-02-18 20:05:02,SELL,IN,0.4,65.216,0.0,0.0,-0.4,USOUSD.p,M5/E15/TP8/Mbd2/Tstop4/Recv2
114915612,129752982,2026-02-18 20:31:31,BUY,OUT,0.1,77.347,-445.5,0.0,-0.1,XAGUSD.p,[tp 77.347]
114915613,129752983,2026-02-18 20:31:31,BUY,OUT,0.1,77.347,83.0,0.0,-0.1,XAGUSD.p,[tp 77.347]
114915614,129752984,2026-02-18 20:31:31,BUY,OUT,0.2,77.356,641.0,0.0,-0.2,XAGUSD.p,[tp 77.356]
114929282,129768412,2026-02-18 20:50:00,BUY,IN,0.1,77.232,0.0,0.0,-0.1,XAGUSD.p,M5/E15/TP8/Mbd2/Tstop4/Recv1
114934323,129774196,2026-02-18 21:01:00,SELL,OUT,0.1,77.347,57.5,0.0,-0.1,XAGUSD.p,[tp 77.347]
114935658,129775695,2026-02-18 21:03:21,BUY,OUT,0.5,109.019,27.17,0.0,-0.5,AUDJPY.p,[tp 109.019]
114937192,129777406,2026-02-18 21:05:00,SELL,IN,0.5,208.835,0.0,0.0,-0.5,GBPJPY.p,M5/E15/TP8/Mbd2/Tstop4/Recv2
114937199,129777417,2026-02-18 21:05:00,BUY,IN,0.1,77.465,0.0,0.0,-0.1,XAGUSD.p,M5/E15/TP8/Mbd2/Tstop4/Recv1
114939725,129780622,2026-02-18 21:10:00,BUY,IN,0.5,109.072,0.0,0.0,-0.5,AUDJPY.p,M5/E15/TP8/Mbd2/Tstop4/Recv2
114951547,129794335,2026-02-18 21:30:00,BUY,IN,0.1,76.798,0.0,0.0,-0.1,XAGUSD.p,M5/E15/TP8/Mbd2/Tstop4/Recv1
114953062,129796039,2026-02-18 21:31:34,BUY,IN,0.2,76.443,0.0,0.0,-0.2,XAGUSD.p,M5/E15/TP8/Mbd2/Tstop4/Recv1
114953109,129796087,2026-02-18 21:31:37,SELL,OUT,0.5,1.91747,29.92,0.0,-0.5,GBPAUD.p,[tp 1.91747]
114969386,129814165,2026-02-18 22:00:00,SELL,IN,0.5,1.91817,0.0,0.0,-0.5,GBPAUD.p,M5/E15/TP8/Mbd2/Tstop4/Recv2
114980753,129826929,2026-02-18 22:25:12,SELL,OUT,0.1,76.901,-282.0,0.0,-0.1,XAGUSD.p,[tp 76.901]
114980755,129826930,2026-02-18 22:25:12,SELL,OUT,0.1,76.901,51.5,0.0,-0.1,XAGUSD.p,[tp 76.901]
114980756,129826931,2026-02-18 22:25:12,SELL,OUT,0.2,76.901,458.0,0.0,-0.2,XAGUSD.p,[tp 76.901]
114988949,129835637,2026-02-18 22:40:00,SELL,IN,0.1,77.128,0.0,0.0,-0.1,XAGUSD.p,M5/E15/TP8/Mbd2/Tstop4/Recv1
114993468,129840654,2026-02-18 22:49:58,BUY,OUT,0.5,1.91731,30.27,0.0,-0.5,GBPAUD.p,[tp 1.91731]
115051777,129907794,2026-02-19 02:01:40,BUY,OUT,0.5,208.738,31.36,-21.19,-0.5,GBPJPY.p,[tp 208.738]
115052681,129908785,2026-02-19 02:02:36,BUY,OUT,0.1,76.989,69.5,5.24,-0.1,XAGUSD.p,[tp 76.989]
115052798,129908901,2026-02-19 02:02:37,BUY,IN,0.1,76.928,0.0,0.0,-0.1,XAGUSD.p,M5/E15/TP8/Mbd2/Tstop4/Recv1
115056613,129913532,2026-02-19 02:09:12,SELL,OUT,0.5,108.912,-51.73,2.02,-0.5,AUDJPY.p,
115056633,129913554,2026-02-19 02:09:13,BUY,OUT,0.1,65.115,-195.4,-1.51,-0.1,USOUSD.p,
115056650,129913571,2026-02-19 02:09:15,BUY,OUT,0.1,65.115,-107.4,-1.51,-0.1,USOUSD.p,
115056653,129913575,2026-02-19 02:09:15,BUY,OUT,0.2,65.115,-54.8,-3.03,-0.2,USOUSD.p,
115056665,129913588,2026-02-19 02:09:16,BUY,OUT,0.4,65.115,40.4,-6.06,-0.4,USOUSD.p,
115056669,129913592,2026-02-19 02:09:17,SELL,OUT,0.1,76.833,-47.5,0.0,-0.1,XAGUSD.p,
115056886,0,2026-02-19 02:09:58,2,IN,0.0,0.0,-332.3,0.0,0.0,,reset balance to 9999
115064873,129922754,2026-02-19 02:30:00,SELL,IN,1.0,1.91445,0.0,0.0,-1.0,GBPAUD.p,E25/TP8/Tsto4/Tste2/Recv2
115065543,129923476,2026-02-19 02:30:44,BUY,OUT,1.0,1.9135900000000001,60.65,0.0,-1.0,GBPAUD.p,[tp 1.91359]
115067395,129925530,2026-02-19 02:35:00,BUY,IN,0.1,76.987,0.0,0.0,-0.1,XAGUSD.p,E25/TP8/Tsto4/Tste2/Recv2
115067401,129925536,2026-02-19 02:35:00,BUY,IN,1.0,1.91469,0.0,0.0,-1.0,GBPAUD.p,E25/TP8/Tsto4/Tste2/Recv2
115068575,129926813,2026-02-19 02:37:00,SELL,OUT,1.0,1.9156300000000002,66.21,0.0,-1.0,GBPAUD.p,[tp 1.91563]
115070086,129928499,2026-02-19 02:40:00,SELL,IN,1.0,109.007,0.0,0.0,-1.0,AUDJPY.p,E25/TP8/Tsto4/Tste2/Recv2
115070111,129928540,2026-02-19 02:40:00,BUY,IN,1.0,1.9159899999999999,0.0,0.0,-1.0,GBPAUD.p,E25/TP8/Tsto4/Tste2/Recv2
115084974,129945250,2026-02-19 03:15:00,SELL,IN,1.0,1.6147200000000002,0.0,0.0,-1.0,EURCAD.p,E25/TP8/Tsto4/Tste2/Recv2
115094524,129955897,2026-02-19 03:45:00,BUY,IN,1.0,1.9107699999999999,0.0,0.0,-1.0,GBPAUD.p,E25/TP8/Tsto4/Tste2/Recv2
115094526,129955902,2026-02-19 03:45:00,SELL,IN,1.0,209.019,0.0,0.0,-1.0,GBPJPY.p,E25/TP8/Tsto4/Tste2/Recv2
115096378,129958023,2026-02-19 03:51:12,SELL,OUT,0.1,77.11,61.5,0.0,-0.1,XAGUSD.p,[tp 77.110]
115105849,129968564,2026-02-19 04:15:00,SELL,IN,0.1,77.236,0.0,0.0,-0.1,XAGUSD.p,E25/TP8/Tsto4/Tste2/Recv2
115107610,129970438,2026-02-19 04:16:35,BUY,OUT,0.1,77.113,61.5,0.0,-0.1,XAGUSD.p,[tp 77.113]
115109029,129972034,2026-02-19 04:20:00,SELL,IN,0.1,77.091,0.0,0.0,-0.1,XAGUSD.p,E25/TP8/Tsto4/Tste2/Recv2
115109037,129972045,2026-02-19 04:20:00,SELL,IN,0.5,65.355,0.0,0.0,-0.5,USOUSD.p,E25/TP8/Tsto4/Tste2/Recv2
115109408,129972454,2026-02-19 04:21:10,BUY,OUT,1.0,208.922,62.66,0.0,-1.0,GBPJPY.p,[tp 208.922]
115109436,129972486,2026-02-19 04:21:10,SELL,IN,1.0,208.882,0.0,0.0,-1.0,GBPJPY.p,E25/TP8/Tsto4/Tste2/Recv2
115135473,130002522,2026-02-19 05:45:00,SELL,IN,0.1,77.829,0.0,0.0,-0.1,XAGUSD.p,E25/TP8/Tsto4/Tste2/Recv2
115198286,130078884,2026-02-19 08:35:00,SELL,IN,0.2,78.408,0.0,0.0,-0.2,XAGUSD.p,E25/TP8/Tsto4/Tste2/Recv2
115215024,130097326,2026-02-19 09:14:16,BUY,OUT,1.0,1.61389,60.64,0.0,-1.0,EURCAD.p,[tp 1.61389]
115218044,130100823,2026-02-19 09:26:50,BUY,OUT,0.2,79.232,-824.0,0.0,-0.2,XAGUSD.p,from #130078884
115218046,130100825,2026-02-19 09:26:50,BUY,OUT,0.1,79.232,-701.5,0.0,-0.1,XAGUSD.p,from #130002522
115218048,130100828,2026-02-19 09:26:51,BUY,OUT,0.1,79.232,-1070.5,0.0,-0.1,XAGUSD.p,from #129972034
115219639,130102737,2026-02-19 09:35:00,SELL,IN,0.1,79.098,0.0,0.0,-0.1,XAGUSD.p,E25/TP8/Tsto4/Tste2/Recv2
115225458,130109332,2026-02-19 09:56:34,BUY,OUT,0.1,78.972,63.0,0.0,-0.1,XAGUSD.p,[tp 78.972]
115225459,130109333,2026-02-19 09:56:34,SELL,IN,0.1,78.901,0.0,0.0,-0.1,XAGUSD.p,E25/TP8/Tsto4/Tste2/Recv2
115228176,130112449,2026-02-19 10:02:14,BUY,OUT,0.1,78.771,65.0,0.0,-0.1,XAGUSD.p,[tp 78.771]
115228178,130112452,2026-02-19 10:02:15,SELL,IN,0.1,78.717,0.0,0.0,-0.1,XAGUSD.p,E25/TP8/Tsto4/Tste2/Recv2
115239977,130126044,2026-02-19 10:35:05,SELL,IN,0.5,66.01,0.0,0.0,-0.5,USOUSD.p,E25/TP8/Tsto4/Tste2/Recv2
115268852,130159160,2026-02-19 11:36:43,BUY,OUT,0.1,78.588,64.5,0.0,-0.1,XAGUSD.p,[tp 78.588]
115268861,130159174,2026-02-19 11:36:44,BUY,IN,0.1,78.558,0.0,0.0,-0.1,XAGUSD.p,E25/TP8/Tsto4/Tste2/Recv2
115271545,130162769,2026-02-19 11:42:58,SELL,OUT,0.1,78.68,61.0,0.0,-0.1,XAGUSD.p,[tp 78.680]
115272435,130163752,2026-02-19 11:45:00,BUY,IN,0.1,78.83,0.0,0.0,-0.1,XAGUSD.p,E25/TP8/Tsto4/Tste2/Recv2
115293860,130188636,2026-02-19 12:30:37,BUY,OUT,1.0,208.786,62.02,0.0,-1.0,GBPJPY.p,[tp 208.786]
115299595,130195108,2026-02-19 12:40:00,BUY,IN,1.0,208.765,0.0,0.0,-1.0,GBPJPY.p,E25/TP8/Tsto4/Tste2/Recv2
115320843,130219375,2026-02-19 13:30:00,BUY,IN,1.0,208.368,0.0,0.0,-1.0,GBPJPY.p,E25/TP8/Tsto4/Tste2/Recv2
115329307,130228786,2026-02-19 13:50:36,BUY,OUT,1.0,108.921,55.62,0.0,-1.0,AUDJPY.p,[tp 108.921]
115332979,130232763,2026-02-19 13:55:00,BUY,IN,0.1,77.652,0.0,0.0,-0.1,XAGUSD.p,E25/TP8/Tsto4/Tste2/Recv2
115334408,130234430,2026-02-19 13:59:35,BUY,IN,0.2,78.012,0.0,0.0,-0.2,XAGUSD.p,E25/TP8/Tsto4/Tste2/Recv2
115334643,130234671,2026-02-19 14:00:00,BUY,IN,1.0,108.953,0.0,0.0,-1.0,AUDJPY.p,E25/TP8/Tsto4/Tste2/Recv2
115334670,130234716,2026-02-19 14:00:00,BUY,IN,1.0,1.61272,0.0,0.0,-1.0,EURCAD.p,E25/TP8/Tsto4/Tste2/Recv2
115347334,130249067,2026-02-19 14:27:46,SELL,OUT,1.0,109.036,53.68,0.0,-1.0,AUDJPY.p,[tp 109.036]
115347337,130249068,2026-02-19 14:27:46,BUY,IN,1.0,109.041,0.0,0.0,-1.0,AUDJPY.p,E25/TP8/Tsto4/Tste2/Recv2
115350227,130252448,2026-02-19 14:35:15,SELL,OUT,1.0,109.127,55.6,0.0,-1.0,AUDJPY.p,[tp 109.127]
115350228,130252450,2026-02-19 14:35:15,BUY,IN,1.0,109.132,0.0,0.0,-1.0,AUDJPY.p,E25/TP8/Tsto4/Tste2/Recv2
115357927,130261286,2026-02-19 14:53:05,SELL,OUT,0.1,78.24,-295.0,0.0,-0.1,XAGUSD.p,[tp 78.240]
115357928,130261287,2026-02-19 14:53:05,SELL,OUT,0.1,78.24,294.0,0.0,-0.1,XAGUSD.p,[tp 78.240]
115357929,130261288,2026-02-19 14:53:05,SELL,OUT,0.2,78.235,223.0,0.0,-0.2,XAGUSD.p,[tp 78.235]
115368514,130273187,2026-02-19 15:10:00,BUY,IN,0.1,77.834,0.0,0.0,-0.1,XAGUSD.p,E25/TP8/Tsto4/Tste2/Recv2
115374861,130280226,2026-02-19 15:22:00,SELL,OUT,0.1,77.948,57.0,0.0,-0.1,XAGUSD.p,[tp 77.948]
115376555,130282147,2026-02-19 15:25:00,BUY,IN,0.1,78.056,0.0,0.0,-0.1,XAGUSD.p,E25/TP8/Tsto4/Tste2/Recv2
115385670,130292252,2026-02-19 15:36:34,SELL,OUT,0.1,78.17,57.0,0.0,-0.1,XAGUSD.p,[tp 78.170]
115386000,130292614,2026-02-19 15:36:58,SELL,OUT,1.0,109.219,56.15,0.0,-1.0,AUDJPY.p,[tp 109.219]
115392516,130300347,2026-02-19 15:44:34,SELL,OUT,1.0,1.61019,-184.71,0.0,-1.0,EURCAD.p,
115392522,130300353,2026-02-19 15:44:35,SELL,OUT,1.0,1.90941,-463.75,0.0,-1.0,GBPAUD.p,
115392528,130300359,2026-02-19 15:44:35,SELL,OUT,1.0,1.90944,-93.74,0.0,-1.0,GBPAUD.p,
115392532,130300363,2026-02-19 15:44:35,SELL,OUT,1.0,208.561,-131.63,0.0,-1.0,GBPJPY.p,
115392539,130300370,2026-02-19 15:44:36,SELL,OUT,1.0,208.562,125.18,0.0,-1.0,GBPJPY.p,
115392543,130300374,2026-02-19 15:44:36,BUY,OUT,0.5,66.695,-670.0,0.0,-0.5,USOUSD.p,
115392565,130300393,2026-02-19 15:44:38,BUY,OUT,0.5,66.7,-345.0,0.0,-0.5,USOUSD.p,
115396899,0,2026-02-19 15:51:41,2,IN,0.0,0.0,3147.12,0.0,0.0,,reset balance to 9999
115413806,130324144,2026-02-19 16:15:00,BUY,IN,1.0,1.91032,0.0,0.0,-1.0,GBPAUD.p,E18/TP6/Mbody2/Tsto4/Tste1/Recv
115413812,130324154,2026-02-19 16:15:00,BUY,IN,1.0,1.6105800000000001,0.0,0.0,-1.0,EURCAD.p,E18/TP6/Mbody2/Tsto4/Tste1/Recv
115413823,130324167,2026-02-19 16:15:00,SELL,IN,0.5,66.265,0.0,0.0,-0.5,USOUSD.p,E18/TP6/Mbody2/Tsto4/Tste1/Recv
115421076,130333806,2026-02-19 16:30:00,BUY,IN,0.1,77.988,0.0,0.0,-0.1,XAGUSD.p,E18/TP6/Mbody2/Tsto4/Tste1/Recv
115421338,130334054,2026-02-19 16:30:00,BUY,OUT,0.5,66.185,40.0,0.0,-0.5,USOUSD.p,[tp 66.185]
115426510,130339734,2026-02-19 16:33:57,SELL,OUT,1.0,1.9109699999999998,45.73,0.0,-1.0,GBPAUD.p,[tp 1.91097]
115441854,130356662,2026-02-19 16:45:00,SELL,IN,1.0,109.159,0.0,0.0,-1.0,AUDJPY.p,E18/TP6/Mbody2/Tsto4/Tste1/Recv
115441859,130356668,2026-02-19 16:45:00,SELL,IN,1.0,208.611,0.0,0.0,-1.0,GBPJPY.p,E18/TP6/Mbody2/Tsto4/Tste1/Recv
115454947,130371413,2026-02-19 16:56:00,SELL,OUT,0.1,78.086,49.0,0.0,-0.1,XAGUSD.p,[tp 78.086]
115457775,130374924,2026-02-19 17:00:00,SELL,IN,0.5,66.515,0.0,0.0,-0.5,USOUSD.p,E18/TP6/Mbody2/Tsto4/Tste1/Recv
115458839,130376159,2026-02-19 17:00:55,BUY,OUT,0.5,66.435,40.0,0.0,-0.5,USOUSD.p,[tp 66.435]
115460209,130377702,2026-02-19 17:02:15,SELL,OUT,1.0,1.61121,45.98,0.0,-1.0,EURCAD.p,[tp 1.61121]
115473853,130392952,2026-02-19 17:15:00,SELL,IN,0.5,66.18,0.0,0.0,-0.5,USOUSD.p,E18/TP6/Mbody2/Tsto4/Tste1/Recv
115473869,130392974,2026-02-19 17:15:00,BUY,IN,1.0,1.61138,0.0,0.0,-1.0,EURCAD.p,E18/TP6/Mbody2/Tsto4/Tste1/Recv
115513921,130438543,2026-02-19 18:00:00,SELL,IN,0.1,78.643,0.0,0.0,-0.1,XAGUSD.p,E18/TP6/Mbody2/Tsto4/Tste1/Recv
115514239,130438916,2026-02-19 18:00:16,BUY,OUT,1.0,208.535,49.03,0.0,-1.0,GBPJPY.p,[tp 208.535]
115514727,130439452,2026-02-19 18:01:24,BUY,OUT,0.1,78.549,47.0,0.0,-0.1,XAGUSD.p,[tp 78.549]
115524398,130450353,2026-02-19 18:15:00,SELL,IN,0.1,78.277,0.0,0.0,-0.1,XAGUSD.p,E18/TP6/Mbody2/Tsto4/Tste1/Recv
115528535,130454991,2026-02-19 18:20:47,BUY,OUT,0.1,78.183,47.0,0.0,-0.1,XAGUSD.p,[tp 78.183]
115535821,130462886,2026-02-19 18:30:00,BUY,IN,1.0,1.90678,0.0,0.0,-1.0,GBPAUD.p,E18/TP6/Mbody2/Tsto4/Tste1/Recv
115556403,130490950,2026-02-19 18:59:40,SELL,OUT,1.0,1.90743,45.82,0.0,-1.0,GBPAUD.p,[tp 1.90743]
115556605,130491193,2026-02-19 19:00:00,BUY,IN,1.0,1.90741,0.0,0.0,-1.0,GBPAUD.p,E18/TP6/Mbody2/Tsto4/Tste1/Recv
115561925,130498137,2026-02-19 19:09:58,SELL,OUT,1.0,1.9080599999999999,45.82,0.0,-1.0,GBPAUD.p,[tp 1.90806]
115564203,130500701,2026-02-19 19:15:00,BUY,IN,0.1,77.729,0.0,0.0,-0.1,XAGUSD.p,E18/TP6/Mbody2/Tsto4/Tste1/Recv
115565759,130502518,2026-02-19 19:18:04,SELL,OUT,0.1,77.841,56.0,0.0,-0.1,XAGUSD.p,[tp 77.841]
115572772,130510214,2026-02-19 19:30:00,BUY,IN,0.1,77.949,0.0,0.0,-0.1,XAGUSD.p,E18/TP6/Mbody2/Tsto4/Tste1/Recv
115572799,130510251,2026-02-19 19:30:00,BUY,IN,1.0,208.401,0.0,0.0,-1.0,GBPJPY.p,E18/TP6/Mbody2/Tsto4/Tste1/Recv
115575879,130513697,2026-02-19 19:34:04,SELL,OUT,0.1,78.053,52.0,0.0,-0.1,XAGUSD.p,[tp 78.053]
115578760,130517883,2026-02-19 19:38:19,SELL,OUT,1.0,208.477,49.05,0.0,-1.0,GBPJPY.p,[tp 208.477]
115581699,130521486,2026-02-19 19:45:00,BUY,IN,1.0,1.90755,0.0,0.0,-1.0,GBPAUD.p,E18/TP6/Mbody2/Tsto4/Tste1/Recv
115581701,130521488,2026-02-19 19:45:00,BUY,IN,1.0,208.502,0.0,0.0,-1.0,GBPJPY.p,E18/TP6/Mbody2/Tsto4/Tste1/Recv
115582904,130522796,2026-02-19 19:48:35,SELL,OUT,1.0,1.90821,46.53,0.0,-1.0,GBPAUD.p,[tp 1.90821]
115599784,130543355,2026-02-19 20:15:00,BUY,IN,0.1,77.833,0.0,0.0,-0.1,XAGUSD.p,E18/TP6/Mbody2/Tsto4/Tste1/Recv
115607184,130552874,2026-02-19 20:30:01,BUY,IN,1.0,1.9081700000000001,0.0,0.0,-1.0,GBPAUD.p,E18/TP6/Mbody2/Tsto4/Tste1/Recv
115607384,130553097,2026-02-19 20:30:32,SELL,OUT,1.0,208.578,49.04,0.0,-1.0,GBPJPY.p,[tp 208.578]
115609939,130556070,2026-02-19 20:34:12,SELL,OUT,1.0,1.90882,45.84,0.0,-1.0,GBPAUD.p,[tp 1.90882]
115617934,130566860,2026-02-19 20:53:03,SELL,OUT,0.1,77.931,49.0,0.0,-0.1,XAGUSD.p,[tp 77.931]
115617940,130566866,2026-02-19 20:53:03,BUY,IN,0.1,77.968,0.0,0.0,-0.1,XAGUSD.p,E18/TP6/Mbody2/Tsto4/Tste1/Recv
115630252,130582274,2026-02-19 21:26:00,SELL,OUT,0.1,78.062,47.0,0.0,-0.1,XAGUSD.p,[tp 78.062]
115637435,130590075,2026-02-19 21:43:52,SELL,OUT,1.0,1.61202,46.7,0.0,-1.0,EURCAD.p,[tp 1.61202]
115692701,130656597,2026-02-20 01:15:00,SELL,IN,0.1,78.248,0.0,0.0,-0.1,XAGUSD.p,E18/TP6/Mbody2/Tsto4/Tste1/Recv
115709638,130675444,2026-02-20 01:54:43,BUY,OUT,0.1,78.139,54.5,0.0,-0.1,XAGUSD.p,[tp 78.139]
115714014,130680200,2026-02-20 02:00:00,SELL,IN,1.0,208.894,0.0,0.0,-1.0,GBPJPY.p,E18/TP6/Mbody2/Tsto4/Tste1/Recv
115715093,130681433,2026-02-20 02:00:48,BUY,OUT,1.0,208.817,49.62,0.0,-1.0,GBPJPY.p,[tp 208.817]
115720992,130688112,2026-02-20 02:15:00,BUY,IN,0.1,78.225,0.0,0.0,-0.1,XAGUSD.p,E18/TP6/Mbody2/Tsto4/Tste1/Recv
115726108,130693736,2026-02-20 02:30:00,SELL,IN,1.0,208.829,0.0,0.0,-1.0,GBPJPY.p,E18/TP6/Mbody2/Tsto4/Tste1/Recv
115731506,130699777,2026-02-20 02:44:08,SELL,OUT,0.1,78.333,54.0,0.0,-0.1,XAGUSD.p,[tp 78.333]
115734326,130703816,2026-02-20 02:50:07,BUY,OUT,1.0,208.752,49.65,0.0,-1.0,GBPJPY.p,[tp 208.752]
115739067,130709349,2026-02-20 03:00:00,SELL,IN,1.0,208.784,0.0,0.0,-1.0,GBPJPY.p,E18/TP6/Mbody2/Tsto4/Tste1/Recv
115743966,130714827,2026-02-20 03:06:18,BUY,OUT,1.0,208.708,49.02,0.0,-1.0,GBPJPY.p,[tp 208.708]
115747523,130718886,2026-02-20 03:15:00,SELL,IN,0.1,78.527,0.0,0.0,-0.1,XAGUSD.p,E18/TP6/Mbody2/Tsto4/Tste1/Recv
115749312,130720826,2026-02-20 03:18:07,BUY,OUT,0.1,78.42,53.5,0.0,-0.1,XAGUSD.p,[tp 78.420]
115755953,130728168,2026-02-20 03:30:00,SELL,IN,0.1,78.313,0.0,0.0,-0.1,XAGUSD.p,E18/TP6/Mbody2/Tsto4/Tste1/Recv
115759627,130732264,2026-02-20 03:37:57,BUY,OUT,0.1,78.209,52.0,0.0,-0.1,XAGUSD.p,[tp 78.209]
115763199,130736335,2026-02-20 03:50:13,BUY,OUT,1.0,109.094,41.87,-7.05,-1.0,AUDJPY.p,[tp 109.094]
115778524,130753795,2026-02-20 04:30:01,BUY,IN,1.0,208.515,0.0,0.0,-1.0,GBPJPY.p,E18/TP6/Mbody2/Tsto4/Tste1/Recv
115783722,130759881,2026-02-20 04:50:52,SELL,OUT,1.0,208.591,48.97,0.0,-1.0,GBPJPY.p,[tp 208.591]
115785753,130762306,2026-02-20 05:00:00,BUY,IN,1.0,208.613,0.0,0.0,-1.0,GBPJPY.p,E18/TP6/Mbody2/Tsto4/Tste1/Recv
115789934,130767168,2026-02-20 05:15:00,SELL,IN,1.0,1.91272,0.0,0.0,-1.0,GBPAUD.p,E18/TP6/Mbody2/Tsto4/Tste1/Recv
115789949,130767186,2026-02-20 05:15:00,BUY,IN,1.0,109.055,0.0,0.0,-1.0,AUDJPY.p,E18/TP6/Mbody2/Tsto4/Tste1/Recv
115789957,130767196,2026-02-20 05:15:00,BUY,IN,0.1,78.442,0.0,0.0,-0.1,XAGUSD.p,E18/TP6/Mbody2/Tsto4/Tste1/Recv
115794693,130772889,2026-02-20 05:37:09,SELL,OUT,0.1,78.547,52.5,0.0,-0.1,XAGUSD.p,[tp 78.547]
115801521,130781033,2026-02-20 05:50:10,BUY,OUT,1.0,1.9120599999999999,46.41,0.0,-1.0,GBPAUD.p,[tp 1.91206]
115801523,130781035,2026-02-20 05:50:10,SELL,IN,1.0,1.9120300000000001,0.0,0.0,-1.0,GBPAUD.p,E18/TP6/Mbody2/Tsto4/Tste1/Recv
115806773,130787262,2026-02-20 06:07:14,BUY,OUT,1.0,1.91137,46.43,0.0,-1.0,GBPAUD.p,[tp 1.91137]
115806777,130787266,2026-02-20 06:07:16,SELL,IN,1.0,1.9113099999999998,0.0,0.0,-1.0,GBPAUD.p,E18/TP6/Mbody2/Tsto4/Tste1/Recv
115806867,130787362,2026-02-20 06:07:48,SELL,OUT,1.0,109.119,41.26,0.0,-1.0,AUDJPY.p,[tp 109.119]
115806869,130787364,2026-02-20 06:07:49,BUY,IN,1.0,109.125,0.0,0.0,-1.0,AUDJPY.p,E18/TP6/Mbody2/Tsto4/Tste1/Recv
115807751,130788478,2026-02-20 06:15:00,BUY,IN,0.1,78.038,0.0,0.0,-0.1,XAGUSD.p,E18/TP6/Mbody2/Tsto4/Tste1/Recv
115812215,130793701,2026-02-20 06:40:48,SELL,OUT,0.1,78.145,53.5,0.0,-0.1,XAGUSD.p,[tp 78.145]
115819390,130802039,2026-02-20 07:04:10,BUY,OUT,1.0,1.91065,46.43,0.0,-1.0,GBPAUD.p,[tp 1.91065]
115819753,130802461,2026-02-20 07:05:51,SELL,OUT,1.0,109.19,41.88,0.0,-1.0,AUDJPY.p,[tp 109.190]
115825648,130809852,2026-02-20 07:34:51,SELL,OUT,1.0,208.689,48.95,0.0,-1.0,GBPJPY.p,[tp 208.689]
115828590,130813213,2026-02-20 07:45:02,SELL,IN,0.1,78.313,0.0,0.0,-0.1,XAGUSD.p,E18/TP6/Mbody2/Tsto4/Tste1/Recv
115842670,130828756,2026-02-20 08:15:00,SELL,IN,1.0,109.33,0.0,0.0,-1.0,AUDJPY.p,E18/TP6/Mbody2/Tsto4/Tste1/Recv
115842715,130828823,2026-02-20 08:15:00,SELL,IN,1.0,208.701,0.0,0.0,-1.0,GBPJPY.p,E18/TP6/Mbody2/Tsto4/Tste1/Recv
115858391,130847228,2026-02-20 09:00:00,BUY,IN,1.0,1.9094,0.0,0.0,-1.0,GBPAUD.p,E18/TP6/Mbody2/Tsto4/Tste1/Recv
115873327,130863573,2026-02-20 09:32:19,BUY,OUT,1.0,109.267,40.63,0.0,-1.0,AUDJPY.p,[tp 109.267]
115873330,130863577,2026-02-20 09:32:21,SELL,IN,1.0,109.255,0.0,0.0,-1.0,AUDJPY.p,E18/TP6/Mbody2/Tsto4/Tste1/Recv
115873771,130864255,2026-02-20 09:33:52,BUY,OUT,1.0,208.625,49.02,0.0,-1.0,GBPJPY.p,[tp 208.625]
115874495,130865141,2026-02-20 09:37:34,SELL,OUT,1.0,1.91006,46.52,0.0,-1.0,GBPAUD.p,[tp 1.91006]
115874499,130865145,2026-02-20 09:37:35,BUY,IN,1.0,1.91019,0.0,0.0,-1.0,GBPAUD.p,E18/TP6/Mbody2/Tsto4/Tste1/Recv
115893430,130886738,2026-02-20 10:15:00,SELL,IN,1.0,208.91,0.0,0.0,-1.0,GBPJPY.p,E18/TP6/Mbody2/Tsto4/Tste1/Recv
115905398,130900451,2026-02-20 10:45:00,SELL,IN,1.0,109.688,0.0,0.0,-1.0,AUDJPY.p,E18/TP6/Mbody2/Tsto4/Tste1/Recv
115920977,130919234,2026-02-20 11:15:00,BUY,IN,1.0,1.90575,0.0,0.0,-1.0,GBPAUD.p,E18/TP6/Mbody2/Tsto4/Tste1/Recv
115932974,130933995,2026-02-20 11:35:30,SELL,OUT,1.0,1.90862,-110.87,0.0,-1.0,GBPAUD.p,[tp 1.90862]
115932975,130933996,2026-02-20 11:35:30,SELL,OUT,1.0,1.90862,202.68,0.0,-1.0,GBPAUD.p,[tp 1.90862]
115932977,130933998,2026-02-20 11:35:30,BUY,IN,1.0,1.90865,0.0,0.0,-1.0,GBPAUD.p,E18/TP6/Mbody2/Tsto4/Tste1/Recv
115938208,130940813,2026-02-20 11:52:15,BUY,OUT,0.5,66.1,40.0,-7.57,-0.5,USOUSD.p,[tp 66.100]
115957270,130966811,2026-02-20 12:30:00,BUY,IN,0.5,66.164,0.0,0.0,-0.5,USOUSD.p,E18/TP6/Mbody2/Tsto4/Tste1/Recv
115959004,130968724,2026-02-20 12:33:13,SELL,OUT,0.5,66.244,40.0,0.0,-0.5,USOUSD.p,[tp 66.244]
115963900,130974653,2026-02-20 12:43:51,SELL,OUT,1.0,1.90931,46.59,0.0,-1.0,GBPAUD.p,[tp 1.90931]
115963903,130974656,2026-02-20 12:43:51,BUY,IN,1.0,1.9093499999999999,0.0,0.0,-1.0,GBPAUD.p,E18/TP6/Mbody2/Tsto4/Tste1/Recv
115966141,130977668,2026-02-20 12:46:43,SELL,OUT,1.0,1.9100000000000001,45.87,0.0,-1.0,GBPAUD.p,[tp 1.91000]
115975444,130990563,2026-02-20 13:15:00,SELL,IN,1.0,1.9098199999999999,0.0,0.0,-1.0,GBPAUD.p,E18/TP6/Mbody2/Tsto4/Tste1/Recv
115975466,130990589,2026-02-20 13:15:00,BUY,IN,0.5,66.224,0.0,0.0,-0.5,USOUSD.p,E18/TP6/Mbody2/Tsto4/Tste1/Recv
115983913,131000833,2026-02-20 13:38:02,SELL,OUT,0.5,66.304,40.0,0.0,-0.5,USOUSD.p,[tp 66.304]
115983917,131000840,2026-02-20 13:38:02,BUY,IN,0.5,66.324,0.0,0.0,-0.5,USOUSD.p,E18/TP6/Mbody2/Tsto4/Tste1/Recv
115984402,131001422,2026-02-20 13:39:07,SELL,OUT,0.5,66.404,40.0,0.0,-0.5,USOUSD.p,[tp 66.404]
115987954,131005404,2026-02-20 13:45:00,BUY,IN,0.5,66.524,0.0,0.0,-0.5,USOUSD.p,E18/TP6/Mbody2/Tsto4/Tste1/Recv
115992262,131010407,2026-02-20 13:49:30,BUY,OUT,1.0,109.408,-98.6,0.0,-1.0,AUDJPY.p,[tp 109.408]
115992263,131010408,2026-02-20 13:49:30,BUY,OUT,1.0,109.408,180.45,0.0,-1.0,AUDJPY.p,[tp 109.408]
116006078,131026975,2026-02-20 14:15:00,BUY,IN,1.0,109.474,0.0,0.0,-1.0,AUDJPY.p,E18/TP6/Mbody2/Tsto4/Tste1/Recv
116022101,131045472,2026-02-20 14:45:00,SELL,IN,1.0,1.91361,0.0,0.0,-1.0,GBPAUD.p,E18/TP6/Mbody2/Tsto4/Tste1/Recv
116050632,131079973,2026-02-20 15:45:02,SELL,IN,1.0,1.61052,0.0,0.0,-1.0,EURCAD.p,E18/TP6/Mbody2/Tsto4/Tste1/Recv
116058839,131089823,2026-02-20 15:53:10,SELL,OUT,1.0,109.538,41.19,0.0,-1.0,AUDJPY.p,[tp 109.538]
116072763,131107427,2026-02-20 16:15:00,SELL,IN,1.0,109.469,0.0,0.0,-1.0,AUDJPY.p,E18/TP6/Mbody2/Tsto4/Tste1/Recv
116087706,131124261,2026-02-20 16:35:22,BUY,OUT,1.0,1.91107,-88.13,0.0,-1.0,GBPAUD.p,[tp 1.91107]
116087708,131124262,2026-02-20 16:35:22,BUY,OUT,1.0,1.91107,179.07,0.0,-1.0,GBPAUD.p,[tp 1.91107]
116087712,131124267,2026-02-20 16:35:22,SELL,IN,1.0,1.91103,0.0,0.0,-1.0,GBPAUD.p,E18/TP6/Mbody2/Tsto4/Tste1/Recv
116095252,131132716,2026-02-20 16:40:19,BUY,OUT,1.0,1.91038,45.83,0.0,-1.0,GBPAUD.p,[tp 1.91038]
116095730,131133255,2026-02-20 16:40:47,SELL,OUT,0.5,66.604,40.0,0.0,-0.5,USOUSD.p,[tp 66.604]
116100786,131138712,2026-02-20 16:45:00,SELL,IN,1.0,1.9098899999999999,0.0,0.0,-1.0,GBPAUD.p,E18/TP6/Mbody2/Tsto4/Tste1/Recv
116103936,131142313,2026-02-20 16:46:22,BUY,OUT,1.0,1.90924,45.87,0.0,-1.0,GBPAUD.p,[tp 1.90924]
116116429,131157029,2026-02-20 17:00:01,SELL,IN,0.5,66.439,0.0,0.0,-0.5,USOUSD.p,E18/TP6/Mbody2/Tsto4/Tste1/Recv
116161548,131209069,2026-02-20 17:12:42,BUY,OUT,0.5,66.359,40.0,0.0,-0.5,USOUSD.p,[tp 66.359]
116166487,131214613,2026-02-20 17:15:00,SELL,IN,1.0,1.61416,0.0,0.0,-1.0,EURCAD.p,E18/TP6/Mbody2/Tsto4/Tste1/Recv
116166506,131214636,2026-02-20 17:15:00,BUY,IN,1.0,1.9093200000000001,0.0,0.0,-1.0,GBPAUD.p,E18/TP6/Mbody2/Tsto4/Tste1/Recv
116170169,131218787,2026-02-20 17:16:31,SELL,OUT,1.0,1.90997,45.95,0.0,-1.0,GBPAUD.p,[tp 1.90997]
116247379,131306246,2026-02-20 18:15:00,BUY,IN,1.0,1.9065699999999999,0.0,0.0,-1.0,GBPAUD.p,E18/TP6/Mbody2/Tsto4/Tste1/Recv
116247392,131306260,2026-02-20 18:15:02,BUY,IN,0.5,66.214,0.0,0.0,-0.5,USOUSD.p,E18/TP6/Mbody2/Tsto4/Tste1/Recv
116248147,131307103,2026-02-20 18:15:54,SELL,OUT,1.0,1.90723,46.74,0.0,-1.0,GBPAUD.p,[tp 1.90723]
116258400,131318994,2026-02-20 18:30:00,BUY,IN,1.0,1.90798,0.0,0.0,-1.0,GBPAUD.p,E18/TP6/Mbody2/Tsto4/Tste1/Recv
116259605,131320361,2026-02-20 18:30:56,SELL,OUT,0.5,66.294,40.0,0.0,-0.5,USOUSD.p,[tp 66.294]
116279577,131343057,2026-02-20 19:00:00,SELL,IN,0.5,66.344,0.0,0.0,-0.5,USOUSD.p,E18/TP6/Mbody2/Tsto4/Tste1/Recv
116296943,131362706,2026-02-20 19:19:13,SELL,OUT,1.0,1.90863,45.9,0.0,-1.0,GBPAUD.p,[tp 1.90863]
116296954,131362720,2026-02-20 19:19:14,BUY,IN,1.0,1.90866,0.0,0.0,-1.0,GBPAUD.p,E18/TP6/Mbody2/Tsto4/Tste1/Recv
116306976,131374239,2026-02-20 19:36:38,BUY,OUT,1.0,1.6117,-86.2,0.0,-1.0,EURCAD.p,[tp 1.61170]
116306978,131374240,2026-02-20 19:36:38,BUY,OUT,1.0,1.6117,179.7,0.0,-1.0,EURCAD.p,[tp 1.61170]
116306982,131374245,2026-02-20 19:36:38,SELL,IN,1.0,1.61168,0.0,0.0,-1.0,EURCAD.p,E18/TP6/Mbody2/Tsto4/Tste1/Recv
116393119,131471664,2026-02-20 22:30:00,SELL,IN,0.1,84.095,0.0,0.0,-0.1,XAGUSD.p,E18/TP6/Mbody2/Tsto4/Tste1/Recv
116393985,131472598,2026-02-20 22:30:55,BUY,OUT,0.1,84.394,-149.5,0.0,-0.1,XAGUSD.p,from #131471664
116393986,131472599,2026-02-20 22:30:55,BUY,OUT,0.1,84.395,-3041.0,0.0,-0.1,XAGUSD.p,from #130813213
116606682,131883726,2026-02-23 01:00:20,BUY,OUT,0.5,66.264,40.0,-23.61,-0.5,USOUSD.p,[tp 66.264]
116627722,131909887,2026-02-23 01:15:00,BUY,IN,0.5,66.091,0.0,0.0,-0.5,USOUSD.p,E18/TP6/Mbody2/Tsto4/Tste1/Recv
116629826,131912513,2026-02-23 01:16:17,SELL,OUT,0.5,66.176,42.5,0.0,-0.5,USOUSD.p,[tp 66.176]
116637012,131922445,2026-02-23 01:26:34,BUY,OUT,1.0,208.839,45.93,-14.1,-1.0,GBPJPY.p,[tp 208.839]
116637020,131922453,2026-02-23 01:26:34,BUY,IN,1.0,208.838,0.0,0.0,-1.0,GBPJPY.p,E18/TP6/Mbody2/Tsto4/Tste1/Recv
116641111,131927727,2026-02-23 01:31:02,SELL,OUT,1.0,208.907,44.63,0.0,-1.0,GBPJPY.p,[tp 208.907]
116662509,131956856,2026-02-23 02:00:00,BUY,IN,0.5,66.136,0.0,0.0,-0.5,USOUSD.p,E18/TP6/Mbody2/Tsto4/Tste1/Recv
116687751,131986890,2026-02-23 02:15:00,SELL,IN,0.1,86.607,0.0,0.0,-0.1,XAGUSD.p,E18/TP6/Mbody2/Tsto4/Tste1/Recv
116689603,131989144,2026-02-23 02:16:13,BUY,OUT,0.1,86.497,55.0,0.0,-0.1,XAGUSD.p,[tp 86.497]
116715780,132021295,2026-02-23 02:37:07,BUY,OUT,1.0,109.405,41.52,-7.05,-1.0,AUDJPY.p,[tp 109.405]
116722790,132030639,2026-02-23 02:45:00,SELL,IN,0.1,86.367,0.0,0.0,-0.1,XAGUSD.p,E18/TP6/Mbody2/Tsto4/Tste1/Recv
116723306,132031208,2026-02-23 02:45:15,BUY,OUT,0.1,86.225,71.0,0.0,-0.1,XAGUSD.p,[tp 86.225]
116731292,132043316,2026-02-23 03:00:00,SELL,IN,0.1,86.31,0.0,0.0,-0.1,XAGUSD.p,E18/TP6/Mbody2/Tsto4/Tste1/Recv
116732802,132045156,2026-02-23 03:01:01,BUY,OUT,0.1,86.143,83.5,0.0,-0.1,XAGUSD.p,[tp 86.143]
116752844,132072253,2026-02-23 03:24:57,SELL,OUT,1.0,1.9093200000000001,46.73,-4.97,-1.0,GBPAUD.p,[tp 1.90932]
116755691,132076463,2026-02-23 03:30:00,BUY,IN,1.0,208.418,0.0,0.0,-1.0,GBPJPY.p,E18/TP6/Mbody2/Tsto4/Tste1/Recv
116756571,132077763,2026-02-23 03:31:40,SELL,OUT,1.0,208.494,49.27,0.0,-1.0,GBPJPY.p,[tp 208.494]
116764560,132089295,2026-02-23 03:45:00,BUY,IN,1.0,109.224,0.0,0.0,-1.0,AUDJPY.p,E18/TP6/Mbody2/Tsto4/Tste1/Recv
116764565,132089300,2026-02-23 03:45:00,SELL,IN,1.0,1.90895,0.0,0.0,-1.0,GBPAUD.p,E18/TP6/Mbody2/Tsto4/Tste1/Recv
116764577,132089312,2026-02-23 03:45:00,BUY,IN,1.0,208.507,0.0,0.0,-1.0,GBPJPY.p,E18/TP6/Mbody2/Tsto4/Tste1/Recv
116775776,132105320,2026-02-23 04:00:00,SELL,IN,0.1,86.813,0.0,0.0,-0.1,XAGUSD.p,E18/TP6/Mbody2/Tsto4/Tste1/Recv
116793631,132130603,2026-02-23 04:36:41,SELL,OUT,1.0,208.583,49.28,0.0,-1.0,GBPJPY.p,[tp 208.583]
116793633,132130607,2026-02-23 04:36:41,BUY,IN,1.0,208.597,0.0,0.0,-1.0,GBPJPY.p,E18/TP6/Mbody2/Tsto4/Tste1/Recv
116856683,132216425,2026-02-23 06:37:22,SELL,OUT,1.0,208.673,49.23,0.0,-1.0,GBPJPY.p,[tp 208.673]
116893347,132257534,2026-02-23 08:37:28,BUY,OUT,0.1,86.69,61.5,0.0,-0.1,XAGUSD.p,[tp 86.690]
116901295,132266470,2026-02-23 08:49:13,SELL,OUT,1.0,109.288,41.46,0.0,-1.0,AUDJPY.p,[tp 109.288]
116920685,132287836,2026-02-23 09:15:00,BUY,IN,0.1,86.502,0.0,0.0,-0.1,XAGUSD.p,E18/TP6/Mbody2/Tsto4/Tste1/Recv
116933893,132302403,2026-02-23 09:30:00,SELL,IN,1.0,109.413,0.0,0.0,-1.0,AUDJPY.p,E18/TP6/Mbody2/Tsto4/Tste1/Recv
116936834,132305794,2026-02-23 09:34:16,BUY,OUT,1.0,109.349,41.41,0.0,-1.0,AUDJPY.p,[tp 109.349]
116944902,132315152,2026-02-23 09:45:00,SELL,IN,1.0,109.365,0.0,0.0,-1.0,AUDJPY.p,E18/TP6/Mbody2/Tsto4/Tste1/Recv
116944924,132315180,2026-02-23 09:45:00,SELL,IN,1.0,209.009,0.0,0.0,-1.0,GBPJPY.p,E18/TP6/Mbody2/Tsto4/Tste1/Recv
116949050,132320249,2026-02-23 09:57:17,BUY,OUT,1.0,208.933,49.2,0.0,-1.0,GBPJPY.p,[tp 208.933]
116949706,132321034,2026-02-23 10:00:00,SELL,IN,1.0,208.944,0.0,0.0,-1.0,GBPJPY.p,E18/TP6/Mbody2/Tsto4/Tste1/Recv
116958140,132330355,2026-02-23 10:13:44,BUY,OUT,1.0,1.9083,46.05,0.0,-1.0,GBPAUD.p,[tp 1.90830]
116967397,132340683,2026-02-23 10:30:00,BUY,IN,1.0,1.90884,0.0,0.0,-1.0,GBPAUD.p,E18/TP6/Mbody2/Tsto4/Tste1/Recv
116991674,132367928,2026-02-23 11:15:00,SELL,OUT,0.1,86.599,48.5,0.0,-0.1,XAGUSD.p,[tp 86.599]
116993858,132370360,2026-02-23 11:21:38,SELL,OUT,0.5,66.216,40.0,0.0,-0.5,USOUSD.p,[tp 66.216]
117002557,132380111,2026-02-23 11:45:00,SELL,IN,0.1,86.629,0.0,0.0,-0.1,XAGUSD.p,E18/TP6/Mbody2/Tsto4/Tste1/Recv
117006778,132384743,2026-02-23 12:00:00,SELL,IN,0.5,66.351,0.0,0.0,-0.5,USOUSD.p,E18/TP6/Mbody2/Tsto4/Tste1/Recv
117007602,132385640,2026-02-23 12:01:13,BUY,OUT,0.5,66.271,40.0,0.0,-0.5,USOUSD.p,[tp 66.271]
117013348,132392113,2026-02-23 12:15:00,SELL,IN,0.5,66.281,0.0,0.0,-0.5,USOUSD.p,E18/TP6/Mbody2/Tsto4/Tste1/Recv
117019997,132399290,2026-02-23 12:26:11,BUY,OUT,0.5,66.201,40.0,0.0,-0.5,USOUSD.p,[tp 66.201]
117022122,132401686,2026-02-23 12:30:04,SELL,IN,0.5,66.161,0.0,0.0,-0.5,USOUSD.p,E18/TP6/Mbody2/Tsto4/Tste1/Recv
117039623,132421048,2026-02-23 13:05:04,BUY,OUT,1.0,109.556,-123.41,0.0,-1.0,AUDJPY.p,
117039629,132421056,2026-02-23 13:05:05,BUY,OUT,1.0,1.6132499999999999,-114.81,-1.73,-1.0,EURCAD.p,
117039633,132421060,2026-02-23 13:05:06,SELL,OUT,1.0,1.90812,-50.97,0.0,-1.0,GBPAUD.p,
117039636,132421063,2026-02-23 13:05:07,BUY,OUT,1.0,209.051,-69.14,0.0,-1.0,GBPJPY.p,
117039637,132421064,2026-02-23 13:05:08,BUY,OUT,0.5,66.226,-32.5,0.0,-0.5,USOUSD.p,
117039641,132421068,2026-02-23 13:05:09,BUY,OUT,0.1,86.997,-184.0,0.0,-0.1,XAGUSD.p,
117039806,0,2026-02-23 13:05:49,2,IN,0.0,0.0,68.66,0.0,0.0,,reset balance to 9999
117052956,132435812,2026-02-23 13:30:00,SELL,IN,1.0,208.965,0.0,0.0,-1.0,GBPJPY.p,E20/TP6/Tsto5
117052975,132435832,2026-02-23 13:30:00,SELL,IN,1.0,109.522,0.0,0.0,-1.0,AUDJPY.p,E20/TP6/Tsto5
117059043,132442896,2026-02-23 13:45:00,BUY,IN,1.0,1.90841,0.0,0.0,-1.0,GBPAUD.p,E20/TP6/Tsto5
117059051,132442906,2026-02-23 13:45:00,BUY,IN,0.1,86.585,0.0,0.0,-0.1,XAGUSD.p,E20/TP6/Tsto5
117066218,132451842,2026-02-23 14:00:00,BUY,IN,1.0,1.61297,0.0,0.0,-1.0,EURCAD.p,E20/TP6/Tsto5
117067342,132453087,2026-02-23 14:01:01,SELL,OUT,0.1,86.691,53.0,0.0,-0.1,XAGUSD.p,[tp 86.691]
117073398,132459894,2026-02-23 14:11:51,BUY,OUT,1.0,109.458,41.3,0.0,-1.0,AUDJPY.p,[tp 109.458]
117073404,132459901,2026-02-23 14:11:51,SELL,IN,1.0,109.454,0.0,0.0,-1.0,AUDJPY.p,E20/TP6/Tsto5
117073897,132460493,2026-02-23 14:12:58,SELL,OUT,1.0,1.90906,45.92,0.0,-1.0,GBPAUD.p,[tp 1.90906]
117075110,132461840,2026-02-23 14:17:14,BUY,OUT,1.0,109.388,42.61,0.0,-1.0,AUDJPY.p,[tp 109.388]
117075551,132462361,2026-02-23 14:17:48,BUY,OUT,1.0,208.889,49.07,0.0,-1.0,GBPJPY.p,[tp 208.889]
117092349,132481845,2026-02-23 14:45:00,BUY,IN,1.0,109.431,0.0,0.0,-1.0,AUDJPY.p,E20/TP6/Tsto5
117108310,132500468,2026-02-23 15:15:00,SELL,IN,0.5,66.786,0.0,0.0,-0.5,USOUSD.p,E20/TP6/Tsto5
117108337,132500500,2026-02-23 15:15:00,SELL,IN,0.1,86.912,0.0,0.0,-0.1,XAGUSD.p,E20/TP6/Tsto5
117109102,132501324,2026-02-23 15:15:51,SELL,OUT,1.0,1.61361,46.74,0.0,-1.0,EURCAD.p,[tp 1.61361]
117109105,132501328,2026-02-23 15:15:52,BUY,IN,1.0,1.61362,0.0,0.0,-1.0,EURCAD.p,E20/TP6/Tsto5
117111107,132503586,2026-02-23 15:20:05,SELL,OUT,1.0,1.61426,46.75,0.0,-1.0,EURCAD.p,[tp 1.61426]
117111632,132504151,2026-02-23 15:21:08,BUY,OUT,0.1,86.816,48.0,0.0,-0.1,XAGUSD.p,[tp 86.816]
117119185,132513196,2026-02-23 15:30:01,SELL,IN,0.1,86.482,0.0,0.0,-0.1,XAGUSD.p,E20/TP6/Tsto5
117121032,132515143,2026-02-23 15:31:26,BUY,OUT,0.1,86.37,56.0,0.0,-0.1,XAGUSD.p,[tp 86.370]
117122096,132516336,2026-02-23 15:33:01,BUY,OUT,0.5,66.706,40.0,0.0,-0.5,USOUSD.p,[tp 66.706]
117136056,132531484,2026-02-23 16:00:00,BUY,IN,1.0,208.843,0.0,0.0,-1.0,GBPJPY.p,E20/TP6/Tsto5
117136081,132531515,2026-02-23 16:00:00,SELL,IN,1.0,1.6133899999999999,0.0,0.0,-1.0,EURCAD.p,E20/TP6/Tsto5
117147496,132543968,2026-02-23 16:15:00,BUY,IN,0.1,86.433,0.0,0.0,-0.1,XAGUSD.p,E20/TP6/Tsto5
117147759,132544253,2026-02-23 16:15:04,SELL,IN,0.5,66.921,0.0,0.0,-0.5,USOUSD.p,E20/TP6/Tsto5
117151244,132548017,2026-02-23 16:20:41,SELL,OUT,0.1,86.527,47.0,0.0,-0.1,XAGUSD.p,[tp 86.527]
117153247,132550220,2026-02-23 16:24:04,SELL,OUT,1.0,208.919,49.12,0.0,-1.0,GBPJPY.p,[tp 208.919]
117153296,132550282,2026-02-23 16:24:05,BUY,IN,1.0,208.937,0.0,0.0,-1.0,GBPJPY.p,E20/TP6/Tsto5
117159093,132556502,2026-02-23 16:30:21,SELL,OUT,1.0,209.013,49.11,0.0,-1.0,GBPJPY.p,[tp 209.013]
117159626,132557103,2026-02-23 16:30:31,SELL,OUT,1.0,109.494,40.71,0.0,-1.0,AUDJPY.p,[tp 109.494]
117163932,132562454,2026-02-23 16:33:19,BUY,OUT,1.0,1.61276,46.08,0.0,-1.0,EURCAD.p,[tp 1.61276]
117195657,132600073,2026-02-23 17:00:00,BUY,IN,1.0,1.6144500000000002,0.0,0.0,-1.0,EURCAD.p,E20/TP6/Tsto5
117195679,132600098,2026-02-23 17:00:00,SELL,IN,0.1,87.247,0.0,0.0,-0.1,XAGUSD.p,E20/TP6/Tsto5
117198331,132603335,2026-02-23 17:01:48,BUY,OUT,0.1,87.15,48.5,0.0,-0.1,XAGUSD.p,[tp 87.150]
117227167,132638532,2026-02-23 17:30:00,BUY,IN,1.0,208.748,0.0,0.0,-1.0,GBPJPY.p,E20/TP6/Tsto5
117227201,132638570,2026-02-23 17:30:00,SELL,IN,0.1,87.36,0.0,0.0,-0.1,XAGUSD.p,E20/TP6/Tsto5
117229239,132641090,2026-02-23 17:33:16,SELL,OUT,1.0,208.824,49.21,0.0,-1.0,GBPJPY.p,[tp 208.824]
117229839,132641859,2026-02-23 17:34:24,BUY,OUT,0.1,87.259,50.5,0.0,-0.1,XAGUSD.p,[tp 87.259]
117238680,132652432,2026-02-23 17:45:00,SELL,IN,0.1,87.238,0.0,0.0,-0.1,XAGUSD.p,E20/TP6/Tsto5
117244207,132659693,2026-02-23 17:52:23,BUY,OUT,0.1,87.138,50.0,0.0,-0.1,XAGUSD.p,[tp 87.138]
117252241,132670025,2026-02-23 18:00:00,SELL,IN,0.1,86.674,0.0,0.0,-0.1,XAGUSD.p,E20/TP6/Tsto5
117253882,132671910,2026-02-23 18:01:05,BUY,OUT,0.5,66.841,40.0,0.0,-0.5,USOUSD.p,[tp 66.841]
117253893,132671920,2026-02-23 18:01:05,SELL,IN,0.5,66.821,0.0,0.0,-0.5,USOUSD.p,E20/TP6/Tsto5
117254154,132672240,2026-02-23 18:01:28,BUY,OUT,0.5,66.741,40.0,0.0,-0.5,USOUSD.p,[tp 66.741]
117254337,132672448,2026-02-23 18:01:39,BUY,OUT,0.1,86.564,55.0,0.0,-0.1,XAGUSD.p,[tp 86.564]
117284514,132707862,2026-02-23 18:30:00,BUY,IN,1.0,208.439,0.0,0.0,-1.0,GBPJPY.p,E20/TP6/Tsto5
117284519,132707869,2026-02-23 18:30:00,SELL,IN,1.0,1.9110800000000001,0.0,0.0,-1.0,GBPAUD.p,E20/TP6/Tsto5
117284565,132707920,2026-02-23 18:30:00,BUY,IN,1.0,109.066,0.0,0.0,-1.0,AUDJPY.p,E20/TP6/Tsto5
117296222,132722010,2026-02-23 18:45:00,SELL,IN,0.1,87.226,0.0,0.0,-0.1,XAGUSD.p,E20/TP6/Tsto5
117296244,132722034,2026-02-23 18:45:00,SELL,IN,0.5,66.641,0.0,0.0,-0.5,USOUSD.p,E20/TP6/Tsto5
117298488,132724810,2026-02-23 18:48:19,BUY,OUT,0.5,66.561,40.0,0.0,-0.5,USOUSD.p,[tp 66.561]
117298836,132725254,2026-02-23 18:48:53,SELL,OUT,1.0,1.61509,46.76,0.0,-1.0,EURCAD.p,[tp 1.61509]
117300435,132727276,2026-02-23 18:51:10,BUY,OUT,0.1,87.126,50.0,0.0,-0.1,XAGUSD.p,[tp 87.126]
117301542,132728641,2026-02-23 18:52:15,SELL,OUT,1.0,208.516,49.9,0.0,-1.0,GBPJPY.p,[tp 208.516]
117301550,132728653,2026-02-23 18:52:15,BUY,IN,1.0,208.532,0.0,0.0,-1.0,GBPJPY.p,E20/TP6/Tsto5
117308178,132736544,2026-02-23 19:00:00,SELL,IN,0.1,86.757,0.0,0.0,-0.1,XAGUSD.p,E20/TP6/Tsto5
117309632,132738476,2026-02-23 19:02:55,BUY,OUT,0.1,86.643,57.0,0.0,-0.1,XAGUSD.p,[tp 86.643]
117321142,132752149,2026-02-23 19:15:00,SELL,IN,1.0,1.6151499999999999,0.0,0.0,-1.0,EURCAD.p,E20/TP6/Tsto5
117331285,132765111,2026-02-23 19:30:07,BUY,IN,0.5,66.441,0.0,0.0,-0.5,USOUSD.p,E20/TP6/Tsto5
117332803,132766985,2026-02-23 19:33:48,BUY,OUT,1.0,1.61452,46.02,0.0,-1.0,EURCAD.p,[tp 1.61452]
117332812,132766996,2026-02-23 19:33:50,SELL,IN,1.0,1.6145100000000001,0.0,0.0,-1.0,EURCAD.p,E20/TP6/Tsto5
117366100,132810285,2026-02-23 20:18:32,SELL,OUT,1.0,109.13,41.42,0.0,-1.0,AUDJPY.p,[tp 109.130]
117366107,132810296,2026-02-23 20:18:32,BUY,IN,1.0,109.133,0.0,0.0,-1.0,AUDJPY.p,E20/TP6/Tsto5
117368294,132813630,2026-02-23 20:22:29,SELL,OUT,1.0,208.608,49.18,0.0,-1.0,GBPJPY.p,[tp 208.608]
117368298,132813637,2026-02-23 20:22:30,BUY,IN,1.0,208.626,0.0,0.0,-1.0,GBPJPY.p,E20/TP6/Tsto5
117373036,132820267,2026-02-23 20:28:25,SELL,OUT,1.0,109.197,41.39,0.0,-1.0,AUDJPY.p,[tp 109.197]
117373254,132820534,2026-02-23 20:28:33,SELL,OUT,1.0,208.702,49.15,0.0,-1.0,GBPJPY.p,[tp 208.702]
117377148,132826225,2026-02-23 20:36:55,BUY,OUT,1.0,1.91042,46.64,0.0,-1.0,GBPAUD.p,[tp 1.91042]
117381554,132831977,2026-02-23 20:45:00,SELL,IN,1.0,109.106,0.0,0.0,-1.0,AUDJPY.p,E20/TP6/Tsto5
117381556,132831979,2026-02-23 20:45:00,SELL,IN,1.0,208.574,0.0,0.0,-1.0,GBPJPY.p,E20/TP6/Tsto5
117400614,132857511,2026-02-23 21:30:00,SELL,IN,0.1,87.572,0.0,0.0,-0.1,XAGUSD.p,E20/TP6/Tsto5
117423494,132885256,2026-02-23 22:05:28,SELL,OUT,0.5,66.521,40.0,0.0,-0.5,USOUSD.p,[tp 66.521]
117423624,132885418,2026-02-23 22:05:48,BUY,IN,0.5,66.536,0.0,0.0,-0.5,USOUSD.p,E20/TP6/Tsto5
117455832,132920398,2026-02-23 22:57:35,SELL,OUT,0.5,66.616,40.0,0.0,-0.5,USOUSD.p,[tp 66.616]
117566187,133045272,2026-02-24 02:55:24,BUY,OUT,0.1,87.452,60.0,2.03,-0.1,XAGUSD.p,[tp 87.452]
117661137,133156010,2026-02-24 03:45:00,BUY,IN,0.1,86.645,0.0,0.0,-0.1,XAGUSD.p,E20/TP6/Tsto5
117661178,133156061,2026-02-24 03:45:03,BUY,IN,0.5,66.6,0.0,0.0,-0.5,USOUSD.p,E20/TP6/Tsto5
117678210,133176451,2026-02-24 04:02:21,SELL,OUT,0.1,86.765,60.0,0.0,-0.1,XAGUSD.p,[tp 86.765]
117686187,133185843,2026-02-24 04:11:46,SELL,OUT,0.5,66.679,39.5,0.0,-0.5,USOUSD.p,[tp 66.679]
117687862,133187900,2026-02-24 04:15:00,BUY,IN,0.1,86.965,0.0,0.0,-0.1,XAGUSD.p,E20/TP6/Tsto5
117695343,133196692,2026-02-24 04:30:00,SELL,IN,0.5,66.7,0.0,0.0,-0.5,USOUSD.p,E20/TP6/Tsto5
117703166,133206081,2026-02-24 04:42:01,SELL,OUT,0.1,87.098,66.5,0.0,-0.1,XAGUSD.p,[tp 87.098]
117704818,133208105,2026-02-24 04:45:00,BUY,IN,0.1,87.064,0.0,0.0,-0.1,XAGUSD.p,E20/TP6/Tsto5
117705440,133208891,2026-02-24 04:46:50,SELL,OUT,0.1,87.167,51.5,0.0,-0.1,XAGUSD.p,[tp 87.167]
117716053,133221810,2026-02-24 05:15:00,BUY,IN,1.0,1.90944,0.0,0.0,-1.0,GBPAUD.p,E20/TP6/Tsto5
117722145,133228867,2026-02-24 05:30:32,SELL,OUT,1.0,1.9100899999999998,45.91,0.0,-1.0,GBPAUD.p,[tp 1.91009]
117722153,133228874,2026-02-24 05:30:32,BUY,IN,1.0,1.91015,0.0,0.0,-1.0,GBPAUD.p,E20/TP6/Tsto5
117732207,133240707,2026-02-24 05:54:20,BUY,OUT,1.0,1.61388,45.97,-1.63,-1.0,EURCAD.p,[tp 1.61388]
117751879,133263187,2026-02-24 06:30:00,BUY,IN,0.1,87.003,0.0,0.0,-0.1,XAGUSD.p,E20/TP6/Tsto5
117767772,133281608,2026-02-24 07:12:54,SELL,OUT,0.1,87.107,52.0,0.0,-0.1,XAGUSD.p,[tp 87.107]
117767778,133281615,2026-02-24 07:12:54,BUY,IN,0.1,87.231,0.0,0.0,-0.1,XAGUSD.p,E20/TP6/Tsto5
117769394,133283578,2026-02-24 07:16:15,SELL,OUT,0.1,87.364,66.5,0.0,-0.1,XAGUSD.p,[tp 87.364]
117769396,133283581,2026-02-24 07:16:15,BUY,IN,0.1,87.425,0.0,0.0,-0.1,XAGUSD.p,E20/TP6/Tsto5
117782157,133298490,2026-02-24 07:39:41,SELL,OUT,0.1,87.539,57.0,0.0,-0.1,XAGUSD.p,[tp 87.539]
117806900,133327525,2026-02-24 08:30:00,SELL,IN,0.1,87.865,0.0,0.0,-0.1,XAGUSD.p,E20/TP6/Tsto5
117838777,133364416,2026-02-24 09:15:00,SELL,IN,1.0,209.886,0.0,0.0,-1.0,GBPJPY.p,E20/TP6/Tsto5
117838790,133364430,2026-02-24 09:15:00,SELL,IN,1.0,109.996,0.0,0.0,-1.0,AUDJPY.p,E20/TP6/Tsto5
117860114,133389782,2026-02-24 09:47:08,BUY,OUT,0.5,66.62,40.0,0.0,-0.5,USOUSD.p,[tp 66.620]
117867771,133398901,2026-02-24 10:04:43,BUY,OUT,0.1,87.741,62.0,0.0,-0.1,XAGUSD.p,[tp 87.741]
117867784,133398918,2026-02-24 10:04:45,SELL,IN,0.1,87.658,0.0,0.0,-0.1,XAGUSD.p,E20/TP6/Tsto5
117891824,133426857,2026-02-24 10:45:03,BUY,IN,0.5,66.555,0.0,0.0,-0.5,USOUSD.p,E20/TP6/Tsto5
117896711,133432440,2026-02-24 10:54:22,SELL,OUT,0.5,66.634,39.5,0.0,-0.5,USOUSD.p,[tp 66.634]
117899368,133435440,2026-02-24 11:00:00,BUY,IN,0.5,66.669,0.0,0.0,-0.5,USOUSD.p,E20/TP6/Tsto5
117917920,133456462,2026-02-24 11:35:55,SELL,OUT,1.0,1.9108100000000001,46.64,0.0,-1.0,GBPAUD.p,[tp 1.91081]
117985461,133533597,2026-02-24 14:17:57,BUY,OUT,0.1,87.491,83.5,0.0,-0.1,XAGUSD.p,[tp 87.491]
118007614,133557900,2026-02-24 14:39:11,SELL,OUT,0.5,66.75,40.5,0.0,-0.5,USOUSD.p,[tp 66.750]
118007618,133557903,2026-02-24 14:39:11,BUY,IN,0.5,66.769,0.0,0.0,-0.5,USOUSD.p,E20/TP6/Tsto5
118012078,133562984,2026-02-24 14:45:00,BUY,IN,0.1,87.794,0.0,0.0,-0.1,XAGUSD.p,E20/TP6/Tsto5
118023040,133575393,2026-02-24 15:00:07,SELL,OUT,0.1,87.888,47.0,0.0,-0.1,XAGUSD.p,[tp 87.888]
118024291,133576750,2026-02-24 15:00:33,SELL,OUT,0.5,66.849,40.0,0.0,-0.5,USOUSD.p,[tp 66.849]
118035434,133589297,2026-02-24 15:15:00,SELL,IN,1.0,1.91501,0.0,0.0,-1.0,GBPAUD.p,E20/TP6/Tsto5
118045147,133600095,2026-02-24 15:30:00,SELL,IN,0.1,87.978,0.0,0.0,-0.1,XAGUSD.p,E20/TP6/Tsto5
118046645,133601660,2026-02-24 15:30:53,BUY,OUT,0.1,87.846,66.0,0.0,-0.1,XAGUSD.p,[tp 87.846]
118065669,133622632,2026-02-24 15:45:00,SELL,IN,0.5,67.004,0.0,0.0,-0.5,USOUSD.p,E20/TP6/Tsto5
118096935,133657345,2026-02-24 16:01:30,BUY,OUT,0.5,66.925,39.5,0.0,-0.5,USOUSD.p,[tp 66.925]
118117018,133680543,2026-02-24 16:15:00,SELL,IN,0.5,66.865,0.0,0.0,-0.5,USOUSD.p,E20/TP6/Tsto5
118119116,133682993,2026-02-24 16:16:20,BUY,OUT,0.5,66.784,40.5,0.0,-0.5,USOUSD.p,[tp 66.784]
118123892,133689155,2026-02-24 16:20:30,SELL,IN,1.0,1.91853,0.0,0.0,-1.0,GBPAUD.p,E20/TP6/Tsto5
118131736,133700868,2026-02-24 16:30:00,BUY,IN,0.1,86.351,0.0,0.0,-0.1,XAGUSD.p,E20/TP6/Tsto5
118131801,133700933,2026-02-24 16:30:00,SELL,IN,0.5,66.784,0.0,0.0,-0.5,USOUSD.p,E20/TP6/Tsto5
118133149,133702512,2026-02-24 16:30:31,SELL,OUT,0.1,86.49,69.5,0.0,-0.1,XAGUSD.p,[tp 86.490]
118135577,133705326,2026-02-24 16:31:36,BUY,OUT,0.5,66.705,39.5,0.0,-0.5,USOUSD.p,[tp 66.705]
118153988,133727046,2026-02-24 16:41:34,BUY,OUT,1.0,1.91611,-77.43,0.0,-1.0,GBPAUD.p,[tp 1.91611]
118153989,133727047,2026-02-24 16:41:34,BUY,OUT,1.0,1.91611,170.35,0.0,-1.0,GBPAUD.p,[tp 1.91611]
118158429,133732530,2026-02-24 16:45:00,BUY,IN,0.1,87.185,0.0,0.0,-0.1,XAGUSD.p,E20/TP6/Tsto5
118158432,133732533,2026-02-24 16:45:00,SELL,IN,1.0,1.91476,0.0,0.0,-1.0,GBPAUD.p,E20/TP6/Tsto5
118167757,133745469,2026-02-24 16:52:55,SELL,OUT,0.1,87.28,47.5,0.0,-0.1,XAGUSD.p,[tp 87.280]
118175951,133755831,2026-02-24 17:00:00,BUY,IN,0.5,66.649,0.0,0.0,-0.5,USOUSD.p,E20/TP6/Tsto5
118180266,133760749,2026-02-24 17:02:16,SELL,OUT,0.5,66.729,40.0,0.0,-0.5,USOUSD.p,[tp 66.729]
118219331,133820934,2026-02-24 17:45:00,BUY,IN,0.5,66.139,0.0,0.0,-0.5,USOUSD.p,E20/TP6/Tsto5
118229719,133833379,2026-02-24 18:00:00,SELL,IN,0.1,87.8,0.0,0.0,-0.1,XAGUSD.p,E20/TP6/Tsto5
118244222,133849836,2026-02-24 18:15:58,SELL,OUT,0.5,66.22,40.5,0.0,-0.5,USOUSD.p,[tp 66.220]
118244226,133849844,2026-02-24 18:15:58,BUY,IN,0.5,66.239,0.0,0.0,-0.5,USOUSD.p,E20/TP6/Tsto5
118246146,133852017,2026-02-24 18:18:29,SELL,OUT,0.5,66.319,40.0,0.0,-0.5,USOUSD.p,[tp 66.319]
118253815,133860768,2026-02-24 18:30:18,BUY,OUT,0.1,87.697,51.5,0.0,-0.1,XAGUSD.p,[tp 87.697]
118253830,133860784,2026-02-24 18:30:18,SELL,IN,0.1,87.632,0.0,0.0,-0.1,XAGUSD.p,E20/TP6/Tsto5
118256664,133864144,2026-02-24 18:33:56,BUY,OUT,0.1,87.493,69.5,0.0,-0.1,XAGUSD.p,[tp 87.493]
118264870,133873851,2026-02-24 18:45:02,BUY,IN,0.5,66.195,0.0,0.0,-0.5,USOUSD.p,E20/TP6/Tsto5
118277479,133888994,2026-02-24 19:02:52,BUY,OUT,1.0,1.9141,46.65,0.0,-1.0,GBPAUD.p,[tp 1.91410]
118284648,133897568,2026-02-24 19:16:02,SELL,OUT,0.5,66.274,39.5,0.0,-0.5,USOUSD.p,[tp 66.274]
118284658,133897578,2026-02-24 19:16:02,BUY,IN,0.5,66.289,0.0,0.0,-0.5,USOUSD.p,E20/TP6/Tsto5
118287931,133901388,2026-02-24 19:20:42,SELL,OUT,0.5,66.37,40.5,0.0,-0.5,USOUSD.p,[tp 66.370]
118293106,133907650,2026-02-24 19:30:00,BUY,IN,0.5,66.299,0.0,0.0,-0.5,USOUSD.p,E20/TP6/Tsto5
118297663,133913579,2026-02-24 19:45:00,BUY,IN,1.0,1.91372,0.0,0.0,-1.0,GBPAUD.p,E20/TP6/Tsto5
118319770,133940142,2026-02-24 20:30:00,SELL,IN,0.1,87.632,0.0,0.0,-0.1,XAGUSD.p,E20/TP6/Tsto5
118321384,133942150,2026-02-24 20:33:54,BUY,OUT,0.1,87.515,58.5,0.0,-0.1,XAGUSD.p,[tp 87.515]
118357892,133987948,2026-02-24 21:30:00,BUY,IN,0.1,87.081,0.0,0.0,-0.1,XAGUSD.p,E20/TP6/Tsto5
118361288,133993365,2026-02-24 21:39:00,SELL,OUT,0.1,87.175,47.0,0.0,-0.1,XAGUSD.p,[tp 87.175]
118363215,133995917,2026-02-24 21:45:00,BUY,IN,0.1,87.138,0.0,0.0,-0.1,XAGUSD.p,E20/TP6/Tsto5
118382797,134022482,2026-02-24 22:21:31,SELL,OUT,0.5,66.384,42.5,0.0,-0.5,USOUSD.p,[tp 66.384]
118384993,134025233,2026-02-24 22:23:57,SELL,OUT,0.1,87.232,47.0,0.0,-0.1,XAGUSD.p,[tp 87.232]
118389461,134030718,2026-02-24 22:30:00,BUY,IN,0.1,87.353,0.0,0.0,-0.1,XAGUSD.p,E20/TP6/Tsto5
118389525,134030815,2026-02-24 22:30:02,BUY,IN,0.5,66.454,0.0,0.0,-0.5,USOUSD.p,E20/TP6/Tsto5
118394049,134036205,2026-02-24 22:35:08,SELL,OUT,0.1,87.447,47.0,0.0,-0.1,XAGUSD.p,[tp 87.447]
118474884,134143032,2026-02-25 01:45:00,BUY,IN,0.1,87.357,0.0,0.0,-0.1,XAGUSD.p,E20/TP6/Tsto5
118513665,134186846,2026-02-25 03:00:00,SELL,OUT,0.1,87.487,65.0,0.0,-0.1,XAGUSD.p,[tp 87.487]
118569219,134249945,2026-02-25 03:45:00,SELL,IN,0.1,88.246,0.0,0.0,-0.1,XAGUSD.p,E20/TP6/Tsto5
118652518,134343463,2026-02-25 05:15:00,SELL,IN,2.0,110.516,0.0,0.0,-2.0,AUDJPY.p,E20/TP6/Tsto5
118669582,134362375,2026-02-25 05:33:42,SELL,OUT,0.5,66.533,39.5,-1.17,-0.5,USOUSD.p,[tp 66.533]
118679876,134373864,2026-02-25 05:45:00,BUY,IN,1.0,1.90339,0.0,0.0,-1.0,GBPAUD.p,E20/TP6/Tsto5
118679890,134373880,2026-02-25 05:45:00,SELL,IN,0.5,66.218,0.0,0.0,-0.5,USOUSD.p,E20/TP6/Tsto5
118683548,134377743,2026-02-25 05:48:47,BUY,OUT,0.5,66.139,39.5,0.0,-0.5,USOUSD.p,[tp 66.139]
118704309,134400898,2026-02-25 06:15:17,BUY,IN,0.5,66.173,0.0,0.0,-0.5,USOUSD.p,E20/TP6/Tsto5
118713334,134411487,2026-02-25 06:33:00,SELL,OUT,0.5,66.253,40.0,0.0,-0.5,USOUSD.p,[tp 66.253]
118713383,134411537,2026-02-25 06:33:03,BUY,IN,0.5,66.264,0.0,0.0,-0.5,USOUSD.p,E20/TP6/Tsto5
118768187,134472718,2026-02-25 07:45:00,SELL,IN,0.1,90.858,0.0,0.0,-0.1,XAGUSD.p,E20/TP6/Tsto5
118780288,134486595,2026-02-25 07:55:21,SELL,IN,0.2,91.215,0.0,0.0,-0.2,XAGUSD.p,E20/TP6/Tsto5
118794707,134502799,2026-02-25 08:07:49,BUY,OUT,0.1,90.246,-1000.0,0.0,-0.1,XAGUSD.p,[tp 90.246]
118794711,134502800,2026-02-25 08:07:49,BUY,OUT,0.1,90.246,306.0,0.0,-0.1,XAGUSD.p,[tp 90.246]
118794714,134502801,2026-02-25 08:07:49,BUY,OUT,0.2,90.247,968.0,0.0,-0.2,XAGUSD.p,[tp 90.247]
118794732,134502824,2026-02-25 08:07:50,SELL,IN,0.1,90.151,0.0,0.0,-0.1,XAGUSD.p,E20/TP6/Tsto5
118995699,134728740,2026-02-25 13:12:14,BUY,OUT,0.1,90.017,67.0,0.0,-0.1,XAGUSD.p,[tp 90.017]
119010108,134745499,2026-02-25 13:30:00,BUY,IN,0.1,90.158,0.0,0.0,-0.1,XAGUSD.p,E20/TP6/Tsto5
119015918,134751764,2026-02-25 13:41:01,SELL,OUT,0.1,90.255,48.5,0.0,-0.1,XAGUSD.p,[tp 90.255]
119017569,134753621,2026-02-25 13:45:00,BUY,IN,0.1,90.312,0.0,0.0,-0.1,XAGUSD.p,E20/TP6/Tsto5
119025522,134763103,2026-02-25 13:59:55,SELL,OUT,0.1,90.422,55.0,0.0,-0.1,XAGUSD.p,[tp 90.422]
119038372,134778588,2026-02-25 14:31:22,SELL,OUT,0.5,66.343,39.5,0.0,-0.5,USOUSD.p,[tp 66.343]
119049195,134790800,2026-02-25 14:45:02,SELL,IN,0.5,66.218,0.0,0.0,-0.5,USOUSD.p,E20/TP6/Tsto5
119086090,134838606,2026-02-25 15:41:38,BUY,OUT,0.5,66.138,40.0,0.0,-0.5,USOUSD.p,[tp 66.138]
119091545,134845024,2026-02-25 15:45:00,SELL,IN,0.5,66.133,0.0,0.0,-0.5,USOUSD.p,E20/TP6/Tsto5
119091553,134845038,2026-02-25 15:45:00,SELL,IN,0.1,90.46,0.0,0.0,-0.1,XAGUSD.p,E20/TP6/Tsto5
119098786,134853782,2026-02-25 15:52:30,BUY,OUT,0.5,66.053,40.0,0.0,-0.5,USOUSD.p,[tp 66.053]
119098955,134854074,2026-02-25 15:52:54,BUY,OUT,0.1,90.342,59.0,0.0,-0.1,XAGUSD.p,[tp 90.342]
119125286,134883677,2026-02-25 16:30:00,SELL,IN,0.1,90.334,0.0,0.0,-0.1,XAGUSD.p,E20/TP6/Tsto5
119127436,134886003,2026-02-25 16:31:02,BUY,OUT,0.1,90.209,62.5,0.0,-0.1,XAGUSD.p,[tp 90.209]
119156704,134917237,2026-02-25 16:45:00,BUY,IN,1.0,1.6148,0.0,0.0,-1.0,EURCAD.p,E20/TP6/Tsto5
119196963,134960378,2026-02-25 17:15:00,BUY,IN,0.5,65.663,0.0,0.0,-0.5,USOUSD.p,E20/TP6/Tsto5
119198859,134962489,2026-02-25 17:17:30,SELL,OUT,0.5,65.743,40.0,0.0,-0.5,USOUSD.p,[tp 65.743]
119233107,134999015,2026-02-25 17:45:00,BUY,IN,0.1,90.232,0.0,0.0,-0.1,XAGUSD.p,E20/TP6/Tsto5
119235567,135001523,2026-02-25 17:46:52,SELL,OUT,0.1,90.333,50.5,0.0,-0.1,XAGUSD.p,[tp 90.333]
119268020,135036094,2026-02-25 18:30:00,BUY,IN,0.5,65.653,0.0,0.0,-0.5,USOUSD.p,E20/TP6/Tsto5
119285250,135055387,2026-02-25 18:59:53,SELL,OUT,1.0,1.61543,46.03,0.0,-1.0,EURCAD.p,[tp 1.61543]
119298914,135071197,2026-02-25 19:30:00,SELL,IN,1.0,1.61578,0.0,0.0,-1.0,EURCAD.p,E20/TP6/Tsto5
119305249,135078066,2026-02-25 19:45:00,SELL,IN,0.1,90.723,0.0,0.0,-0.1,XAGUSD.p,E20/TP6/Tsto5
119316411,135090207,2026-02-25 20:07:37,SELL,OUT,0.5,65.733,40.0,0.0,-0.5,USOUSD.p,[tp 65.733]
119316450,135090250,2026-02-25 20:07:44,BUY,IN,0.5,65.743,0.0,0.0,-0.5,USOUSD.p,E20/TP6/Tsto5
119317823,135091856,2026-02-25 20:15:28,SELL,OUT,0.5,65.823,40.0,0.0,-0.5,USOUSD.p,[tp 65.823]
119319678,135094092,2026-02-25 20:24:53,BUY,OUT,1.0,1.61514,46.78,0.0,-1.0,EURCAD.p,[tp 1.61514]
119319722,135094131,2026-02-25 20:24:57,SELL,IN,1.0,1.61513,0.0,0.0,-1.0,EURCAD.p,E20/TP6/Tsto5
119323894,135098868,2026-02-25 20:45:00,SELL,IN,0.5,65.788,0.0,0.0,-0.5,USOUSD.p,E20/TP6/Tsto5
119326188,135101204,2026-02-25 20:49:17,BUY,OUT,0.5,65.709,39.5,0.0,-0.5,USOUSD.p,[tp 65.709]
119330275,135105491,2026-02-25 20:59:33,BUY,OUT,0.1,90.611,56.0,0.0,-0.1,XAGUSD.p,[tp 90.611]
119330369,135105609,2026-02-25 21:00:00,SELL,IN,0.1,90.598,0.0,0.0,-0.1,XAGUSD.p,E20/TP6/Tsto5
119354467,135131053,2026-02-25 21:30:01,BUY,IN,0.5,65.583,0.0,0.0,-0.5,USOUSD.p,E20/TP6/Tsto5
119357706,135134642,2026-02-25 21:35:36,SELL,OUT,0.5,65.663,40.0,0.0,-0.5,USOUSD.p,[tp 65.663]
119362920,135140565,2026-02-25 21:45:00,BUY,IN,0.5,65.763,0.0,0.0,-0.5,USOUSD.p,E20/TP6/Tsto5
119371857,135150640,2026-02-25 21:54:58,SELL,OUT,0.5,65.843,40.0,0.0,-0.5,USOUSD.p,[tp 65.843]
119383013,135163262,2026-02-25 22:15:04,SELL,IN,0.5,65.803,0.0,0.0,-0.5,USOUSD.p,E20/TP6/Tsto5
119389525,135170543,2026-02-25 22:22:59,BUY,OUT,0.5,65.723,40.0,0.0,-0.5,USOUSD.p,[tp 65.723]
119392050,135173362,2026-02-25 22:26:43,BUY,OUT,0.1,90.484,57.0,0.0,-0.1,XAGUSD.p,[tp 90.484]
119392051,135173364,2026-02-25 22:26:44,SELL,IN,0.1,90.419,0.0,0.0,-0.1,XAGUSD.p,E20/TP6/Tsto5
119392337,135173682,2026-02-25 22:27:36,BUY,OUT,0.1,90.299,60.0,0.0,-0.1,XAGUSD.p,[tp 90.299]
119393865,135175387,2026-02-25 22:30:01,SELL,IN,0.5,65.698,0.0,0.0,-0.5,USOUSD.p,E20/TP6/Tsto5
119403158,135185762,2026-02-25 22:42:28,BUY,OUT,0.5,65.619,39.5,0.0,-0.5,USOUSD.p,[tp 65.619]
119469754,135258935,2026-02-26 01:15:00,BUY,IN,0.1,89.072,0.0,0.0,-0.1,XAGUSD.p,E20/TP6/Tsto5
119475393,135265049,2026-02-26 01:20:08,SELL,OUT,0.1,89.191,59.5,0.0,-0.1,XAGUSD.p,[tp 89.191]
119480909,135271092,2026-02-26 01:30:00,BUY,IN,0.1,89.194,0.0,0.0,-0.1,XAGUSD.p,E20/TP6/Tsto5
119507188,135299857,2026-02-26 02:00:00,BUY,IN,0.1,87.612,0.0,0.0,-0.1,XAGUSD.p,E20/TP6/Tsto5
119510575,135303533,2026-02-26 02:01:47,BUY,IN,0.2,87.977,0.0,0.0,-0.2,XAGUSD.p,E20/TP6/Tsto5
119517589,135311110,2026-02-26 02:07:13,SELL,OUT,0.2,88.286,309.0,0.0,-0.2,XAGUSD.p,[tp 88.286]
119524959,135319269,2026-02-26 02:17:14,SELL,OUT,0.1,88.314,-440.0,0.0,-0.1,XAGUSD.p,[tp 88.314]
119524960,135319270,2026-02-26 02:17:14,SELL,OUT,0.1,88.314,351.0,0.0,-0.1,XAGUSD.p,[tp 88.314]
119524961,135319271,2026-02-26 02:17:14,BUY,IN,0.1,88.372,0.0,0.0,-0.1,XAGUSD.p,E20/TP6/Tsto5
119525665,135320073,2026-02-26 02:18:37,SELL,OUT,0.1,88.498,63.0,0.0,-0.1,XAGUSD.p,[tp 88.498]
119533488,135328694,2026-02-26 02:30:00,BUY,IN,0.1,88.956,0.0,0.0,-0.1,XAGUSD.p,E20/TP6/Tsto5
119537094,135332672,2026-02-26 02:33:33,SELL,OUT,0.1,89.064,54.0,0.0,-0.1,XAGUSD.p,[tp 89.064]
119543187,135339556,2026-02-26 02:45:00,BUY,IN,0.1,89.095,0.0,0.0,-0.1,XAGUSD.p,E20/TP6/Tsto5
119547782,135344759,2026-02-26 02:55:02,SELL,OUT,0.1,89.198,51.5,0.0,-0.1,XAGUSD.p,[tp 89.198]
119566745,135366513,2026-02-26 03:15:01,SELL,IN,0.5,65.662,0.0,0.0,-0.5,USOUSD.p,E20/TP6/Tsto5
119577137,135378266,2026-02-26 03:30:00,SELL,IN,0.1,89.708,0.0,0.0,-0.1,XAGUSD.p,E20/TP6/Tsto5
119591774,135394859,2026-02-26 03:50:03,BUY,OUT,0.1,89.61,49.0,0.0,-0.1,XAGUSD.p,[tp 89.610]
119597793,135401960,2026-02-26 04:00:00,SELL,IN,0.1,89.584,0.0,0.0,-0.1,XAGUSD.p,E20/TP6/Tsto5
119600188,135404635,2026-02-26 04:03:08,BUY,OUT,0.1,89.47,57.0,0.0,-0.1,XAGUSD.p,[tp 89.470]
119614023,135420614,2026-02-26 04:30:03,BUY,OUT,0.5,65.582,40.0,0.0,-0.5,USOUSD.p,[tp 65.582]
119630406,135439881,2026-02-26 05:00:00,BUY,IN,0.1,88.863,0.0,0.0,-0.1,XAGUSD.p,E20/TP6/Tsto5
119630435,135439924,2026-02-26 05:00:00,BUY,IN,0.5,65.597,0.0,0.0,-0.5,USOUSD.p,E20/TP6/Tsto5
119631836,135441447,2026-02-26 05:01:34,SELL,OUT,0.1,88.969,53.0,0.0,-0.1,XAGUSD.p,[tp 88.969]
119640379,135451007,2026-02-26 05:15:00,BUY,IN,0.1,89.108,0.0,0.0,-0.1,XAGUSD.p,E20/TP6/Tsto5
119645167,135456632,2026-02-26 05:23:36,SELL,OUT,0.5,65.677,40.0,0.0,-0.5,USOUSD.p,[tp 65.677]
119646782,135458780,2026-02-26 05:30:00,BUY,IN,0.5,65.668,0.0,0.0,-0.5,USOUSD.p,E20/TP6/Tsto5
119648641,135461146,2026-02-26 05:38:42,SELL,OUT,0.1,89.205,48.5,0.0,-0.1,XAGUSD.p,[tp 89.205]
119682584,135502578,2026-02-26 07:30:00,SELL,IN,0.1,89.78,0.0,0.0,-0.1,XAGUSD.p,E20/TP6/Tsto5
119682870,135502884,2026-02-26 07:30:03,SELL,OUT,0.5,65.747,39.5,0.0,-0.5,USOUSD.p,[tp 65.747]
119683815,135503943,2026-02-26 07:33:03,BUY,OUT,0.1,89.658,61.0,0.0,-0.1,XAGUSD.p,[tp 89.658]
119689486,135510252,2026-02-26 07:45:00,SELL,IN,0.1,89.589,0.0,0.0,-0.1,XAGUSD.p,E20/TP6/Tsto5
119691262,135512151,2026-02-26 07:46:25,BUY,OUT,0.1,89.455,67.0,0.0,-0.1,XAGUSD.p,[tp 89.455]
119714370,135538268,2026-02-26 08:46:42,BUY,OUT,1.0,1.6145,46.12,-4.89,-1.0,EURCAD.p,[tp 1.61450]
119742671,135573261,2026-02-26 09:45:00,BUY,IN,0.1,88.432,0.0,0.0,-0.1,XAGUSD.p,E20/TP6/Tsto5
119751733,135584308,2026-02-26 10:00:01,SELL,OUT,0.1,88.531,49.5,0.0,-0.1,XAGUSD.p,[tp 88.531]
119751739,135584316,2026-02-26 10:00:01,BUY,IN,0.1,88.582,0.0,0.0,-0.1,XAGUSD.p,E20/TP6/Tsto5
119773985,135611948,2026-02-26 10:30:00,BUY,IN,0.1,86.996,0.0,0.0,-0.1,XAGUSD.p,E20/TP6/Tsto5
119778968,135617750,2026-02-26 10:34:00,BUY,IN,0.2,86.502,0.0,0.0,-0.2,XAGUSD.p,E20/TP6/Tsto5
119794187,135635742,2026-02-26 10:50:27,SELL,OUT,0.1,87.246,-668.0,0.0,-0.1,XAGUSD.p,[tp 87.246]
119794188,135635743,2026-02-26 10:50:27,SELL,OUT,0.1,87.246,125.0,0.0,-0.1,XAGUSD.p,[tp 87.246]
119794189,135635744,2026-02-26 10:50:27,SELL,OUT,0.2,87.246,744.0,0.0,-0.2,XAGUSD.p,[tp 87.246]
119794203,135635761,2026-02-26 10:50:28,BUY,IN,0.1,87.29,0.0,0.0,-0.1,XAGUSD.p,E20/TP6/Tsto5
119795692,135637627,2026-02-26 10:52:31,SELL,OUT,0.1,87.385,47.5,0.0,-0.1,XAGUSD.p,[tp 87.385]
119800016,135643224,2026-02-26 11:00:00,BUY,IN,0.1,87.471,0.0,0.0,-0.1,XAGUSD.p,E20/TP6/Tsto5
119807719,135652545,2026-02-26 11:13:31,SELL,OUT,0.1,87.568,48.5,0.0,-0.1,XAGUSD.p,[tp 87.568]
119807854,135652751,2026-02-26 11:14:03,BUY,OUT,1.0,111.001,-1215.16,-35.44,-1.0,AUDJPY.p,
119807855,135652752,2026-02-26 11:14:04,BUY,OUT,1.0,111.001,-644.45,-28.29,-1.0,AUDJPY.p,
119807857,135652754,2026-02-26 11:14:04,BUY,OUT,2.0,111.001,-622.01,-42.39,-2.0,AUDJPY.p,
119807879,135652796,2026-02-26 11:14:11,SELL,OUT,1.0,1.90038,-214.25,-14.83,-1.0,GBPAUD.p,
119807883,135652801,2026-02-26 11:14:12,SELL,OUT,1.0,1.90034,-952.39,-19.73,-1.0,GBPAUD.p,
119807902,135652826,2026-02-26 11:14:16,BUY,OUT,1.0,210.958,-1528.62,-70.67,-1.0,GBPJPY.p,
119807904,135652832,2026-02-26 11:14:18,BUY,OUT,1.0,210.959,-688.0,-56.42,-1.0,GBPJPY.p,
119808253,0,2026-02-26 11:14:55,2,IN,0.0,0.0,-121.99,0.0,0.0,,reset balance to 9999
119830195,135680140,2026-02-26 12:00:00,BUY,IN,0.2,87.576,0.0,0.0,-0.2,XAGUSD.p,XU/P50/E25/TP6/Tsto5
119832186,135682656,2026-02-26 12:05:03,SELL,OUT,0.2,87.666,90.0,0.0,-0.2,XAGUSD.p,[tp 87.666]
119879172,135741261,2026-02-26 13:15:00,BUY,IN,0.2,87.488,0.0,0.0,-0.2,XAGUSD.p,XU/P50/E25/TP6/Tsto5
119883332,135746291,2026-02-26 13:22:23,SELL,OUT,0.2,87.599,111.0,0.0,-0.2,XAGUSD.p,[tp 87.599]
119886701,135750859,2026-02-26 13:30:00,BUY,IN,0.2,87.579,0.0,0.0,-0.2,XAGUSD.p,XU/P50/E25/TP6/Tsto5
119901222,135768647,2026-02-26 14:01:55,SELL,OUT,0.2,86.431,-1148.0,0.0,-0.2,XAGUSD.p,from #135750859
119920438,0,2026-02-26 14:25:37,2,IN,0.0,0.0,948.2,0.0,0.0,,reset balance to 9999
119923078,135794910,2026-02-26 14:30:00,BUY,IN,0.1,86.858,0.0,0.0,-0.1,XAGUSD.p,XU/P25/E25/TP6/Tsto5
119924232,135796242,2026-02-26 14:31:31,SELL,OUT,0.1,86.956,49.0,0.0,-0.1,XAGUSD.p,[tp 86.956]
119932704,135806519,2026-02-26 14:45:00,BUY,IN,0.1,87.086,0.0,0.0,-0.1,XAGUSD.p,XU/P25/E25/TP6/Tsto5
119939790,135815465,2026-02-26 15:00:00,SELL,OUT,0.1,87.189,51.5,0.0,-0.1,XAGUSD.p,[tp 87.189]
119939810,135815498,2026-02-26 15:00:00,BUY,IN,0.1,87.246,0.0,0.0,-0.1,XAGUSD.p,XU/P25/E25/TP6/Tsto5
119940481,135816324,2026-02-26 15:00:26,SELL,OUT,0.1,87.36,57.0,0.0,-0.1,XAGUSD.p,[tp 87.360]
119964551,135845047,2026-02-26 15:30:00,BUY,IN,0.1,87.255,0.0,0.0,-0.1,XAGUSD.p,XU/P25/E25/TP6/Tsto5
119974441,135856769,2026-02-26 15:39:07,SELL,OUT,0.1,87.354,49.5,0.0,-0.1,XAGUSD.p,[tp 87.354]
119988641,135875583,2026-02-26 16:00:00,BUY,IN,0.1,87.182,0.0,0.0,-0.1,XAGUSD.p,XU/P25/E25/TP6/Tsto5
120172710,136107916,2026-02-26 17:45:00,BUY,IN,0.12,86.629,0.0,0.0,-0.12,XAGUSD.p,XU/P30/E25/TP6/Tsto5
120173477,136108955,2026-02-26 17:45:22,SELL,OUT,0.12,86.732,61.8,0.0,-0.12,XAGUSD.p,[tp 86.732]
120195216,136138146,2026-02-26 18:00:00,BUY,IN,0.13,87.53,0.0,0.0,-0.13,XAGUSD.p,XU/P30/E25/TP6/Tsto5
120201076,136145830,2026-02-26 18:04:00,SELL,OUT,0.1,87.361,89.5,0.0,-0.1,XAGUSD.p,
120359502,136417121,2026-02-26 21:01:23,SELL,OUT,0.13,87.619,57.85,0.0,-0.13,XAGUSD.p,[tp 87.619]
120359528,136417155,2026-02-26 21:01:23,SELL,IN,0.12,87.617,0.0,0.0,-0.12,XAGUSD.p,XU/P30/E25/TP6/Tsto5
120632799,136844818,2026-02-27 07:53:40,BUY,OUT,0.12,89.925,-1384.8,3.29,-0.12,XAGUSD.p,
120632804,136844820,2026-02-27 07:53:41,SELL,IN,0.11,89.88,0.0,0.0,-0.11,XAGUSD.p,XU/P30/E25/TP6/Tsto5
120633055,136845171,2026-02-27 07:54:07,BUY,OUT,0.11,90.017,-75.35,0.0,-0.11,XAGUSD.p,
120633491,0,2026-02-27 07:54:27,2,IN,0.0,0.0,1042.67,0.0,0.0,,reset balance to 9999
120647262,136866172,2026-02-27 08:30:00,SELL,IN,0.12,90.286,0.0,0.0,-0.12,XAGUSD.p,XU/P30/E25/TP6/Tsto5
120648805,136868302,2026-02-27 08:33:42,BUY,OUT,0.12,90.164,73.2,0.0,-0.12,XAGUSD.p,[tp 90.164]
120654075,136875452,2026-02-27 08:45:00,SELL,IN,0.12,90.2,0.0,0.0,-0.12,XAGUSD.p,XU/P30/E25/TP6/Tsto5
120678390,136906612,2026-02-27 09:22:48,BUY,OUT,0.12,90.193,4.2,0.0,-0.12,XAGUSD.p,
120679259,0,2026-02-27 09:25:02,2,IN,0.0,0.0,-76.92,0.0,0.0,,reset balance to 9999
120682554,136912115,2026-02-27 09:30:00,BUY,IN,37.09,1.7044700000000002,0.0,0.0,-37.09,GBPSGD.p,P200/E25/TP6/Tsto4
120690376,136922496,2026-02-27 09:45:00,SELL,IN,0.34,156.056,0.0,0.0,-0.34,USDJPY.p,P200/E25/TP6/Tsto4
120690385,136922509,2026-02-27 09:45:00,SELL,IN,0.17,0.77302,0.0,0.0,-0.17,USDCHF.p,P200/E25/TP6/Tsto4
120690692,136923024,2026-02-27 09:45:36,SELL,OUT,37.09,1.70512,1906.94,0.0,-37.09,GBPSGD.p,[tp 1.70512]
120699515,136934317,2026-02-27 10:00:00,SELL,IN,0.32,0.8188,0.0,0.0,-0.32,NZDCAD.p,P200/E25/TP6/Tsto4
120703503,136940204,2026-02-27 10:06:26,BUY,OUT,0.17,0.77239,13.87,0.0,-0.17,USDCHF.p,[tp 0.77239]
120703582,136940303,2026-02-27 10:06:34,BUY,OUT,0.34,155.989,14.6,0.0,-0.34,USDJPY.p,[tp 155.989]
120707265,136945415,2026-02-27 10:15:00,SELL,IN,0.37,156.014,0.0,0.0,-0.37,USDJPY.p,P200/E25/TP6/Tsto4
120707284,136945436,2026-02-27 10:15:00,SELL,IN,0.24,0.71218,0.0,0.0,-0.24,AUDUSD.p,P200/E25/TP6/Tsto4
120714483,136956230,2026-02-27 10:30:00,SELL,IN,0.3,1.70636,0.0,0.0,-0.3,GBPSGD.p,P200/E25/TP6/Tsto4
120714521,136956275,2026-02-27 10:30:00,SELL,IN,0.4,1.9719,0.0,0.0,-0.4,EURNZD.p,P200/E15/T65/Tsto4
120720384,136964763,2026-02-27 10:45:00,BUY,IN,0.18,0.77301,0.0,0.0,-0.18,USDCHF.p,P200/E25/TP6/Tsto4
120721187,136966081,2026-02-27 10:47:28,BUY,OUT,0.24,0.71155,15.12,0.0,-0.24,AUDUSD.p,[tp 0.71155]
120721189,136966084,2026-02-27 10:47:28,SELL,IN,0.24,0.71153,0.0,0.0,-0.24,AUDUSD.p,P200/E25/TP6/Tsto4
120749639,137006214,2026-02-27 11:50:32,BUY,OUT,0.4,1.97125,15.56,0.0,-0.4,EURNZD.p,[tp 1.97125]
120757556,137017621,2026-02-27 12:04:24,BUY,OUT,0.24,0.71089,15.36,0.0,-0.24,AUDUSD.p,[tp 0.71089]
120760761,137022038,2026-02-27 12:11:01,BUY,OUT,0.32,0.81818,14.51,0.0,-0.32,NZDCAD.p,[tp 0.81818]
120776169,137041456,2026-02-27 12:30:00,BUY,IN,0.24,0.71096,0.0,0.0,-0.24,AUDUSD.p,P200/E25/TP6/Tsto4
120782285,137049580,2026-02-27 12:38:42,BUY,OUT,0.37,155.947,15.9,0.0,-0.37,USDJPY.p,[tp 155.947]
120787174,137057003,2026-02-27 12:53:29,BUY,OUT,0.3,1.70572,15.17,0.0,-0.3,GBPSGD.p,[tp 1.70572]
120787177,137057006,2026-02-27 12:53:29,SELL,IN,0.3,1.70568,0.0,0.0,-0.3,GBPSGD.p,P200/E25/TP6/Tsto4
120788438,137059229,2026-02-27 13:00:00,BUY,IN,0.37,155.984,0.0,0.0,-0.37,USDJPY.p,P200/E25/TP6/Tsto4
120789822,137061564,2026-02-27 13:06:09,BUY,OUT,0.3,1.70505,14.93,0.0,-0.3,GBPSGD.p,[tp 1.70505]
120807882,137087048,2026-02-27 14:00:00,SELL,IN,0.3,1.7046299999999999,0.0,0.0,-0.3,GBPSGD.p,P200/E25/TP6/Tsto4
120877601,137178771,2026-02-27 15:28:54,BUY,OUT,0.3,1.70396,15.88,0.0,-0.3,GBPSGD.p,[tp 1.70396]
120878870,137180552,2026-02-27 15:30:01,SELL,OUT,0.37,156.052,16.12,0.0,-0.37,USDJPY.p,[tp 156.052]
120904811,137214259,2026-02-27 15:45:01,BUY,IN,0.3,1.7037900000000001,0.0,0.0,-0.3,GBPSGD.p,P200/E25/TP6/Tsto4
120914750,137228022,2026-02-27 15:54:38,SELL,OUT,0.24,0.70937,-38.16,0.0,-0.24,AUDUSD.p,
120914770,137228045,2026-02-27 15:54:39,SELL,OUT,0.3,1.7029999999999998,-18.71,0.0,-0.3,GBPSGD.p,
120914782,137228069,2026-02-27 15:54:41,SELL,OUT,0.18,0.77032,-62.86,0.0,-0.18,USDCHF.p,
120914906,0,2026-02-27 15:54:57,2,IN,0.0,0.0,-1871.91,0.0,0.0,,reset balance to 9999
120920583,137235789,2026-02-27 16:00:00,BUY,IN,0.2,0.7098,0.0,0.0,-0.2,AUDUSD.p,P200/E25/TP6/Tsto4
120932894,137252172,2026-02-27 16:12:06,SELL,OUT,0.2,0.71043,12.6,0.0,-0.2,AUDUSD.p,[tp 0.71043]
120935010,137255180,2026-02-27 16:15:00,BUY,IN,0.25,1.70392,0.0,0.0,-0.25,GBPSGD.p,P200/E25/TP6/Tsto4
120935017,137255194,2026-02-27 16:15:00,SELL,IN,0.31,156.065,0.0,0.0,-0.31,USDJPY.p,P200/E25/TP6/Tsto4
120935058,137255240,2026-02-27 16:15:00,BUY,IN,0.2,0.71053,0.0,0.0,-0.2,AUDUSD.p,P200/E25/TP6/Tsto4
120955385,137281655,2026-02-27 16:32:35,SELL,OUT,0.2,0.71116,12.6,0.0,-0.2,AUDUSD.p,[tp 0.71116]
120959633,137287139,2026-02-27 16:35:03,BUY,OUT,0.31,155.997,13.51,0.0,-0.31,USDJPY.p,[tp 155.997]
120959651,137287162,2026-02-27 16:35:03,SELL,IN,0.31,155.991,0.0,0.0,-0.31,USDJPY.p,P200/E25/TP6/Tsto4
120962844,137291316,2026-02-27 16:37:13,SELL,OUT,0.25,1.70458,13.04,0.0,-0.25,GBPSGD.p,[tp 1.70458]
120962861,137291334,2026-02-27 16:37:14,BUY,IN,0.25,1.7046700000000001,0.0,0.0,-0.25,GBPSGD.p,P200/E25/TP6/Tsto4
120990714,137328793,2026-02-27 17:00:00,BUY,IN,0.15,0.76879,0.0,0.0,-0.15,USDCHF.p,P200/E25/TP6/Tsto4
120990760,137328848,2026-02-27 17:00:00,SELL,IN,0.33,1.97153,0.0,0.0,-0.33,EURNZD.p,P200/E15/T65/Tsto4
121003246,137344918,2026-02-27 17:08:11,BUY,OUT,0.33,1.97089,12.65,0.0,-0.33,EURNZD.p,[tp 1.97089]
121059199,137410748,2026-02-27 18:00:00,SELL,IN,0.2,0.71261,0.0,0.0,-0.2,AUDUSD.p,P200/E25/TP6/Tsto4
121077419,137431923,2026-02-27 18:15:00,BUY,IN,0.33,1.9686,0.0,0.0,-0.33,EURNZD.p,P200/E15/T65/Tsto4
121082794,137438381,2026-02-27 18:20:15,SELL,OUT,0.33,1.96925,12.87,0.0,-0.33,EURNZD.p,[tp 1.96925]
121096667,137454577,2026-02-27 18:30:00,BUY,IN,0.33,1.97017,0.0,0.0,-0.33,EURNZD.p,P200/E15/T65/Tsto4
121103791,137462812,2026-02-27 18:35:44,SELL,OUT,0.33,1.97082,12.87,0.0,-0.33,EURNZD.p,[tp 1.97082]
121110442,137470938,2026-02-27 18:43:28,BUY,OUT,0.2,0.71197,12.8,0.0,-0.2,AUDUSD.p,[tp 0.71197]
121110444,137470942,2026-02-27 18:43:29,SELL,IN,0.2,0.71196,0.0,0.0,-0.2,AUDUSD.p,P200/E25/TP6/Tsto4
121111522,137472247,2026-02-27 18:45:00,BUY,IN,0.33,1.97093,0.0,0.0,-0.33,EURNZD.p,P200/E15/T65/Tsto4
121137429,137509172,2026-02-27 19:23:01,SELL,OUT,0.33,1.97157,12.66,0.0,-0.33,EURNZD.p,[tp 1.97157]
121137498,137509258,2026-02-27 19:23:04,BUY,OUT,0.2,0.71133,12.6,0.0,-0.2,AUDUSD.p,[tp 0.71133]
121137502,137509264,2026-02-27 19:23:05,SELL,IN,0.2,0.71131,0.0,0.0,-0.2,AUDUSD.p,P200/E25/TP6/Tsto4
121149799,137523806,2026-02-27 19:37:24,BUY,OUT,0.31,155.924,13.32,0.0,-0.31,USDJPY.p,[tp 155.924]
121168888,137549242,2026-02-27 20:15:00,BUY,IN,0.34,1.97039,0.0,0.0,-0.34,EURNZD.p,P200/E15/T65/Tsto4
121211657,137600595,2026-02-27 21:22:54,SELL,OUT,0.34,1.9710299999999998,13.05,0.0,-0.34,EURNZD.p,[tp 1.97103]
121234850,137633865,2026-02-27 22:23:32,SELL,OUT,0.25,1.70533,13.05,0.0,-0.25,GBPSGD.p,[tp 1.70533]
121273046,137679889,2026-02-27 23:53:17,SELL,OUT,0.15,0.76943,12.48,0.0,-0.15,USDCHF.p,[tp 0.76943]
121496485,137920881,2026-03-02 00:01:00,BUY,OUT,0.2,0.71068,12.6,-0.17,-0.2,AUDUSD.p,[tp 0.71068]
121546040,137975412,2026-03-02 01:15:00,SELL,IN,0.28,1.8985699999999999,0.0,0.0,-0.28,GBPAUD.p,P200/E25/TP6/Tsto4
121546061,137975440,2026-03-02 01:15:00,BUY,IN,0.2,0.70721,0.0,0.0,-0.2,AUDUSD.p,P200/E25/TP6/Tsto4
121546072,137975455,2026-03-02 01:15:00,BUY,IN,0.32,209.905,0.0,0.0,-0.32,GBPJPY.p,P200/E25/TP6/Tsto4
121546141,137975547,2026-03-02 01:15:00,SELL,IN,0.34,1.97424,0.0,0.0,-0.34,EURNZD.p,P200/E15/T65/Tsto4
121546142,137975548,2026-03-02 01:15:00,BUY,IN,0.28,1.83351,0.0,0.0,-0.28,GBPCAD.p,P200/E25/TP6/Tsto4
121546143,137975549,2026-03-02 01:15:00,BUY,IN,0.26,1.7031,0.0,0.0,-0.26,GBPSGD.p,P200/E25/TP6/Tsto4
121546156,137975565,2026-03-02 01:15:00,BUY,IN,0.16,1.03277,0.0,0.0,-0.16,GBPCHF.p,P200/E25/TP6/Tsto4
121549326,137979285,2026-03-02 01:17:12,BUY,OUT,0.34,1.97353,14.4,0.0,-0.34,EURNZD.p,[tp 1.97353]
121551243,137981510,2026-03-02 01:18:50,BUY,OUT,0.28,1.89787,13.87,0.0,-0.28,GBPAUD.p,[tp 1.89787]
121559611,137990722,2026-03-02 01:24:10,SELL,OUT,0.32,209.974,14.11,0.0,-0.32,GBPJPY.p,[tp 209.974]
121565931,137997888,2026-03-02 01:30:00,SELL,IN,0.34,1.9739,0.0,0.0,-0.34,EURNZD.p,P200/E15/T65/Tsto4
121565932,137997889,2026-03-02 01:30:00,BUY,IN,0.32,209.914,0.0,0.0,-0.32,GBPJPY.p,P200/E25/TP6/Tsto4
121569466,138001672,2026-03-02 01:31:50,BUY,OUT,0.34,1.97323,13.58,0.0,-0.34,EURNZD.p,[tp 1.97323]
121592746,138027302,2026-03-02 01:44:48,SELL,OUT,0.32,209.984,14.31,0.0,-0.32,GBPJPY.p,[tp 209.984]
121592984,138027606,2026-03-02 01:45:00,SELL,IN,0.34,1.9736500000000001,0.0,0.0,-0.34,EURNZD.p,P200/E15/T65/Tsto4
121633563,138073183,2026-03-02 02:15:22,SELL,OUT,0.2,0.70634,-17.4,0.0,-0.2,AUDUSD.p,
121633564,138073184,2026-03-02 02:15:22,SELL,OUT,0.28,1.83249,-20.9,0.0,-0.28,GBPCAD.p,
121633565,138073185,2026-03-02 02:15:22,SELL,OUT,0.26,1.7018,-26.64,0.0,-0.26,GBPSGD.p,
121633566,138073186,2026-03-02 02:15:22,SELL,OUT,0.16,1.0316,-24.34,0.0,-0.16,GBPCHF.p,
121633567,138073187,2026-03-02 02:15:22,BUY,OUT,0.34,1.97512,-29.79,0.0,-0.34,EURNZD.p,
121633878,0,2026-03-02 02:15:56,2,IN,0.0,0.0,-130.19,0.0,0.0,,reset balance to 9999
121653294,138095262,2026-03-02 02:30:00,BUY,IN,0.25,1.70225,0.0,0.0,-0.25,GBPSGD.p,P200/E25/TP6/Tsto4
121653295,138095263,2026-03-02 02:30:00,BUY,IN,0.2,0.70657,0.0,0.0,-0.2,AUDUSD.p,P200/E25/TP6/Tsto4
121653332,138095301,2026-03-02 02:30:00,BUY,IN,0.27,1.8331300000000001,0.0,0.0,-0.27,GBPCAD.p,P200/E25/TP6/Tsto4
121661479,138104869,2026-03-02 02:39:19,SELL,OUT,0.2,0.7072,12.6,0.0,-0.2,AUDUSD.p,[tp 0.70720]
121664989,138109121,2026-03-02 02:44:23,SELL,OUT,0.25,1.70288,12.41,0.0,-0.25,GBPSGD.p,[tp 1.70288]
121665676,138109960,2026-03-02 02:45:00,SELL,IN,0.28,1.89785,0.0,0.0,-0.28,GBPAUD.p,P200/E25/TP6/Tsto4
121665677,138109961,2026-03-02 02:45:00,BUY,IN,0.31,209.932,0.0,0.0,-0.31,GBPJPY.p,P200/E25/TP6/Tsto4
121665678,138109962,2026-03-02 02:45:00,BUY,IN,0.2,0.70728,0.0,0.0,-0.2,AUDUSD.p,P200/E25/TP6/Tsto4
121665703,138109993,2026-03-02 02:45:00,BUY,IN,0.15,1.03196,0.0,0.0,-0.15,GBPCHF.p,P200/E25/TP6/Tsto4
121665709,138109999,2026-03-02 02:45:00,SELL,IN,0.34,1.9733800000000001,0.0,0.0,-0.34,EURNZD.p,P200/E15/T65/Tsto4
121666473,138110879,2026-03-02 02:45:34,BUY,OUT,0.28,1.89715,13.87,0.0,-0.28,GBPAUD.p,[tp 1.89715]
121666525,138110977,2026-03-02 02:45:42,BUY,OUT,0.34,1.9726,15.83,0.0,-0.34,EURNZD.p,[tp 1.97260]
121672848,138118271,2026-03-02 02:52:19,SELL,OUT,0.2,0.70802,14.8,0.0,-0.2,AUDUSD.p,[tp 0.70802]
121676704,138122612,2026-03-02 02:54:52,SELL,OUT,0.31,210.009,15.25,0.0,-0.31,GBPJPY.p,[tp 210.009]
121680308,138126793,2026-03-02 02:57:39,SELL,OUT,0.15,1.03267,13.85,0.0,-0.15,GBPCHF.p,[tp 1.03267]
121680803,138127391,2026-03-02 02:58:26,SELL,OUT,0.27,1.8338,13.25,0.0,-0.27,GBPCAD.p,[tp 1.83380]
121682670,138129526,2026-03-02 03:00:00,BUY,IN,0.16,1.03269,0.0,0.0,-0.16,GBPCHF.p,P200/E25/TP6/Tsto4
121682691,138129549,2026-03-02 03:00:00,SELL,IN,0.28,1.89598,0.0,0.0,-0.28,GBPAUD.p,P200/E25/TP6/Tsto4
121682750,138129601,2026-03-02 03:00:00,BUY,IN,0.2,0.70845,0.0,0.0,-0.2,AUDUSD.p,P200/E25/TP6/Tsto4
121682783,138129636,2026-03-02 03:00:00,BUY,IN,0.28,1.83391,0.0,0.0,-0.28,GBPCAD.p,P200/E25/TP6/Tsto4
121687260,138134506,2026-03-02 03:00:48,BUY,OUT,0.28,1.89532,13.1,0.0,-0.28,GBPAUD.p,[tp 1.89532]
121688644,138136048,2026-03-02 03:01:12,SELL,OUT,0.2,0.70909,12.8,0.0,-0.2,AUDUSD.p,[tp 0.70909]
121692887,138140692,2026-03-02 03:02:10,SELL,OUT,0.16,1.0333,12.69,0.0,-0.16,GBPCHF.p,[tp 1.03330]
121711398,138161322,2026-03-02 03:09:16,SELL,OUT,0.28,1.83457,13.54,0.0,-0.28,GBPCAD.p,[tp 1.83457]
121751293,138207766,2026-03-02 03:30:00,SELL,IN,0.16,1.03348,0.0,0.0,-0.16,GBPCHF.p,P200/E25/TP6/Tsto4
121751294,138207767,2026-03-02 03:30:00,BUY,IN,0.28,1.89442,0.0,0.0,-0.28,GBPAUD.p,P200/E25/TP6/Tsto4
121751303,138207778,2026-03-02 03:30:00,SELL,IN,0.32,210.208,0.0,0.0,-0.32,GBPJPY.p,P200/E25/TP6/Tsto4
121751347,138207831,2026-03-02 03:30:00,SELL,IN,0.2,0.7095,0.0,0.0,-0.2,AUDUSD.p,P200/E25/TP6/Tsto4
121751363,138207849,2026-03-02 03:30:00,BUY,IN,0.34,1.97051,0.0,0.0,-0.34,EURNZD.p,P200/E15/T65/Tsto4
121781878,138243899,2026-03-02 03:53:04,BUY,OUT,0.32,210.132,15.56,0.0,-0.32,GBPJPY.p,[tp 210.132]
121790329,138253497,2026-03-02 04:00:00,SELL,IN,0.32,210.119,0.0,0.0,-0.32,GBPJPY.p,P200/E25/TP6/Tsto4
121807082,138272906,2026-03-02 04:15:00,SELL,IN,0.28,1.8349600000000001,0.0,0.0,-0.28,GBPCAD.p,P200/E25/TP6/Tsto4
121861910,138336004,2026-03-02 05:35:03,BUY,OUT,0.16,1.03287,12.71,0.0,-0.16,GBPCHF.p,[tp 1.03287]
121884951,138363143,2026-03-02 06:20:05,SELL,OUT,0.34,1.97116,13.21,0.0,-0.34,EURNZD.p,[tp 1.97116]
121888318,138367639,2026-03-02 06:30:00,BUY,IN,0.34,1.97068,0.0,0.0,-0.34,EURNZD.p,P200/E15/T65/Tsto4
121889815,138369507,2026-03-02 06:32:35,SELL,OUT,0.34,1.97133,13.21,0.0,-0.34,EURNZD.p,[tp 1.97133]
121899083,138379987,2026-03-02 06:46:12,BUY,OUT,0.28,1.83429,13.74,0.0,-0.28,GBPCAD.p,[tp 1.83429]
121908210,138390555,2026-03-02 07:06:17,BUY,OUT,0.2,0.70886,12.8,0.0,-0.2,AUDUSD.p,[tp 0.70886]
121908567,138390975,2026-03-02 07:07:39,SELL,OUT,0.28,1.89507,12.9,0.0,-0.28,GBPAUD.p,[tp 1.89507]
121922182,138406400,2026-03-02 07:30:00,BUY,IN,0.2,0.70877,0.0,0.0,-0.2,AUDUSD.p,P200/E25/TP6/Tsto4
121922185,138406403,2026-03-02 07:30:00,SELL,IN,0.34,1.97325,0.0,0.0,-0.34,EURNZD.p,P200/E15/T65/Tsto4
121922217,138406432,2026-03-02 07:30:00,SELL,IN,0.28,1.89412,0.0,0.0,-0.28,GBPAUD.p,P200/E25/TP6/Tsto4
121946199,138434489,2026-03-02 08:08:59,BUY,OUT,0.28,1.89347,12.89,0.0,-0.28,GBPAUD.p,[tp 1.89347]
121950120,138439002,2026-03-02 08:15:00,SELL,IN,0.28,1.89405,0.0,0.0,-0.28,GBPAUD.p,P200/E25/TP6/Tsto4
121954328,138443859,2026-03-02 08:23:45,BUY,OUT,0.28,1.8933900000000001,13.07,0.0,-0.28,GBPAUD.p,[tp 1.89339]
121954605,138444182,2026-03-02 08:24:35,BUY,OUT,0.34,1.97261,12.95,0.0,-0.34,EURNZD.p,[tp 1.97261]
121954609,138444186,2026-03-02 08:24:35,SELL,IN,0.34,1.9725899999999998,0.0,0.0,-0.34,EURNZD.p,P200/E15/T65/Tsto4
121965827,138456760,2026-03-02 08:40:08,BUY,OUT,0.32,210.043,15.49,0.0,-0.32,GBPJPY.p,[tp 210.043]
121969079,138460348,2026-03-02 08:45:00,BUY,IN,0.16,1.03056,0.0,0.0,-0.16,GBPCHF.p,P200/E25/TP6/Tsto4
121975115,138467008,2026-03-02 08:50:53,BUY,OUT,0.34,1.97195,12.95,0.0,-0.34,EURNZD.p,[tp 1.97195]
121981938,138474765,2026-03-02 09:00:00,BUY,IN,0.28,1.82799,0.0,0.0,-0.28,GBPCAD.p,P200/E25/TP6/Tsto4
121981944,138474772,2026-03-02 09:00:00,BUY,IN,0.26,1.70088,0.0,0.0,-0.26,GBPSGD.p,P200/E25/TP6/Tsto4
121982710,138475663,2026-03-02 09:01:40,SELL,OUT,0.16,1.03118,12.88,0.0,-0.16,GBPCHF.p,[tp 1.03118]
121982712,138475666,2026-03-02 09:01:40,BUY,IN,0.16,1.03118,0.0,0.0,-0.16,GBPCHF.p,P200/E25/TP6/Tsto4
121985245,138478422,2026-03-02 09:04:17,SELL,OUT,0.16,1.0318,12.86,0.0,-0.16,GBPCHF.p,[tp 1.03180]
122025359,138522964,2026-03-02 09:45:00,BUY,IN,0.16,1.03253,0.0,0.0,-0.16,GBPCHF.p,P200/E25/TP6/Tsto4
122025371,138522976,2026-03-02 09:45:00,BUY,IN,0.32,209.802,0.0,0.0,-0.32,GBPJPY.p,P200/E25/TP6/Tsto4
122025382,138522987,2026-03-02 09:45:00,BUY,IN,0.28,1.8940700000000001,0.0,0.0,-0.28,GBPAUD.p,P200/E25/TP6/Tsto4
122025670,138523316,2026-03-02 09:45:52,SELL,OUT,0.16,1.03315,12.83,0.0,-0.16,GBPCHF.p,[tp 1.03315]
122037574,138536549,2026-03-02 10:00:00,BUY,IN,0.34,1.97126,0.0,0.0,-0.34,EURNZD.p,P200/E15/T65/Tsto4
122042031,138541453,2026-03-02 10:03:03,SELL,OUT,0.32,209.879,15.69,0.0,-0.32,GBPJPY.p,[tp 209.879]
122049606,138549992,2026-03-02 10:11:39,SELL,OUT,0.34,1.97191,13.13,0.0,-0.34,EURNZD.p,[tp 1.97191]
122052517,138553280,2026-03-02 10:15:00,BUY,IN,0.32,209.848,0.0,0.0,-0.32,GBPJPY.p,P200/E25/TP6/Tsto4
122064089,138566260,2026-03-02 10:30:00,BUY,IN,0.32,209.463,0.0,0.0,-0.32,GBPJPY.p,P200/E25/TP6/Tsto4
122064092,138566263,2026-03-02 10:30:00,BUY,IN,0.26,1.69711,0.0,0.0,-0.26,GBPSGD.p,P200/E25/TP6/Tsto4
122076746,138580173,2026-03-02 10:45:00,BUY,IN,0.16,1.03181,0.0,0.0,-0.16,GBPCHF.p,P200/E25/TP6/Tsto4
122102017,138609556,2026-03-02 11:15:00,BUY,IN,0.28,1.88572,0.0,0.0,-0.28,GBPAUD.p,P200/E25/TP6/Tsto4
122103690,138611683,2026-03-02 11:18:07,SELL,OUT,0.26,1.69973,-23.53,0.0,-0.26,GBPSGD.p,[tp 1.69973]
122103692,138611684,2026-03-02 11:18:07,SELL,OUT,0.26,1.69973,53.6,0.0,-0.26,GBPSGD.p,[tp 1.69973]
122103706,138611701,2026-03-02 11:18:07,BUY,IN,0.26,1.6997499999999999,0.0,0.0,-0.26,GBPSGD.p,P200/E25/TP6/Tsto4
122103728,138611724,2026-03-02 11:18:13,SELL,OUT,0.32,209.732,-23.67,0.0,-0.32,GBPJPY.p,[tp 209.732]
122103731,138611725,2026-03-02 11:18:13,SELL,OUT,0.32,209.732,54.9,0.0,-0.32,GBPJPY.p,[tp 209.732]
122103735,138611731,2026-03-02 11:18:13,BUY,IN,0.32,209.748,0.0,0.0,-0.32,GBPJPY.p,P200/E25/TP6/Tsto4
122115385,138625841,2026-03-02 11:32:56,SELL,OUT,0.32,209.825,15.71,0.0,-0.32,GBPJPY.p,[tp 209.825]
122115391,138625849,2026-03-02 11:32:57,BUY,IN,0.32,209.844,0.0,0.0,-0.32,GBPJPY.p,P200/E25/TP6/Tsto4
122127032,138640455,2026-03-02 11:56:45,SELL,OUT,0.32,209.92,15.49,0.0,-0.32,GBPJPY.p,[tp 209.920]
122127034,138640458,2026-03-02 11:56:45,BUY,IN,0.33,209.932,0.0,0.0,-0.33,GBPJPY.p,P200/E25/TP6/Tsto4
122127346,138640992,2026-03-02 11:58:24,SELL,OUT,0.16,1.03242,12.64,0.0,-0.16,GBPCHF.p,[tp 1.03242]
122130025,138644183,2026-03-02 12:01:43,SELL,OUT,0.26,1.70039,13.09,0.0,-0.26,GBPSGD.p,[tp 1.70039]
122136997,138652170,2026-03-02 12:07:15,SELL,OUT,0.33,210.009,16.19,0.0,-0.33,GBPJPY.p,[tp 210.009]
122146955,138664501,2026-03-02 12:20:44,SELL,OUT,0.2,0.7094,12.6,0.0,-0.2,AUDUSD.p,[tp 0.70940]
122164126,138685012,2026-03-02 12:44:44,SELL,OUT,0.28,1.82866,13.75,0.0,-0.28,GBPCAD.p,[tp 1.82866]
122164393,138685317,2026-03-02 12:44:58,BUY,IN,0.28,1.829,0.0,0.0,-0.28,GBPCAD.p,P200/E25/TP6/Tsto4
122164481,138685435,2026-03-02 12:45:00,SELL,IN,0.21,0.70925,0.0,0.0,-0.21,AUDUSD.p,P200/E25/TP6/Tsto4
122164506,138685463,2026-03-02 12:45:00,BUY,IN,0.35,1.96912,0.0,0.0,-0.35,EURNZD.p,P200/E15/T65/Tsto4
122169666,138691839,2026-03-02 12:52:51,SELL,OUT,0.28,1.89055,-69.87,0.0,-0.28,GBPAUD.p,[tp 1.89055]
122169670,138691840,2026-03-02 12:52:51,SELL,OUT,0.28,1.89055,95.88,0.0,-0.28,GBPAUD.p,[tp 1.89055]
122169674,138691846,2026-03-02 12:52:51,BUY,IN,0.3,1.89059,0.0,0.0,-0.3,GBPAUD.p,P200/E25/TP6/Tsto4
122172329,138694972,2026-03-02 12:54:36,SELL,OUT,0.28,1.8296700000000001,13.74,0.0,-0.28,GBPCAD.p,[tp 1.82967]
122172366,138695013,2026-03-02 12:54:36,SELL,OUT,0.3,1.89124,13.82,0.0,-0.3,GBPAUD.p,[tp 1.89124]
122174798,138698163,2026-03-02 12:56:48,BUY,OUT,0.21,0.7086,13.65,0.0,-0.21,AUDUSD.p,[tp 0.70860]
122177298,138701397,2026-03-02 13:00:00,SELL,IN,0.21,0.70891,0.0,0.0,-0.21,AUDUSD.p,P200/E25/TP6/Tsto4
122182742,138708389,2026-03-02 13:08:14,BUY,OUT,0.21,0.70828,13.23,0.0,-0.21,AUDUSD.p,[tp 0.70828]
122186687,138713443,2026-03-02 13:15:00,SELL,IN,0.21,0.70815,0.0,0.0,-0.21,AUDUSD.p,P200/E25/TP6/Tsto4
122196294,138725753,2026-03-02 13:30:00,SELL,IN,0.33,210.365,0.0,0.0,-0.33,GBPJPY.p,P200/E25/TP6/Tsto4
122230801,138767386,2026-03-02 14:09:16,SELL,OUT,0.35,1.96976,13.34,0.0,-0.35,EURNZD.p,[tp 1.96976]
122230808,138767393,2026-03-02 14:09:17,BUY,IN,0.36,1.9697900000000002,0.0,0.0,-0.36,EURNZD.p,P200/E15/T65/Tsto4
122236315,138773876,2026-03-02 14:15:00,SELL,IN,0.28,1.8310300000000002,0.0,0.0,-0.28,GBPCAD.p,P200/E25/TP6/Tsto4
122237891,138775672,2026-03-02 14:16:17,BUY,OUT,0.21,0.70752,13.23,0.0,-0.21,AUDUSD.p,[tp 0.70752]
122258040,138800801,2026-03-02 14:44:54,BUY,OUT,0.28,1.83037,13.53,0.0,-0.28,GBPCAD.p,[tp 1.83037]
122258203,138800990,2026-03-02 14:45:00,SELL,IN,0.28,1.83029,0.0,0.0,-0.28,GBPCAD.p,P200/E25/TP6/Tsto4
122259065,138802293,2026-03-02 14:46:02,BUY,OUT,0.28,1.82962,13.74,0.0,-0.28,GBPCAD.p,[tp 1.82962]
122261076,138805120,2026-03-02 14:49:32,SELL,OUT,0.36,1.97044,13.9,0.0,-0.36,EURNZD.p,[tp 1.97044]
122269346,138815548,2026-03-02 15:00:00,SELL,IN,0.16,1.0419100000000001,0.0,0.0,-0.16,GBPCHF.p,P200/E25/TP6/Tsto4
122269359,138815583,2026-03-02 15:00:00,SELL,IN,0.27,1.7056200000000001,0.0,0.0,-0.27,GBPSGD.p,P200/E25/TP6/Tsto4
122276320,138824179,2026-03-02 15:05:02,BUY,OUT,0.27,1.70493,14.63,0.0,-0.27,GBPSGD.p,[tp 1.70493]
122302668,138855556,2026-03-02 15:20:15,BUY,OUT,0.33,210.861,-103.97,0.0,-0.33,GBPJPY.p,
122302687,138855577,2026-03-02 15:20:16,BUY,OUT,0.16,1.04207,-3.29,0.0,-0.16,GBPCHF.p,
122311070,0,2026-03-02 15:25:59,2,IN,0.0,0.0,-580.45,0.0,0.0,,reset balance to 9999
122338692,138898615,2026-03-02 15:45:00,SELL,IN,0.16,1.04228,0.0,0.0,-0.16,GBPCHF.p,P200/E15/TP5/Tsto2
122338693,138898616,2026-03-02 15:45:00,SELL,IN,0.32,210.896,0.0,0.0,-0.32,GBPJPY.p,P200/E15/TP5/Tsto2
122338721,138898645,2026-03-02 15:45:00,SELL,IN,0.25,1.7057099999999998,0.0,0.0,-0.25,GBPSGD.p,P200/E15/TP5/Tsto2
122338723,138898647,2026-03-02 15:45:00,SELL,IN,0.27,1.83059,0.0,0.0,-0.27,GBPCAD.p,P200/E15/TP5/Tsto2
122349517,138911481,2026-03-02 15:54:51,BUY,OUT,0.16,1.04177,10.49,0.0,-0.16,GBPCHF.p,[tp 1.04177]
122350174,138912264,2026-03-02 15:55:43,BUY,OUT,0.25,1.7050800000000002,12.36,0.0,-0.25,GBPSGD.p,[tp 1.70508]
122351751,138914188,2026-03-02 15:57:36,BUY,OUT,0.32,210.882,2.84,0.0,-0.32,GBPJPY.p,
122351757,138914203,2026-03-02 15:57:37,BUY,OUT,0.27,1.83094,-6.91,0.0,-0.27,GBPCAD.p,
122354469,0,2026-03-02 16:00:19,2,IN,0.0,0.0,-16.78,0.0,0.0,,reset balance to 9999
122382594,138950438,2026-03-02 16:15:00,BUY,IN,0.2,0.70623,0.0,0.0,-0.2,AUDUSD.p,P200/E15/TP4/Tsto2
122426208,139001307,2026-03-02 16:30:00,SELL,IN,0.27,1.83142,0.0,0.0,-0.27,GBPCAD.p,P200/E15/TP4/Tsto2
122426210,139001310,2026-03-02 16:30:00,SELL,IN,0.16,1.04214,0.0,0.0,-0.16,GBPCHF.p,P200/E15/TP4/Tsto2
122426222,139001327,2026-03-02 16:30:00,SELL,IN,0.31,210.937,0.0,0.0,-0.31,GBPJPY.p,P200/E15/TP4/Tsto2
122426234,139001343,2026-03-02 16:30:00,SELL,IN,0.25,1.70675,0.0,0.0,-0.25,GBPSGD.p,P200/E15/TP4/Tsto2
122428571,139004046,2026-03-02 16:30:35,BUY,OUT,0.27,1.83095,9.28,0.0,-0.27,GBPCAD.p,[tp 1.83095]
122436126,139012821,2026-03-02 16:32:23,SELL,OUT,0.2,0.70666,8.6,0.0,-0.2,AUDUSD.p,[tp 0.70666]
122468606,139051280,2026-03-02 16:45:00,BUY,IN,0.2,0.70785,0.0,0.0,-0.2,AUDUSD.p,P200/E15/TP4/Tsto2
122468637,139051308,2026-03-02 16:45:00,SELL,IN,0.28,1.8947699999999998,0.0,0.0,-0.28,GBPAUD.p,P200/E15/TP4/Tsto2
122468645,139051318,2026-03-02 16:45:00,SELL,IN,0.33,1.9695200000000002,0.0,0.0,-0.33,EURNZD.p,P200/E15/TP4/Tsto2
122480105,139064955,2026-03-02 16:49:36,BUY,OUT,0.33,1.96908,8.64,0.0,-0.33,EURNZD.p,[tp 1.96908]
122483874,139069370,2026-03-02 16:51:11,SELL,OUT,0.2,0.70828,8.6,0.0,-0.2,AUDUSD.p,[tp 0.70828]
122503649,139092351,2026-03-02 17:00:00,SELL,IN,0.2,0.70774,0.0,0.0,-0.2,AUDUSD.p,P200/E15/TP4/Tsto2
122503692,139092406,2026-03-02 17:00:00,BUY,IN,0.33,1.97045,0.0,0.0,-0.33,EURNZD.p,P200/E15/TP4/Tsto2
122505378,139094340,2026-03-02 17:00:30,SELL,OUT,0.33,1.97112,13.14,0.0,-0.33,EURNZD.p,[tp 1.97112]
122516319,139106647,2026-03-02 17:03:47,BUY,OUT,0.28,1.89432,8.92,0.0,-0.28,GBPAUD.p,[tp 1.89432]
122560391,139156650,2026-03-02 17:22:22,BUY,OUT,0.2,0.70731,8.6,0.0,-0.2,AUDUSD.p,[tp 0.70731]
122574133,139171962,2026-03-02 17:30:00,SELL,IN,0.27,1.83246,0.0,0.0,-0.27,GBPCAD.p,P200/E15/TP4/Tsto2
122574139,139171969,2026-03-02 17:30:00,SELL,IN,0.2,0.70736,0.0,0.0,-0.2,AUDUSD.p,P200/E15/TP4/Tsto2
122574158,139171991,2026-03-02 17:30:00,BUY,IN,0.28,1.8930799999999999,0.0,0.0,-0.28,GBPAUD.p,P200/E15/TP4/Tsto2
122582688,139181812,2026-03-02 17:35:36,BUY,OUT,0.25,1.7063000000000001,8.83,0.0,-0.25,GBPSGD.p,[tp 1.70630]
122582689,139181816,2026-03-02 17:35:37,SELL,IN,0.25,1.70621,0.0,0.0,-0.25,GBPSGD.p,P200/E15/TP4/Tsto2
122583282,139182509,2026-03-02 17:36:00,BUY,OUT,0.2,0.70693,8.6,0.0,-0.2,AUDUSD.p,[tp 0.70693]
122583388,139182641,2026-03-02 17:36:01,SELL,OUT,0.28,1.8935300000000002,8.91,0.0,-0.28,GBPAUD.p,[tp 1.89353]
122587161,139186992,2026-03-02 17:38:44,BUY,OUT,0.25,1.70577,8.63,0.0,-0.25,GBPSGD.p,[tp 1.70577]
122588512,139188527,2026-03-02 17:39:41,BUY,OUT,0.27,1.8319999999999999,9.07,0.0,-0.27,GBPCAD.p,[tp 1.83200]
122594294,139195327,2026-03-02 17:45:00,SELL,IN,0.34,1.9713699999999998,0.0,0.0,-0.34,EURNZD.p,P200/E15/TP4/Tsto2
122608036,139211284,2026-03-02 17:52:49,BUY,OUT,0.31,210.881,11.0,0.0,-0.31,GBPJPY.p,[tp 210.881]
122608039,139211289,2026-03-02 17:52:49,SELL,IN,0.32,210.866,0.0,0.0,-0.32,GBPJPY.p,P200/E15/TP4/Tsto2
122611285,139215325,2026-03-02 17:55:19,BUY,OUT,0.32,210.81,11.36,0.0,-0.32,GBPJPY.p,[tp 210.810]
122614350,139218961,2026-03-02 17:57:09,BUY,OUT,0.34,1.97093,8.87,0.0,-0.34,EURNZD.p,[tp 1.97093]
122621818,139227220,2026-03-02 18:00:00,SELL,IN,0.32,210.914,0.0,0.0,-0.32,GBPJPY.p,P200/E15/TP4/Tsto2
122621823,139227227,2026-03-02 18:00:00,SELL,IN,0.28,1.83196,0.0,0.0,-0.28,GBPCAD.p,P200/E15/TP4/Tsto2
122621891,139227306,2026-03-02 18:00:00,BUY,IN,0.28,1.89446,0.0,0.0,-0.28,GBPAUD.p,P200/E15/TP4/Tsto2
122627936,139233878,2026-03-02 18:01:00,SELL,OUT,0.28,1.89493,9.29,0.0,-0.28,GBPAUD.p,[tp 1.89493]
122636369,139243143,2026-03-02 18:02:30,BUY,OUT,0.32,210.841,14.82,0.0,-0.32,GBPJPY.p,[tp 210.841]
122672302,139284182,2026-03-02 18:15:00,BUY,IN,0.2,0.70646,0.0,0.0,-0.2,AUDUSD.p,P200/E15/TP4/Tsto2
122701995,139318413,2026-03-02 18:30:00,BUY,IN,0.28,1.8939300000000001,0.0,0.0,-0.28,GBPAUD.p,P200/E15/TP4/Tsto2
122703915,139320752,2026-03-02 18:31:36,SELL,OUT,0.28,1.89438,8.89,0.0,-0.28,GBPAUD.p,[tp 1.89438]
122723641,139343879,2026-03-02 18:41:39,SELL,OUT,0.2,0.70692,9.2,0.0,-0.2,AUDUSD.p,[tp 0.70692]
122728629,139349952,2026-03-02 18:45:00,BUY,IN,0.2,0.70699,0.0,0.0,-0.2,AUDUSD.p,P200/E15/TP4/Tsto2
122751317,139377331,2026-03-02 19:00:00,BUY,IN,0.32,210.891,0.0,0.0,-0.32,GBPJPY.p,P200/E15/TP4/Tsto2
122751369,139377390,2026-03-02 19:00:00,BUY,IN,0.28,1.89507,0.0,0.0,-0.28,GBPAUD.p,P200/E15/TP4/Tsto2
122756684,139383888,2026-03-02 19:02:58,SELL,OUT,0.28,1.8955199999999999,8.9,0.0,-0.28,GBPAUD.p,[tp 1.89552]
122760824,139388779,2026-03-02 19:05:51,SELL,OUT,0.32,210.948,11.59,0.0,-0.32,GBPJPY.p,[tp 210.948]
122771239,139401542,2026-03-02 19:15:00,SELL,IN,0.28,1.83725,0.0,0.0,-0.28,GBPCAD.p,P200/E15/TP4/Tsto2
122772383,139402930,2026-03-02 19:16:01,SELL,OUT,0.2,0.70742,8.6,0.0,-0.2,AUDUSD.p,[tp 0.70742]
122787156,139421233,2026-03-02 19:30:00,SELL,IN,0.28,1.8945699999999999,0.0,0.0,-0.28,GBPAUD.p,P200/E15/TP4/Tsto2
122802147,139440200,2026-03-02 19:45:00,SELL,IN,0.25,1.7081499999999998,0.0,0.0,-0.25,GBPSGD.p,P200/E15/TP4/Tsto2
122814576,139456003,2026-03-02 19:59:27,BUY,OUT,0.28,1.89412,8.93,0.0,-0.28,GBPAUD.p,[tp 1.89412]
122819304,139461564,2026-03-02 20:03:37,BUY,OUT,0.25,1.70769,9.03,0.0,-0.25,GBPSGD.p,[tp 1.70769]
122829632,139474309,2026-03-02 20:15:00,SELL,IN,0.32,210.998,0.0,0.0,-0.32,GBPJPY.p,P200/E15/TP4/Tsto2
122829672,139474358,2026-03-02 20:15:00,SELL,IN,0.26,1.70796,0.0,0.0,-0.26,GBPSGD.p,P200/E15/TP4/Tsto2
122844153,139492845,2026-03-02 20:30:32,BUY,OUT,0.26,1.70743,10.81,0.0,-0.26,GBPSGD.p,[tp 1.70743]
122844509,139493280,2026-03-02 20:30:47,SELL,IN,0.26,1.70736,0.0,0.0,-0.26,GBPSGD.p,P200/E15/TP4/Tsto2
122851924,139502794,2026-03-02 20:41:05,BUY,OUT,0.32,210.942,11.38,0.0,-0.32,GBPJPY.p,[tp 210.942]
122868043,139522381,2026-03-02 21:00:00,BUY,IN,0.28,1.8930099999999999,0.0,0.0,-0.28,GBPAUD.p,P200/E15/TP4/Tsto2
122905857,139571218,2026-03-02 22:00:00,BUY,IN,0.34,1.96698,0.0,0.0,-0.34,EURNZD.p,P200/E15/TP4/Tsto2
122909357,139575898,2026-03-02 22:06:16,BUY,OUT,0.28,1.83415,-44.87,0.0,-0.28,GBPCAD.p,[tp 1.83415]
122909358,139575899,2026-03-02 22:06:16,BUY,OUT,0.28,1.83415,63.51,0.0,-0.28,GBPCAD.p,[tp 1.83415]
122909898,139576524,2026-03-02 22:06:43,SELL,OUT,0.34,1.96742,8.9,0.0,-0.34,EURNZD.p,[tp 1.96742]
122911894,139578825,2026-03-02 22:08:02,BUY,OUT,0.26,1.7069,9.4,0.0,-0.26,GBPSGD.p,[tp 1.70690]
122921173,139590255,2026-03-02 22:15:00,SELL,IN,0.2,0.70743,0.0,0.0,-0.2,AUDUSD.p,P200/E15/TP4/Tsto2
122921200,139590284,2026-03-02 22:15:00,BUY,IN,0.34,1.96879,0.0,0.0,-0.34,EURNZD.p,P200/E15/TP4/Tsto2
122921213,139590300,2026-03-02 22:15:00,SELL,IN,0.26,1.70618,0.0,0.0,-0.26,GBPSGD.p,P200/E15/TP4/Tsto2
122921874,139591036,2026-03-02 22:15:33,SELL,OUT,0.34,1.9692699999999999,9.68,0.0,-0.34,EURNZD.p,[tp 1.96927]
122948693,139624954,2026-03-02 22:45:00,BUY,IN,0.28,1.83283,0.0,0.0,-0.28,GBPCAD.p,P200/E15/TP4/Tsto2
122985438,139672498,2026-03-02 23:49:38,SELL,OUT,0.28,1.8332899999999999,9.42,0.0,-0.28,GBPCAD.p,[tp 1.83329]
123003569,139695413,2026-03-03 01:15:00,BUY,IN,0.34,1.96759,0.0,0.0,-0.34,EURNZD.p,P200/E15/TP4/Tsto2
123003582,139695476,2026-03-03 01:15:00,BUY,IN,0.27,1.8333,0.0,0.0,-0.27,GBPCAD.p,P200/E15/TP4/Tsto2
123107327,139828509,2026-03-03 03:24:10,SELL,OUT,0.27,1.8337599999999998,9.09,0.0,-0.27,GBPCAD.p,[tp 1.83376]
123111544,139834577,2026-03-03 03:30:00,SELL,IN,0.31,211.211,0.0,0.0,-0.31,GBPJPY.p,P200/E15/TP4/Tsto2
123112625,139835980,2026-03-03 03:30:56,BUY,OUT,0.31,211.153,11.43,0.0,-0.31,GBPJPY.p,[tp 211.153]
123126380,139854418,2026-03-03 03:45:00,SELL,IN,0.31,211.117,0.0,0.0,-0.31,GBPJPY.p,P200/E15/TP4/Tsto2
123144557,139876587,2026-03-03 03:55:31,BUY,OUT,0.31,211.06,11.23,0.0,-0.31,GBPJPY.p,[tp 211.060]
123153816,139887477,2026-03-03 04:00:00,SELL,IN,0.32,210.916,0.0,0.0,-0.32,GBPJPY.p,P200/E15/TP4/Tsto2
123155497,139889363,2026-03-03 04:00:22,SELL,OUT,0.34,1.96803,8.89,0.0,-0.34,EURNZD.p,[tp 1.96803]
123161203,139895943,2026-03-03 04:02:28,BUY,OUT,0.26,1.70575,8.78,-3.87,-0.26,GBPSGD.p,[tp 1.70575]
123172349,139909540,2026-03-03 04:09:59,BUY,OUT,0.32,210.859,11.59,0.0,-0.32,GBPJPY.p,[tp 210.859]
123207801,139955476,2026-03-03 04:45:00,BUY,IN,0.32,210.844,0.0,0.0,-0.32,GBPJPY.p,P200/E15/TP4/Tsto2
123207808,139955485,2026-03-03 04:45:00,SELL,IN,0.34,1.96644,0.0,0.0,-0.34,EURNZD.p,P200/E15/TP4/Tsto2
123215432,139965699,2026-03-03 04:54:59,BUY,OUT,0.34,1.966,8.9,0.0,-0.34,EURNZD.p,[tp 1.96600]
123247932,140012279,2026-03-03 06:00:00,BUY,IN,0.34,1.9664899999999998,0.0,0.0,-0.34,EURNZD.p,P200/E15/TP4/Tsto2
123270796,140044402,2026-03-03 06:48:34,SELL,OUT,0.34,1.96693,8.89,0.0,-0.34,EURNZD.p,[tp 1.96693]
123305883,140088943,2026-03-03 07:32:39,BUY,IN,0.32,210.493,0.0,0.0,-0.32,GBPJPY.p,P200/E15/TP4/Tsto2
123396596,140198299,2026-03-03 08:30:00,BUY,IN,0.27,1.82747,0.0,0.0,-0.27,GBPCAD.p,P200/E15/TP4/Tsto2
123396614,140198317,2026-03-03 08:30:00,SELL,IN,0.34,1.96834,0.0,0.0,-0.34,EURNZD.p,P200/E15/TP4/Tsto2
123396617,140198320,2026-03-03 08:30:00,BUY,IN,0.25,1.7026,0.0,0.0,-0.25,GBPSGD.p,P200/E15/TP4/Tsto2
123427864,140237527,2026-03-03 08:55:14,BUY,OUT,0.34,1.9679,8.87,0.0,-0.34,EURNZD.p,[tp 1.96790]
123432671,140243686,2026-03-03 09:00:00,SELL,IN,0.33,1.96742,0.0,0.0,-0.33,EURNZD.p,P200/E15/TP4/Tsto2
123437364,140249886,2026-03-03 09:04:46,BUY,OUT,0.33,1.96698,8.61,0.0,-0.33,EURNZD.p,[tp 1.96698]
123456918,140274948,2026-03-03 09:30:00,BUY,IN,0.33,1.96733,0.0,0.0,-0.33,EURNZD.p,P200/E15/TP4/Tsto2
123457718,140275991,2026-03-03 09:31:00,SELL,OUT,0.33,1.96777,8.6,0.0,-0.33,EURNZD.p,[tp 1.96777]
123493138,140323729,2026-03-03 10:15:00,SELL,IN,0.32,1.96989,0.0,0.0,-0.32,EURNZD.p,P200/E15/TP4/Tsto2
123493141,140323734,2026-03-03 10:15:00,BUY,IN,0.64,209.632,0.0,0.0,-0.64,GBPJPY.p,P200/E15/TP4/Tsto2
123496572,140328236,2026-03-03 10:17:56,BUY,OUT,0.32,1.9694500000000001,8.32,0.0,-0.32,EURNZD.p,[tp 1.96945]
123499889,140333393,2026-03-03 10:22:57,BUY,OUT,0.2,0.707,8.6,-0.13,-0.2,AUDUSD.p,[tp 0.70700]
123561797,140414942,2026-03-03 11:15:00,SELL,IN,0.33,1.9698799999999999,0.0,0.0,-0.33,EURNZD.p,P200/E15/TP4/Tsto2
123561815,140414961,2026-03-03 11:15:00,BUY,IN,0.19,0.70628,0.0,0.0,-0.19,AUDUSD.p,P200/E15/TP4/Tsto2
123675362,140557433,2026-03-03 12:34:45,SELL,OUT,0.28,1.89347,9.05,-1.3,-0.28,GBPAUD.p,[tp 1.89347]
123725210,140617793,2026-03-03 13:00:00,SELL,IN,0.27,1.89154,0.0,0.0,-0.27,GBPAUD.p,P200/E15/TP4/Tsto2
123731194,140625072,2026-03-03 13:03:10,BUY,OUT,0.27,1.8910900000000002,8.54,0.0,-0.27,GBPAUD.p,[tp 1.89109]
123881097,140805331,2026-03-03 13:54:24,BUY,OUT,0.33,1.96944,8.55,0.0,-0.33,EURNZD.p,[tp 1.96944]
123881109,140805341,2026-03-03 13:54:24,SELL,IN,0.33,1.96939,0.0,0.0,-0.33,EURNZD.p,P200/E15/TP4/Tsto2
123888707,140814359,2026-03-03 13:58:40,BUY,OUT,0.33,1.96895,8.55,0.0,-0.33,EURNZD.p,[tp 1.96895]
123890469,140816550,2026-03-03 14:00:00,SELL,IN,0.28,1.89192,0.0,0.0,-0.28,GBPAUD.p,P200/E15/TP4/Tsto2
123909667,140839258,2026-03-03 14:09:54,BUY,OUT,0.28,1.89147,8.86,0.0,-0.28,GBPAUD.p,[tp 1.89147]
123937222,140872492,2026-03-03 14:30:00,SELL,IN,0.28,1.89232,0.0,0.0,-0.28,GBPAUD.p,P200/E15/TP4/Tsto2
124022055,140971807,2026-03-03 15:15:00,SELL,IN,0.28,1.89625,0.0,0.0,-0.28,GBPAUD.p,P200/E15/TP4/Tsto2
124049817,141004689,2026-03-03 15:30:00,BUY,IN,0.34,1.96903,0.0,0.0,-0.34,EURNZD.p,P200/E15/TP4/Tsto2
124051571,141006643,2026-03-03 15:30:58,SELL,OUT,0.34,1.9695,9.42,0.0,-0.34,EURNZD.p,[tp 1.96950]
124129123,141098234,2026-03-03 16:15:00,BUY,IN,0.34,1.96909,0.0,0.0,-0.34,EURNZD.p,P200/E15/TP4/Tsto2
124129888,141099125,2026-03-03 16:15:40,SELL,OUT,0.34,1.96953,8.8,0.0,-0.34,EURNZD.p,[tp 1.96953]
124139458,141110032,2026-03-03 16:20:05,SELL,OUT,0.25,1.70305,8.79,0.0,-0.25,GBPSGD.p,[tp 1.70305]
124159469,141133068,2026-03-03 16:30:00,SELL,IN,0.56,1.90016,0.0,0.0,-0.56,GBPAUD.p,P200/E15/TP4/Tsto2
124207114,141187423,2026-03-03 16:45:00,SELL,IN,0.24,1.7017,0.0,0.0,-0.24,GBPSGD.p,P200/E15/TP4/Tsto2
124257446,141245980,2026-03-03 17:00:00,BUY,IN,0.19,0.69757,0.0,0.0,-0.19,AUDUSD.p,P200/E15/TP4/Tsto2
124313228,141310415,2026-03-03 17:17:33,BUY,OUT,0.24,1.70123,8.79,0.0,-0.24,GBPSGD.p,[tp 1.70123]
124338613,141340840,2026-03-03 17:30:00,SELL,IN,0.31,1.97454,0.0,0.0,-0.31,EURNZD.p,P200/E15/TP4/Tsto2
124343413,141346402,2026-03-03 17:31:28,BUY,OUT,0.31,1.9741,7.99,0.0,-0.31,EURNZD.p,[tp 1.97410]
124392979,141405967,2026-03-03 18:00:00,SELL,IN,0.33,1.9738,0.0,0.0,-0.33,EURNZD.p,P200/E15/TP4/Tsto2
124397899,141412147,2026-03-03 18:03:53,BUY,OUT,0.33,1.97336,8.52,0.0,-0.33,EURNZD.p,[tp 1.97336]
124418398,141436334,2026-03-03 18:15:00,SELL,IN,0.35,1.97188,0.0,0.0,-0.35,EURNZD.p,P200/E15/TP4/Tsto2
124435047,141456002,2026-03-03 18:23:53,BUY,OUT,0.35,1.9714399999999999,9.06,0.0,-0.35,EURNZD.p,[tp 1.97144]
124464716,141492122,2026-03-03 18:42:36,BUY,OUT,0.16,1.04173,8.38,-3.88,-0.16,GBPCHF.p,[tp 1.04173]
124469239,141497607,2026-03-03 18:45:04,SELL,OUT,0.19,0.70235,-74.67,0.0,-0.19,AUDUSD.p,[tp 0.70235]
124469240,141497608,2026-03-03 18:45:04,SELL,OUT,0.19,0.70235,90.82,0.0,-0.19,AUDUSD.p,[tp 0.70235]
124469273,141497647,2026-03-03 18:45:05,BUY,OUT,0.56,1.89684,130.59,0.0,-0.56,GBPAUD.p,[tp 1.89684]
124469292,141497674,2026-03-03 18:45:06,BUY,OUT,0.28,1.89677,-87.52,0.0,-0.28,GBPAUD.p,[tp 1.89677]
124469293,141497675,2026-03-03 18:45:06,BUY,OUT,0.28,1.89677,-10.23,0.0,-0.28,GBPAUD.p,[tp 1.89677]
124491852,141524952,2026-03-03 18:58:16,SELL,OUT,0.64,210.206,232.97,0.0,-0.64,GBPJPY.p,[tp 210.206]
124491889,141524996,2026-03-03 18:58:17,SELL,OUT,0.32,210.207,-129.27,0.0,-0.32,GBPJPY.p,[tp 210.207]
124491890,141524997,2026-03-03 18:58:17,SELL,OUT,0.32,210.207,-58.04,0.0,-0.32,GBPJPY.p,[tp 210.207]
124493534,141527213,2026-03-03 19:00:00,BUY,IN,0.16,1.04338,0.0,0.0,-0.16,GBPCHF.p,P200/E15/TP4/Tsto2
124519199,141558359,2026-03-03 19:15:00,SELL,IN,0.33,210.064,0.0,0.0,-0.33,GBPJPY.p,P200/E15/TP4/Tsto2
124519214,141558374,2026-03-03 19:15:00,SELL,IN,0.21,0.70192,0.0,0.0,-0.21,AUDUSD.p,P200/E15/TP4/Tsto2
124544999,141589405,2026-03-03 19:33:46,BUY,OUT,0.21,0.70149,9.03,0.0,-0.21,AUDUSD.p,[tp 0.70149]
124562407,141610244,2026-03-03 19:45:00,BUY,IN,0.3,1.89666,0.0,0.0,-0.3,GBPAUD.p,P200/E15/TP4/Tsto2
124563410,141611501,2026-03-03 19:46:03,SELL,OUT,0.3,1.89711,9.48,0.0,-0.3,GBPAUD.p,[tp 1.89711]
124580293,141632275,2026-03-03 20:00:00,SELL,IN,0.21,0.70213,0.0,0.0,-0.21,AUDUSD.p,P200/E15/TP4/Tsto2
124580299,141632283,2026-03-03 20:00:00,BUY,IN,0.3,1.89757,0.0,0.0,-0.3,GBPAUD.p,P200/E15/TP4/Tsto2
124637283,141699787,2026-03-03 20:41:13,SELL,OUT,0.16,1.04379,8.4,0.0,-0.16,GBPCHF.p,[tp 1.04379]
124661649,141728327,2026-03-03 21:00:00,SELL,IN,0.27,1.7053500000000001,0.0,0.0,-0.27,GBPSGD.p,P200/E15/TP4/Tsto2
124685768,141755848,2026-03-03 21:17:14,BUY,OUT,0.27,1.70489,9.72,0.0,-0.27,GBPSGD.p,[tp 1.70489]
124698351,141770640,2026-03-03 21:30:00,SELL,IN,0.27,1.70459,0.0,0.0,-0.27,GBPSGD.p,P200/E15/TP4/Tsto2
124733748,141812193,2026-03-03 22:00:00,BUY,IN,0.35,1.9699,0.0,0.0,-0.35,EURNZD.p,P200/E15/TP4/Tsto2
124748351,141829693,2026-03-03 22:15:29,SELL,OUT,0.35,1.97034,9.08,0.0,-0.35,EURNZD.p,[tp 1.97034]
124748360,141829705,2026-03-03 22:15:29,BUY,IN,0.35,1.97037,0.0,0.0,-0.35,EURNZD.p,P200/E15/TP4/Tsto2
124751047,141832979,2026-03-03 22:19:15,SELL,OUT,0.35,1.97082,9.29,0.0,-0.35,EURNZD.p,[tp 1.97082]
124780576,141867317,2026-03-03 22:50:50,SELL,OUT,0.3,1.89802,9.5,0.0,-0.3,GBPAUD.p,[tp 1.89802]
124826311,141919414,2026-03-03 23:47:44,SELL,OUT,0.27,1.82793,9.08,0.0,-0.27,GBPCAD.p,[tp 1.82793]
124838351,141932477,2026-03-04 00:55:43,BUY,OUT,0.21,0.70417,-42.84,-0.14,-0.21,AUDUSD.p,
124838352,141932478,2026-03-04 00:55:43,BUY,OUT,0.33,210.519,-95.26,-4.57,-0.33,GBPJPY.p,
124838353,141932479,2026-03-04 00:55:44,BUY,OUT,0.27,1.7068699999999999,-48.17,-4.01,-0.27,GBPSGD.p,
124838376,0,2026-03-04 00:56:25,2,IN,0.0,0.0,-462.85,0.0,0.0,,reset balance to 9999
124857154,141954439,2026-03-04 01:15:00,BUY,IN,0.34,1.97085,0.0,0.0,-0.34,EURNZD.p,P200/E5/TP5/Tsto2
124857169,141954470,2026-03-04 01:15:00,BUY,IN,0.32,210.551,0.0,0.0,-0.32,GBPJPY.p,P200/E5/TP5/Tsto2
124863257,141961610,2026-03-04 01:20:20,SELL,OUT,0.32,210.61,11.98,0.0,-0.32,GBPJPY.p,[tp 210.610]
124863703,141962140,2026-03-04 01:21:04,SELL,OUT,0.34,1.97145,12.02,0.0,-0.34,EURNZD.p,[tp 1.97145]
124871669,141971212,2026-03-04 01:30:00,SELL,IN,0.16,1.04451,0.0,0.0,-0.16,GBPCHF.p,P200/E5/TP5/Tsto2
124871685,141971230,2026-03-04 01:30:00,SELL,IN,0.27,1.82653,0.0,0.0,-0.27,GBPCAD.p,P200/E5/TP5/Tsto2
124880576,141981843,2026-03-04 01:45:00,SELL,IN,0.26,1.70537,0.0,0.0,-0.26,GBPSGD.p,P200/E5/TP5/Tsto2
124881612,141982992,2026-03-04 01:46:40,BUY,OUT,0.27,1.8259699999999999,11.06,0.0,-0.27,GBPCAD.p,[tp 1.82597]
124884255,141986094,2026-03-04 01:50:40,BUY,OUT,0.26,1.70476,12.42,0.0,-0.26,GBPSGD.p,[tp 1.70476]
124884497,141986375,2026-03-04 01:51:01,BUY,OUT,0.16,1.044,10.43,0.0,-0.16,GBPCHF.p,[tp 1.04400]
124922908,142039669,2026-03-04 02:45:00,BUY,IN,0.26,1.7035,0.0,0.0,-0.26,GBPSGD.p,P200/E5/TP5/Tsto2
124935158,142054148,2026-03-04 03:00:00,SELL,IN,0.28,1.9010500000000001,0.0,0.0,-0.28,GBPAUD.p,P200/E5/TP5/Tsto2
124941760,142061418,2026-03-04 03:02:42,BUY,OUT,0.28,1.9005,10.8,0.0,-0.28,GBPAUD.p,[tp 1.90050]
124991367,142120219,2026-03-04 03:45:00,BUY,IN,0.2,0.70085,0.0,0.0,-0.2,AUDUSD.p,P200/E5/TP5/Tsto2
124991379,142120231,2026-03-04 03:45:00,BUY,IN,0.32,210.141,0.0,0.0,-0.32,GBPJPY.p,P200/E5/TP5/Tsto2
124991433,142120281,2026-03-04 03:45:00,SELL,IN,0.34,1.9727299999999999,0.0,0.0,-0.34,EURNZD.p,P200/E5/TP5/Tsto2
125013429,142152525,2026-03-04 04:07:20,BUY,OUT,0.34,1.9721899999999999,10.8,0.0,-0.34,EURNZD.p,[tp 1.97219]
125018968,142162496,2026-03-04 04:12:27,SELL,OUT,0.2,0.70138,10.6,0.0,-0.2,AUDUSD.p,[tp 0.70138]
125025210,142169981,2026-03-04 04:18:39,SELL,OUT,0.26,1.70404,10.98,0.0,-0.26,GBPSGD.p,[tp 1.70404]
125048214,142196684,2026-03-04 04:45:34,SELL,OUT,0.32,210.073,-13.81,0.0,-0.32,GBPJPY.p,
125063057,142213821,2026-03-04 05:00:00,BUY,IN,0.34,1.96997,0.0,0.0,-0.34,EURNZD.p,P200/E10/TP7/Tsto6
125066234,142217343,2026-03-04 05:02:30,SELL,OUT,0.34,1.97072,15.01,0.0,-0.34,EURNZD.p,[tp 1.97072]
125091507,142246452,2026-03-04 05:30:00,BUY,IN,0.34,1.96996,0.0,0.0,-0.34,EURNZD.p,P200/E10/TP7/Tsto6
125096356,142251774,2026-03-04 05:33:45,SELL,OUT,0.34,1.97079,16.61,0.0,-0.34,EURNZD.p,[tp 1.97079]
125119202,142277775,2026-03-04 06:00:00,SELL,IN,0.28,1.9035,0.0,0.0,-0.28,GBPAUD.p,P200/E10/TP7/Tsto6
125122616,142281826,2026-03-04 06:05:43,BUY,OUT,0.28,1.90274,14.92,0.0,-0.28,GBPAUD.p,[tp 1.90274]
125129642,142289789,2026-03-04 06:15:00,SELL,IN,0.28,1.9024,0.0,0.0,-0.28,GBPAUD.p,P200/E10/TP7/Tsto6
125140132,142302052,2026-03-04 06:30:00,BUY,IN,0.34,1.9683000000000002,0.0,0.0,-0.34,EURNZD.p,P200/E10/TP7/Tsto6
125147958,142311282,2026-03-04 06:41:04,SELL,OUT,0.34,1.9690400000000001,14.82,0.0,-0.34,EURNZD.p,[tp 1.96904]
125154007,142317922,2026-03-04 06:45:00,BUY,IN,0.32,209.662,0.0,0.0,-0.32,GBPJPY.p,P200/E10/TP7/Tsto6
125173019,142340453,2026-03-04 07:12:08,SELL,OUT,0.32,209.748,17.48,0.0,-0.32,GBPJPY.p,[tp 209.748]
125175270,142343454,2026-03-04 07:15:00,BUY,IN,0.32,209.714,0.0,0.0,-0.32,GBPJPY.p,P200/E10/TP7/Tsto6
125177150,142345661,2026-03-04 07:17:05,BUY,OUT,0.28,1.90164,14.91,0.0,-0.28,GBPAUD.p,[tp 1.90164]
125185335,142355194,2026-03-04 07:30:00,BUY,IN,0.35,1.96722,0.0,0.0,-0.35,EURNZD.p,P200/E10/TP7/Tsto6
125191069,142361781,2026-03-04 07:36:08,SELL,OUT,0.35,1.9679600000000002,15.25,0.0,-0.35,EURNZD.p,[tp 1.96796]
125192959,142363854,2026-03-04 07:37:53,SELL,OUT,0.32,209.8,17.46,0.0,-0.32,GBPJPY.p,[tp 209.800]
125215945,142390161,2026-03-04 08:00:00,BUY,IN,0.35,1.96736,0.0,0.0,-0.35,EURNZD.p,P200/E10/TP7/Tsto1
125220534,142395158,2026-03-04 08:02:25,SELL,OUT,0.35,1.96828,18.96,0.0,-0.35,EURNZD.p,[tp 1.96828]
125255745,0,2026-03-04 08:28:23,2,IN,0.0,0.0,-221.36,0.0,0.0,,reset balance to 9999
125310981,142498748,2026-03-04 09:30:00,BUY,IN,0.28,1.89953,0.0,0.0,-0.28,GBPAUD.p,P200/E10/TP7/Tsto1
125311019,142498800,2026-03-04 09:30:00,BUY,IN,0.27,1.82464,0.0,0.0,-0.27,GBPCAD.p,P200/E10/TP7/Tsto1
125311912,142499855,2026-03-04 09:31:08,SELL,OUT,0.28,1.90028,14.76,0.0,-0.28,GBPAUD.p,[tp 1.90028]
125312203,142500210,2026-03-04 09:31:45,SELL,OUT,0.27,1.82545,16.01,0.0,-0.27,GBPCAD.p,[tp 1.82545]
125327320,142518344,2026-03-04 10:00:00,BUY,IN,0.28,1.90029,0.0,0.0,-0.28,GBPAUD.p,P200/E10/TP7/Tsto1
125327329,142518353,2026-03-04 10:00:00,SELL,IN,0.32,210.354,0.0,0.0,-0.32,GBPJPY.p,P200/E10/TP7/Tsto1
125327353,142518381,2026-03-04 10:00:00,SELL,IN,0.2,0.70304,0.0,0.0,-0.2,AUDUSD.p,P200/E10/TP7/Tsto1
125327382,142518421,2026-03-04 10:00:00,SELL,IN,0.27,1.82477,0.0,0.0,-0.27,GBPCAD.p,P200/E10/TP7/Tsto1
125327390,142518438,2026-03-04 10:00:00,SELL,IN,0.26,1.7058,0.0,0.0,-0.26,GBPSGD.p,P200/E10/TP7/Tsto1
125330595,142522060,2026-03-04 10:03:24,BUY,OUT,0.32,210.268,17.48,0.0,-0.32,GBPJPY.p,[tp 210.268]
125331201,142522656,2026-03-04 10:03:29,SELL,OUT,0.28,1.90104,14.75,0.0,-0.28,GBPAUD.p,[tp 1.90104]
125331961,142523538,2026-03-04 10:04:08,BUY,OUT,0.2,0.70231,14.6,0.0,-0.2,AUDUSD.p,[tp 0.70231]
125345425,142538825,2026-03-04 10:15:00,SELL,IN,0.32,210.113,0.0,0.0,-0.32,GBPJPY.p,P200/E10/TP7/Tsto1
125345442,142538843,2026-03-04 10:15:00,SELL,IN,0.2,0.70291,0.0,0.0,-0.2,AUDUSD.p,P200/E10/TP7/Tsto1
125351015,142545328,2026-03-04 10:22:00,BUY,OUT,0.27,1.82401,15.02,0.0,-0.27,GBPCAD.p,[tp 1.82401]
125351029,142545351,2026-03-04 10:22:01,SELL,IN,0.28,1.82394,0.0,0.0,-0.28,GBPCAD.p,P200/E10/TP7/Tsto1
125351321,142545692,2026-03-04 10:22:16,BUY,OUT,0.2,0.70217,14.8,0.0,-0.2,AUDUSD.p,[tp 0.70217]
125351325,142545696,2026-03-04 10:22:16,BUY,OUT,0.32,210.027,17.49,0.0,-0.32,GBPJPY.p,[tp 210.027]
125359615,142554896,2026-03-04 10:27:57,BUY,OUT,0.26,1.70506,15.06,0.0,-0.26,GBPSGD.p,[tp 1.70506]
125359625,142554906,2026-03-04 10:27:58,SELL,IN,0.26,1.70498,0.0,0.0,-0.26,GBPSGD.p,P200/E10/TP7/Tsto1
125360705,142556075,2026-03-04 10:28:38,BUY,OUT,0.28,1.82317,15.78,0.0,-0.28,GBPCAD.p,[tp 1.82317]
125362276,142557845,2026-03-04 10:30:00,SELL,IN,0.2,0.70218,0.0,0.0,-0.2,AUDUSD.p,P200/E10/TP7/Tsto1
125377815,142574945,2026-03-04 10:41:55,BUY,OUT,0.26,1.70424,15.06,0.0,-0.26,GBPSGD.p,[tp 1.70424]
125377818,142574948,2026-03-04 10:41:55,SELL,IN,0.26,1.70419,0.0,0.0,-0.26,GBPSGD.p,P200/E10/TP7/Tsto1
125384955,142582373,2026-03-04 10:45:00,BUY,IN,0.28,1.82395,0.0,0.0,-0.28,GBPCAD.p,P200/E10/TP7/Tsto1
125384961,142582379,2026-03-04 10:45:00,BUY,IN,0.34,1.96558,0.0,0.0,-0.34,EURNZD.p,P200/E10/TP7/Tsto1
125394284,142592580,2026-03-04 10:52:08,SELL,OUT,0.34,1.96632,14.85,0.0,-0.34,EURNZD.p,[tp 1.96632]
125394371,142592679,2026-03-04 10:52:17,SELL,OUT,0.28,1.82471,15.57,0.0,-0.28,GBPCAD.p,[tp 1.82471]
125401492,142600921,2026-03-04 11:00:00,BUY,IN,0.35,1.96682,0.0,0.0,-0.35,EURNZD.p,P200/E10/TP7/Tsto1
125408416,142608694,2026-03-04 11:05:33,SELL,OUT,0.35,1.96757,15.47,0.0,-0.35,EURNZD.p,[tp 1.96757]
125412318,142612898,2026-03-04 11:07:46,BUY,OUT,0.2,0.70145,14.6,0.0,-0.2,AUDUSD.p,[tp 0.70145]
125418322,142619498,2026-03-04 11:11:58,SELL,IN,0.16,1.04458,0.0,0.0,-0.16,GBPCHF.p,P200/E10/TP7/Tsto1
125450868,142654252,2026-03-04 11:30:00,SELL,IN,0.28,1.89984,0.0,0.0,-0.28,GBPAUD.p,P200/E10/TP7/Tsto1
125450871,142654256,2026-03-04 11:30:00,SELL,IN,0.34,1.9657,0.0,0.0,-0.34,EURNZD.p,P200/E10/TP7/Tsto1
125458552,142663206,2026-03-04 11:39:09,BUY,OUT,0.34,1.96495,15.08,0.0,-0.34,EURNZD.p,[tp 1.96495]
125463897,142669840,2026-03-04 11:47:12,BUY,OUT,0.28,1.89909,14.78,0.0,-0.28,GBPAUD.p,[tp 1.89909]
125503164,142719506,2026-03-04 12:30:00,BUY,IN,0.34,1.9673500000000002,0.0,0.0,-0.34,EURNZD.p,P200/E10/TP7/Tsto1
125503188,142719536,2026-03-04 12:30:00,SELL,IN,0.2,0.70497,0.0,0.0,-0.2,AUDUSD.p,P200/E10/TP7/Tsto1
125503241,142719587,2026-03-04 12:30:00,BUY,IN,0.28,1.89825,0.0,0.0,-0.28,GBPAUD.p,P200/E10/TP7/Tsto1
125515570,142735081,2026-03-04 12:43:19,SELL,OUT,0.28,1.899,14.79,0.0,-0.28,GBPAUD.p,[tp 1.89900]
125516006,142735719,2026-03-04 12:45:00,SELL,IN,0.28,1.8285,0.0,0.0,-0.28,GBPCAD.p,P200/E10/TP7/Tsto1
125516738,142736608,2026-03-04 12:46:05,SELL,OUT,0.34,1.9680900000000001,14.88,0.0,-0.34,EURNZD.p,[tp 1.96809]
125520690,142741548,2026-03-04 12:52:44,BUY,OUT,0.2,0.70424,14.6,0.0,-0.2,AUDUSD.p,[tp 0.70424]
125520691,142741551,2026-03-04 12:52:44,SELL,IN,0.21,0.70422,0.0,0.0,-0.21,AUDUSD.p,P200/E10/TP7/Tsto1
125547404,142773736,2026-03-04 13:30:00,SELL,IN,0.32,210.476,0.0,0.0,-0.32,GBPJPY.p,P200/E10/TP7/Tsto1
125550255,142777275,2026-03-04 13:33:41,BUY,OUT,0.32,210.379,19.76,0.0,-0.32,GBPJPY.p,[tp 210.379]
125559267,142788214,2026-03-04 13:45:00,SELL,IN,0.32,210.364,0.0,0.0,-0.32,GBPJPY.p,P200/E10/TP7/Tsto1
125563412,142793096,2026-03-04 13:49:56,BUY,OUT,0.32,210.263,20.57,0.0,-0.32,GBPJPY.p,[tp 210.263]
125565826,142795904,2026-03-04 13:52:29,BUY,OUT,0.28,1.82774,15.57,0.0,-0.28,GBPCAD.p,[tp 1.82774]
125565828,142795906,2026-03-04 13:52:30,SELL,IN,0.28,1.82769,0.0,0.0,-0.28,GBPCAD.p,P200/E10/TP7/Tsto1
125580981,142813510,2026-03-04 14:08:16,BUY,OUT,0.16,1.04386,14.77,0.0,-0.16,GBPCHF.p,[tp 1.04386]
125582379,142815066,2026-03-04 14:09:34,BUY,OUT,0.28,1.82693,15.59,0.0,-0.28,GBPCAD.p,[tp 1.82693]
125587528,142820992,2026-03-04 14:15:00,SELL,IN,0.35,1.9664199999999998,0.0,0.0,-0.35,EURNZD.p,P200/E10/TP7/Tsto1
125639649,142880784,2026-03-04 14:53:45,BUY,OUT,0.26,1.70344,15.29,0.0,-0.26,GBPSGD.p,[tp 1.70344]
125663651,142909373,2026-03-04 15:15:00,BUY,IN,0.26,1.70518,0.0,0.0,-0.26,GBPSGD.p,P200/E10/TP7/Tsto1
125663695,142909416,2026-03-04 15:15:00,BUY,IN,0.28,1.82734,0.0,0.0,-0.28,GBPCAD.p,P200/E10/TP7/Tsto1
125663702,142909423,2026-03-04 15:15:00,BUY,IN,0.32,210.277,0.0,0.0,-0.32,GBPJPY.p,P200/E10/TP7/Tsto1
125663706,142909428,2026-03-04 15:15:00,BUY,IN,0.16,1.04306,0.0,0.0,-0.16,GBPCHF.p,P200/E10/TP7/Tsto1
125719085,142974417,2026-03-04 16:04:55,SELL,OUT,0.16,1.04377,14.55,0.0,-0.16,GBPCHF.p,[tp 1.04377]
125719298,142974662,2026-03-04 16:05:06,SELL,OUT,0.28,1.8281,15.56,0.0,-0.28,GBPCAD.p,[tp 1.82810]
125727552,142984115,2026-03-04 16:12:25,SELL,OUT,0.32,210.363,17.49,0.0,-0.32,GBPJPY.p,[tp 210.363]
125736166,142993284,2026-03-04 16:15:00,BUY,IN,0.28,1.89661,0.0,0.0,-0.28,GBPAUD.p,P200/E10/TP7/Tsto1
125740411,142997836,2026-03-04 16:16:22,SELL,OUT,0.26,1.70594,15.49,0.0,-0.26,GBPSGD.p,[tp 1.70594]
125745416,143003400,2026-03-04 16:19:01,SELL,OUT,0.28,1.89737,15.01,0.0,-0.28,GBPAUD.p,[tp 1.89737]
125781432,143043953,2026-03-04 16:35:46,BUY,OUT,0.21,0.70348,15.54,0.0,-0.21,AUDUSD.p,[tp 0.70348]
125801887,143067609,2026-03-04 16:45:00,SELL,IN,0.28,1.82904,0.0,0.0,-0.28,GBPCAD.p,P200/E10/TP7/Tsto1
125807558,0,2026-03-04 16:47:47,2,IN,0.0,0.0,9968.37,0.0,0.0,,reset balance to 20450
125812361,143079299,2026-03-04 16:48:34,BUY,OUT,0.28,1.82823,16.57,0.0,-0.28,GBPCAD.p,[tp 1.82823]
125841107,143111906,2026-03-04 17:00:00,SELL,IN,0.64,210.11,0.0,0.0,-0.64,GBPJPY.p,P200/E10/TP7/Tsto1
125841119,143111921,2026-03-04 17:00:00,SELL,IN,0.57,1.89625,0.0,0.0,-0.57,GBPAUD.p,P200/E10/TP7/Tsto1
125841147,143111954,2026-03-04 17:00:00,SELL,IN,0.56,1.8279800000000002,0.0,0.0,-0.56,GBPCAD.p,P200/E10/TP7/Tsto1
125843516,143114524,2026-03-04 17:00:30,BUY,OUT,0.35,1.96567,15.53,0.0,-0.35,EURNZD.p,[tp 1.96567]
125845961,143117318,2026-03-04 17:01:28,BUY,OUT,0.57,1.89469,62.72,0.0,-0.57,GBPAUD.p,[tp 1.89469]
125848890,143120731,2026-03-04 17:03:07,BUY,OUT,0.56,1.8271899999999999,32.35,0.0,-0.56,GBPCAD.p,[tp 1.82719]
125933554,143218034,2026-03-04 17:45:00,BUY,IN,0.69,1.9646599999999999,0.0,0.0,-0.69,EURNZD.p,P200/E10/TP7/Tsto1
125933574,143218054,2026-03-04 17:45:00,BUY,IN,0.57,1.8946399999999999,0.0,0.0,-0.57,GBPAUD.p,P200/E10/TP7/Tsto1
125949755,143236924,2026-03-04 17:56:11,BUY,OUT,0.64,210.023,35.42,0.0,-0.64,GBPJPY.p,[tp 210.023]
125974549,143265602,2026-03-04 18:15:00,BUY,IN,0.56,1.8268,0.0,0.0,-0.56,GBPCAD.p,P200/E10/TP7/Tsto1
126005582,143302028,2026-03-04 18:41:30,SELL,OUT,0.56,1.82756,31.13,0.0,-0.56,GBPCAD.p,[tp 1.82756]
126010576,143307849,2026-03-04 18:45:00,BUY,IN,0.64,209.865,0.0,0.0,-0.64,GBPJPY.p,P200/E10/TP7/Tsto1
126010602,143307878,2026-03-04 18:45:00,BUY,IN,0.56,1.82731,0.0,0.0,-0.56,GBPCAD.p,P200/E10/TP7/Tsto1
126155475,143483863,2026-03-04 21:58:32,SELL,OUT,0.64,209.951,35.06,0.0,-0.64,GBPJPY.p,[tp 209.951]
126233487,143577641,2026-03-05 01:15:00,BUY,IN,0.63,210.035,0.0,0.0,-0.63,GBPJPY.p,P200/E10/TP7/Tsto1
126237527,143582467,2026-03-05 01:22:09,BUY,IN,0.51,1.7048299999999998,0.0,0.0,-0.51,GBPSGD.p,P200/E10/TP7/Tsto1
126297317,143652508,2026-03-05 02:54:27,SELL,OUT,0.69,1.95898,-232.96,-11.26,-0.69,EURNZD.p,
126297323,143652518,2026-03-05 02:54:27,SELL,OUT,0.57,1.88985,-193.37,-7.9,-0.57,GBPAUD.p,
126297332,143652527,2026-03-05 02:54:28,SELL,OUT,0.56,1.8248199999999999,-102.26,2.22,-0.56,GBPCAD.p,
126297334,143652531,2026-03-05 02:54:29,SELL,OUT,0.63,209.585,-181.05,0.0,-0.63,GBPJPY.p,
126297363,143652568,2026-03-05 02:54:29,SELL,OUT,0.51,1.70504,8.41,0.0,-0.51,GBPSGD.p,
126322430,143682044,2026-03-05 03:15:00,BUY,IN,0.63,209.706,0.0,0.0,-0.63,GBPJPY.p,P200/E10/TP4/Tsto1
126352019,143718869,2026-03-05 03:45:00,SELL,IN,0.4,0.70701,0.0,0.0,-0.4,AUDUSD.p,P200/E10/TP4/Tsto1
126361130,143730247,2026-03-05 03:55:21,BUY,OUT,0.4,0.70658,17.2,0.0,-0.4,AUDUSD.p,[tp 0.70658]
126377159,143750801,2026-03-05 04:15:00,BUY,IN,0.4,0.70707,0.0,0.0,-0.4,AUDUSD.p,P200/E10/TP4/Tsto1
126377163,143750806,2026-03-05 04:15:00,SELL,IN,0.56,1.89087,0.0,0.0,-0.56,GBPAUD.p,P200/E10/TP4/Tsto1
126404361,143784389,2026-03-05 04:46:26,BUY,OUT,0.56,1.8904100000000001,18.21,0.0,-0.56,GBPAUD.p,[tp 1.89041]
126404365,143784393,2026-03-05 04:46:27,SELL,IN,0.56,1.8903699999999999,0.0,0.0,-0.56,GBPAUD.p,P200/E10/TP4/Tsto1
126419360,143802304,2026-03-05 05:00:04,BUY,OUT,0.56,1.88992,17.82,0.0,-0.56,GBPAUD.p,[tp 1.88992]
126420426,143803591,2026-03-05 05:01:07,SELL,OUT,0.63,209.762,22.48,0.0,-0.63,GBPJPY.p,[tp 209.762]
126431018,143816950,2026-03-05 05:15:00,SELL,IN,0.63,209.563,0.0,0.0,-0.63,GBPJPY.p,P200/E10/TP4/Tsto1
126437029,143824885,2026-03-05 05:25:21,BUY,OUT,0.63,209.507,22.48,0.0,-0.63,GBPJPY.p,[tp 209.507]
126439322,143827947,2026-03-05 05:30:00,BUY,IN,0.67,1.95773,0.0,0.0,-0.67,EURNZD.p,P200/E10/TP4/Tsto1
126441208,143830085,2026-03-05 05:31:00,SELL,OUT,0.67,1.95851,30.98,0.0,-0.67,EURNZD.p,[tp 1.95851]
126457358,143850729,2026-03-05 06:00:00,BUY,IN,0.63,209.445,0.0,0.0,-0.63,GBPJPY.p,P200/E10/TP3/Tsto1
126462379,143856435,2026-03-05 06:05:41,SELL,OUT,0.63,209.492,18.85,0.0,-0.63,GBPJPY.p,[tp 209.492]
126466190,143861060,2026-03-05 06:15:00,BUY,IN,0.63,209.521,0.0,0.0,-0.63,GBPJPY.p,P200/E10/TP3/Tsto1
126473384,143869824,2026-03-05 06:30:00,SELL,IN,0.57,1.8902299999999999,0.0,0.0,-0.57,GBPAUD.p,P200/E10/TP3/Tsto1
126475903,143872969,2026-03-05 06:35:50,BUY,OUT,0.57,1.8898700000000002,14.47,0.0,-0.57,GBPAUD.p,[tp 1.88987]
126491005,143891041,2026-03-05 07:00:00,BUY,IN,0.55,1.82019,0.0,0.0,-0.55,GBPCAD.p,P200/E10/TP3/Tsto1
126493107,143893602,2026-03-05 07:02:24,SELL,OUT,0.63,209.567,18.44,0.0,-0.63,GBPJPY.p,[tp 209.567]
126493178,143893757,2026-03-05 07:02:54,BUY,IN,0.63,209.583,0.0,0.0,-0.63,GBPJPY.p,P200/E10/TP3/Tsto1
126499469,143901712,2026-03-05 07:15:00,BUY,IN,0.4,0.70548,0.0,0.0,-0.4,AUDUSD.p,P200/E10/TP3/Tsto1
126520503,143927035,2026-03-05 07:43:06,SELL,OUT,0.55,1.82056,14.9,0.0,-0.55,GBPCAD.p,[tp 1.82056]
126522113,143928992,2026-03-05 07:45:00,BUY,IN,0.54,1.8204799999999999,0.0,0.0,-0.54,GBPCAD.p,P200/E10/TP3/Tsto1
126593957,144015176,2026-03-05 08:38:27,BUY,IN,72.56,1.70167,0.0,0.0,-72.56,GBPSGD.p,P200/E10/TP3/Tsto1
126599094,144021358,2026-03-05 08:43:14,SELL,OUT,72.56,1.70207,2272.12,0.0,-72.56,GBPSGD.p,[tp 1.70207]
126600273,144022769,2026-03-05 08:45:00,SELL,IN,0.34,1.04057,0.0,0.0,-0.34,GBPCHF.p,P200/E10/TP3/Tsto1
126605727,144029315,2026-03-05 08:50:10,BUY,OUT,0.34,1.04026,13.51,0.0,-0.34,GBPCHF.p,[tp 1.04026]
126616817,144042960,2026-03-05 09:00:00,SELL,IN,0.63,1.89185,0.0,0.0,-0.63,GBPAUD.p,P200/E10/TP3/Tsto1
126632916,144062222,2026-03-05 09:15:00,BUY,IN,92.0,1.95817,0.0,0.0,-92.0,EURNZD.p,P200/E10/TP3/Tsto1
126633923,144063492,2026-03-05 09:16:35,SELL,OUT,92.0,1.95816,-54.51,0.0,-92.0,EURNZD.p,
126643325,144074963,2026-03-05 09:31:59,SELL,OUT,0.63,209.629,18.45,0.0,-0.63,GBPJPY.p,[tp 209.629]
126643560,144075265,2026-03-05 09:32:33,SELL,OUT,0.54,1.82084,14.25,0.0,-0.54,GBPCAD.p,[tp 1.82084]
126660718,144096322,2026-03-05 10:00:00,SELL,IN,0.34,1.0413000000000001,0.0,0.0,-0.34,GBPCHF.p,P200/E10/TP3/Tsto1
126660741,144096356,2026-03-05 10:00:00,SELL,IN,0.55,1.704,0.0,0.0,-0.55,GBPSGD.p,P200/E10/TP3/Tsto1
126660752,144096368,2026-03-05 10:00:00,SELL,IN,0.58,1.82027,0.0,0.0,-0.58,GBPCAD.p,P200/E10/TP3/Tsto1
126661617,144097424,2026-03-05 10:01:06,BUY,OUT,0.58,1.81985,17.85,0.0,-0.58,GBPCAD.p,[tp 1.81985]
126662090,144097932,2026-03-05 10:01:19,BUY,OUT,0.55,1.70363,15.93,0.0,-0.55,GBPSGD.p,[tp 1.70363]
126662687,144098584,2026-03-05 10:01:51,BUY,OUT,0.34,1.04099,13.5,0.0,-0.34,GBPCHF.p,[tp 1.04099]
126685501,144124297,2026-03-05 10:15:00,SELL,IN,0.68,209.601,0.0,0.0,-0.68,GBPJPY.p,P200/E10/TP3/Tsto1
126685575,144124373,2026-03-05 10:15:00,BUY,IN,0.01,0.70181,0.0,0.0,-0.01,AUDUSD.p,P200/E10/TP3/Tsto1
126685612,144124413,2026-03-05 10:15:00,SELL,IN,0.55,1.7032500000000002,0.0,0.0,-0.55,GBPSGD.p,P200/E10/TP3/Tsto1
126695465,144135643,2026-03-05 10:23:07,BUY,OUT,0.68,209.555,19.88,0.0,-0.68,GBPJPY.p,[tp 209.555]
126698397,144139288,2026-03-05 10:26:05,BUY,OUT,0.55,1.7029,15.05,0.0,-0.55,GBPSGD.p,[tp 1.70290]
126711685,144155869,2026-03-05 10:45:00,SELL,IN,0.73,1.96184,0.0,0.0,-0.73,EURNZD.p,P200/E10/TP3/Tsto1
126718079,144164063,2026-03-05 10:56:50,BUY,OUT,0.73,1.9615,14.68,0.0,-0.73,EURNZD.p,[tp 1.96150]
126719893,144166368,2026-03-05 11:00:00,SELL,IN,0.74,1.9611,0.0,0.0,-0.74,EURNZD.p,P200/E10/TP3/Tsto1
126722390,144169380,2026-03-05 11:03:57,BUY,OUT,0.74,1.96076,14.89,0.0,-0.74,EURNZD.p,[tp 1.96076]
126725294,144172787,2026-03-05 11:06:21,SELL,OUT,0.4,0.70574,10.4,0.0,-0.4,AUDUSD.p,[tp 0.70574]
126725295,144172788,2026-03-05 11:06:21,SELL,OUT,0.01,0.70574,3.93,0.0,-0.01,AUDUSD.p,[tp 0.70574]
126725317,144172810,2026-03-05 11:06:21,BUY,IN,0.44,0.7058,0.0,0.0,-0.44,AUDUSD.p,P200/E10/TP3/Tsto1
126726626,144174370,2026-03-05 11:07:17,SELL,OUT,0.44,0.70613,14.52,0.0,-0.44,AUDUSD.p,[tp 0.70613]
126731831,144180640,2026-03-05 11:11:26,BUY,OUT,0.63,1.8915,15.59,0.0,-0.63,GBPAUD.p,[tp 1.89150]
126731838,144180647,2026-03-05 11:11:26,SELL,IN,0.63,1.89143,0.0,0.0,-0.63,GBPAUD.p,P200/E10/TP3/Tsto1
126748724,144201625,2026-03-05 11:30:00,SELL,IN,0.44,0.70521,0.0,0.0,-0.44,AUDUSD.p,P200/E10/TP3/Tsto1
126748729,144201634,2026-03-05 11:30:00,SELL,IN,0.69,209.782,0.0,0.0,-0.69,GBPJPY.p,P200/E10/TP3/Tsto1
126748770,144201674,2026-03-05 11:30:00,SELL,IN,0.6,1.82256,0.0,0.0,-0.6,GBPCAD.p,P200/E10/TP3/Tsto1
126748775,144201681,2026-03-05 11:30:00,SELL,IN,0.56,1.70431,0.0,0.0,-0.56,GBPSGD.p,P200/E10/TP3/Tsto1
126748784,144201691,2026-03-05 11:30:00,BUY,IN,0.74,1.95977,0.0,0.0,-0.74,EURNZD.p,P200/E10/TP3/Tsto1
126749086,144202101,2026-03-05 11:30:46,SELL,OUT,0.74,1.9603199999999998,24.14,0.0,-0.74,EURNZD.p,[tp 1.96032]
126749408,144202449,2026-03-05 11:30:57,BUY,OUT,0.44,0.70462,25.96,0.0,-0.44,AUDUSD.p,[tp 0.70462]
126752187,144205732,2026-03-05 11:34:33,BUY,OUT,0.6,1.82211,19.78,0.0,-0.6,GBPCAD.p,[tp 1.82211]
126752234,144205795,2026-03-05 11:34:40,BUY,OUT,0.69,209.733,21.52,0.0,-0.69,GBPJPY.p,[tp 209.733]
126752235,144205796,2026-03-05 11:34:40,BUY,OUT,0.56,1.7038799999999998,18.87,0.0,-0.56,GBPSGD.p,[tp 1.70388]
126761655,144216915,2026-03-05 11:45:00,SELL,IN,0.6,1.82138,0.0,0.0,-0.6,GBPCAD.p,P200/E10/TP3/Tsto1
126761663,144216926,2026-03-05 11:45:00,SELL,IN,0.69,209.772,0.0,0.0,-0.69,GBPJPY.p,P200/E10/TP3/Tsto1
126761698,144216969,2026-03-05 11:45:00,SELL,IN,0.44,0.70451,0.0,0.0,-0.44,AUDUSD.p,P200/E10/TP3/Tsto1
126761700,144216971,2026-03-05 11:45:00,SELL,IN,0.56,1.7039499999999999,0.0,0.0,-0.56,GBPSGD.p,P200/E10/TP3/Tsto1
126764369,144220487,2026-03-05 11:49:10,BUY,OUT,0.44,0.70418,14.52,0.0,-0.44,AUDUSD.p,[tp 0.70418]
126766724,144223607,2026-03-05 11:53:08,BUY,OUT,0.56,1.70362,14.48,0.0,-0.56,GBPSGD.p,[tp 1.70362]
126767789,144225104,2026-03-05 11:55:52,BUY,OUT,0.6,1.8210199999999999,15.83,0.0,-0.6,GBPCAD.p,[tp 1.82102]
126781407,144241841,2026-03-05 12:15:00,SELL,IN,0.6,1.82196,0.0,0.0,-0.6,GBPCAD.p,P200/E10/TP3/Tsto1
126782029,144242632,2026-03-05 12:16:21,BUY,OUT,0.6,1.82148,21.1,0.0,-0.6,GBPCAD.p,[tp 1.82148]
126788165,144250397,2026-03-05 12:30:00,SELL,IN,0.75,1.96251,0.0,0.0,-0.75,EURNZD.p,P200/E10/TP3/Tsto1
126790086,144252665,2026-03-05 12:32:25,BUY,OUT,0.75,1.96216,15.54,0.0,-0.75,EURNZD.p,[tp 1.96216]
126796071,144260212,2026-03-05 12:41:59,BUY,OUT,0.69,209.726,20.18,0.0,-0.69,GBPJPY.p,[tp 209.726]
126796851,144261480,2026-03-05 12:45:00,SELL,IN,0.7,209.755,0.0,0.0,-0.7,GBPJPY.p,P200/E10/TP3/Tsto1
126796860,144261489,2026-03-05 12:45:00,SELL,IN,0.75,1.9621499999999998,0.0,0.0,-0.75,EURNZD.p,P200/E10/TP3/Tsto1
126796870,144261501,2026-03-05 12:45:00,SELL,IN,0.61,1.81979,0.0,0.0,-0.61,GBPCAD.p,P200/E10/TP3/Tsto1
126797138,144261897,2026-03-05 12:45:49,BUY,OUT,0.75,1.96169,20.42,0.0,-0.75,EURNZD.p,[tp 1.96169]
126804649,144271435,2026-03-05 13:00:00,BUY,IN,0.34,1.04197,0.0,0.0,-0.34,GBPCHF.p,P200/E10/TP3/Tsto1
126817647,144288420,2026-03-05 13:30:00,BUY,IN,0.74,1.95972,0.0,0.0,-0.74,EURNZD.p,P200/E10/TP3/Tsto1
126819534,144290824,2026-03-05 13:34:25,SELL,OUT,0.74,1.96006,14.9,0.0,-0.74,EURNZD.p,[tp 1.96006]
126826894,144300418,2026-03-05 13:50:16,SELL,OUT,0.34,1.04228,13.51,0.0,-0.34,GBPCHF.p,[tp 1.04228]
126830704,144305530,2026-03-05 14:00:00,BUY,IN,0.74,1.9603000000000002,0.0,0.0,-0.74,EURNZD.p,P200/E10/TP3/Tsto1
126832209,144307379,2026-03-05 14:02:18,SELL,OUT,0.74,1.9606400000000002,14.9,0.0,-0.74,EURNZD.p,[tp 1.96064]
126839766,144316575,2026-03-05 14:15:00,SELL,IN,0.34,1.0419100000000001,0.0,0.0,-0.34,GBPCHF.p,P200/E10/TP3/Tsto1
126843612,144321357,2026-03-05 14:21:05,SELL,IN,0.56,1.70702,0.0,0.0,-0.56,GBPSGD.p,P200/E10/TP3/Tsto1
126844697,144322655,2026-03-05 14:22:09,BUY,OUT,0.56,1.70649,23.25,0.0,-0.56,GBPSGD.p,[tp 1.70649]
126844950,144322942,2026-03-05 14:22:25,BUY,OUT,0.34,1.0416,13.53,0.0,-0.34,GBPCHF.p,[tp 1.04160]
126848697,144327701,2026-03-05 14:30:00,SELL,IN,0.34,1.04137,0.0,0.0,-0.34,GBPCHF.p,P200/E10/TP3/Tsto1
126860619,144343788,2026-03-05 15:00:00,SELL,IN,0.74,1.96167,0.0,0.0,-0.74,EURNZD.p,P200/E10/TP3/Tsto1
126886251,144374069,2026-03-05 15:17:52,BUY,OUT,0.61,1.81943,16.13,0.0,-0.61,GBPCAD.p,[tp 1.81943]
126945218,144441676,2026-03-05 15:45:00,BUY,IN,0.58,1.82083,0.0,0.0,-0.58,GBPCAD.p,P200/E10/TP3/Tsto1
126964261,144463831,2026-03-05 15:58:07,SELL,OUT,0.58,1.82119,15.3,0.0,-0.58,GBPCAD.p,[tp 1.82119]
126981884,144484786,2026-03-05 16:10:25,SELL,OUT,0.4,0.70341,-146.4,0.0,-0.4,AUDUSD.p,
126981893,144484795,2026-03-05 16:10:26,BUY,OUT,0.74,1.9634800000000001,-79.18,0.0,-0.74,EURNZD.p,
126981898,144484800,2026-03-05 16:10:26,BUY,OUT,0.63,1.89887,-329.71,0.0,-0.63,GBPAUD.p,
126981904,144484809,2026-03-05 16:10:27,BUY,OUT,0.34,1.04269,-57.49,0.0,-0.34,GBPCHF.p,
126981907,144484814,2026-03-05 16:10:28,BUY,OUT,0.7,210.557,-356.14,0.0,-0.7,GBPJPY.p,
126982407,0,2026-03-05 16:10:49,2,IN,0.0,0.0,-11555.55,0.0,0.0,,reset balance to 10000
127010983,144519344,2026-03-05 16:30:00,SELL,IN,0.32,210.453,0.0,0.0,-0.32,GBPJPY.p,P200/E10/TP2/Tsto2
127011066,144519426,2026-03-05 16:30:00,SELL,IN,0.27,1.82125,0.0,0.0,-0.27,GBPCAD.p,P200/E10/TP2/Tsto2
127027081,144537358,2026-03-05 16:36:19,BUY,OUT,0.32,210.417,7.31,0.0,-0.32,GBPJPY.p,[tp 210.417]
127029440,144539969,2026-03-05 16:37:03,BUY,OUT,0.27,1.82099,5.14,0.0,-0.27,GBPCAD.p,[tp 1.82099]
127085116,144603162,2026-03-05 17:00:00,BUY,IN,0.2,0.70372,0.0,0.0,-0.2,AUDUSD.p,P200/E10/TP2/Tsto2
127085130,144603179,2026-03-05 17:00:00,BUY,IN,0.16,1.04158,0.0,0.0,-0.16,GBPCHF.p,P200/E10/TP2/Tsto2
127085154,144603221,2026-03-05 17:00:00,BUY,IN,0.32,210.274,0.0,0.0,-0.32,GBPJPY.p,P200/E10/TP2/Tsto2
127085163,144603231,2026-03-05 17:00:00,SELL,IN,0.28,1.89628,0.0,0.0,-0.28,GBPAUD.p,P200/E10/TP2/Tsto2
127087354,144605739,2026-03-05 17:00:50,BUY,OUT,0.28,1.8951500000000001,22.28,0.0,-0.28,GBPAUD.p,[tp 1.89515]
127092977,144611983,2026-03-05 17:02:56,SELL,OUT,0.2,0.70441,13.8,0.0,-0.2,AUDUSD.p,[tp 0.70441]
127102460,144622491,2026-03-05 17:06:11,SELL,OUT,0.16,1.04112,-9.43,0.0,-0.16,GBPCHF.p,
127102476,144622513,2026-03-05 17:06:12,SELL,OUT,0.32,210.094,-36.59,0.0,-0.32,GBPJPY.p,
127103755,0,2026-03-05 17:06:51,2,IN,0.0,0.0,-0.41,0.0,0.0,,reset balance to 9999
127126921,144650013,2026-03-05 17:15:00,BUY,IN,0.28,1.89729,0.0,0.0,-0.28,GBPAUD.p,P200/E10/TP2/Tsto2
127129482,144652948,2026-03-05 17:16:12,SELL,OUT,0.28,1.8975499999999998,5.12,0.0,-0.28,GBPAUD.p,[tp 1.89755]
127186919,144718913,2026-03-05 17:45:00,SELL,IN,37.56,1.82202,0.0,0.0,-37.56,GBPCAD.p,P200/E10/TP2/Tsto2
127191134,144723750,2026-03-05 17:47:35,BUY,OUT,37.56,1.82176,713.49,0.0,-37.56,GBPCAD.p,[tp 1.82176]
127207921,144743727,2026-03-05 18:00:00,BUY,IN,0.21,0.70133,0.0,0.0,-0.21,AUDUSD.p,P200/E10/TP2/Tsto2
127207938,144743746,2026-03-05 18:00:00,SELL,IN,0.3,1.89968,0.0,0.0,-0.3,GBPAUD.p,P200/E10/TP2/Tsto2
127207939,144743747,2026-03-05 18:00:00,BUY,IN,0.17,1.04168,0.0,0.0,-0.17,GBPCHF.p,P200/E10/TP2/Tsto2
127228585,144767754,2026-03-05 18:15:00,BUY,IN,38.95,1.7043599999999999,0.0,0.0,-38.95,GBPSGD.p,P200/E10/TP2/Tsto2
127234553,144774896,2026-03-05 18:20:21,SELL,OUT,38.95,1.7046299999999999,821.11,0.0,-38.95,GBPSGD.p,[tp 1.70463]
127238181,144779063,2026-03-05 18:22:21,SELL,OUT,0.17,1.04189,4.5600000000000005,0.0,-0.17,GBPCHF.p,[tp 1.04189]
127249405,144792014,2026-03-05 18:30:00,SELL,IN,0.38,1.9671699999999999,0.0,0.0,-0.38,EURNZD.p,P200/E10/TP2/Tsto2
127253789,144796944,2026-03-05 18:31:39,BUY,OUT,0.38,1.96692,5.59,0.0,-0.38,EURNZD.p,[tp 1.96692]
127271668,144818215,2026-03-05 18:45:00,BUY,IN,0.36,209.942,0.0,0.0,-0.36,GBPJPY.p,P200/E10/TP2/Tsto2
127271678,144818225,2026-03-05 18:45:00,SELL,IN,0.38,1.96646,0.0,0.0,-0.38,EURNZD.p,P200/E10/TP2/Tsto2
127271698,144818245,2026-03-05 18:45:00,BUY,IN,0.28,1.70526,0.0,0.0,-0.28,GBPSGD.p,P200/E10/TP2/Tsto2
127274655,144821878,2026-03-05 18:48:33,BUY,OUT,0.38,1.96621,5.59,0.0,-0.38,EURNZD.p,[tp 1.96621]
127287406,144837709,2026-03-05 19:02:16,SELL,OUT,0.28,1.70554,6.12,0.0,-0.28,GBPSGD.p,[tp 1.70554]
127287831,144838204,2026-03-05 19:02:34,SELL,OUT,0.36,209.978,8.22,0.0,-0.36,GBPJPY.p,[tp 209.978]
127298797,144851783,2026-03-05 19:15:00,BUY,IN,0.36,210.005,0.0,0.0,-0.36,GBPJPY.p,P200/E10/TP2/Tsto2
127308954,144864874,2026-03-05 19:28:10,SELL,OUT,0.36,210.041,8.22,0.0,-0.36,GBPJPY.p,[tp 210.041]
127363894,144929067,2026-03-05 20:00:00,SELL,IN,0.35,210.192,0.0,0.0,-0.35,GBPJPY.p,P200/E10/TP2/Tsto2
127371003,144937369,2026-03-05 20:03:50,BUY,OUT,0.35,210.156,7.99,0.0,-0.35,GBPJPY.p,[tp 210.156]
127382777,144951450,2026-03-05 20:15:00,SELL,IN,0.38,1.96971,0.0,0.0,-0.38,EURNZD.p,P200/E10/TP2/Tsto2
127382787,144951460,2026-03-05 20:15:00,SELL,IN,0.31,1.8251,0.0,0.0,-0.31,GBPCAD.p,P200/E10/TP2/Tsto2
127382806,144951478,2026-03-05 20:15:00,SELL,IN,0.35,210.177,0.0,0.0,-0.35,GBPJPY.p,P200/E10/TP2/Tsto2
127385026,144954055,2026-03-05 20:16:53,BUY,OUT,0.31,1.82484,5.89,0.0,-0.31,GBPCAD.p,[tp 1.82484]
127385260,144954366,2026-03-05 20:17:16,BUY,OUT,0.38,1.96947,5.36,0.0,-0.38,EURNZD.p,[tp 1.96947]
127389991,144959933,2026-03-05 20:21:07,BUY,OUT,0.35,210.141,7.99,0.0,-0.35,GBPJPY.p,[tp 210.141]
127403096,144974928,2026-03-05 20:30:00,SELL,IN,0.28,1.70947,0.0,0.0,-0.28,GBPSGD.p,P200/E10/TP2/Tsto2
127418091,144993268,2026-03-05 20:45:00,SELL,IN,0.38,1.9691999999999998,0.0,0.0,-0.38,EURNZD.p,P200/E10/TP2/Tsto2
127429400,145008116,2026-03-05 21:00:00,SELL,IN,0.35,210.273,0.0,0.0,-0.35,GBPJPY.p,P200/E10/TP2/Tsto2
127429403,145008119,2026-03-05 21:00:00,SELL,IN,0.31,1.8246099999999998,0.0,0.0,-0.31,GBPCAD.p,P200/E10/TP2/Tsto2
127431987,145011244,2026-03-05 21:02:29,BUY,OUT,0.38,1.96896,5.37,0.0,-0.38,EURNZD.p,[tp 1.96896]
127435074,145015369,2026-03-05 21:06:31,BUY,OUT,0.31,1.82435,5.89,0.0,-0.31,GBPCAD.p,[tp 1.82435]
127437533,145018775,2026-03-05 21:10:42,BUY,OUT,0.35,210.237,7.99,0.0,-0.35,GBPJPY.p,[tp 210.237]
127452750,145038715,2026-03-05 21:30:00,BUY,IN,0.31,1.82477,0.0,0.0,-0.31,GBPCAD.p,P200/E10/TP2/Tsto2
127455333,145041777,2026-03-05 21:32:34,SELL,OUT,0.31,1.82503,5.88,0.0,-0.31,GBPCAD.p,[tp 1.82503]
127464795,145053953,2026-03-05 21:45:00,SELL,IN,0.35,210.257,0.0,0.0,-0.35,GBPJPY.p,P200/E10/TP2/Tsto2
127475692,145067139,2026-03-05 21:57:49,BUY,OUT,0.35,210.221,7.98,0.0,-0.35,GBPJPY.p,[tp 210.221]
127495046,145090109,2026-03-05 22:15:00,BUY,IN,0.31,1.82673,0.0,0.0,-0.31,GBPCAD.p,P200/E10/TP2/Tsto2
127513339,145111448,2026-03-05 22:30:00,SELL,IN,0.35,210.332,0.0,0.0,-0.35,GBPJPY.p,P200/E10/TP2/Tsto2
127604870,145227960,2026-03-06 02:01:01,BUY,OUT,0.35,210.286,10.22,-4.85,-0.35,GBPJPY.p,[tp 210.286]
127612336,145237606,2026-03-06 02:10:04,SELL,OUT,0.21,0.70156,4.83,-0.14,-0.21,AUDUSD.p,[tp 0.70156]
127633974,0,2026-03-06 02:43:23,2,IN,0.0,0.0,-1482.79,0.0,0.0,,reset balance to 9999
127634698,145266504,2026-03-06 02:44:17,BUY,OUT,0.3,1.9032499999999999,-75.2,-1.27,-0.3,GBPAUD.p,
127634734,145266540,2026-03-06 02:44:18,SELL,OUT,0.31,1.82569,-23.6,0.41,-0.31,GBPCAD.p,
127634794,145266603,2026-03-06 02:44:18,BUY,OUT,0.28,1.71024,-16.85,-4.15,-0.28,GBPSGD.p,
127635974,0,2026-03-06 02:44:53,2,IN,0.0,0.0,121.55,0.0,0.0,,reset balance to 9999
127679362,145324086,2026-03-06 03:30:00,BUY,IN,0.3,1.96598,0.0,0.0,-0.3,EURNZD.p,930/E10/TP2/Tsto2
127679364,145324088,2026-03-06 03:30:00,SELL,IN,0.3,210.469,0.0,0.0,-0.3,GBPJPY.p,930/E10/TP2/Tsto2
127681414,145326830,2026-03-06 03:32:06,SELL,OUT,0.3,1.9662199999999999,4.25,0.0,-0.3,EURNZD.p,[tp 1.96622]
127742328,145408126,2026-03-06 04:45:00,BUY,IN,0.3,1.96489,0.0,0.0,-0.3,EURNZD.p,930/E10/TP2/Tsto2
127742870,145408870,2026-03-06 04:46:12,SELL,OUT,0.3,1.9651399999999999,4.43,0.0,-0.3,EURNZD.p,[tp 1.96514]
127750376,145418946,2026-03-06 05:00:00,BUY,IN,0.3,1.96604,0.0,0.0,-0.3,EURNZD.p,930/E10/TP2/Tsto2
127750394,145418982,2026-03-06 05:00:00,BUY,IN,0.3,1.89968,0.0,0.0,-0.3,GBPAUD.p,930/E10/TP2/Tsto2
127768534,145440832,2026-03-06 05:24:48,SELL,OUT,0.3,1.9662899999999999,4.43,0.0,-0.3,EURNZD.p,[tp 1.96629]
127773630,145448453,2026-03-06 05:37:24,SELL,OUT,0.3,1.89993,5.28,0.0,-0.3,GBPAUD.p,[tp 1.89993]
127780753,145458364,2026-03-06 06:00:00,SELL,IN,0.3,1.96589,0.0,0.0,-0.3,EURNZD.p,930/E10/TP2/Tsto2
127781474,145459582,2026-03-06 06:02:36,BUY,OUT,0.3,1.96563,4.61,0.0,-0.3,EURNZD.p,[tp 1.96563]
127788866,145469826,2026-03-06 06:30:00,BUY,IN,0.3,1.89991,0.0,0.0,-0.3,GBPAUD.p,930/E10/TP2/Tsto2
127789774,145471021,2026-03-06 06:32:09,SELL,OUT,0.3,1.90019,5.91,0.0,-0.3,GBPAUD.p,[tp 1.90019]
127805303,145492421,2026-03-06 07:15:00,SELL,IN,0.3,1.89995,0.0,0.0,-0.3,GBPAUD.p,930/E10/TP2/Tsto2
127811177,145500195,2026-03-06 07:29:55,BUY,OUT,0.3,1.8997000000000002,5.28,0.0,-0.3,GBPAUD.p,[tp 1.89970]
127832958,145528975,2026-03-06 08:00:00,BUY,IN,0.3,1.9002400000000002,0.0,0.0,-0.3,GBPAUD.p,930/E10/TP2/Tsto2
127854509,145559597,2026-03-06 08:45:00,SELL,IN,0.3,210.953,0.0,0.0,-0.3,GBPJPY.p,930/E10/TP2/Tsto2
127882861,145596157,2026-03-06 09:32:43,BUY,OUT,0.3,210.675,-39.2,0.0,-0.3,GBPJPY.p,[tp 210.675]
127882862,145596158,2026-03-06 09:32:43,BUY,OUT,0.3,210.675,52.9,0.0,-0.3,GBPJPY.p,[tp 210.675]
127921103,145642827,2026-03-06 10:29:54,SELL,OUT,0.3,1.9005,5.49,0.0,-0.3,GBPAUD.p,[tp 1.90050]
127921361,145643141,2026-03-06 10:30:00,BUY,IN,0.3,210.612,0.0,0.0,-0.3,GBPJPY.p,930/E10/TP2/Tsto2
127925275,145647714,2026-03-06 10:32:40,SELL,OUT,0.3,210.648,6.85,0.0,-0.3,GBPJPY.p,[tp 210.648]
127932153,145656911,2026-03-06 10:45:00,BUY,IN,0.3,210.775,0.0,0.0,-0.3,GBPJPY.p,930/E10/TP2/Tsto2
127932164,145656923,2026-03-06 10:45:00,SELL,IN,0.3,1.90014,0.0,0.0,-0.3,GBPAUD.p,930/E10/TP2/Tsto2
127933863,145658847,2026-03-06 10:46:59,BUY,OUT,0.3,1.89989,5.28,0.0,-0.3,GBPAUD.p,[tp 1.89989]
127939328,145665670,2026-03-06 11:00:00,SELL,IN,0.3,1.89871,0.0,0.0,-0.3,GBPAUD.p,930/E10/TP2/Tsto2
128010733,145751355,2026-03-06 12:15:00,BUY,IN,0.3,0.70033,0.0,0.0,-0.3,AUDUSD.p,930/E10/TP2/Tsto2
128010761,145751384,2026-03-06 12:15:00,BUY,IN,0.3,1.82273,0.0,0.0,-0.3,GBPCAD.p,930/E10/TP2/Tsto2
128012501,145753485,2026-03-06 12:17:38,SELL,OUT,0.3,0.70056,6.9,0.0,-0.3,AUDUSD.p,[tp 0.70056]
128021088,145764137,2026-03-06 12:30:00,BUY,IN,0.3,0.70063,0.0,0.0,-0.3,AUDUSD.p,930/E10/TP2/Tsto2
128021107,145764160,2026-03-06 12:30:00,SELL,IN,0.3,1.97075,0.0,0.0,-0.3,EURNZD.p,930/E10/TP2/Tsto2
128025431,145769134,2026-03-06 12:34:45,BUY,OUT,0.3,1.97051,4.23,0.0,-0.3,EURNZD.p,[tp 1.97051]
128026025,145769885,2026-03-06 12:35:38,SELL,OUT,0.3,0.70086,6.9,0.0,-0.3,AUDUSD.p,[tp 0.70086]
128031114,145776528,2026-03-06 12:45:00,SELL,IN,0.3,1.97038,0.0,0.0,-0.3,EURNZD.p,930/E10/TP2/Tsto2
128032724,145778597,2026-03-06 12:47:07,BUY,OUT,0.3,1.9701300000000002,4.41,0.0,-0.3,EURNZD.p,[tp 1.97013]
128040532,145788139,2026-03-06 13:00:00,SELL,IN,0.3,1.9690699999999999,0.0,0.0,-0.3,EURNZD.p,930/E10/TP2/Tsto2
128040541,145788145,2026-03-06 13:00:00,BUY,IN,0.3,0.70103,0.0,0.0,-0.3,AUDUSD.p,930/E10/TP2/Tsto2
128041323,145789048,2026-03-06 13:01:05,BUY,OUT,0.3,1.9687299999999999,6.0,0.0,-0.3,EURNZD.p,[tp 1.96873]
128050048,145799669,2026-03-06 13:12:15,SELL,OUT,0.3,0.70126,6.9,0.0,-0.3,AUDUSD.p,[tp 0.70126]
128061451,145813514,2026-03-06 13:30:00,SELL,IN,0.3,1.96947,0.0,0.0,-0.3,EURNZD.p,930/E10/TP2/Tsto2
128066754,145819863,2026-03-06 13:35:23,BUY,OUT,0.3,1.96923,4.23,0.0,-0.3,EURNZD.p,[tp 1.96923]
128110682,145871458,2026-03-06 14:15:00,SELL,IN,0.3,1.96939,0.0,0.0,-0.3,EURNZD.p,930/E10/TP2/Tsto2
128120428,145883979,2026-03-06 14:30:00,BUY,IN,0.3,0.70019,0.0,0.0,-0.3,AUDUSD.p,930/E10/TP2/Tsto2
128122718,145886746,2026-03-06 14:32:42,SELL,OUT,0.3,0.70042,6.9,0.0,-0.3,AUDUSD.p,[tp 0.70042]
128134026,145900639,2026-03-06 14:45:36,BUY,OUT,0.3,1.96915,4.23,0.0,-0.3,EURNZD.p,[tp 1.96915]
128177680,145952778,2026-03-06 15:20:40,SELL,OUT,0.3,1.8229899999999999,5.71,0.0,-0.3,GBPCAD.p,[tp 1.82299]
128179157,145954492,2026-03-06 15:21:15,SELL,OUT,0.3,210.811,6.84,0.0,-0.3,GBPJPY.p,[tp 210.811]
128225948,146008922,2026-03-06 15:45:00,SELL,IN,0.3,1.82309,0.0,0.0,-0.3,GBPCAD.p,930/E10/TP2/Tsto2
128225962,146008939,2026-03-06 15:45:00,SELL,IN,0.3,1.71155,0.0,0.0,-0.3,GBPSGD.p,930/E10/TP2/Tsto2
128225969,146008946,2026-03-06 15:45:00,BUY,IN,0.3,1.97007,0.0,0.0,-0.3,EURNZD.p,930/E10/TP2/Tsto2
128225998,146008980,2026-03-06 15:45:00,SELL,IN,0.3,1.04319,0.0,0.0,-0.3,GBPCHF.p,930/E10/TP2/Tsto2
128226005,146008987,2026-03-06 15:45:00,SELL,IN,0.3,210.739,0.0,0.0,-0.3,GBPJPY.p,930/E10/TP2/Tsto2
128229347,146012991,2026-03-06 15:46:31,SELL,OUT,0.3,1.97086,13.93,0.0,-0.3,EURNZD.p,[tp 1.97086]
128229519,146013195,2026-03-06 15:46:37,BUY,OUT,0.3,1.71106,11.48,0.0,-0.3,GBPSGD.p,[tp 1.71106]
128229776,146013509,2026-03-06 15:46:46,BUY,OUT,0.3,1.82271,8.36,0.0,-0.3,GBPCAD.p,[tp 1.82271]
128229963,146013748,2026-03-06 15:46:52,BUY,OUT,0.3,210.688,9.7,0.0,-0.3,GBPJPY.p,[tp 210.688]
128248724,146035427,2026-03-06 15:55:54,BUY,OUT,0.3,1.04298,8.06,0.0,-0.3,GBPCHF.p,[tp 1.04298]
128258751,146046578,2026-03-06 16:00:00,SELL,IN,0.3,0.69836,0.0,0.0,-0.3,AUDUSD.p,930/E10/TP2/Tsto2
128258779,146046608,2026-03-06 16:00:00,SELL,IN,0.3,1.7095099999999999,0.0,0.0,-0.3,GBPSGD.p,930/E10/TP2/Tsto2
128258848,146046684,2026-03-06 16:00:00,SELL,IN,0.3,210.573,0.0,0.0,-0.3,GBPJPY.p,930/E10/TP2/Tsto2
128258931,146046777,2026-03-06 16:00:00,SELL,IN,0.3,1.82036,0.0,0.0,-0.3,GBPCAD.p,930/E10/TP2/Tsto2
128274226,146063801,2026-03-06 16:06:16,BUY,OUT,0.3,1.70923,6.55,0.0,-0.3,GBPSGD.p,[tp 1.70923]
128277117,146067267,2026-03-06 16:08:36,BUY,OUT,0.3,0.69813,6.9,0.0,-0.3,AUDUSD.p,[tp 0.69813]
128278250,146068550,2026-03-06 16:09:13,BUY,OUT,0.3,210.537,6.84,0.0,-0.3,GBPJPY.p,[tp 210.537]
128287230,146078734,2026-03-06 16:15:00,BUY,IN,0.3,0.69861,0.0,0.0,-0.3,AUDUSD.p,930/E10/TP2/Tsto2
128287269,146078774,2026-03-06 16:15:00,SELL,IN,0.3,1.96917,0.0,0.0,-0.3,EURNZD.p,930/E10/TP2/Tsto2
128289717,146081636,2026-03-06 16:16:35,BUY,OUT,0.3,1.96892,4.4,0.0,-0.3,EURNZD.p,[tp 1.96892]
128304399,146098788,2026-03-06 16:28:18,SELL,OUT,0.3,0.69885,7.2,0.0,-0.3,AUDUSD.p,[tp 0.69885]
128306324,146101197,2026-03-06 16:30:00,BUY,IN,0.3,0.69907,0.0,0.0,-0.3,AUDUSD.p,930/E10/TP2/Tsto2
128348270,146147629,2026-03-06 16:45:00,SELL,IN,0.3,210.57,0.0,0.0,-0.3,GBPJPY.p,930/E10/TP2/Tsto2
128348274,146147634,2026-03-06 16:45:00,SELL,IN,0.3,1.91056,0.0,0.0,-0.3,GBPAUD.p,930/E10/TP2/Tsto2
128351340,146151101,2026-03-06 16:46:29,BUY,OUT,0.3,210.533,7.03,0.0,-0.3,GBPJPY.p,[tp 210.533]
128362140,146163140,2026-03-06 16:51:48,SELL,OUT,0.3,0.6993,6.9,0.0,-0.3,AUDUSD.p,[tp 0.69930]
128378542,146180975,2026-03-06 17:00:00,BUY,IN,0.3,0.69904,0.0,0.0,-0.3,AUDUSD.p,930/E10/TP2/Tsto2
128381877,146184628,2026-03-06 17:01:01,SELL,OUT,0.3,0.70058,46.2,0.0,-0.3,AUDUSD.p,[tp 0.70058]
128413250,146219578,2026-03-06 17:15:00,BUY,IN,0.3,1.71065,0.0,0.0,-0.3,GBPSGD.p,930/E10/TP2/Tsto2
128413280,146219624,2026-03-06 17:15:00,BUY,IN,0.3,210.838,0.0,0.0,-0.3,GBPJPY.p,930/E10/TP2/Tsto2
128413288,146219633,2026-03-06 17:15:00,SELL,IN,0.3,1.9691,0.0,0.0,-0.3,EURNZD.p,930/E10/TP2/Tsto2
128413301,146219694,2026-03-06 17:15:00,BUY,IN,0.3,1.04129,0.0,0.0,-0.3,GBPCHF.p,930/E10/TP2/Tsto2
128417227,146224291,2026-03-06 17:17:26,BUY,OUT,0.3,1.96886,4.24,0.0,-0.3,EURNZD.p,[tp 1.96886]
128437912,146247151,2026-03-06 17:28:17,BUY,OUT,0.3,1.8201,5.72,0.0,-0.3,GBPCAD.p,[tp 1.82010]
128441170,146250660,2026-03-06 17:30:00,SELL,IN,0.3,0.70102,0.0,0.0,-0.3,AUDUSD.p,930/E10/TP2/Tsto2
128444466,146254316,2026-03-06 17:31:25,BUY,OUT,0.3,1.90439,-119.61,0.0,-0.3,GBPAUD.p,[tp 1.90439]
128444467,146254317,2026-03-06 17:31:25,BUY,OUT,0.3,1.90439,129.92,0.0,-0.3,GBPAUD.p,[tp 1.90439]
128444728,146254620,2026-03-06 17:31:38,SELL,OUT,0.3,1.0415,8.09,0.0,-0.3,GBPCHF.p,[tp 1.04150]
128463635,146276333,2026-03-06 17:43:31,BUY,OUT,0.3,0.70079,6.9,0.0,-0.3,AUDUSD.p,[tp 0.70079]
128485952,146302855,2026-03-06 18:00:00,BUY,IN,0.3,1.96727,0.0,0.0,-0.3,EURNZD.p,930/E10/TP2/Tsto2
128485992,146302910,2026-03-06 18:00:00,SELL,IN,0.3,0.70043,0.0,0.0,-0.3,AUDUSD.p,930/E10/TP2/Tsto2
128486017,146302941,2026-03-06 18:00:00,BUY,IN,0.3,1.90732,0.0,0.0,-0.3,GBPAUD.p,930/E10/TP2/Tsto2
128486079,146303056,2026-03-06 18:00:00,BUY,IN,0.3,1.82022,0.0,0.0,-0.3,GBPCAD.p,930/E10/TP2/Tsto2
128488366,146306018,2026-03-06 18:01:34,SELL,OUT,0.3,1.8208600000000001,14.09,0.0,-0.3,GBPCAD.p,[tp 1.82086]
128488847,146306708,2026-03-06 18:02:01,SELL,OUT,0.3,1.90787,11.56,0.0,-0.3,GBPAUD.p,[tp 1.90787]
128488997,146306900,2026-03-06 18:02:05,SELL,OUT,0.3,1.9675099999999999,4.24,0.0,-0.3,EURNZD.p,[tp 1.96751]
128490260,146308911,2026-03-06 18:03:50,SELL,OUT,0.3,1.7109100000000002,6.1,0.0,-0.3,GBPSGD.p,[tp 1.71091]
128491523,146310350,2026-03-06 18:04:15,SELL,OUT,0.3,210.875,7.05,0.0,-0.3,GBPJPY.p,[tp 210.875]
128504338,146326041,2026-03-06 18:15:00,BUY,IN,0.3,1.9678499999999999,0.0,0.0,-0.3,EURNZD.p,930/E10/TP2/Tsto2
128511038,146334670,2026-03-06 18:21:30,SELL,OUT,0.3,1.9681,4.42,0.0,-0.3,EURNZD.p,[tp 1.96810]
128519043,146344252,2026-03-06 18:30:00,SELL,IN,0.3,1.90868,0.0,0.0,-0.3,GBPAUD.p,930/E10/TP2/Tsto2
128527831,146355042,2026-03-06 18:36:56,BUY,OUT,0.3,1.90843,5.27,0.0,-0.3,GBPAUD.p,[tp 1.90843]
128538214,146367218,2026-03-06 18:45:00,SELL,IN,0.3,1.8232,0.0,0.0,-0.3,GBPCAD.p,930/E10/TP2/Tsto2
128546023,146377593,2026-03-06 18:54:02,BUY,OUT,0.3,1.82294,5.74,0.0,-0.3,GBPCAD.p,[tp 1.82294]
128553909,146387513,2026-03-06 19:00:00,SELL,IN,0.3,1.9079700000000002,0.0,0.0,-0.3,GBPAUD.p,930/E10/TP2/Tsto2
128553916,146387521,2026-03-06 19:00:00,SELL,IN,0.3,1.82182,0.0,0.0,-0.3,GBPCAD.p,930/E10/TP2/Tsto2
128553935,146387554,2026-03-06 19:00:00,SELL,IN,0.3,1.71212,0.0,0.0,-0.3,GBPSGD.p,930/E10/TP2/Tsto2
128554864,146388863,2026-03-06 19:01:15,BUY,OUT,0.3,1.9077,5.6899999999999995,0.0,-0.3,GBPAUD.p,[tp 1.90770]
128567825,146408140,2026-03-06 19:15:00,SELL,IN,0.3,211.187,0.0,0.0,-0.3,GBPJPY.p,930/E10/TP2/Tsto2
128589112,146436253,2026-03-06 19:37:33,BUY,OUT,0.3,1.8215599999999998,5.73,0.0,-0.3,GBPCAD.p,[tp 1.82156]
128621959,146474558,2026-03-06 20:15:00,BUY,IN,0.3,1.821,0.0,0.0,-0.3,GBPCAD.p,930/E10/TP2/Tsto2
128621997,146474614,2026-03-06 20:15:00,SELL,IN,0.3,1.90687,0.0,0.0,-0.3,GBPAUD.p,930/E10/TP2/Tsto2
128623483,146476456,2026-03-06 20:17:07,SELL,OUT,0.3,1.82127,5.96,0.0,-0.3,GBPCAD.p,[tp 1.82127]
128625515,146478866,2026-03-06 20:20:30,BUY,OUT,0.3,1.90662,5.27,0.0,-0.3,GBPAUD.p,[tp 1.90662]
128628234,146482020,2026-03-06 20:24:16,BUY,OUT,0.3,211.15,7.04,0.0,-0.3,GBPJPY.p,[tp 211.150]
128628254,146482038,2026-03-06 20:24:16,SELL,IN,0.3,211.135,0.0,0.0,-0.3,GBPJPY.p,930/E10/TP2/Tsto2
128628256,146482041,2026-03-06 20:24:16,BUY,OUT,0.3,1.71183,6.8,0.0,-0.3,GBPSGD.p,[tp 1.71183]
128632137,146486597,2026-03-06 20:30:00,SELL,IN,0.3,1.71198,0.0,0.0,-0.3,GBPSGD.p,930/E10/TP2/Tsto2
128645619,146502477,2026-03-06 20:45:00,BUY,IN,0.3,1.9065699999999999,0.0,0.0,-0.3,GBPAUD.p,930/E10/TP2/Tsto2
128650419,146508569,2026-03-06 20:50:52,SELL,OUT,0.3,1.90682,5.26,0.0,-0.3,GBPAUD.p,[tp 1.90682]
128652782,146511600,2026-03-06 20:54:08,BUY,OUT,0.3,1.7117200000000001,6.1,0.0,-0.3,GBPSGD.p,[tp 1.71172]
128657148,146516939,2026-03-06 21:00:00,BUY,IN,0.3,1.90706,0.0,0.0,-0.3,GBPAUD.p,930/E10/TP2/Tsto2
128659743,146520274,2026-03-06 21:04:00,SELL,OUT,0.3,1.9073099999999998,5.26,0.0,-0.3,GBPAUD.p,[tp 1.90731]
128707598,146577857,2026-03-06 22:15:00,BUY,IN,0.3,1.8189899999999999,0.0,0.0,-0.3,GBPCAD.p,930/E10/TP2/Tsto2
128707603,146577862,2026-03-06 22:15:00,BUY,IN,0.3,1.90611,0.0,0.0,-0.3,GBPAUD.p,930/E10/TP2/Tsto2
128709646,146580367,2026-03-06 22:17:41,SELL,OUT,0.3,1.81925,5.74,0.0,-0.3,GBPCAD.p,[tp 1.81925]
128711439,146582506,2026-03-06 22:21:27,SELL,OUT,0.3,1.90636,5.27,0.0,-0.3,GBPAUD.p,[tp 1.90636]
128951338,146856408,2026-03-09 00:01:06,BUY,OUT,0.3,211.099,6.84,-4.15,-0.3,GBPJPY.p,[tp 211.099]
128951628,146856696,2026-03-09 00:01:12,BUY,OUT,0.3,0.7002,6.9,-0.2,-0.3,AUDUSD.p,[tp 0.70020]
128995990,146914597,2026-03-09 01:15:00,BUY,IN,0.3,211.056,0.0,0.0,-0.3,GBPJPY.p,930/E10/TP2/Tsto2
128996029,146914658,2026-03-09 01:15:00,SELL,IN,0.3,1.90707,0.0,0.0,-0.3,GBPAUD.p,930/E10/TP2/Tsto2
129017801,146945113,2026-03-09 01:23:55,SELL,OUT,0.3,211.087,5.88,0.0,-0.3,GBPJPY.p,[tp 211.087]
129025400,146957382,2026-03-09 01:30:00,BUY,IN,0.3,1.70884,0.0,0.0,-0.3,GBPSGD.p,930/E10/TP2/Tsto2
129025405,146957387,2026-03-09 01:30:00,BUY,IN,0.3,1.8105799999999999,0.0,0.0,-0.3,GBPCAD.p,930/E10/TP2/Tsto2
129029700,146963604,2026-03-09 01:32:10,BUY,OUT,0.3,1.90672,7.34,0.0,-0.3,GBPAUD.p,[tp 1.90672]
129039748,146978785,2026-03-09 01:38:41,SELL,OUT,0.3,1.70909,5.85,0.0,-0.3,GBPSGD.p,[tp 1.70909]
129052434,146997007,2026-03-09 01:45:00,SELL,IN,0.3,1.96867,0.0,0.0,-0.3,EURNZD.p,930/E10/TP2/Tsto2
129054049,146999664,2026-03-09 01:46:13,SELL,OUT,0.3,1.81086,6.18,0.0,-0.3,GBPCAD.p,[tp 1.81086]
129054839,147001090,2026-03-09 01:47:04,BUY,OUT,0.3,1.9681899999999999,8.44,0.0,-0.3,EURNZD.p,[tp 1.96819]
129074102,147030537,2026-03-09 02:00:00,BUY,IN,0.3,1.81021,0.0,0.0,-0.3,GBPCAD.p,930/E10/TP2/Tsto2
129093367,147069406,2026-03-09 02:11:57,SELL,OUT,0.3,1.8096299999999998,-12.8,0.0,-0.3,GBPCAD.p,
129096043,0,2026-03-09 02:14:18,2,IN,0.0,0.0,-419.04,0.0,0.0,,reset balance to 9999
129184824,147216228,2026-03-09 03:15:00,SELL,IN,0.3,1.9685000000000001,0.0,0.0,-0.3,EURNZD.p,F30/E20/TP5/Tsto2
129206067,147250601,2026-03-09 03:29:15,BUY,OUT,0.3,1.96795,9.66,0.0,-0.3,EURNZD.p,[tp 1.96795]
129207074,147252221,2026-03-09 03:30:00,BUY,IN,0.3,110.387,0.0,0.0,-0.3,AUDJPY.p,F30/E20/TP5/Tsto2
129210514,147258019,2026-03-09 03:32:41,SELL,OUT,0.3,110.442,10.41,0.0,-0.3,AUDJPY.p,[tp 110.442]
129224233,147281875,2026-03-09 03:45:00,BUY,IN,0.3,1.8098999999999998,0.0,0.0,-0.3,GBPCAD.p,F30/E20/TP5/Tsto2
129224282,147281919,2026-03-09 03:45:00,BUY,IN,0.3,110.417,0.0,0.0,-0.3,AUDJPY.p,F30/E20/TP5/Tsto2
129241475,147312119,2026-03-09 03:58:52,SELL,OUT,0.3,110.47,10.02,0.0,-0.3,AUDJPY.p,[tp 110.470]
129243209,147314878,2026-03-09 04:00:00,SELL,IN,0.3,1.9099,0.0,0.0,-0.3,GBPAUD.p,F30/E20/TP5/Tsto2
129243269,147314959,2026-03-09 04:00:00,BUY,IN,0.3,110.491,0.0,0.0,-0.3,AUDJPY.p,F30/E20/TP5/Tsto2
129249345,147322881,2026-03-09 04:01:24,BUY,OUT,0.3,1.9085999999999999,27.17,0.0,-0.3,GBPAUD.p,[tp 1.90860]
129249467,147323103,2026-03-09 04:01:28,SELL,OUT,0.3,110.553,11.72,0.0,-0.3,AUDJPY.p,[tp 110.553]
129275728,147364395,2026-03-09 04:15:00,SELL,IN,0.3,1.90737,0.0,0.0,-0.3,GBPAUD.p,F30/E20/TP5/Tsto2
129275746,147364420,2026-03-09 04:15:00,BUY,IN,0.3,0.69697,0.0,0.0,-0.3,AUDUSD.p,F30/E20/TP5/Tsto2
129304153,147410284,2026-03-09 04:33:17,BUY,OUT,0.3,1.9068,11.93,0.0,-0.3,GBPAUD.p,[tp 1.90680]
129304158,147410299,2026-03-09 04:33:18,BUY,IN,0.3,1.90687,0.0,0.0,-0.3,GBPAUD.p,F30/E20/TP5/Tsto2
129306119,147414160,2026-03-09 04:35:21,SELL,OUT,0.3,0.6975,15.9,0.0,-0.3,AUDUSD.p,[tp 0.69750]
129312587,147423890,2026-03-09 04:40:02,SELL,OUT,0.3,1.9074200000000001,11.5,0.0,-0.3,GBPAUD.p,[tp 1.90742]
129318489,147430690,2026-03-09 04:45:00,BUY,IN,0.3,0.69706,0.0,0.0,-0.3,AUDUSD.p,F30/E20/TP5/Tsto2
129318520,147430724,2026-03-09 04:45:00,SELL,IN,0.3,123.502,0.0,0.0,-0.3,SGDJPY.p,F30/E20/TP5/Tsto2
129338077,147453496,2026-03-09 04:59:50,BUY,IN,0.3,1.7062300000000001,0.0,0.0,-0.3,GBPSGD.p,F30/E20/TP5/Tsto2
129338225,147453688,2026-03-09 05:00:00,BUY,IN,0.3,1.96465,0.0,0.0,-0.3,EURNZD.p,F30/E20/TP5/Tsto2
129345345,147462081,2026-03-09 05:04:36,SELL,OUT,0.3,1.70679,13.08,0.0,-0.3,GBPSGD.p,[tp 1.70679]
129353258,147471263,2026-03-09 05:10:21,SELL,OUT,0.3,0.69759,15.9,0.0,-0.3,AUDUSD.p,[tp 0.69759]
129357925,147476643,2026-03-09 05:15:00,BUY,IN,0.3,1.70672,0.0,0.0,-0.3,GBPSGD.p,F30/E20/TP5/Tsto2
129357957,147476682,2026-03-09 05:15:00,BUY,IN,0.3,0.69781,0.0,0.0,-0.3,AUDUSD.p,F30/E20/TP5/Tsto2
129384629,147507429,2026-03-09 05:40:00,SELL,OUT,0.3,0.69834,15.9,0.0,-0.3,AUDUSD.p,[tp 0.69834]
129407863,147533993,2026-03-09 06:05:42,SELL,OUT,0.3,1.7072500000000002,12.39,0.0,-0.3,GBPSGD.p,[tp 1.70725]
129416583,147544273,2026-03-09 06:15:00,BUY,IN,0.3,1.90262,0.0,0.0,-0.3,GBPAUD.p,F30/E20/TP5/Tsto2
129416592,147544282,2026-03-09 06:15:00,SELL,IN,0.3,0.69914,0.0,0.0,-0.3,AUDUSD.p,F30/E20/TP5/Tsto2
129416610,147544300,2026-03-09 06:15:00,SELL,IN,0.3,110.959,0.0,0.0,-0.3,AUDJPY.p,F30/E20/TP5/Tsto2
129431064,147560514,2026-03-09 06:30:00,BUY,IN,0.3,1.7069299999999998,0.0,0.0,-0.3,GBPSGD.p,F30/E20/TP5/Tsto2
129437691,147568387,2026-03-09 06:39:41,SELL,OUT,0.3,1.9031799999999999,11.74,0.0,-0.3,GBPAUD.p,[tp 1.90318]
129437703,147568401,2026-03-09 06:39:41,BUY,OUT,0.3,0.69861,15.9,0.0,-0.3,AUDUSD.p,[tp 0.69861]
129437707,147568406,2026-03-09 06:39:42,SELL,IN,0.3,0.69859,0.0,0.0,-0.3,AUDUSD.p,F30/E20/TP5/Tsto2
129437710,147568407,2026-03-09 06:39:42,BUY,IN,0.3,1.9032200000000001,0.0,0.0,-0.3,GBPAUD.p,F30/E20/TP5/Tsto2
129497194,147637996,2026-03-09 08:22:52,SELL,OUT,0.3,1.7074799999999999,12.88,0.0,-0.3,GBPSGD.p,[tp 1.70748]
129497241,147638037,2026-03-09 08:22:52,BUY,IN,0.3,1.7076799999999999,0.0,0.0,-0.3,GBPSGD.p,F30/E20/TP5/Tsto2
129506638,147648511,2026-03-09 08:30:00,BUY,IN,0.3,1.8984299999999998,0.0,0.0,-0.3,GBPAUD.p,F30/E20/TP5/Tsto2
129506700,147648601,2026-03-09 08:30:00,SELL,IN,0.3,0.70216,0.0,0.0,-0.3,AUDUSD.p,F30/E20/TP5/Tsto2
129530771,147674939,2026-03-09 08:46:35,SELL,OUT,0.3,1.90137,-38.9,0.0,-0.3,GBPAUD.p,[tp 1.90137]
129530786,147674962,2026-03-09 08:46:35,SELL,OUT,0.3,1.90137,61.82,0.0,-0.3,GBPAUD.p,[tp 1.90137]
129533306,147677706,2026-03-09 08:47:43,BUY,IN,0.3,1.90145,0.0,0.0,-0.3,GBPAUD.p,F30/E20/TP5/Tsto2
129559283,147707520,2026-03-09 09:10:05,SELL,OUT,0.3,1.70825,13.35,0.0,-0.3,GBPSGD.p,[tp 1.70825]
129559413,147707667,2026-03-09 09:10:08,SELL,OUT,0.3,1.9020000000000001,11.57,0.0,-0.3,GBPAUD.p,[tp 1.90200]
129559424,147707679,2026-03-09 09:10:08,BUY,IN,0.3,1.9020899999999998,0.0,0.0,-0.3,GBPAUD.p,F30/E20/TP5/Tsto2
129564823,147713682,2026-03-09 09:15:00,SELL,IN,0.3,1.7077900000000001,0.0,0.0,-0.3,GBPSGD.p,F30/E20/TP5/Tsto2
129597937,147752188,2026-03-09 09:53:14,BUY,OUT,0.3,0.69985,-37.8,0.0,-0.3,AUDUSD.p,[tp 0.69985]
129597938,147752189,2026-03-09 09:53:14,BUY,OUT,0.3,0.69985,69.3,0.0,-0.3,AUDUSD.p,[tp 0.69985]
129597990,147752257,2026-03-09 09:53:22,SELL,OUT,0.3,1.90265,11.76,0.0,-0.3,GBPAUD.p,[tp 1.90265]
129598001,147752265,2026-03-09 09:53:22,BUY,IN,0.3,1.90271,0.0,0.0,-0.3,GBPAUD.p,F30/E20/TP5/Tsto2
129602416,147757511,2026-03-09 09:58:32,BUY,OUT,0.3,1.70724,12.87,0.0,-0.3,GBPSGD.p,[tp 1.70724]
129603443,147758729,2026-03-09 10:00:00,SELL,IN,0.3,0.69985,0.0,0.0,-0.3,AUDUSD.p,F30/E20/TP5/Tsto2
129634005,147793097,2026-03-09 10:31:54,SELL,OUT,0.3,1.90326,11.56,0.0,-0.3,GBPAUD.p,[tp 1.90326]
129671783,147836295,2026-03-09 11:13:22,BUY,OUT,0.3,110.906,10.03,0.0,-0.3,AUDJPY.p,[tp 110.906]
129672874,147837661,2026-03-09 11:15:00,SELL,IN,0.3,110.884,0.0,0.0,-0.3,AUDJPY.p,F30/E20/TP5/Tsto2
129673958,147838782,2026-03-09 11:15:18,BUY,OUT,0.3,0.69932,15.9,0.0,-0.3,AUDUSD.p,[tp 0.69932]
129673966,147838790,2026-03-09 11:15:19,SELL,IN,0.3,0.69929,0.0,0.0,-0.3,AUDUSD.p,F30/E20/TP5/Tsto2
129678360,147843742,2026-03-09 11:19:12,BUY,OUT,0.3,110.83,10.22,0.0,-0.3,AUDJPY.p,[tp 110.830]
129685270,147851639,2026-03-09 11:27:58,BUY,OUT,0.3,0.69876,15.9,0.0,-0.3,AUDUSD.p,[tp 0.69876]
129703185,147871913,2026-03-09 11:45:00,SELL,IN,0.3,1.9056600000000001,0.0,0.0,-0.3,GBPAUD.p,F30/E20/TP5/Tsto2
129703224,147871956,2026-03-09 11:45:00,BUY,IN,0.3,110.826,0.0,0.0,-0.3,AUDJPY.p,F30/E20/TP5/Tsto2
129703231,147871964,2026-03-09 11:45:00,BUY,IN,0.3,0.69864,0.0,0.0,-0.3,AUDUSD.p,F30/E20/TP5/Tsto2
129707337,147876600,2026-03-09 11:48:38,BUY,OUT,0.3,1.90511,11.53,0.0,-0.3,GBPAUD.p,[tp 1.90511]
129712902,147882988,2026-03-09 11:54:04,SELL,OUT,0.3,110.88,10.21,0.0,-0.3,AUDJPY.p,[tp 110.880]
129713543,147883704,2026-03-09 11:55:07,SELL,OUT,0.3,0.69917,15.9,0.0,-0.3,AUDUSD.p,[tp 0.69917]
129717359,147888329,2026-03-09 12:00:00,SELL,IN,0.3,1.90462,0.0,0.0,-0.3,GBPAUD.p,F30/E20/TP5/Tsto2
129717389,147888380,2026-03-09 12:00:00,BUY,IN,0.3,110.936,0.0,0.0,-0.3,AUDJPY.p,F30/E20/TP5/Tsto2
129717403,147888415,2026-03-09 12:00:00,BUY,IN,0.3,0.69939,0.0,0.0,-0.3,AUDUSD.p,F30/E20/TP5/Tsto2
129719550,147890870,2026-03-09 12:02:28,BUY,OUT,0.3,1.9040599999999999,11.75,0.0,-0.3,GBPAUD.p,[tp 1.90406]
129732033,147904807,2026-03-09 12:12:18,SELL,OUT,0.3,0.69992,15.9,0.0,-0.3,AUDUSD.p,[tp 0.69992]
129737749,147911209,2026-03-09 12:17:05,SELL,OUT,0.3,110.989,10.03,0.0,-0.3,AUDJPY.p,[tp 110.989]
129748135,147923172,2026-03-09 12:30:00,BUY,IN,0.3,1.95782,0.0,0.0,-0.3,EURNZD.p,F30/E20/TP5/Tsto2
129751885,147927239,2026-03-09 12:33:04,SELL,OUT,0.3,1.81046,12.39,0.0,-0.3,GBPCAD.p,[tp 1.81046]
129767150,147944317,2026-03-09 12:45:00,SELL,IN,0.3,1.8090600000000001,0.0,0.0,-0.3,GBPCAD.p,F30/E20/TP5/Tsto2
129771175,147948947,2026-03-09 12:47:39,BUY,OUT,0.3,1.80849,12.61,0.0,-0.3,GBPCAD.p,[tp 1.80849]
129779263,147958680,2026-03-09 13:00:00,SELL,IN,0.3,1.80736,0.0,0.0,-0.3,GBPCAD.p,F30/E20/TP5/Tsto2
129786253,147966556,2026-03-09 13:11:36,BUY,OUT,0.3,1.8068,12.4,0.0,-0.3,GBPCAD.p,[tp 1.80680]
129787517,147968103,2026-03-09 13:15:00,BUY,IN,0.3,1.90163,0.0,0.0,-0.3,GBPAUD.p,F30/E20/TP5/Tsto2
129787520,147968105,2026-03-09 13:15:00,SELL,IN,0.3,111.134,0.0,0.0,-0.3,AUDJPY.p,F30/E20/TP5/Tsto2
129787522,147968107,2026-03-09 13:15:00,SELL,IN,0.3,0.70128,0.0,0.0,-0.3,AUDUSD.p,F30/E20/TP5/Tsto2
129795607,147977680,2026-03-09 13:28:52,SELL,OUT,0.3,1.90218,11.57,0.0,-0.3,GBPAUD.p,[tp 1.90218]
129796798,147979149,2026-03-09 13:30:02,BUY,IN,0.3,1.90211,0.0,0.0,-0.3,GBPAUD.p,F30/E20/TP5/Tsto2
129798817,147981331,2026-03-09 13:31:05,BUY,OUT,0.3,111.081,10.04,0.0,-0.3,AUDJPY.p,[tp 111.081]
129798868,147981384,2026-03-09 13:31:06,SELL,IN,0.3,111.076,0.0,0.0,-0.3,AUDJPY.p,F30/E20/TP5/Tsto2
129817654,148003661,2026-03-09 13:51:37,BUY,OUT,0.3,0.70075,15.9,0.0,-0.3,AUDUSD.p,[tp 0.70075]
129824086,148011722,2026-03-09 14:00:00,BUY,IN,0.3,1.80668,0.0,0.0,-0.3,GBPCAD.p,F30/E20/TP5/Tsto2
129824098,148011740,2026-03-09 14:00:00,SELL,IN,0.3,0.70169,0.0,0.0,-0.3,AUDUSD.p,F30/E20/TP5/Tsto2
129828313,148016500,2026-03-09 14:04:52,SELL,OUT,0.3,1.80724,12.41,0.0,-0.3,GBPCAD.p,[tp 1.80724]
129840838,148031136,2026-03-09 14:23:01,SELL,OUT,0.3,1.90266,11.58,0.0,-0.3,GBPAUD.p,[tp 1.90266]
129846175,148037613,2026-03-09 14:30:00,SELL,IN,0.3,1.80628,0.0,0.0,-0.3,GBPCAD.p,F30/E20/TP5/Tsto2
129848689,148040598,2026-03-09 14:33:06,BUY,OUT,0.3,1.80528,22.17,0.0,-0.3,GBPCAD.p,[tp 1.80528]
129865451,148061671,2026-03-09 15:00:00,BUY,IN,0.3,1.80704,0.0,0.0,-0.3,GBPCAD.p,F30/E20/TP5/Tsto2
129865722,148062061,2026-03-09 15:00:22,BUY,OUT,0.3,0.70115,16.2,0.0,-0.3,AUDUSD.p,[tp 0.70115]
129868065,148064744,2026-03-09 15:02:14,SELL,OUT,0.3,1.8081,23.48,0.0,-0.3,GBPCAD.p,[tp 1.80810]
129896588,148098763,2026-03-09 15:45:00,SELL,IN,0.3,0.70132,0.0,0.0,-0.3,AUDUSD.p,F30/E20/TP5/Tsto2
129896602,148098778,2026-03-09 15:45:00,SELL,IN,0.3,1.8100399999999999,0.0,0.0,-0.3,GBPCAD.p,F30/E20/TP5/Tsto2
129902234,148105113,2026-03-09 15:52:10,BUY,OUT,0.3,0.70079,15.9,0.0,-0.3,AUDUSD.p,[tp 0.70079]
129925905,148131661,2026-03-09 16:15:00,SELL,IN,0.3,1.9026100000000001,0.0,0.0,-0.3,GBPAUD.p,F30/E20/TP5/Tsto2
129948058,148156626,2026-03-09 16:32:46,BUY,OUT,0.3,1.90206,11.61,0.0,-0.3,GBPAUD.p,[tp 1.90206]
129971809,148182580,2026-03-09 16:45:00,SELL,IN,0.3,0.70236,0.0,0.0,-0.3,AUDUSD.p,F30/E20/TP5/Tsto2
129989184,148201822,2026-03-09 16:53:44,BUY,OUT,0.3,0.70183,15.9,0.0,-0.3,AUDUSD.p,[tp 0.70183]
130003517,148217506,2026-03-09 17:00:00,SELL,IN,0.3,1.90332,0.0,0.0,-0.3,GBPAUD.p,F30/E20/TP5/Tsto2
130003545,148217558,2026-03-09 17:00:00,SELL,IN,0.3,1.7103899999999999,0.0,0.0,-0.3,GBPSGD.p,F30/E20/TP5/Tsto2
130007849,148222466,2026-03-09 17:02:37,BUY,OUT,0.3,1.90253,16.65,0.0,-0.3,GBPAUD.p,[tp 1.90253]
130013300,148228451,2026-03-09 17:05:49,BUY,OUT,0.3,1.70952,20.41,0.0,-0.3,GBPSGD.p,[tp 1.70952]
130031242,148248079,2026-03-09 17:15:00,SELL,IN,0.3,1.70997,0.0,0.0,-0.3,GBPSGD.p,F30/E20/TP5/Tsto2
130031258,148248141,2026-03-09 17:15:00,SELL,IN,0.3,0.70244,0.0,0.0,-0.3,AUDUSD.p,F30/E20/TP5/Tsto2
130036941,148254508,2026-03-09 17:18:34,BUY,OUT,0.3,1.70941,13.13,0.0,-0.3,GBPSGD.p,[tp 1.70941]
130051182,148270337,2026-03-09 17:30:00,SELL,IN,0.3,1.7087400000000001,0.0,0.0,-0.3,GBPSGD.p,F30/E20/TP5/Tsto2
130051269,148270551,2026-03-09 17:30:00,SELL,IN,0.3,1.04064,0.0,0.0,-0.3,GBPCHF.p,F30/E20/TP5/Tsto2
130071185,148292400,2026-03-09 17:45:00,BUY,IN,0.3,1.89971,0.0,0.0,-0.3,GBPAUD.p,F30/E20/TP5/Tsto2
130079296,148301353,2026-03-09 17:50:17,SELL,OUT,0.3,1.90027,11.82,0.0,-0.3,GBPAUD.p,[tp 1.90027]
130091059,148314935,2026-03-09 18:00:00,BUY,IN,0.3,1.9016199999999999,0.0,0.0,-0.3,GBPAUD.p,F30/E20/TP5/Tsto2
130093021,148317202,2026-03-09 18:01:32,SELL,OUT,0.3,1.90252,19.0,0.0,-0.3,GBPAUD.p,[tp 1.90252]
130146643,148378391,2026-03-09 19:00:00,BUY,IN,0.3,1.90118,0.0,0.0,-0.3,GBPAUD.p,F30/E20/TP5/Tsto2
130152127,148384407,2026-03-09 19:05:39,SELL,OUT,0.3,1.9017300000000001,11.62,0.0,-0.3,GBPAUD.p,[tp 1.90173]
130197864,148439083,2026-03-09 20:15:00,BUY,IN,0.3,1.90076,0.0,0.0,-0.3,GBPAUD.p,F30/E20/TP5/Tsto2
130203031,148445060,2026-03-09 20:21:37,SELL,OUT,0.3,1.90131,11.61,0.0,-0.3,GBPAUD.p,[tp 1.90131]
130294394,148560178,2026-03-09 22:30:00,SELL,IN,0.3,0.70773,0.0,0.0,-0.3,AUDUSD.p,F30/E20/TP5/Tsto2
130294427,148560224,2026-03-09 22:30:00,SELL,IN,0.3,111.727,0.0,0.0,-0.3,AUDJPY.p,F30/E20/TP5/Tsto2
130308875,148578297,2026-03-09 22:45:00,BUY,IN,0.3,1.89899,0.0,0.0,-0.3,GBPAUD.p,F30/E20/TP5/Tsto2
130313070,148583464,2026-03-09 22:48:38,SELL,OUT,0.3,1.89978,16.77,0.0,-0.3,GBPAUD.p,[tp 1.89978]
130375356,148665500,2026-03-10 01:15:00,BUY,IN,0.3,1.89873,0.0,0.0,-0.3,GBPAUD.p,F30/E20/TP5/Tsto2
130387817,148679773,2026-03-10 01:33:13,SELL,OUT,0.3,1.89932,12.52,0.0,-0.3,GBPAUD.p,[tp 1.89932]
130394843,148687604,2026-03-10 01:45:00,BUY,IN,0.3,1.89947,0.0,0.0,-0.3,GBPAUD.p,F30/E20/TP5/Tsto2
130464921,148766944,2026-03-10 03:07:13,SELL,OUT,0.3,1.90002,11.66,0.0,-0.3,GBPAUD.p,[tp 1.90002]
130497953,148805678,2026-03-10 03:59:38,SELL,OUT,0.3,1.96178,-51.03,-1.34,-0.3,EURNZD.p,[tp 1.96178]
130497957,148805679,2026-03-10 03:59:38,SELL,OUT,0.3,1.96178,70.41,-1.34,-0.3,EURNZD.p,[tp 1.96178]
130536659,148848954,2026-03-10 04:30:00,SELL,IN,0.3,1.9619,0.0,0.0,-0.3,EURNZD.p,F30/E20/TP5/Tsto2
130545209,148858751,2026-03-10 04:37:40,BUY,OUT,0.3,111.348,-51.76,-2.22,-0.3,AUDJPY.p,[tp 111.348]
130545210,148858752,2026-03-10 04:37:40,BUY,OUT,0.3,111.348,72.12,-2.22,-0.3,AUDJPY.p,[tp 111.348]
130545959,148859642,2026-03-10 04:38:28,BUY,IN,0.3,111.317,0.0,0.0,-0.3,AUDJPY.p,F30/E20/TP5/Tsto2
130551062,148865714,2026-03-10 04:45:41,SELL,OUT,0.3,111.37,10.08,0.0,-0.3,AUDJPY.p,[tp 111.370]
130563040,148878918,2026-03-10 05:00:00,BUY,IN,0.3,111.467,0.0,0.0,-0.3,AUDJPY.p,F30/E20/TP5/Tsto2
130568950,148885758,2026-03-10 05:07:45,SELL,OUT,0.3,111.525,11.04,0.0,-0.3,AUDJPY.p,[tp 111.525]
130607705,148932810,2026-03-10 06:15:00,BUY,IN,0.3,111.437,0.0,0.0,-0.3,AUDJPY.p,F30/E20/TP5/Tsto2
130610655,148936476,2026-03-10 06:21:28,SELL,OUT,0.3,111.497,11.4,0.0,-0.3,AUDJPY.p,[tp 111.497]
130670339,149008097,2026-03-10 09:00:00,BUY,IN,0.3,111.555,0.0,0.0,-0.3,AUDJPY.p,F30/E20/TP5/Tsto2
130670348,149008111,2026-03-10 09:00:00,SELL,IN,0.3,1.8986100000000001,0.0,0.0,-0.3,GBPAUD.p,F30/E20/TP5/Tsto2
130674687,149013222,2026-03-10 09:09:03,BUY,OUT,0.3,1.89806,11.68,0.0,-0.3,GBPAUD.p,[tp 1.89806]
130675655,149014422,2026-03-10 09:11:16,SELL,OUT,0.3,111.609,10.28,0.0,-0.3,AUDJPY.p,[tp 111.609]
130692217,149033997,2026-03-10 09:45:00,BUY,IN,0.3,1.89657,0.0,0.0,-0.3,GBPAUD.p,F30/E20/TP5/Tsto2
130695951,149039089,2026-03-10 10:00:00,SELL,IN,0.3,111.757,0.0,0.0,-0.3,AUDJPY.p,F30/E20/TP5/Tsto2
130713168,149058468,2026-03-10 10:22:54,BUY,OUT,0.3,1.96136,9.61,0.0,-0.3,EURNZD.p,[tp 1.96136]
130720577,149066764,2026-03-10 10:30:00,SELL,IN,0.3,1.82857,0.0,0.0,-0.3,GBPCAD.p,F30/E20/TP5/Tsto2
130730169,149077817,2026-03-10 10:45:00,BUY,IN,0.3,1.96194,0.0,0.0,-0.3,EURNZD.p,F30/E20/TP5/Tsto2
130734652,149082982,2026-03-10 10:54:10,SELL,OUT,0.3,1.9624899999999998,9.8,0.0,-0.3,EURNZD.p,[tp 1.96249]
130736854,149085570,2026-03-10 11:00:00,BUY,IN,0.3,1.96332,0.0,0.0,-0.3,EURNZD.p,F30/E20/TP5/Tsto2
130739539,149088504,2026-03-10 11:01:53,SELL,OUT,0.3,1.96386,9.62,0.0,-0.3,EURNZD.p,[tp 1.96386]
130743660,149093174,2026-03-10 11:06:09,SELL,OUT,0.3,1.8971200000000001,11.72,0.0,-0.3,GBPAUD.p,[tp 1.89712]
130743670,149093184,2026-03-10 11:06:09,BUY,IN,0.3,1.8971200000000001,0.0,0.0,-0.3,GBPAUD.p,F30/E20/TP5/Tsto2
130749689,149100133,2026-03-10 11:12:45,SELL,OUT,0.3,1.89767,11.71,0.0,-0.3,GBPAUD.p,[tp 1.89767]
130751240,149101846,2026-03-10 11:15:00,BUY,IN,0.3,1.89749,0.0,0.0,-0.3,GBPAUD.p,F30/E20/TP5/Tsto2
130758367,149110117,2026-03-10 11:30:00,SELL,IN,0.3,1.9635500000000001,0.0,0.0,-0.3,EURNZD.p,F30/E20/TP5/Tsto2
130797475,149155265,2026-03-10 12:36:06,BUY,OUT,0.3,1.9630100000000001,9.62,0.0,-0.3,EURNZD.p,[tp 1.96301]
130840563,149205029,2026-03-10 13:15:00,SELL,IN,0.3,112.262,0.0,0.0,-0.3,AUDJPY.p,F30/E20/TP5/Tsto2
130840571,149205038,2026-03-10 13:15:00,SELL,IN,0.3,123.968,0.0,0.0,-0.3,SGDJPY.p,F30/E20/TP5/Tsto2
130890531,149268105,2026-03-10 14:15:00,BUY,IN,0.3,1.96065,0.0,0.0,-0.3,EURNZD.p,F30/E20/TP5/Tsto2
131098005,149524434,2026-03-10 17:45:00,BUY,IN,0.3,1.8854899999999999,0.0,0.0,-0.3,GBPAUD.p,F30/E20/TP5/Tsto2
131109483,149538607,2026-03-10 18:00:00,SELL,IN,0.6,112.685,0.0,0.0,-0.6,AUDJPY.p,F30/E20/TP5/Tsto2
131201864,149658812,2026-03-10 20:30:00,SELL,IN,0.6,0.71655,0.0,0.0,-0.6,AUDUSD.p,F30/E20/TP5/Tsto2
131341941,149830046,2026-03-10 23:05:44,BUY,OUT,0.3,1.70819,12.96,-4.86,-0.3,GBPSGD.p,[tp 1.70819]
131376763,149871792,2026-03-11 01:30:00,BUY,IN,0.3,1.70879,0.0,0.0,-0.3,GBPSGD.p,F30/E20/TP5/Tsto2
131443727,149948791,2026-03-11 03:41:35,SELL,OUT,0.3,1.70932,12.49,0.0,-0.3,GBPSGD.p,[tp 1.70932]
131526677,150043587,2026-03-11 05:45:00,BUY,IN,0.6,1.87903,0.0,0.0,-0.6,GBPAUD.p,F30/E20/TP5/Tsto2
131712289,150263150,2026-03-11 12:03:32,BUY,OUT,0.3,1.81874,-192.37,-6.76,-0.3,GBPCAD.p,[tp 1.81874]
131712292,150263151,2026-03-11 12:03:32,BUY,OUT,0.3,1.81874,217.36,-3.38,-0.3,GBPCAD.p,[tp 1.81874]
131712307,150263167,2026-03-11 12:03:32,BUY,IN,0.3,1.81874,0.0,0.0,-0.3,GBPCAD.p,F30/E20/TP5/Tsto2
131716018,150267553,2026-03-11 12:08:37,SELL,OUT,0.3,1.8193000000000001,12.38,0.0,-0.3,GBPCAD.p,[tp 1.81930]
131736232,150291418,2026-03-11 12:45:00,BUY,IN,0.3,1.8209499999999998,0.0,0.0,-0.3,GBPCAD.p,F30/E20/TP5/Tsto2
131746575,150303509,2026-03-11 13:03:34,SELL,OUT,0.3,1.82151,12.37,0.0,-0.3,GBPCAD.p,[tp 1.82151]
131751900,150309845,2026-03-11 13:15:00,BUY,IN,0.3,1.822,0.0,0.0,-0.3,GBPCAD.p,F30/E20/TP5/Tsto2
131754216,150312693,2026-03-11 13:22:24,SELL,OUT,0.3,1.82256,12.38,0.0,-0.3,GBPCAD.p,[tp 1.82256]
131796431,150361829,2026-03-11 14:30:00,SELL,IN,0.3,1.82329,0.0,0.0,-0.3,GBPCAD.p,F30/E20/TP5/Tsto2
131800221,150366325,2026-03-11 14:37:42,BUY,OUT,0.3,1.82273,12.38,0.0,-0.3,GBPCAD.p,[tp 1.82273]
131835350,150405468,2026-03-11 15:15:00,BUY,IN,0.3,1.8220100000000001,0.0,0.0,-0.3,GBPCAD.p,F30/E20/TP5/Tsto2
131837494,150407817,2026-03-11 15:17:14,SELL,OUT,0.3,1.82279,17.24,0.0,-0.3,GBPCAD.p,[tp 1.82279]
131922529,150500550,2026-03-11 16:15:00,BUY,IN,0.3,1.8225799999999999,0.0,0.0,-0.3,GBPCAD.p,F30/E20/TP5/Tsto2
131925225,150503670,2026-03-11 16:17:56,SELL,OUT,0.3,1.82328,15.45,0.0,-0.3,GBPCAD.p,[tp 1.82328]
131963887,150546650,2026-03-11 16:45:00,SELL,IN,0.3,1.82131,0.0,0.0,-0.3,GBPCAD.p,F30/E20/TP5/Tsto2
131991418,150576524,2026-03-11 17:00:00,BUY,IN,0.3,1.70729,0.0,0.0,-0.3,GBPSGD.p,F30/E20/TP5/Tsto2
132006122,150592441,2026-03-11 17:07:06,SELL,OUT,0.3,1.7081499999999998,20.29,0.0,-0.3,GBPSGD.p,[tp 1.70815]
132016618,150604309,2026-03-11 17:15:00,BUY,IN,0.3,1.95385,0.0,0.0,-0.3,EURNZD.p,F30/E20/TP5/Tsto2
132016647,150604341,2026-03-11 17:15:00,BUY,IN,0.3,1.70844,0.0,0.0,-0.3,GBPSGD.p,F30/E20/TP5/Tsto2
132062200,150655707,2026-03-11 17:51:05,SELL,OUT,0.3,1.70898,12.73,0.0,-0.3,GBPSGD.p,[tp 1.70898]
132142701,150748874,2026-03-11 18:57:41,SELL,OUT,0.3,1.9577900000000001,-50.7,-1.33,-0.3,EURNZD.p,[tp 1.95779]
132142704,150748875,2026-03-11 18:57:41,SELL,OUT,0.3,1.9577900000000001,69.84,0.0,-0.3,EURNZD.p,[tp 1.95779]
132159256,150767980,2026-03-11 19:15:00,SELL,IN,0.3,1.9577,0.0,0.0,-0.3,EURNZD.p,F30/E20/TP5/Tsto2
132167825,150778596,2026-03-11 19:25:19,BUY,OUT,0.3,1.95716,9.58,0.0,-0.3,EURNZD.p,[tp 1.95716]
132171106,150782475,2026-03-11 19:30:00,SELL,IN,0.3,1.95717,0.0,0.0,-0.3,EURNZD.p,F30/E20/TP5/Tsto2
132174150,150786069,2026-03-11 19:33:55,BUY,OUT,0.3,1.95641,13.49,0.0,-0.3,EURNZD.p,[tp 1.95641]
132183262,150797207,2026-03-11 19:45:00,SELL,IN,0.3,1.95604,0.0,0.0,-0.3,EURNZD.p,F30/E20/TP5/Tsto2
132225564,150849116,2026-03-11 20:37:27,BUY,OUT,0.3,1.8207499999999999,12.37,0.0,-0.3,GBPCAD.p,[tp 1.82075]
132244300,150872082,2026-03-11 21:00:00,BUY,IN,0.3,1.8216700000000001,0.0,0.0,-0.3,GBPCAD.p,F30/E20/TP5/Tsto2
132244342,150872136,2026-03-11 21:00:01,BUY,OUT,0.3,1.9555,9.58,0.0,-0.3,EURNZD.p,[tp 1.95550]
132244346,150872142,2026-03-11 21:00:02,SELL,IN,0.3,1.95522,0.0,0.0,-0.3,EURNZD.p,F30/E20/TP5/Tsto2
132256567,150888395,2026-03-11 21:24:43,SELL,OUT,0.3,1.82223,12.37,0.0,-0.3,GBPCAD.p,[tp 1.82223]
132281398,150919865,2026-03-11 22:30:00,SELL,IN,0.3,1.823,0.0,0.0,-0.3,GBPCAD.p,F30/E20/TP5/Tsto2
132310960,150960398,2026-03-12 01:03:14,BUY,OUT,0.3,1.8224399999999998,12.36,-10.14,-0.3,GBPCAD.p,[tp 1.82244]
132354797,151012291,2026-03-12 02:00:00,BUY,IN,0.3,1.8207,0.0,0.0,-0.3,GBPCAD.p,F30/E20/TP5/Tsto2
132474769,151181798,2026-03-12 04:32:07,BUY,OUT,0.3,1.95468,9.57,-0.37,-0.3,EURNZD.p,[tp 1.95468]
132493606,151209253,2026-03-12 05:00:00,BUY,IN,0.3,1.95525,0.0,0.0,-0.3,EURNZD.p,F30/E20/TP5/Tsto2
132508997,151235426,2026-03-12 05:34:33,SELL,OUT,0.3,1.95579,9.56,0.0,-0.3,EURNZD.p,[tp 1.95579]
132518363,151248481,2026-03-12 05:45:00,BUY,IN,0.3,1.81656,0.0,0.0,-0.3,GBPCAD.p,F30/E20/TP5/Tsto2
132538899,151279524,2026-03-12 06:15:00,BUY,IN,0.3,1.95624,0.0,0.0,-0.3,EURNZD.p,F30/E20/TP5/Tsto2
132597758,151388861,2026-03-12 08:52:19,SELL,OUT,0.3,1.95678,9.55,0.0,-0.3,EURNZD.p,[tp 1.95678]
132613859,151416471,2026-03-12 09:30:00,SELL,IN,0.3,1.9556499999999999,0.0,0.0,-0.3,EURNZD.p,F30/E20/TP5/Tsto2
132655131,151479848,2026-03-12 10:59:33,SELL,OUT,0.3,1.8192,-33.12,0.0,-0.3,GBPCAD.p,[tp 1.81920]
132655136,151479849,2026-03-12 10:59:33,SELL,OUT,0.3,1.8192,58.29,0.0,-0.3,GBPCAD.p,[tp 1.81920]
132655828,151480677,2026-03-12 11:00:01,SELL,IN,0.3,1.0471,0.0,0.0,-0.3,GBPCHF.p,F30/E20/TP5/Tsto2
132662626,151488633,2026-03-12 11:07:08,BUY,OUT,0.3,1.95511,9.57,0.0,-0.3,EURNZD.p,[tp 1.95511]
132662629,151488636,2026-03-12 11:07:08,SELL,IN,0.3,1.95509,0.0,0.0,-0.3,EURNZD.p,F30/E20/TP5/Tsto2
132667085,151493915,2026-03-12 11:15:00,SELL,IN,0.3,1.81821,0.0,0.0,-0.3,GBPCAD.p,F30/E20/TP5/Tsto2
132673421,151501531,2026-03-12 11:28:35,BUY,OUT,0.3,1.81762,13.03,0.0,-0.3,GBPCAD.p,[tp 1.81762]
132732474,151572395,2026-03-12 13:30:00,SELL,IN,0.3,1.8187,0.0,0.0,-0.3,GBPCAD.p,F30/E20/TP5/Tsto2
132813841,151671495,2026-03-12 15:40:42,BUY,OUT,0.3,1.81814,12.35,0.0,-0.3,GBPCAD.p,[tp 1.81814]
132813863,151671515,2026-03-12 15:40:43,SELL,IN,0.3,1.8180800000000001,0.0,0.0,-0.3,GBPCAD.p,F30/E20/TP5/Tsto2
132897069,151764638,2026-03-12 16:47:35,BUY,OUT,0.3,0.71029,-235.5,-1.1400000000000001,-0.3,AUDUSD.p,[tp 0.71029]
132897073,151764639,2026-03-12 16:47:35,BUY,OUT,0.3,0.71029,-76.8,-1.1400000000000001,-0.3,AUDUSD.p,[tp 0.71029]
132897076,151764640,2026-03-12 16:47:35,BUY,OUT,0.6,0.71029,375.6,-1.83,-0.6,AUDUSD.p,[tp 0.71029]
132927663,151798619,2026-03-12 17:06:42,BUY,OUT,0.3,112.909,-217.34,-8.84,-0.3,AUDJPY.p,
132927868,151798841,2026-03-12 17:06:53,BUY,OUT,0.3,1.96133,-110.0,0.0,-0.3,EURNZD.p,
132928357,151799352,2026-03-12 17:07:00,SELL,OUT,0.3,1.88263,-316.53,-6.5,-0.3,GBPAUD.p,
132928609,151799624,2026-03-12 17:07:09,BUY,OUT,0.3,1.8184900000000002,-9.04,0.0,-0.3,GBPCAD.p,
132928839,151799861,2026-03-12 17:07:18,BUY,OUT,0.3,1.04676,-234.44,-37.11,-0.3,GBPCHF.p,
132928904,151799946,2026-03-12 17:07:24,BUY,OUT,0.3,124.502,-188.66,-3.62,-0.3,SGDJPY.p,
132930826,151802022,2026-03-12 17:08:59,BUY,OUT,0.3,112.908,-121.88,-8.84,-0.3,AUDJPY.p,
132930885,151802094,2026-03-12 17:09:00,BUY,OUT,0.6,112.906,-83.39,-17.68,-0.6,AUDJPY.p,
132930924,151802135,2026-03-12 17:09:01,SELL,OUT,0.3,1.88253,-63.06,-6.5,-0.3,GBPAUD.p,
132930927,151802140,2026-03-12 17:09:02,SELL,OUT,0.6,1.88253,149.12,-9.76,-0.6,GBPAUD.p,
132930939,151802152,2026-03-12 17:09:03,BUY,OUT,0.3,1.04678,12.26,0.0,-0.3,GBPCHF.p,
132930944,151802160,2026-03-12 17:09:03,BUY,OUT,0.3,124.5,-100.37,-2.89,-0.3,SGDJPY.p,
132941802,0,2026-03-12 17:19:24,2,IN,0.0,0.0,133.24,0.0,0.0,,reset balance to 9999
132977217,151853425,2026-03-12 17:45:00,BUY,IN,0.01,0.70937,0.0,0.0,-0.01,AUDUSD.p,F001/E30/TP6/Tsto2
132977233,151853441,2026-03-12 17:45:00,SELL,IN,0.01,1.8833,0.0,0.0,-0.01,GBPAUD.p,F001/E30/TP6/Tsto2
132995834,151874687,2026-03-12 18:00:00,BUY,IN,0.01,1.8180399999999999,0.0,0.0,-0.01,GBPCAD.p,F001/E30/TP6/Tsto2
133022428,151904315,2026-03-12 18:14:21,SELL,OUT,0.01,1.81871,0.49,0.0,-0.01,GBPCAD.p,[tp 1.81871]
133025114,151907399,2026-03-12 18:16:04,BUY,IN,0.01,1.8189199999999999,0.0,0.0,-0.01,GBPCAD.p,F001/E30/TP6/Tsto2
133037657,151921747,2026-03-12 18:30:00,SELL,IN,0.01,1.9647999999999999,0.0,0.0,-0.01,EURNZD.p,F001/E30/TP6/Tsto2
133037692,151921842,2026-03-12 18:30:00,BUY,IN,0.01,112.769,0.0,0.0,-0.01,AUDJPY.p,F001/E30/TP6/Tsto2
133048621,151934460,2026-03-12 18:39:33,SELL,OUT,0.01,112.835,0.41,0.0,-0.01,AUDJPY.p,[tp 112.835]
133049033,151934871,2026-03-12 18:39:35,BUY,OUT,0.01,1.96415,0.38,0.0,-0.01,EURNZD.p,[tp 1.96415]
133049973,151935861,2026-03-12 18:39:51,BUY,OUT,0.01,1.88263,0.48,0.0,-0.01,GBPAUD.p,[tp 1.88263]
133050080,151935954,2026-03-12 18:39:51,SELL,IN,0.01,1.88259,0.0,0.0,-0.01,GBPAUD.p,F001/E30/TP6/Tsto2
133057673,151944335,2026-03-12 18:45:00,SELL,IN,0.01,1.96347,0.0,0.0,-0.01,EURNZD.p,F001/E30/TP6/Tsto2
133057704,151944369,2026-03-12 18:45:00,BUY,IN,0.01,112.9,0.0,0.0,-0.01,AUDJPY.p,F001/E30/TP6/Tsto2
133090062,151981820,2026-03-12 19:21:38,SELL,OUT,0.01,112.969,0.43,0.0,-0.01,AUDJPY.p,[tp 112.969]
133091138,151982949,2026-03-12 19:22:23,SELL,OUT,0.01,0.71,0.63,0.0,-0.01,AUDUSD.p,[tp 0.71000]
133113760,152008387,2026-03-12 19:45:00,BUY,IN,0.01,112.915,0.0,0.0,-0.01,AUDJPY.p,F001/E30/TP6/Tsto2
133113771,152008398,2026-03-12 19:45:00,BUY,IN,0.01,0.70939,0.0,0.0,-0.01,AUDUSD.p,F001/E30/TP6/Tsto2
133130824,152028990,2026-03-12 20:07:37,SELL,OUT,0.01,1.81959,0.49,0.0,-0.01,GBPCAD.p,[tp 1.81959]
133246067,152167769,2026-03-12 22:15:00,BUY,IN,0.01,1.8178299999999998,0.0,0.0,-0.01,GBPCAD.p,F001/E30/TP6/Tsto2
133260639,152185818,2026-03-12 22:39:36,SELL,OUT,0.01,1.8185,0.49,0.0,-0.01,GBPCAD.p,[tp 1.81850]
133262496,152188765,2026-03-12 22:45:00,BUY,IN,0.01,1.8186200000000001,0.0,0.0,-0.01,GBPCAD.p,F001/E30/TP6/Tsto2
133276620,152206990,2026-03-12 23:13:31,SELL,OUT,0.01,1.8193000000000001,0.5,0.0,-0.01,GBPCAD.p,[tp 1.81930]
133324027,152263482,2026-03-13 01:18:17,BUY,OUT,0.01,1.88635,-2.66,-0.04,-0.01,GBPAUD.p,
133324028,152263483,2026-03-13 01:18:17,BUY,OUT,0.01,1.96863,-3.02,-0.0,-0.01,EURNZD.p,
133324029,152263484,2026-03-13 01:18:17,SELL,OUT,0.01,112.713,-1.27,0.01,-0.01,AUDJPY.p,
133324030,152263485,2026-03-13 01:18:17,SELL,OUT,0.01,0.70734,-2.05,-0.01,-0.01,AUDUSD.p,
133335112,0,2026-03-13 01:41:09,2,IN,0.0,0.0,5.0,0.0,0.0,,reset balance to 9999
133336618,152281042,2026-03-13 01:45:00,SELL,IN,0.01,1.88605,0.0,0.0,-0.01,GBPAUD.p,M15/E10/TP2/Tsto1
133336724,152281234,2026-03-13 01:45:03,SELL,IN,0.01,1.96813,0.0,0.0,-0.01,EURNZD.p,M15/E10/TP2/Tsto1
133340436,152286024,2026-03-13 01:52:45,BUY,OUT,0.01,1.88578,0.19,0.0,-0.01,GBPAUD.p,[tp 1.88578]
133351278,152299292,2026-03-13 02:15:01,SELL,IN,0.01,1.7069999999999999,0.0,0.0,-0.01,GBPSGD.p,M15/E10/TP2/Tsto1
133361654,152310851,2026-03-13 02:30:00,SELL,IN,0.01,112.736,0.0,0.0,-0.01,AUDJPY.p,M15/E10/TP2/Tsto1
133361665,152310863,2026-03-13 02:30:00,SELL,IN,0.01,0.70762,0.0,0.0,-0.01,AUDUSD.p,M15/E10/TP2/Tsto1
133371440,152323295,2026-03-13 02:55:13,BUY,OUT,0.01,112.709,0.17,0.0,-0.01,AUDJPY.p,[tp 112.709]
133376074,152329999,2026-03-13 03:02:38,BUY,OUT,0.01,0.70739,0.23,0.0,-0.01,AUDUSD.p,[tp 0.70739]
133376924,152331362,2026-03-13 03:04:25,BUY,OUT,0.01,1.96788,0.15,0.0,-0.01,EURNZD.p,[tp 1.96788]
133376926,152331366,2026-03-13 03:04:25,SELL,IN,0.01,1.96786,0.0,0.0,-0.01,EURNZD.p,M15/E10/TP2/Tsto1
133379018,152334524,2026-03-13 03:07:29,BUY,OUT,0.01,1.96761,0.15,0.0,-0.01,EURNZD.p,[tp 1.96761]
133383814,152341582,2026-03-13 03:15:00,SELL,IN,0.01,1.88666,0.0,0.0,-0.01,GBPAUD.p,M15/E10/TP2/Tsto1
133386450,152346037,2026-03-13 03:20:02,BUY,OUT,0.01,1.88631,0.25,0.0,-0.01,GBPAUD.p,[tp 1.88631]
133390009,152352487,2026-03-13 03:30:00,BUY,IN,0.01,1.9681,0.0,0.0,-0.01,EURNZD.p,M15/E10/TP2/Tsto1
133395171,152361288,2026-03-13 03:41:49,SELL,OUT,0.01,1.96835,0.15,0.0,-0.01,EURNZD.p,[tp 1.96835]
133396962,152364112,2026-03-13 03:45:01,SELL,IN,0.01,0.70814,0.0,0.0,-0.01,AUDUSD.p,M15/E10/TP2/Tsto1
133404446,152375952,2026-03-13 04:00:00,SELL,IN,0.01,1.96847,0.0,0.0,-0.01,EURNZD.p,M15/E10/TP2/Tsto1
133407708,152380316,2026-03-13 04:02:56,BUY,OUT,0.01,1.96753,0.55,0.0,-0.01,EURNZD.p,[tp 1.96753]
133419005,152401099,2026-03-13 04:30:00,BUY,IN,0.01,1.88598,0.0,0.0,-0.01,GBPAUD.p,M15/E10/TP2/Tsto1
133419024,152401128,2026-03-13 04:30:00,SELL,IN,0.01,112.747,0.0,0.0,-0.01,AUDJPY.p,M15/E10/TP2/Tsto1
133427703,152415488,2026-03-13 04:46:05,SELL,OUT,0.01,1.88624,0.18,0.0,-0.01,GBPAUD.p,[tp 1.88624]
133429715,152418317,2026-03-13 04:48:32,BUY,OUT,0.01,112.722,0.16,0.0,-0.01,AUDJPY.p,[tp 112.722]
133453982,152460146,2026-03-13 05:39:38,BUY,OUT,0.01,0.70791,0.23,0.0,-0.01,AUDUSD.p,[tp 0.70791]
133475264,152493189,2026-03-13 06:14:05,BUY,OUT,0.01,1.7067700000000001,0.18,0.0,-0.01,GBPSGD.p,[tp 1.70677]
133495789,152528240,2026-03-13 07:00:00,SELL,IN,0.01,1.88748,0.0,0.0,-0.01,GBPAUD.p,M15/E10/TP2/Tsto1
133499414,152535195,2026-03-13 07:09:57,BUY,OUT,0.01,1.8872200000000001,0.18,0.0,-0.01,GBPAUD.p,[tp 1.88722]
133516088,152560140,2026-03-13 08:00:00,SELL,IN,0.01,1.8875199999999999,0.0,0.0,-0.01,GBPAUD.p,M15/E10/TP2/Tsto1
133517983,152562799,2026-03-13 08:07:14,BUY,OUT,0.01,1.88726,0.18,0.0,-0.01,GBPAUD.p,[tp 1.88726]
133525774,152576829,2026-03-13 08:30:00,SELL,IN,0.01,1.97302,0.0,0.0,-0.01,EURNZD.p,M15/E10/TP2/Tsto1
133598035,152677486,2026-03-13 10:15:00,SELL,IN,0.01,1.88993,0.0,0.0,-0.01,GBPAUD.p,M15/E10/TP2/Tsto1
133615665,152697640,2026-03-13 10:32:01,BUY,OUT,0.01,1.88967,0.18,0.0,-0.01,GBPAUD.p,[tp 1.88967]
133626716,152712836,2026-03-13 10:49:44,BUY,OUT,0.01,1.97276,0.15,0.0,-0.01,EURNZD.p,[tp 1.97276]
133633033,152720987,2026-03-13 11:00:00,SELL,IN,0.01,1.89018,0.0,0.0,-0.01,GBPAUD.p,M15/E10/TP2/Tsto1
133633063,152721024,2026-03-13 11:00:00,BUY,IN,0.01,0.7026,0.0,0.0,-0.01,AUDUSD.p,M15/E10/TP2/Tsto1
133633077,152721044,2026-03-13 11:00:00,BUY,IN,0.01,112.003,0.0,0.0,-0.01,AUDJPY.p,M15/E10/TP2/Tsto1
133636863,152725160,2026-03-13 11:02:56,BUY,OUT,0.01,1.88992,0.18,0.0,-0.01,GBPAUD.p,[tp 1.88992]
133661077,152752916,2026-03-13 11:30:00,BUY,IN,0.01,1.9704899999999999,0.0,0.0,-0.01,EURNZD.p,M15/E10/TP2/Tsto1
133665932,152758381,2026-03-13 11:35:51,SELL,OUT,0.01,112.029,0.16,0.0,-0.01,AUDJPY.p,[tp 112.029]
133665939,152758392,2026-03-13 11:35:51,BUY,IN,0.01,112.039,0.0,0.0,-0.01,AUDJPY.p,M15/E10/TP2/Tsto1
133667845,152760563,2026-03-13 11:38:13,SELL,OUT,0.01,0.70283,0.23,0.0,-0.01,AUDUSD.p,[tp 0.70283]
133668226,152760971,2026-03-13 11:38:38,SELL,OUT,0.01,112.065,0.16,0.0,-0.01,AUDJPY.p,[tp 112.065]
133674680,152768253,2026-03-13 11:45:02,BUY,IN,0.01,1.81338,0.0,0.0,-0.01,GBPCAD.p,M15/E10/TP2/Tsto1
133674681,152768254,2026-03-13 11:45:02,BUY,IN,0.01,0.70264,0.0,0.0,-0.01,AUDUSD.p,M15/E10/TP2/Tsto1
133674684,152768258,2026-03-13 11:45:02,BUY,IN,0.01,112.033,0.0,0.0,-0.01,AUDJPY.p,M15/E10/TP2/Tsto1
133677236,152771406,2026-03-13 11:49:18,SELL,OUT,0.01,0.70288,0.24,0.0,-0.01,AUDUSD.p,[tp 0.70288]
133678096,152772324,2026-03-13 11:49:57,SELL,OUT,0.01,112.063,0.19,0.0,-0.01,AUDJPY.p,[tp 112.063]
133685051,152780100,2026-03-13 12:00:00,BUY,IN,0.01,0.70373,0.0,0.0,-0.01,AUDUSD.p,M15/E10/TP2/Tsto1
133685083,152780156,2026-03-13 12:00:00,BUY,IN,0.01,112.113,0.0,0.0,-0.01,AUDJPY.p,M15/E10/TP2/Tsto1
133689199,152784678,2026-03-13 12:03:03,SELL,OUT,0.01,112.231,0.74,0.0,-0.01,AUDJPY.p,[tp 112.231]
133689418,152784944,2026-03-13 12:03:29,SELL,OUT,0.01,0.70467,0.94,0.0,-0.01,AUDUSD.p,[tp 0.70467]
133698349,152795231,2026-03-13 12:14:22,SELL,OUT,0.01,1.81365,0.2,0.0,-0.01,GBPCAD.p,[tp 1.81365]
133699111,152796220,2026-03-13 12:15:00,BUY,IN,0.01,1.88484,0.0,0.0,-0.01,GBPAUD.p,M15/E10/TP2/Tsto1
133699127,152796236,2026-03-13 12:15:00,BUY,IN,0.01,1.6997499999999999,0.0,0.0,-0.01,GBPSGD.p,M15/E10/TP2/Tsto1
133699143,152796253,2026-03-13 12:15:00,BUY,IN,0.01,1.81407,0.0,0.0,-0.01,GBPCAD.p,M15/E10/TP2/Tsto1
133702667,152800254,2026-03-13 12:19:36,SELL,OUT,0.01,1.8851,0.18,0.0,-0.01,GBPAUD.p,[tp 1.88510]
133709732,152808467,2026-03-13 12:30:05,SELL,OUT,0.01,1.81434,0.2,0.0,-0.01,GBPCAD.p,[tp 1.81434]
133716812,152817073,2026-03-13 12:45:00,SELL,IN,0.01,112.176,0.0,0.0,-0.01,AUDJPY.p,M15/E10/TP2/Tsto1
133716839,152817116,2026-03-13 12:45:00,SELL,IN,0.01,0.70358,0.0,0.0,-0.01,AUDUSD.p,M15/E10/TP2/Tsto1
133726206,152828038,2026-03-13 13:00:00,BUY,IN,0.01,1.8850099999999999,0.0,0.0,-0.01,GBPAUD.p,M15/E10/TP2/Tsto1
133726211,152828044,2026-03-13 13:00:00,BUY,IN,0.01,1.8129300000000002,0.0,0.0,-0.01,GBPCAD.p,M15/E10/TP2/Tsto1
133729237,152831855,2026-03-13 13:04:00,SELL,OUT,0.01,1.8132000000000001,0.2,0.0,-0.01,GBPCAD.p,[tp 1.81320]
133730998,152833964,2026-03-13 13:07:04,SELL,OUT,0.01,1.8852799999999998,0.19,0.0,-0.01,GBPAUD.p,[tp 1.88528]
133735217,152838897,2026-03-13 13:15:00,BUY,IN,0.01,1.81372,0.0,0.0,-0.01,GBPCAD.p,M15/E10/TP2/Tsto1
133756164,152863397,2026-03-13 13:48:53,SELL,OUT,0.01,1.814,0.2,0.0,-0.01,GBPCAD.p,[tp 1.81400]
133769118,152879039,2026-03-13 14:08:50,BUY,OUT,0.01,112.15,0.16,0.0,-0.01,AUDJPY.p,[tp 112.150]
133770332,152880474,2026-03-13 14:10:37,BUY,OUT,0.01,0.70335,0.23,0.0,-0.01,AUDUSD.p,[tp 0.70335]
133815104,152933678,2026-03-13 15:15:00,BUY,IN,0.01,1.88117,0.0,0.0,-0.01,GBPAUD.p,M15/E10/TP2/Tsto1
133821732,152941718,2026-03-13 15:23:52,SELL,OUT,0.01,1.8814600000000001,0.2,0.0,-0.01,GBPAUD.p,[tp 1.88146]
133825510,152946204,2026-03-13 15:30:00,BUY,IN,0.01,1.8136700000000001,0.0,0.0,-0.01,GBPCAD.p,M15/E10/TP2/Tsto1
133825539,152946303,2026-03-13 15:30:00,BUY,IN,0.01,1.88167,0.0,0.0,-0.01,GBPAUD.p,M15/E10/TP2/Tsto1
133827522,152948707,2026-03-13 15:32:03,SELL,OUT,0.01,1.8154400000000002,1.29,0.0,-0.01,GBPCAD.p,[tp 1.81544]
133827575,152948769,2026-03-13 15:32:12,SELL,OUT,0.01,1.88208,0.29,0.0,-0.01,GBPAUD.p,[tp 1.88208]
133865908,152994282,2026-03-13 16:15:00,SELL,IN,0.01,1.8181699999999998,0.0,0.0,-0.01,GBPCAD.p,M15/E10/TP2/Tsto1
133865918,152994292,2026-03-13 16:15:00,SELL,IN,0.01,112.248,0.0,0.0,-0.01,AUDJPY.p,M15/E10/TP2/Tsto1
133865976,152994347,2026-03-13 16:15:01,BUY,IN,0.01,1.88334,0.0,0.0,-0.01,GBPAUD.p,M15/E10/TP2/Tsto1
133869758,152998921,2026-03-13 16:19:30,SELL,OUT,0.01,1.88411,0.54,0.0,-0.01,GBPAUD.p,[tp 1.88411]
133870588,152999867,2026-03-13 16:20:40,BUY,OUT,0.01,112.212,0.23,0.0,-0.01,AUDJPY.p,[tp 112.212]
133871880,153001398,2026-03-13 16:22:53,BUY,OUT,0.01,1.8178999999999998,0.2,0.0,-0.01,GBPCAD.p,[tp 1.81790]
133916693,153051076,2026-03-13 17:00:00,SELL,IN,0.01,1.81745,0.0,0.0,-0.01,GBPCAD.p,M15/E10/TP2/Tsto1
133921497,153056582,2026-03-13 17:03:18,BUY,OUT,0.01,1.81651,0.69,0.0,-0.01,GBPCAD.p,[tp 1.81651]
133934900,153071513,2026-03-13 17:15:00,SELL,IN,0.01,1.8165,0.0,0.0,-0.01,GBPCAD.p,M15/E10/TP2/Tsto1
133940376,153077640,2026-03-13 17:18:10,BUY,OUT,0.01,1.81608,0.31,0.0,-0.01,GBPCAD.p,[tp 1.81608]
133952995,153091917,2026-03-13 17:30:00,BUY,IN,0.01,112.138,0.0,0.0,-0.01,AUDJPY.p,M15/E10/TP2/Tsto1
133956332,153095736,2026-03-13 17:32:30,SELL,OUT,0.01,112.204,0.41,0.0,-0.01,AUDJPY.p,[tp 112.204]
134025717,153174938,2026-03-13 18:15:00,BUY,IN,0.01,112.023,0.0,0.0,-0.01,AUDJPY.p,M15/E10/TP2/Tsto1
134025729,153174951,2026-03-13 18:15:00,SELL,IN,0.01,1.8868,0.0,0.0,-0.01,GBPAUD.p,M15/E10/TP2/Tsto1
134025746,153174968,2026-03-13 18:15:00,BUY,IN,0.01,0.7028,0.0,0.0,-0.01,AUDUSD.p,M15/E10/TP2/Tsto1
134035913,153186221,2026-03-13 18:23:59,SELL,OUT,0.01,1.9707400000000002,0.15,0.0,-0.01,EURNZD.p,[tp 1.97074]
134042881,153193986,2026-03-13 18:30:00,SELL,IN,0.01,1.8183,0.0,0.0,-0.01,GBPCAD.p,M15/E10/TP2/Tsto1
134048812,153201133,2026-03-13 18:36:08,BUY,OUT,0.01,1.81803,0.2,0.0,-0.01,GBPCAD.p,[tp 1.81803]
134063743,153218533,2026-03-13 18:47:17,BUY,OUT,0.01,1.88654,0.18,0.0,-0.01,GBPAUD.p,[tp 1.88654]
134123604,153289096,2026-03-13 19:30:00,SELL,IN,0.01,1.972,0.0,0.0,-0.01,EURNZD.p,M15/E10/TP2/Tsto1
134128550,153295085,2026-03-13 19:33:55,BUY,OUT,0.01,1.9717500000000001,0.15,0.0,-0.01,EURNZD.p,[tp 1.97175]
134139228,153310696,2026-03-13 19:45:00,SELL,IN,0.01,1.8891499999999999,0.0,0.0,-0.01,GBPAUD.p,M15/E10/TP2/Tsto1
134145636,153319195,2026-03-13 19:53:10,BUY,OUT,0.01,1.88889,0.18,0.0,-0.01,GBPAUD.p,[tp 1.88889]
134162397,153340587,2026-03-13 20:15:00,SELL,IN,0.01,1.8891900000000001,0.0,0.0,-0.01,GBPAUD.p,M15/E10/TP2/Tsto1
134162407,153340596,2026-03-13 20:15:00,SELL,IN,0.01,1.9719,0.0,0.0,-0.01,EURNZD.p,M15/E10/TP2/Tsto1
134165282,153344020,2026-03-13 20:17:52,BUY,OUT,0.01,1.9716399999999998,0.15,0.0,-0.01,EURNZD.p,[tp 1.97164]
134167581,153346818,2026-03-13 20:21:29,BUY,OUT,0.01,1.88893,0.18,0.0,-0.01,GBPAUD.p,[tp 1.88893]
134173775,153355244,2026-03-13 20:30:00,SELL,IN,0.01,1.9717799999999999,0.0,0.0,-0.01,EURNZD.p,M15/E10/TP2/Tsto1
134211890,153402083,2026-03-13 21:15:00,SELL,IN,0.01,1.89087,0.0,0.0,-0.01,GBPAUD.p,M15/E10/TP2/Tsto1
134233080,153426635,2026-03-13 21:31:11,BUY,OUT,0.01,1.8906100000000001,0.18,0.0,-0.01,GBPAUD.p,[tp 1.89061]
134250362,153446312,2026-03-13 21:45:00,SELL,IN,0.01,1.8904,0.0,0.0,-0.01,GBPAUD.p,M15/E10/TP2/Tsto1
134638787,153875349,2026-03-16 01:30:00,SELL,IN,0.01,124.389,0.0,0.0,-0.01,SGDJPY.p,M15/E10/TP2/Tsto1
134650783,153889160,2026-03-16 01:45:00,BUY,IN,0.01,1.8152,0.0,0.0,-0.01,GBPCAD.p,M15/E10/TP2/Tsto1
134658097,153897589,2026-03-16 01:54:28,SELL,OUT,0.01,1.81552,0.23,0.0,-0.01,GBPCAD.p,[tp 1.81552]
134659276,153898908,2026-03-16 01:56:01,BUY,OUT,0.01,124.364,0.16,0.0,-0.01,SGDJPY.p,[tp 124.364]
134661576,153901620,2026-03-16 02:00:00,BUY,IN,0.01,1.81562,0.0,0.0,-0.01,GBPCAD.p,M15/E10/TP2/Tsto1
134661627,153901755,2026-03-16 02:00:00,SELL,IN,0.01,124.342,0.0,0.0,-0.01,SGDJPY.p,M15/E10/TP2/Tsto1
134720215,153968724,2026-03-16 02:42:04,SELL,OUT,0.01,1.81589,0.2,0.0,-0.01,GBPCAD.p,[tp 1.81589]
134740242,153993874,2026-03-16 03:00:00,SELL,IN,0.01,1.04641,0.0,0.0,-0.01,GBPCHF.p,M15/E10/TP2/Tsto1
134742505,153996395,2026-03-16 03:00:54,BUY,OUT,0.01,1.8901400000000002,0.18,-0.04,-0.01,GBPAUD.p,[tp 1.89014]
134770614,154030327,2026-03-16 03:30:00,BUY,IN,0.01,1.89096,0.0,0.0,-0.01,GBPAUD.p,M15/E10/TP2/Tsto1
134770885,154030655,2026-03-16 03:30:34,BUY,OUT,0.01,124.319,0.14,0.0,-0.01,SGDJPY.p,[tp 124.319]
134770888,154030662,2026-03-16 03:30:34,SELL,IN,0.01,124.314,0.0,0.0,-0.01,SGDJPY.p,M15/E10/TP2/Tsto1
134782395,154044564,2026-03-16 03:42:19,BUY,OUT,0.01,1.04619,0.28,0.0,-0.01,GBPCHF.p,[tp 1.04619]
134828536,154099820,2026-03-16 04:15:13,SELL,OUT,0.01,1.89123,0.19,0.0,-0.01,GBPAUD.p,[tp 1.89123]
134866797,154145004,2026-03-16 04:45:00,SELL,IN,0.01,1.8906100000000001,0.0,0.0,-0.01,GBPAUD.p,M15/E10/TP2/Tsto1
134878211,154158622,2026-03-16 04:58:46,BUY,OUT,0.01,1.89035,0.18,0.0,-0.01,GBPAUD.p,[tp 1.89035]
134894888,154179935,2026-03-16 05:26:37,BUY,OUT,0.01,1.97153,0.15,-0.0,-0.01,EURNZD.p,[tp 1.97153]
135041899,154366475,2026-03-16 09:26:24,BUY,OUT,0.01,124.291,0.14,0.0,-0.01,SGDJPY.p,[tp 124.291]
135122914,154450879,2026-03-16 09:45:00,BUY,IN,0.01,1.96862,0.0,0.0,-0.01,EURNZD.p,M15/E10/TP2/Tsto1
135133755,154463288,2026-03-16 09:53:09,SELL,OUT,0.01,1.96887,0.15,0.0,-0.01,EURNZD.p,[tp 1.96887]
135164967,154501380,2026-03-16 10:30:00,BUY,IN,0.01,1.96845,0.0,0.0,-0.01,EURNZD.p,M15/E10/TP2/Tsto1
135164977,154501392,2026-03-16 10:30:00,BUY,IN,0.01,1.88744,0.0,0.0,-0.01,GBPAUD.p,M15/E10/TP2/Tsto1
135171888,154509479,2026-03-16 10:37:29,SELL,OUT,0.01,1.8877000000000002,0.18,0.0,-0.01,GBPAUD.p,[tp 1.88770]
135179631,154518614,2026-03-16 10:45:00,BUY,IN,0.01,1.88879,0.0,0.0,-0.01,GBPAUD.p,M15/E10/TP2/Tsto1
135213849,154558727,2026-03-16 11:24:40,SELL,OUT,0.01,1.9687000000000001,0.15,0.0,-0.01,EURNZD.p,[tp 1.96870]
135213857,154558736,2026-03-16 11:24:41,BUY,IN,0.01,1.96872,0.0,0.0,-0.01,EURNZD.p,M15/E10/TP2/Tsto1
135219575,154565065,2026-03-16 11:29:52,SELL,OUT,0.01,1.96914,0.24,0.0,-0.01,EURNZD.p,[tp 1.96914]
135219691,154565222,2026-03-16 11:30:00,BUY,IN,0.01,1.81551,0.0,0.0,-0.01,GBPCAD.p,M15/E10/TP2/Tsto1
135234915,154582171,2026-03-16 11:45:00,SELL,IN,0.01,1.96885,0.0,0.0,-0.01,EURNZD.p,M15/E10/TP2/Tsto1
135237234,154584719,2026-03-16 11:47:43,BUY,OUT,0.01,1.9684300000000001,0.24,0.0,-0.01,EURNZD.p,[tp 1.96843]
135282081,154636368,2026-03-16 12:46:54,SELL,OUT,0.01,1.81578,0.2,0.0,-0.01,GBPCAD.p,[tp 1.81578]
135303195,154660377,2026-03-16 13:11:21,SELL,OUT,0.01,0.70305,0.25,-0.01,-0.01,AUDUSD.p,[tp 0.70305]
135305509,154663103,2026-03-16 13:15:00,BUY,IN,0.01,1.8850500000000001,0.0,0.0,-0.01,GBPAUD.p,M15/E10/TP2/Tsto1
135305531,154663127,2026-03-16 13:15:00,BUY,IN,0.01,1.81558,0.0,0.0,-0.01,GBPCAD.p,M15/E10/TP2/Tsto1
135307924,154666080,2026-03-16 13:18:56,SELL,OUT,0.01,1.81616,0.42,0.0,-0.01,GBPCAD.p,[tp 1.81616]
135311128,154669915,2026-03-16 13:23:27,SELL,OUT,0.01,112.052,0.18,0.01,-0.01,AUDJPY.p,[tp 112.052]
135317948,154677500,2026-03-16 13:30:00,BUY,IN,0.01,1.96699,0.0,0.0,-0.01,EURNZD.p,M15/E10/TP2/Tsto1
135370136,154737598,2026-03-16 14:30:00,SELL,IN,0.01,112.264,0.0,0.0,-0.01,AUDJPY.p,M15/E10/TP2/Tsto1
135370156,154737625,2026-03-16 14:30:00,SELL,IN,0.01,0.70496,0.0,0.0,-0.01,AUDUSD.p,M15/E10/TP2/Tsto1
135372564,154740406,2026-03-16 14:33:54,BUY,OUT,0.01,112.24,0.15,0.0,-0.01,AUDJPY.p,[tp 112.240]
135377842,154746803,2026-03-16 14:45:00,SELL,IN,0.01,112.237,0.0,0.0,-0.01,AUDJPY.p,M15/E10/TP2/Tsto1
135380573,154750005,2026-03-16 14:48:41,BUY,OUT,0.01,112.202,0.22,0.0,-0.01,AUDJPY.p,[tp 112.202]
135390634,154760728,2026-03-16 14:54:38,BUY,OUT,0.01,0.70473,0.23,0.0,-0.01,AUDUSD.p,[tp 0.70473]
135395450,154766596,2026-03-16 15:00:00,SELL,IN,0.01,0.70501,0.0,0.0,-0.01,AUDUSD.p,M15/E10/TP2/Tsto1
135395477,154766665,2026-03-16 15:00:00,SELL,IN,0.01,112.184,0.0,0.0,-0.01,AUDJPY.p,M15/E10/TP2/Tsto1
135441411,154822054,2026-03-16 15:48:43,BUY,OUT,0.01,112.16,0.15,0.0,-0.01,AUDJPY.p,[tp 112.160]
135441422,154822069,2026-03-16 15:48:44,SELL,IN,0.01,112.159,0.0,0.0,-0.01,AUDJPY.p,M15/E10/TP2/Tsto1
135452169,154835469,2026-03-16 16:00:00,SELL,IN,0.01,1.81806,0.0,0.0,-0.01,GBPCAD.p,M15/E10/TP2/Tsto1
135458762,154843172,2026-03-16 16:04:20,BUY,OUT,0.01,1.81749,0.42,0.0,-0.01,GBPCAD.p,[tp 1.81749]
135466053,154853491,2026-03-16 16:15:00,SELL,IN,0.01,1.81749,0.0,0.0,-0.01,GBPCAD.p,M15/E10/TP2/Tsto1
135471510,154859469,2026-03-16 16:17:39,BUY,OUT,0.01,1.8169300000000002,0.41,0.0,-0.01,GBPCAD.p,[tp 1.81693]
135520913,154917570,2026-03-16 16:55:25,SELL,OUT,0.01,1.7,0.2,0.02,-0.01,GBPSGD.p,[tp 1.70000]
135546124,154948850,2026-03-16 17:15:00,SELL,IN,0.01,1.81765,0.0,0.0,-0.01,GBPCAD.p,M15/E10/TP2/Tsto1
135550164,154954078,2026-03-16 17:18:09,BUY,OUT,0.01,1.81708,0.42,0.0,-0.01,GBPCAD.p,[tp 1.81708]
135587927,155000289,2026-03-16 17:45:00,SELL,IN,0.01,1.8173599999999999,0.0,0.0,-0.01,GBPCAD.p,M15/E10/TP2/Tsto1
135623156,155040672,2026-03-16 18:08:33,SELL,OUT,0.01,1.88357,-3.69,0.0,-0.01,GBPAUD.p,
135623157,155040673,2026-03-16 18:08:33,SELL,OUT,0.01,1.88357,-1.05,0.0,-0.01,GBPAUD.p,
135623158,155040674,2026-03-16 18:08:33,SELL,OUT,0.01,1.96461,-1.3900000000000001,0.0,-0.01,EURNZD.p,
135623159,155040675,2026-03-16 18:08:33,BUY,OUT,0.01,0.70628,-1.27,0.0,-0.01,AUDUSD.p,
135623160,155040676,2026-03-16 18:08:33,BUY,OUT,0.01,112.393,-1.47,0.0,-0.01,AUDJPY.p,
135623161,155040677,2026-03-16 18:08:33,BUY,OUT,0.01,1.8178800000000002,-0.38,0.0,-0.01,GBPCAD.p,
135629681,0,2026-03-16 18:13:47,2,IN,0.0,0.0,-8.36,0.0,0.0,,reset balance to 9999
135660698,155083875,2026-03-16 18:45:01,SELL,IN,0.1,112.372,0.0,0.0,-0.1,AUDJPY.p,E30/TP5/Tsto1
135667238,155091892,2026-03-16 18:52:33,BUY,OUT,0.1,112.313,3.7,0.0,-0.1,AUDJPY.p,[tp 112.313]
135674153,155100075,2026-03-16 19:00:00,SELL,IN,0.1,0.70547,0.0,0.0,-0.1,AUDUSD.p,E30/TP5/Tsto1
135686363,155114155,2026-03-16 19:15:00,SELL,IN,0.1,1.04875,0.0,0.0,-0.1,GBPCHF.p,E30/TP5/Tsto1
135686370,155114162,2026-03-16 19:15:00,SELL,IN,0.1,1.70126,0.0,0.0,-0.1,GBPSGD.p,E30/TP5/Tsto1
135691269,155119729,2026-03-16 19:22:21,BUY,OUT,0.1,0.70494,5.3,0.0,-0.1,AUDUSD.p,[tp 0.70494]
135697241,155126067,2026-03-16 19:27:35,BUY,OUT,0.1,1.04824,6.47,0.0,-0.1,GBPCHF.p,[tp 1.04824]
135700077,155129430,2026-03-16 19:30:00,SELL,IN,0.1,1.04824,0.0,0.0,-0.1,GBPCHF.p,E30/TP5/Tsto1
135700111,155129524,2026-03-16 19:30:00,SELL,IN,0.1,1.819,0.0,0.0,-0.1,GBPCAD.p,E30/TP5/Tsto1
135700145,155129560,2026-03-16 19:30:01,SELL,IN,0.1,0.70467,0.0,0.0,-0.1,AUDUSD.p,E30/TP5/Tsto1
135700175,155129621,2026-03-16 19:30:01,SELL,IN,0.1,112.261,0.0,0.0,-0.1,AUDJPY.p,E30/TP5/Tsto1
135704452,155134698,2026-03-16 19:33:01,BUY,OUT,0.1,1.70066,4.6899999999999995,0.0,-0.1,GBPSGD.p,[tp 1.70066]
135704462,155134718,2026-03-16 19:33:02,SELL,IN,0.1,1.7004700000000001,0.0,0.0,-0.1,GBPSGD.p,E30/TP5/Tsto1
135789131,155239598,2026-03-16 21:30:00,SELL,IN,0.1,1.8229899999999999,0.0,0.0,-0.1,GBPCAD.p,E30/TP5/Tsto1
135871412,155345233,2026-03-17 01:15:00,BUY,IN,0.1,1.9645299999999999,0.0,0.0,-0.1,EURNZD.p,E30/TP5/Tsto1
135871436,155345277,2026-03-17 01:15:00,BUY,IN,0.1,1.8840599999999998,0.0,0.0,-0.1,GBPAUD.p,E30/TP5/Tsto1
135871444,155345285,2026-03-17 01:15:00,BUY,IN,0.1,124.438,0.0,0.0,-0.1,SGDJPY.p,E30/TP5/Tsto1
135880947,155356855,2026-03-17 01:32:00,SELL,OUT,0.1,124.49,3.27,0.0,-0.1,SGDJPY.p,[tp 124.490]
135882436,155358676,2026-03-17 01:37:34,SELL,OUT,0.1,1.9651399999999999,3.57,0.0,-0.1,EURNZD.p,[tp 1.96514]
135893734,155373970,2026-03-17 02:15:00,SELL,IN,0.1,1.96495,0.0,0.0,-0.1,EURNZD.p,E30/TP5/Tsto1
135897188,155379167,2026-03-17 02:30:00,SELL,IN,0.1,124.54,0.0,0.0,-0.1,SGDJPY.p,E30/TP5/Tsto1
135904765,155388564,2026-03-17 02:48:23,BUY,OUT,0.1,124.488,3.27,0.0,-0.1,SGDJPY.p,[tp 124.488]
135904766,155388565,2026-03-17 02:48:24,SELL,IN,0.1,124.479,0.0,0.0,-0.1,SGDJPY.p,E30/TP5/Tsto1
135905395,155389406,2026-03-17 02:49:57,BUY,OUT,0.1,1.96441,3.16,0.0,-0.1,EURNZD.p,[tp 1.96441]
135950475,155453386,2026-03-17 04:02:36,BUY,OUT,0.1,1.82044,-10.52,-1.11,-0.1,GBPCAD.p,[tp 1.82044]
135950476,155453387,2026-03-17 04:02:36,BUY,OUT,0.1,1.82044,18.63,-1.11,-0.1,GBPCAD.p,[tp 1.82044]
135999382,155512996,2026-03-17 05:05:57,SELL,IN,0.1,0.7082,0.0,0.0,-0.1,AUDUSD.p,E30/TP5/Tsto1
136032460,155559055,2026-03-17 06:30:37,SELL,OUT,0.1,1.88461,3.88,0.0,-0.1,GBPAUD.p,[tp 1.88461]
136032864,155559503,2026-03-17 06:30:44,BUY,OUT,0.1,0.70589,-12.2,-0.09,-0.1,AUDUSD.p,[tp 0.70589]
136032865,155559504,2026-03-17 06:30:44,BUY,OUT,0.1,0.70589,23.1,0.0,-0.1,AUDUSD.p,[tp 0.70589]
136038219,155567723,2026-03-17 06:45:00,SELL,IN,0.1,0.70509,0.0,0.0,-0.1,AUDUSD.p,E30/TP5/Tsto1
136038232,155567736,2026-03-17 06:45:00,BUY,IN,0.1,1.8874300000000002,0.0,0.0,-0.1,GBPAUD.p,E30/TP5/Tsto1
136042733,155574781,2026-03-17 07:00:01,SELL,IN,0.1,1.9666000000000001,0.0,0.0,-0.1,EURNZD.p,E30/TP5/Tsto1
136046632,155581142,2026-03-17 07:15:57,BUY,OUT,0.1,1.9660600000000001,3.16,0.0,-0.1,EURNZD.p,[tp 1.96606]
136046633,155581144,2026-03-17 07:15:58,SELL,IN,0.1,1.96601,0.0,0.0,-0.1,EURNZD.p,E30/TP5/Tsto1
136098722,155653423,2026-03-17 08:56:58,BUY,OUT,0.1,1.69994,4.14,-1.53,-0.1,GBPSGD.p,[tp 1.69994]
136131108,155695419,2026-03-17 09:30:00,BUY,IN,0.1,1.8197,0.0,0.0,-0.1,GBPCAD.p,E30/TP5/Tsto1
136131157,155695472,2026-03-17 09:30:00,BUY,IN,0.1,1.69971,0.0,0.0,-0.1,GBPSGD.p,E30/TP5/Tsto1
136145932,155715729,2026-03-17 10:02:41,SELL,OUT,0.1,1.70027,4.38,0.0,-0.1,GBPSGD.p,[tp 1.70027]
136151237,155722701,2026-03-17 10:13:10,SELL,OUT,0.1,1.82026,4.09,0.0,-0.1,GBPCAD.p,[tp 1.82026]
136151238,155722704,2026-03-17 10:13:10,BUY,IN,0.1,1.82033,0.0,0.0,-0.1,GBPCAD.p,E30/TP5/Tsto1
136151632,155723360,2026-03-17 10:15:00,BUY,IN,0.1,1.7004700000000001,0.0,0.0,-0.1,GBPSGD.p,E30/TP5/Tsto1
136155446,155728202,2026-03-17 10:23:18,SELL,OUT,0.1,1.8209,4.16,0.0,-0.1,GBPCAD.p,[tp 1.82090]
136155447,155728203,2026-03-17 10:23:18,BUY,IN,0.1,1.82098,0.0,0.0,-0.1,GBPCAD.p,E30/TP5/Tsto1
136157167,155730321,2026-03-17 10:26:48,SELL,OUT,0.1,1.70105,4.54,0.0,-0.1,GBPSGD.p,[tp 1.70105]
136158533,155731879,2026-03-17 10:28:14,SELL,OUT,0.1,1.82155,4.16,0.0,-0.1,GBPCAD.p,[tp 1.82155]
136159014,155732573,2026-03-17 10:30:00,BUY,IN,0.1,1.82168,0.0,0.0,-0.1,GBPCAD.p,E30/TP5/Tsto1
136178126,155757052,2026-03-17 11:00:00,SELL,IN,0.1,1.70121,0.0,0.0,-0.1,GBPSGD.p,E30/TP5/Tsto1
136197225,155783301,2026-03-17 11:25:32,SELL,OUT,0.1,1.82225,4.16,0.0,-0.1,GBPCAD.p,[tp 1.82225]
136288348,155907451,2026-03-17 13:30:00,SELL,IN,0.1,1.8250899999999999,0.0,0.0,-0.1,GBPCAD.p,E30/TP5/Tsto1
136345053,155984611,2026-03-17 15:03:55,BUY,OUT,0.1,1.82453,4.09,0.0,-0.1,GBPCAD.p,[tp 1.82453]
136345054,155984612,2026-03-17 15:03:55,SELL,IN,0.1,1.82449,0.0,0.0,-0.1,GBPCAD.p,E30/TP5/Tsto1
136422530,156084870,2026-03-17 16:34:00,BUY,OUT,0.1,124.427,3.27,0.0,-0.1,SGDJPY.p,[tp 124.427]
136620170,156355756,2026-03-17 19:30:35,BUY,OUT,0.1,1.04773,6.5,-2.43,-0.1,GBPCHF.p,[tp 1.04773]
136784116,156603274,2026-03-18 01:15:00,BUY,IN,0.1,124.557,0.0,0.0,-0.1,SGDJPY.p,E30/TP5/Tsto1
136836486,156689351,2026-03-18 03:37:04,SELL,OUT,0.1,124.613,3.52,0.0,-0.1,SGDJPY.p,[tp 124.613]
137545967,157714357,2026-03-18 16:15:58,SELL,OUT,0.1,1.8879899999999998,3.95,-0.52,-0.1,GBPAUD.p,[tp 1.88799]
137614154,157821474,2026-03-18 16:45:00,SELL,IN,0.1,1.88707,0.0,0.0,-0.1,GBPAUD.p,E30/TP5/Tsto1
137624114,157837410,2026-03-18 16:49:27,BUY,OUT,0.1,1.88597,7.77,0.0,-0.1,GBPAUD.p,[tp 1.88597]
137645581,157871807,2026-03-18 17:00:00,SELL,IN,0.1,1.8856000000000002,0.0,0.0,-0.1,GBPAUD.p,E30/TP5/Tsto1
137658210,157890700,2026-03-18 17:06:31,BUY,OUT,0.1,1.88498,4.38,0.0,-0.1,GBPAUD.p,[tp 1.88498]
137671330,157912527,2026-03-18 17:15:00,SELL,IN,0.1,1.88342,0.0,0.0,-0.1,GBPAUD.p,E30/TP5/Tsto1
137692009,157943245,2026-03-18 17:29:00,BUY,OUT,0.1,112.594,-20.88,-1.46,-0.1,AUDJPY.p,
137692010,157943246,2026-03-18 17:29:00,BUY,OUT,0.1,0.70602,-9.3,-0.09,-0.1,AUDUSD.p,
137692011,157943247,2026-03-18 17:29:00,BUY,OUT,0.1,1.9740799999999998,-47.04,-0.11,-0.1,EURNZD.p,
137692012,157943248,2026-03-18 17:29:00,BUY,OUT,0.1,1.70435,-24.51,-1.53,-0.1,GBPSGD.p,
137692013,157943249,2026-03-18 17:29:00,BUY,OUT,0.1,1.82465,-1.17,-1.11,-0.1,GBPCAD.p,
137692014,157943250,2026-03-18 17:29:00,BUY,OUT,0.1,1.8847399999999999,-9.32,0.0,-0.1,GBPAUD.p,
137694924,0,2026-03-18 17:31:12,2,IN,0.0,0.0,7.52,0.0,0.0,,reset balance to 9999
137730469,158006712,2026-03-18 18:00:00,BUY,IN,0.1,1.82528,0.0,0.0,-0.1,GBPCAD.p,E25/TP2/Tsto1
137730574,158006847,2026-03-18 18:00:00,BUY,IN,0.1,0.70773,0.0,0.0,-0.1,AUDUSD.p,E25/TP2/Tsto1
137730687,158006995,2026-03-18 18:00:00,SELL,IN,0.1,1.88312,0.0,0.0,-0.1,GBPAUD.p,E25/TP2/Tsto1
137730716,158007049,2026-03-18 18:00:00,SELL,IN,0.1,1.97138,0.0,0.0,-0.1,EURNZD.p,E25/TP2/Tsto1
137739051,158020230,2026-03-18 18:05:56,BUY,OUT,0.1,1.8817300000000001,9.85,0.0,-0.1,GBPAUD.p,[tp 1.88173]
137739287,158020627,2026-03-18 18:06:11,SELL,OUT,0.1,1.82622,6.86,0.0,-0.1,GBPCAD.p,[tp 1.82622]
137739709,158021270,2026-03-18 18:06:48,BUY,OUT,0.1,1.97061,4.5,0.0,-0.1,EURNZD.p,[tp 1.97061]
137746661,158031786,2026-03-18 18:13:33,SELL,OUT,0.1,0.70827,5.4,0.0,-0.1,AUDUSD.p,[tp 0.70827]
137747623,158033084,2026-03-18 18:15:00,BUY,IN,0.1,1.82622,0.0,0.0,-0.1,GBPCAD.p,E25/TP2/Tsto1
137747642,158033106,2026-03-18 18:15:00,BUY,IN,0.1,0.70824,0.0,0.0,-0.1,AUDUSD.p,E25/TP2/Tsto1
137760559,158055511,2026-03-18 18:30:00,SELL,IN,0.1,112.875,0.0,0.0,-0.1,AUDJPY.p,E25/TP2/Tsto1
137760590,158055546,2026-03-18 18:30:00,BUY,IN,0.1,1.97143,0.0,0.0,-0.1,EURNZD.p,E25/TP2/Tsto1
137760598,158055557,2026-03-18 18:30:00,BUY,IN,0.1,1.88205,0.0,0.0,-0.1,GBPAUD.p,E25/TP2/Tsto1
137762240,158058474,2026-03-18 18:33:25,SELL,OUT,0.1,1.82649,1.97,0.0,-0.1,GBPCAD.p,[tp 1.82649]
137764529,158061729,2026-03-18 18:38:37,SELL,OUT,0.1,0.70847,2.3,0.0,-0.1,AUDUSD.p,[tp 0.70847]
137770424,158070524,2026-03-18 18:45:00,BUY,IN,0.1,1.8260399999999999,0.0,0.0,-0.1,GBPCAD.p,E25/TP2/Tsto1
137774313,158077547,2026-03-18 18:49:03,SELL,OUT,0.1,1.8822999999999999,1.77,0.0,-0.1,GBPAUD.p,[tp 1.88230]
137774757,158078489,2026-03-18 18:49:57,SELL,OUT,0.1,1.97167,1.4,0.0,-0.1,EURNZD.p,[tp 1.97167]
137776433,158081279,2026-03-18 18:52:47,BUY,OUT,0.1,112.851,1.51,0.0,-0.1,AUDJPY.p,[tp 112.851]
137780825,158088640,2026-03-18 19:00:00,BUY,IN,0.1,1.97177,0.0,0.0,-0.1,EURNZD.p,E25/TP2/Tsto1
137780854,158088681,2026-03-18 19:00:00,SELL,IN,0.1,112.854,0.0,0.0,-0.1,AUDJPY.p,E25/TP2/Tsto1
137780867,158088694,2026-03-18 19:00:00,BUY,IN,0.1,1.8826100000000001,0.0,0.0,-0.1,GBPAUD.p,E25/TP2/Tsto1
137792788,158108410,2026-03-18 19:13:41,SELL,OUT,0.1,1.88286,1.77,0.0,-0.1,GBPAUD.p,[tp 1.88286]
137794164,158111134,2026-03-18 19:15:01,BUY,IN,0.1,0.70826,0.0,0.0,-0.1,AUDUSD.p,E25/TP2/Tsto1
137798342,158119208,2026-03-18 19:23:10,SELL,OUT,0.1,0.70849,2.3,0.0,-0.1,AUDUSD.p,[tp 0.70849]
137826778,158169046,2026-03-18 19:57:56,SELL,OUT,0.1,1.8263,1.9,0.0,-0.1,GBPCAD.p,[tp 1.82630]
137827789,158171278,2026-03-18 20:00:00,BUY,IN,0.1,1.8266200000000001,0.0,0.0,-0.1,GBPCAD.p,E25/TP2/Tsto1
137837791,158189575,2026-03-18 20:16:16,SELL,OUT,0.1,1.97201,1.4,0.0,-0.1,EURNZD.p,[tp 1.97201]
137837801,158189596,2026-03-18 20:16:16,BUY,IN,0.1,1.97206,0.0,0.0,-0.1,EURNZD.p,E25/TP2/Tsto1
137852123,158211996,2026-03-18 20:30:40,SELL,OUT,0.1,1.82688,1.9,0.0,-0.1,GBPCAD.p,[tp 1.82688]
137889922,158276429,2026-03-18 21:07:35,BUY,OUT,0.1,112.831,1.44,0.0,-0.1,AUDJPY.p,[tp 112.831]
137896395,158290064,2026-03-18 21:15:00,BUY,IN,0.1,1.70683,0.0,0.0,-0.1,GBPSGD.p,E25/TP2/Tsto1
137896415,158290092,2026-03-18 21:15:00,BUY,IN,0.1,112.852,0.0,0.0,-0.1,AUDJPY.p,E25/TP2/Tsto1
137896432,158290114,2026-03-18 21:15:00,SELL,IN,0.1,1.05346,0.0,0.0,-0.1,GBPCHF.p,E25/TP2/Tsto1
137905497,158308649,2026-03-18 21:23:30,BUY,OUT,0.1,1.05325,2.66,0.0,-0.1,GBPCHF.p,[tp 1.05325]
137911356,158319596,2026-03-18 21:30:00,SELL,IN,0.1,1.82654,0.0,0.0,-0.1,GBPCAD.p,E25/TP2/Tsto1
137917949,158330069,2026-03-18 21:34:09,BUY,OUT,0.1,1.82619,2.55,0.0,-0.1,GBPCAD.p,[tp 1.82619]
137918494,158330759,2026-03-18 21:34:21,SELL,OUT,0.1,1.9723000000000002,1.4,0.0,-0.1,EURNZD.p,[tp 1.97230]
137955637,158393764,2026-03-18 22:00:00,SELL,IN,0.1,1.05283,0.0,0.0,-0.1,GBPCHF.p,E25/TP2/Tsto1
137970561,158410964,2026-03-18 22:08:16,BUY,OUT,0.1,1.0526200000000001,2.65,0.0,-0.1,GBPCHF.p,[tp 1.05262]
137978013,158420454,2026-03-18 22:15:00,BUY,IN,0.1,1.82311,0.0,0.0,-0.1,GBPCAD.p,E25/TP2/Tsto1
137978039,158420498,2026-03-18 22:15:00,SELL,IN,0.1,1.05264,0.0,0.0,-0.1,GBPCHF.p,E25/TP2/Tsto1
138006183,158478290,2026-03-18 22:45:00,SELL,IN,0.1,1.97489,0.0,0.0,-0.1,EURNZD.p,E25/TP2/Tsto1
138012814,158491694,2026-03-18 22:51:22,BUY,OUT,0.1,1.05243,2.65,0.0,-0.1,GBPCHF.p,[tp 1.05243]
138022757,158510857,2026-03-18 23:00:00,BUY,IN,0.1,112.438,0.0,0.0,-0.1,AUDJPY.p,E25/TP2/Tsto1
138077810,158603061,2026-03-19 00:23:31,BUY,OUT,0.1,1.9715799999999999,19.25,-0.32,-0.1,EURNZD.p,[tp 1.97158]
138100374,158639824,2026-03-19 01:15:00,BUY,IN,0.1,1.0513,0.0,0.0,-0.1,GBPCHF.p,E25/TP2/Tsto1
138100395,158639860,2026-03-19 01:15:00,BUY,IN,0.1,124.571,0.0,0.0,-0.1,SGDJPY.p,E25/TP2/Tsto1
138130096,158696289,2026-03-19 01:45:00,BUY,IN,0.1,0.70255,0.0,0.0,-0.1,AUDUSD.p,E25/TP2/Tsto1
138130109,158696305,2026-03-19 01:45:00,SELL,IN,0.1,1.97908,0.0,0.0,-0.1,EURNZD.p,E25/TP2/Tsto1
138163893,158774285,2026-03-19 02:40:00,SELL,OUT,0.1,0.70278,2.3,0.0,-0.1,AUDUSD.p,[tp 0.70278]
138163895,158774294,2026-03-19 02:40:01,BUY,IN,0.1,0.70279,0.0,0.0,-0.1,AUDUSD.p,E25/TP2/Tsto1
138164803,158776043,2026-03-19 02:41:10,BUY,OUT,0.1,1.97884,1.3900000000000001,0.0,-0.1,EURNZD.p,[tp 1.97884]
138164808,158776055,2026-03-19 02:41:11,SELL,IN,0.1,1.97877,0.0,0.0,-0.1,EURNZD.p,E25/TP2/Tsto1
138175527,158803064,2026-03-19 02:57:27,BUY,OUT,0.1,1.97837,2.32,0.0,-0.1,EURNZD.p,[tp 1.97837]
138175874,158804101,2026-03-19 02:58:31,SELL,OUT,0.1,1.05151,2.65,0.0,-0.1,GBPCHF.p,[tp 1.05151]
138176610,158806053,2026-03-19 02:59:54,SELL,OUT,0.1,0.70302,2.3,0.0,-0.1,AUDUSD.p,[tp 0.70302]
138176679,158806244,2026-03-19 03:00:00,BUY,IN,0.1,0.70296,0.0,0.0,-0.1,AUDUSD.p,E25/TP2/Tsto1
138176705,158806282,2026-03-19 03:00:00,SELL,IN,0.1,1.88699,0.0,0.0,-0.1,GBPAUD.p,E25/TP2/Tsto1
138181833,158815928,2026-03-19 03:06:03,SELL,IN,0.1,1.97654,0.0,0.0,-0.1,EURNZD.p,E25/TP2/Tsto1
138184497,158823037,2026-03-19 03:10:06,BUY,OUT,0.1,1.88544,10.91,0.0,-0.1,GBPAUD.p,[tp 1.88544]
138188492,158830459,2026-03-19 03:14:05,SELL,OUT,0.1,0.70407,11.1,0.0,-0.1,AUDUSD.p,[tp 0.70407]
138188755,158830859,2026-03-19 03:15:00,SELL,IN,0.1,1.8853900000000001,0.0,0.0,-0.1,GBPAUD.p,E25/TP2/Tsto1
138188775,158830885,2026-03-19 03:15:00,BUY,IN,0.1,0.7039,0.0,0.0,-0.1,AUDUSD.p,E25/TP2/Tsto1
138189177,158831786,2026-03-19 03:16:41,BUY,OUT,0.1,1.9749400000000001,9.29,0.0,-0.1,EURNZD.p,[tp 1.97494]
138189179,158831790,2026-03-19 03:16:41,SELL,IN,0.1,1.97492,0.0,0.0,-0.1,EURNZD.p,E25/TP2/Tsto1
138194228,158846792,2026-03-19 03:27:39,BUY,OUT,0.1,1.97355,7.96,0.0,-0.1,EURNZD.p,[tp 1.97355]
138196138,158850968,2026-03-19 03:30:01,SELL,OUT,0.1,0.70413,2.3,0.0,-0.1,AUDUSD.p,[tp 0.70413]
138196149,158850985,2026-03-19 03:30:02,BUY,OUT,0.1,1.88514,1.76,0.0,-0.1,GBPAUD.p,[tp 1.88514]
138208078,158870789,2026-03-19 03:45:00,BUY,IN,0.1,1.88643,0.0,0.0,-0.1,GBPAUD.p,E25/TP2/Tsto1
138214341,158886233,2026-03-19 03:54:56,SELL,OUT,0.1,124.593,1.38,0.0,-0.1,SGDJPY.p,[tp 124.593]
138224085,158904178,2026-03-19 04:04:46,SELL,OUT,0.1,1.88669,1.83,0.0,-0.1,GBPAUD.p,[tp 1.88669]
138237560,158930029,2026-03-19 04:15:00,SELL,IN,0.1,0.70396,0.0,0.0,-0.1,AUDUSD.p,E25/TP2/Tsto1
138237577,158930050,2026-03-19 04:15:00,BUY,IN,0.1,1.97342,0.0,0.0,-0.1,EURNZD.p,E25/TP2/Tsto1
138250094,158958299,2026-03-19 04:30:00,SELL,IN,0.1,1.8869799999999999,0.0,0.0,-0.1,GBPAUD.p,E25/TP2/Tsto1
138263623,158985259,2026-03-19 04:42:20,BUY,OUT,0.1,1.8864,4.09,0.0,-0.1,GBPAUD.p,[tp 1.88640]
138265331,158989004,2026-03-19 04:45:00,SELL,IN,0.1,1.88653,0.0,0.0,-0.1,GBPAUD.p,E25/TP2/Tsto1
138272402,159003849,2026-03-19 04:52:40,SELL,OUT,0.1,1.97369,1.5699999999999998,0.0,-0.1,EURNZD.p,[tp 1.97369]
138272418,159003871,2026-03-19 04:52:40,BUY,IN,0.1,1.9737200000000001,0.0,0.0,-0.1,EURNZD.p,E25/TP2/Tsto1
138274067,159008307,2026-03-19 04:55:45,BUY,OUT,0.1,1.88584,4.86,0.0,-0.1,GBPAUD.p,[tp 1.88584]
138280213,159018816,2026-03-19 05:03:38,BUY,OUT,0.1,0.70372,2.4,0.0,-0.1,AUDUSD.p,[tp 0.70372]
138280217,159018827,2026-03-19 05:03:39,SELL,OUT,0.1,1.97412,2.32,0.0,-0.1,EURNZD.p,[tp 1.97412]
138280223,159018831,2026-03-19 05:03:39,BUY,IN,0.1,1.97416,0.0,0.0,-0.1,EURNZD.p,E25/TP2/Tsto1
138284297,159025626,2026-03-19 05:08:09,SELL,OUT,0.1,1.8233700000000002,1.9,0.54,-0.1,GBPCAD.p,[tp 1.82337]
138284313,159025644,2026-03-19 05:08:09,SELL,IN,0.1,1.82342,0.0,0.0,-0.1,GBPCAD.p,E25/TP2/Tsto1
138303169,159069531,2026-03-19 05:46:04,BUY,OUT,0.1,1.8231600000000001,1.9,0.0,-0.1,GBPCAD.p,[tp 1.82316]
138311819,159093316,2026-03-19 06:00:00,SELL,IN,0.1,1.82325,0.0,0.0,-0.1,GBPCAD.p,E25/TP2/Tsto1
138329021,159123700,2026-03-19 06:34:50,BUY,OUT,0.1,1.82298,1.97,0.0,-0.1,GBPCAD.p,[tp 1.82298]
138332659,159128693,2026-03-19 06:45:00,SELL,IN,0.1,1.82315,0.0,0.0,-0.1,GBPCAD.p,E25/TP2/Tsto1
138336071,159133818,2026-03-19 06:55:25,BUY,OUT,0.1,1.8228900000000001,1.8900000000000001,0.0,-0.1,GBPCAD.p,[tp 1.82289]
138337433,159137058,2026-03-19 07:00:00,SELL,IN,0.1,1.82302,0.0,0.0,-0.1,GBPCAD.p,E25/TP2/Tsto1
138341997,159144002,2026-03-19 07:10:00,BUY,OUT,0.1,1.8225,3.79,0.0,-0.1,GBPCAD.p,[tp 1.82250]
138343374,159147463,2026-03-19 07:15:01,SELL,IN,0.1,1.82247,0.0,0.0,-0.1,GBPCAD.p,E25/TP2/Tsto1
138344304,159151011,2026-03-19 07:21:17,BUY,OUT,0.1,1.8221500000000002,2.33,0.0,-0.1,GBPCAD.p,[tp 1.82215]
138355246,159175062,2026-03-19 08:00:00,BUY,IN,0.1,1.82184,0.0,0.0,-0.1,GBPCAD.p,E25/TP2/Tsto1
138530121,159442598,2026-03-19 10:23:46,SELL,OUT,0.1,1.7014200000000002,-42.17,0.58,-0.1,GBPSGD.p,
138530122,159442599,2026-03-19 10:23:46,SELL,OUT,0.1,112.181,-42.1,0.43,-0.1,AUDJPY.p,
138530123,159442600,2026-03-19 10:23:46,SELL,OUT,0.1,112.181,-16.13,0.43,-0.1,AUDJPY.p,
138530124,159442601,2026-03-19 10:23:46,SELL,OUT,0.1,1.97149,-15.53,0.0,-0.1,EURNZD.p,
138530125,159442602,2026-03-19 10:23:46,SELL,OUT,0.1,1.82105,-5.75,0.0,-0.1,GBPCAD.p,
138534915,0,2026-03-19 10:26:24,2,IN,0.0,0.0,-33.92,0.0,0.0,,reset balance to 9999
138576882,159515121,2026-03-19 11:00:00,SELL,IN,0.1,1.82168,0.0,0.0,-0.1,GBPCAD.p,E20/TP4/Tsto1
138576934,159515184,2026-03-19 11:00:00,SELL,IN,0.1,1.9719,0.0,0.0,-0.1,EURNZD.p,E20/TP4/Tsto1
138591144,159536193,2026-03-19 11:06:45,BUY,OUT,0.1,1.82099,5.02,0.0,-0.1,GBPCAD.p,[tp 1.82099]
138593704,159539996,2026-03-19 11:07:52,BUY,OUT,0.1,1.97146,2.55,0.0,-0.1,EURNZD.p,[tp 1.97146]
138611312,159566885,2026-03-19 11:15:00,SELL,IN,0.1,1.88611,0.0,0.0,-0.1,GBPAUD.p,E20/TP4/Tsto1
138623245,159587180,2026-03-19 11:21:05,BUY,OUT,0.1,1.8846699999999998,10.14,0.0,-0.1,GBPAUD.p,[tp 1.88467]
138636435,159609872,2026-03-19 11:30:00,BUY,IN,0.1,112.005,0.0,0.0,-0.1,AUDJPY.p,E20/TP4/Tsto1
138636515,159610015,2026-03-19 11:30:00,BUY,IN,0.1,124.08,0.0,0.0,-0.1,SGDJPY.p,E20/TP4/Tsto1
138656790,159642045,2026-03-19 11:38:31,SELL,OUT,0.1,112.141,8.54,0.0,-0.1,AUDJPY.p,[tp 112.141]
138656937,159642219,2026-03-19 11:38:35,SELL,OUT,0.1,124.156,4.77,0.0,-0.1,SGDJPY.p,[tp 124.156]
138676078,159667547,2026-03-19 11:45:00,BUY,IN,0.1,112.043,0.0,0.0,-0.1,AUDJPY.p,E20/TP4/Tsto1
138676094,159667565,2026-03-19 11:45:00,BUY,IN,0.1,1.8207499999999999,0.0,0.0,-0.1,GBPCAD.p,E20/TP4/Tsto1
138676168,159667651,2026-03-19 11:45:00,BUY,IN,0.1,124.126,0.0,0.0,-0.1,SGDJPY.p,E20/TP4/Tsto1
138698419,159701017,2026-03-19 11:59:26,SELL,OUT,0.1,1.82139,4.66,0.0,-0.1,GBPCAD.p,[tp 1.82139]
138699603,159702584,2026-03-19 12:00:00,BUY,IN,0.1,1.82142,0.0,0.0,-0.1,GBPCAD.p,E20/TP4/Tsto1
138699615,159702598,2026-03-19 12:00:00,BUY,IN,0.1,1.05037,0.0,0.0,-0.1,GBPCHF.p,E20/TP4/Tsto1
138704556,159709634,2026-03-19 12:02:46,SELL,OUT,0.1,112.088,2.83,0.0,-0.1,AUDJPY.p,[tp 112.088]
138721436,159734116,2026-03-19 12:13:01,SELL,OUT,0.1,1.8220399999999999,4.51,0.0,-0.1,GBPCAD.p,[tp 1.82204]
138725467,159739294,2026-03-19 12:14:39,SELL,OUT,0.1,1.05085,6.06,0.0,-0.1,GBPCHF.p,[tp 1.05085]
138726231,159740359,2026-03-19 12:15:00,BUY,IN,0.1,1.9708700000000001,0.0,0.0,-0.1,EURNZD.p,E20/TP4/Tsto1
138726257,159740387,2026-03-19 12:15:00,BUY,IN,0.1,112.093,0.0,0.0,-0.1,AUDJPY.p,E20/TP4/Tsto1
138726272,159740403,2026-03-19 12:15:00,BUY,IN,0.1,1.05099,0.0,0.0,-0.1,GBPCHF.p,E20/TP4/Tsto1
138739786,159760169,2026-03-19 12:23:47,SELL,OUT,0.1,1.97156,4.02,0.0,-0.1,EURNZD.p,[tp 1.97156]
138742286,159763323,2026-03-19 12:25:01,SELL,OUT,0.1,1.05289,23.95,0.0,-0.1,GBPCHF.p,[tp 1.05289]
138746879,159769089,2026-03-19 12:26:48,SELL,OUT,0.1,112.169,4.77,0.0,-0.1,AUDJPY.p,[tp 112.169]
138751180,159775435,2026-03-19 12:30:00,BUY,IN,0.1,1.8831,0.0,0.0,-0.1,GBPAUD.p,E20/TP4/Tsto1
138751192,159775450,2026-03-19 12:30:00,BUY,IN,0.1,112.164,0.0,0.0,-0.1,AUDJPY.p,E20/TP4/Tsto1
138765173,159795943,2026-03-19 12:39:28,SELL,OUT,0.1,112.239,4.71,0.0,-0.1,AUDJPY.p,[tp 112.239]
138791676,159837411,2026-03-19 13:00:00,SELL,IN,0.1,1.05441,0.0,0.0,-0.1,GBPCHF.p,E20/TP4/Tsto1
138808945,159859850,2026-03-19 13:15:00,SELL,IN,0.1,1.82428,0.0,0.0,-0.1,GBPCAD.p,E20/TP4/Tsto1
138808946,159859851,2026-03-19 13:15:00,SELL,IN,0.1,0.70542,0.0,0.0,-0.1,AUDUSD.p,E20/TP4/Tsto1
138809004,159859913,2026-03-19 13:15:00,SELL,IN,0.1,112.263,0.0,0.0,-0.1,AUDJPY.p,E20/TP4/Tsto1
138821985,159875175,2026-03-19 13:23:01,SELL,OUT,0.1,1.88355,3.17,0.0,-0.1,GBPAUD.p,[tp 1.88355]
138822004,159875193,2026-03-19 13:23:01,BUY,IN,0.1,1.88361,0.0,0.0,-0.1,GBPAUD.p,E20/TP4/Tsto1
138827330,159882536,2026-03-19 13:27:48,BUY,OUT,0.1,1.82379,3.57,0.0,-0.1,GBPCAD.p,[tp 1.82379]
138829279,159884955,2026-03-19 13:30:00,SELL,IN,0.1,1.82374,0.0,0.0,-0.1,GBPCAD.p,E20/TP4/Tsto1
138830942,159886837,2026-03-19 13:31:00,BUY,OUT,0.1,112.22,2.7,0.0,-0.1,AUDJPY.p,[tp 112.220]
138876601,159945866,2026-03-19 14:03:29,SELL,OUT,0.1,1.8840599999999998,3.17,0.0,-0.1,GBPAUD.p,[tp 1.88406]
138876606,159945870,2026-03-19 14:03:29,BUY,IN,0.1,1.8841299999999999,0.0,0.0,-0.1,GBPAUD.p,E20/TP4/Tsto1
138878858,159948322,2026-03-19 14:05:09,BUY,OUT,0.1,0.70499,4.3,0.0,-0.1,AUDUSD.p,[tp 0.70499]
138888682,159960854,2026-03-19 14:14:35,SELL,OUT,0.1,1.8848799999999999,5.29,0.0,-0.1,GBPAUD.p,[tp 1.88488]
138889797,159962198,2026-03-19 14:15:00,SELL,IN,0.1,0.70453,0.0,0.0,-0.1,AUDUSD.p,E20/TP4/Tsto1
138905646,159983686,2026-03-19 14:30:00,SELL,IN,0.1,1.97465,0.0,0.0,-0.1,EURNZD.p,E20/TP4/Tsto1
138911930,159994333,2026-03-19 14:35:44,BUY,OUT,0.1,0.70366,8.7,0.0,-0.1,AUDUSD.p,[tp 0.70366]
138913016,159996494,2026-03-19 14:36:31,BUY,OUT,0.1,1.82328,3.35,0.0,-0.1,GBPCAD.p,[tp 1.82328]
138913019,159996502,2026-03-19 14:36:31,SELL,IN,0.1,1.8232,0.0,0.0,-0.1,GBPCAD.p,E20/TP4/Tsto1
138922902,160013120,2026-03-19 14:43:28,BUY,OUT,0.1,1.97421,2.56,0.0,-0.1,EURNZD.p,[tp 1.97421]
138936629,160035420,2026-03-19 14:54:07,SELL,IN,0.1,1.97421,0.0,0.0,-0.1,EURNZD.p,E20/TP4/Tsto1
138942076,160044320,2026-03-19 15:00:00,BUY,IN,0.1,112.026,0.0,0.0,-0.1,AUDJPY.p,E20/TP4/Tsto1
138942088,160044336,2026-03-19 15:00:00,BUY,IN,0.1,0.70429,0.0,0.0,-0.1,AUDUSD.p,E20/TP4/Tsto1
138942370,160044767,2026-03-19 15:00:03,SELL,IN,0.1,1.8276400000000002,0.0,0.0,-0.1,GBPCAD.p,E20/TP4/Tsto1
139007259,160134777,2026-03-19 15:31:31,BUY,IN,0.1,111.672,0.0,0.0,-0.1,AUDJPY.p,E20/TP4/Tsto1
139083255,160236588,2026-03-19 16:00:00,SELL,IN,0.1,1.7062300000000001,0.0,0.0,-0.1,GBPSGD.p,E20/TP4/Tsto1
139110708,160270562,2026-03-19 16:06:34,BUY,OUT,0.1,1.82496,-12.83,0.0,-0.1,GBPCAD.p,[tp 1.82496]
139110709,160270563,2026-03-19 16:06:34,BUY,OUT,0.1,1.82496,19.53,0.0,-0.1,GBPCAD.p,[tp 1.82496]
139110723,160270588,2026-03-19 16:06:35,SELL,IN,0.1,1.82487,0.0,0.0,-0.1,GBPCAD.p,E20/TP4/Tsto1
139172657,160351165,2026-03-19 16:30:00,SELL,IN,0.1,1.89638,0.0,0.0,-0.1,GBPAUD.p,E20/TP4/Tsto1
139174897,160353634,2026-03-19 16:30:25,BUY,OUT,0.1,1.70574,3.82,0.0,-0.1,GBPSGD.p,[tp 1.70574]
139179646,160359272,2026-03-19 16:31:35,BUY,OUT,0.1,1.8244099999999999,3.35,0.0,-0.1,GBPCAD.p,[tp 1.82441]
139200706,160384694,2026-03-19 16:38:13,BUY,OUT,0.1,1.8952200000000001,8.14,0.0,-0.1,GBPAUD.p,[tp 1.89522]
139222265,160410938,2026-03-19 16:45:00,SELL,IN,0.1,1.82664,0.0,0.0,-0.1,GBPCAD.p,E20/TP4/Tsto1
139222316,160410994,2026-03-19 16:45:00,BUY,IN,0.1,123.646,0.0,0.0,-0.1,SGDJPY.p,E20/TP4/Tsto1
139262325,160460952,2026-03-19 17:00:00,SELL,IN,0.1,1.83131,0.0,0.0,-0.1,GBPCAD.p,E20/TP4/Tsto1
139262381,160461013,2026-03-19 17:00:00,SELL,IN,0.1,1.8964699999999999,0.0,0.0,-0.1,GBPAUD.p,E20/TP4/Tsto1
139264299,160463160,2026-03-19 17:00:17,BUY,OUT,0.1,1.97377,2.57,0.0,-0.1,EURNZD.p,[tp 1.97377]
139264585,160463476,2026-03-19 17:00:21,SELL,IN,0.1,1.9738,0.0,0.0,-0.1,EURNZD.p,E20/TP4/Tsto1
139269604,160469383,2026-03-19 17:01:42,SELL,OUT,0.1,0.70484,5.5,0.0,-0.1,AUDUSD.p,[tp 0.70484]
139269732,160469548,2026-03-19 17:01:44,BUY,IN,0.1,0.70485,0.0,0.0,-0.1,AUDUSD.p,E20/TP4/Tsto1
139290828,160497086,2026-03-19 17:10:58,BUY,OUT,0.1,1.89602,3.17,0.0,-0.1,GBPAUD.p,[tp 1.89602]
139301633,160510332,2026-03-19 17:15:00,SELL,IN,0.1,1.8961999999999999,0.0,0.0,-0.1,GBPAUD.p,E20/TP4/Tsto1
139313258,160525082,2026-03-19 17:19:37,BUY,OUT,0.1,1.97276,6.07,0.0,-0.1,EURNZD.p,[tp 1.97276]
139334238,160551601,2026-03-19 17:30:00,BUY,IN,0.1,1.97351,0.0,0.0,-0.1,EURNZD.p,E20/TP4/Tsto1
139334264,160551629,2026-03-19 17:30:00,SELL,IN,0.1,1.7099,0.0,0.0,-0.1,GBPSGD.p,E20/TP4/Tsto1
139348339,160568370,2026-03-19 17:36:15,BUY,OUT,0.1,1.89575,3.17,0.0,-0.1,GBPAUD.p,[tp 1.89575]
139365068,160588470,2026-03-19 17:45:00,SELL,IN,0.1,1.8949500000000001,0.0,0.0,-0.1,GBPAUD.p,E20/TP4/Tsto1
139377017,160602997,2026-03-19 17:51:59,SELL,OUT,0.1,0.70528,4.3,0.0,-0.1,AUDUSD.p,[tp 0.70528]
139438708,160683976,2026-03-19 18:30:00,SELL,IN,0.1,0.70409,0.0,0.0,-0.1,AUDUSD.p,E20/TP4/Tsto1
139440577,160686567,2026-03-19 18:31:07,SELL,OUT,0.1,1.9739499999999999,2.57,0.0,-0.1,EURNZD.p,[tp 1.97395]
139440590,160686581,2026-03-19 18:31:07,BUY,IN,0.1,1.97397,0.0,0.0,-0.1,EURNZD.p,E20/TP4/Tsto1
139477540,160734386,2026-03-19 18:52:26,BUY,OUT,0.1,0.70342,6.7,0.0,-0.1,AUDUSD.p,[tp 0.70342]
139490904,160750174,2026-03-19 18:57:31,SELL,OUT,0.1,1.97441,2.57,0.0,-0.1,EURNZD.p,[tp 1.97441]
139618429,160906816,2026-03-19 20:00:00,SELL,IN,0.1,0.70471,0.0,0.0,-0.1,AUDUSD.p,E20/TP4/Tsto1
139675150,160977087,2026-03-19 20:30:00,SELL,IN,0.1,1.97538,0.0,0.0,-0.1,EURNZD.p,E20/TP4/Tsto1
139701128,161009265,2026-03-19 20:45:00,SELL,IN,0.2,1.83952,0.0,0.0,-0.2,GBPCAD.p,E20/TP4/Tsto1
139748660,161065371,2026-03-19 21:15:19,BUY,OUT,0.1,1.9749400000000001,2.58,0.0,-0.1,EURNZD.p,[tp 1.97494]
139748669,161065382,2026-03-19 21:15:19,SELL,IN,0.1,1.9748999999999999,0.0,0.0,-0.1,EURNZD.p,E20/TP4/Tsto1
139822474,161155051,2026-03-19 22:01:55,BUY,OUT,0.1,1.97446,2.58,0.0,-0.1,EURNZD.p,[tp 1.97446]
139832206,161166338,2026-03-19 22:05:26,BUY,OUT,0.1,1.8944999999999999,3.19,0.0,-0.1,GBPAUD.p,[tp 1.89450]
139832244,161166387,2026-03-19 22:05:27,SELL,IN,0.1,1.89431,0.0,0.0,-0.1,GBPAUD.p,E20/TP4/Tsto1
139834674,161169069,2026-03-19 22:06:28,SELL,OUT,0.1,111.899,-8.06,0.0,-0.1,AUDJPY.p,[tp 111.899]
139834677,161169070,2026-03-19 22:06:28,SELL,OUT,0.1,111.899,14.41,0.0,-0.1,AUDJPY.p,[tp 111.899]
139834720,161169117,2026-03-19 22:06:28,BUY,IN,0.1,111.915,0.0,0.0,-0.1,AUDJPY.p,E20/TP4/Tsto1
139859566,161197648,2026-03-19 22:14:24,SELL,IN,0.1,1.9718,0.0,0.0,-0.1,EURNZD.p,E20/TP4/Tsto1
139861343,161199832,2026-03-19 22:15:00,SELL,IN,0.4,1.8455599999999999,0.0,0.0,-0.4,GBPCAD.p,E20/TP4/Tsto1
139903223,161251749,2026-03-19 22:34:12,BUY,OUT,0.1,1.9713500000000002,2.65,0.0,-0.1,EURNZD.p,[tp 1.97135]
139903245,161251778,2026-03-19 22:34:12,BUY,IN,0.1,1.9713500000000002,0.0,0.0,-0.1,EURNZD.p,E20/TP4/Tsto1
139914272,161264552,2026-03-19 22:39:27,SELL,OUT,0.1,1.97256,7.11,0.0,-0.1,EURNZD.p,[tp 1.97256]
140002045,161378951,2026-03-20 01:15:00,BUY,IN,0.1,1.9721,0.0,0.0,-0.1,EURNZD.p,E20/TP4/Tsto1
140012032,161393047,2026-03-20 01:30:10,SELL,OUT,0.1,1.97258,2.82,0.0,-0.1,EURNZD.p,[tp 1.97258]
140030871,161425508,2026-03-20 02:06:13,BUY,OUT,0.1,0.70848,-37.7,-0.09,-0.1,AUDUSD.p,
140030897,161425538,2026-03-20 02:06:15,SELL,OUT,0.1,111.861,-3.42,0.14,-0.1,AUDJPY.p,
140030906,161425549,2026-03-20 02:06:16,BUY,OUT,0.1,1.89505,-5.24,-0.39,-0.1,GBPAUD.p,
140030909,161425558,2026-03-20 02:06:17,BUY,OUT,0.1,1.84429,-128.48,-1.11,-0.1,GBPCAD.p,
140030912,161425561,2026-03-20 02:06:18,BUY,OUT,0.1,1.8443,-94.56,-1.11,-0.1,GBPCAD.p,
140030916,161425565,2026-03-20 02:06:19,BUY,OUT,0.2,1.84421,-68.28,-2.21,-0.2,GBPCAD.p,
140030918,161425568,2026-03-20 02:06:19,BUY,OUT,0.4,1.84423,38.73,-4.43,-0.4,GBPCAD.p,
140030920,161425571,2026-03-20 02:06:20,BUY,OUT,0.1,1.05897,-57.81,-2.43,-0.1,GBPCHF.p,
140030948,161425620,2026-03-20 02:06:24,BUY,OUT,0.1,1.71562,-44.76,-1.53,-0.1,GBPSGD.p,
140030951,161425628,2026-03-20 02:06:25,SELL,OUT,0.1,123.573,-35.02,-0.08,-0.1,SGDJPY.p,
140030954,161425636,2026-03-20 02:06:26,SELL,OUT,0.1,123.568,-4.9399999999999995,-0.08,-0.1,SGDJPY.p,
140032312,0,2026-03-20 02:09:18,2,IN,0.0,0.0,257.35,0.0,0.0,,reset balance to 9999
140042394,161444281,2026-03-20 02:30:00,SELL,IN,0.1,0.70845,0.0,0.0,-0.1,AUDUSD.p,E15/TP5/Tsto1
140050133,161459050,2026-03-20 02:45:00,SELL,IN,0.1,111.841,0.0,0.0,-0.1,AUDJPY.p,E15/TP5/Tsto1
140056935,161472193,2026-03-20 03:00:00,SELL,IN,0.1,123.584,0.0,0.0,-0.1,SGDJPY.p,E15/TP5/Tsto1
140059833,161477243,2026-03-20 03:03:57,BUY,OUT,0.1,0.7079,5.5,0.0,-0.1,AUDUSD.p,[tp 0.70790]
140060294,161477952,2026-03-20 03:04:50,BUY,OUT,0.1,111.787,3.42,0.0,-0.1,AUDJPY.p,[tp 111.787]
140060300,161477957,2026-03-20 03:04:51,SELL,IN,0.1,111.775,0.0,0.0,-0.1,AUDJPY.p,E15/TP5/Tsto1
140069841,161491721,2026-03-20 03:21:52,BUY,OUT,0.1,123.527,3.61,0.0,-0.1,SGDJPY.p,[tp 123.527]
140069849,161491742,2026-03-20 03:21:53,BUY,OUT,0.1,111.721,3.42,0.0,-0.1,AUDJPY.p,[tp 111.721]
140076049,161501899,2026-03-20 03:30:00,SELL,IN,0.1,111.702,0.0,0.0,-0.1,AUDJPY.p,E15/TP5/Tsto1
140076071,161501978,2026-03-20 03:30:00,SELL,IN,0.1,123.545,0.0,0.0,-0.1,SGDJPY.p,E15/TP5/Tsto1
140125142,161567280,2026-03-20 04:30:00,BUY,IN,0.1,1.9654099999999999,0.0,0.0,-0.1,EURNZD.p,E15/TP5/Tsto1
140133376,161577137,2026-03-20 04:39:29,SELL,OUT,0.1,1.9659499999999999,3.18,0.0,-0.1,EURNZD.p,[tp 1.96595]
140139885,161584823,2026-03-20 04:45:00,BUY,IN,0.1,1.9659200000000001,0.0,0.0,-0.1,EURNZD.p,E15/TP5/Tsto1
140153912,161603740,2026-03-20 04:56:50,SELL,OUT,0.1,1.96646,3.18,0.0,-0.1,EURNZD.p,[tp 1.96646]
140154240,161604306,2026-03-20 04:57:09,BUY,OUT,0.1,111.973,-17.14,0.0,-0.1,AUDJPY.p,
140156634,161607131,2026-03-20 05:00:00,BUY,IN,0.1,1.96634,0.0,0.0,-0.1,EURNZD.p,E40/TP5/Tsto1
140156656,161607159,2026-03-20 05:00:00,SELL,IN,0.1,112.007,0.0,0.0,-0.1,AUDJPY.p,E40/TP5/Tsto1
140156667,161607176,2026-03-20 05:00:00,BUY,IN,0.1,1.89379,0.0,0.0,-0.1,GBPAUD.p,E40/TP5/Tsto1
140207755,161683666,2026-03-20 06:15:06,SELL,IN,0.1,123.728,0.0,0.0,-0.1,SGDJPY.p,E40/TP5/Tsto1
140334931,161884577,2026-03-20 09:39:45,SELL,OUT,0.1,1.96688,3.17,0.0,-0.1,EURNZD.p,[tp 1.96688]
140340204,161891870,2026-03-20 09:43:34,BUY,IN,0.1,1.9672100000000001,0.0,0.0,-0.1,EURNZD.p,E40/TP5/Tsto1
140351847,161913063,2026-03-20 10:00:03,SELL,OUT,0.1,1.9678,3.4699999999999998,0.0,-0.1,EURNZD.p,[tp 1.96780]
140381532,161970396,2026-03-20 10:45:00,SELL,IN,0.1,1.71644,0.0,0.0,-0.1,GBPSGD.p,E40/TP5/Tsto1
140390292,161992514,2026-03-20 11:00:00,BUY,IN,0.1,1.9655399999999998,0.0,0.0,-0.1,EURNZD.p,E40/TP5/Tsto1
140392055,161996112,2026-03-20 11:02:53,SELL,OUT,0.1,1.8943400000000001,3.9,0.0,-0.1,GBPAUD.p,[tp 1.89434]
140392065,161996124,2026-03-20 11:02:53,BUY,IN,0.1,1.89438,0.0,0.0,-0.1,GBPAUD.p,E40/TP5/Tsto1
140395358,162002712,2026-03-20 11:07:50,SELL,IN,0.1,1.84329,0.0,0.0,-0.1,GBPCAD.p,E40/TP5/Tsto1
140395974,162003997,2026-03-20 11:08:33,SELL,IN,0.1,1.06012,0.0,0.0,-0.1,GBPCHF.p,E40/TP5/Tsto1
140404891,162018217,2026-03-20 11:19:22,BUY,OUT,0.1,1.0596,6.59,0.0,-0.1,GBPCHF.p,[tp 1.05960]
140405534,162019323,2026-03-20 11:19:51,BUY,OUT,0.1,1.84265,4.67,0.0,-0.1,GBPCAD.p,[tp 1.84265]
140405882,162019979,2026-03-20 11:20:14,SELL,OUT,0.1,1.96609,3.24,0.0,-0.1,EURNZD.p,[tp 1.96609]
140414577,162033394,2026-03-20 11:30:00,BUY,IN,0.1,1.9668299999999999,0.0,0.0,-0.1,EURNZD.p,E40/TP5/Tsto1
140414598,162033425,2026-03-20 11:30:00,SELL,IN,0.1,1.84223,0.0,0.0,-0.1,GBPCAD.p,E40/TP5/Tsto1
140414652,162033495,2026-03-20 11:30:00,SELL,IN,0.1,1.0594,0.0,0.0,-0.1,GBPCHF.p,E40/TP5/Tsto1
140424853,162050598,2026-03-20 11:38:08,BUY,OUT,0.1,1.0588899999999999,6.47,0.0,-0.1,GBPCHF.p,[tp 1.05889]
140429894,162059392,2026-03-20 11:43:26,SELL,OUT,0.1,1.9673699999999998,3.18,0.0,-0.1,EURNZD.p,[tp 1.96737]
140431043,162061525,2026-03-20 11:44:44,BUY,OUT,0.1,1.84166,4.16,0.0,-0.1,GBPCAD.p,[tp 1.84166]
140431303,162061997,2026-03-20 11:45:00,SELL,IN,0.1,1.84137,0.0,0.0,-0.1,GBPCAD.p,E40/TP5/Tsto1
140431318,162062022,2026-03-20 11:45:00,SELL,IN,0.1,1.05827,0.0,0.0,-0.1,GBPCHF.p,E40/TP5/Tsto1
140440284,162077988,2026-03-20 11:54:02,BUY,OUT,0.1,1.8408099999999998,4.08,0.0,-0.1,GBPCAD.p,[tp 1.84081]
140445694,162087400,2026-03-20 11:59:53,BUY,OUT,0.1,1.7159,4.22,0.0,-0.1,GBPSGD.p,[tp 1.71590]
140445697,162087409,2026-03-20 11:59:53,SELL,IN,0.1,1.7158600000000002,0.0,0.0,-0.1,GBPSGD.p,E40/TP5/Tsto1
140449206,162092480,2026-03-20 12:04:45,BUY,OUT,0.1,1.05776,6.47,0.0,-0.1,GBPCHF.p,[tp 1.05776]
140449295,162092611,2026-03-20 12:04:55,BUY,OUT,0.1,1.71533,4.14,0.0,-0.1,GBPSGD.p,[tp 1.71533]
140449297,162092617,2026-03-20 12:04:56,SELL,IN,0.1,1.71524,0.0,0.0,-0.1,GBPSGD.p,E40/TP5/Tsto1
140464769,162125555,2026-03-20 12:29:19,BUY,OUT,0.1,1.71467,4.46,0.0,-0.1,GBPSGD.p,[tp 1.71467]
140477213,162146976,2026-03-20 12:45:00,SELL,IN,0.1,1.9683000000000002,0.0,0.0,-0.1,EURNZD.p,E40/TP5/Tsto1
140506538,162194635,2026-03-20 13:11:27,SELL,OUT,0.1,1.89493,3.88,0.0,-0.1,GBPAUD.p,[tp 1.89493]
140522801,162220073,2026-03-20 13:30:00,BUY,IN,0.1,1.71248,0.0,0.0,-0.1,GBPSGD.p,E40/TP5/Tsto1
140522826,162220107,2026-03-20 13:30:00,BUY,IN,0.1,1.83522,0.0,0.0,-0.1,GBPCAD.p,E40/TP5/Tsto1
140535622,162237034,2026-03-20 13:41:46,SELL,OUT,0.1,1.83578,4.08,0.0,-0.1,GBPCAD.p,[tp 1.83578]
140539348,162243476,2026-03-20 13:45:00,BUY,IN,0.1,0.70654,0.0,0.0,-0.1,AUDUSD.p,E40/TP5/Tsto1
140539367,162243495,2026-03-20 13:45:00,BUY,IN,0.1,1.83574,0.0,0.0,-0.1,GBPCAD.p,E40/TP5/Tsto1
140561026,162273447,2026-03-20 14:03:09,SELL,OUT,0.1,0.70707,5.3,0.0,-0.1,AUDUSD.p,[tp 0.70707]
140564138,162277366,2026-03-20 14:05:18,SELL,OUT,0.1,1.83631,4.15,0.0,-0.1,GBPCAD.p,[tp 1.83631]
140564163,162277411,2026-03-20 14:05:20,BUY,IN,0.1,1.83643,0.0,0.0,-0.1,GBPCAD.p,E40/TP5/Tsto1
140574112,162290624,2026-03-20 14:15:00,BUY,IN,0.1,0.70739,0.0,0.0,-0.1,AUDUSD.p,E40/TP5/Tsto1
140579953,162298888,2026-03-20 14:22:30,SELL,OUT,0.1,1.83701,4.23,0.0,-0.1,GBPCAD.p,[tp 1.83701]
140579957,162298899,2026-03-20 14:22:32,BUY,IN,0.1,1.83707,0.0,0.0,-0.1,GBPCAD.p,E40/TP5/Tsto1
140583608,162304018,2026-03-20 14:30:01,BUY,IN,0.1,1.05463,0.0,0.0,-0.1,GBPCHF.p,E40/TP5/Tsto1
140587229,162309631,2026-03-20 14:34:38,SELL,OUT,0.1,0.70798,5.9,0.0,-0.1,AUDUSD.p,[tp 0.70798]
140587259,162309684,2026-03-20 14:34:40,BUY,IN,0.1,0.70799,0.0,0.0,-0.1,AUDUSD.p,E40/TP5/Tsto1
140594002,162320370,2026-03-20 14:44:50,SELL,OUT,0.1,1.71302,4.22,0.0,-0.1,GBPSGD.p,[tp 1.71302]
140597512,162326769,2026-03-20 14:50:30,BUY,IN,0.1,1.71275,0.0,0.0,-0.1,GBPSGD.p,E40/TP5/Tsto1
140611778,162349321,2026-03-20 15:05:42,SELL,OUT,0.1,1.71332,4.46,0.0,-0.1,GBPSGD.p,[tp 1.71332]
140613668,162351760,2026-03-20 15:07:17,SELL,OUT,0.1,0.70852,5.3,0.0,-0.1,AUDUSD.p,[tp 0.70852]
140623813,162365915,2026-03-20 15:15:00,BUY,IN,0.1,1.71397,0.0,0.0,-0.1,GBPSGD.p,E40/TP5/Tsto1
140638873,162389436,2026-03-20 15:28:48,BUY,IN,0.1,1.8909500000000001,0.0,0.0,-0.1,GBPAUD.p,E40/TP5/Tsto1
140646691,162401468,2026-03-20 15:37:03,SELL,OUT,0.1,1.89177,5.8100000000000005,0.0,-0.1,GBPAUD.p,[tp 1.89177]
140657516,162415171,2026-03-20 15:45:00,BUY,IN,0.1,1.89173,0.0,0.0,-0.1,GBPAUD.p,E40/TP5/Tsto1
140657639,162415321,2026-03-20 15:45:05,SELL,IN,0.1,0.70767,0.0,0.0,-0.1,AUDUSD.p,E40/TP5/Tsto1
140672432,162436886,2026-03-20 16:02:44,BUY,OUT,0.1,0.70712,5.5,0.0,-0.1,AUDUSD.p,[tp 0.70712]
140691407,162463902,2026-03-20 16:15:00,BUY,IN,0.1,1.83253,0.0,0.0,-0.1,GBPCAD.p,E40/TP5/Tsto1
140704579,162484642,2026-03-20 16:29:02,SELL,OUT,0.1,1.89228,3.88,0.0,-0.1,GBPAUD.p,[tp 1.89228]
140705410,162486389,2026-03-20 16:30:00,BUY,IN,0.1,1.89297,0.0,0.0,-0.1,GBPAUD.p,E40/TP5/Tsto1
140705443,162486427,2026-03-20 16:30:00,SELL,IN,0.1,1.97405,0.0,0.0,-0.1,EURNZD.p,E40/TP5/Tsto1
140742922,162531061,2026-03-20 16:45:00,BUY,IN,0.1,0.70666,0.0,0.0,-0.1,AUDUSD.p,E40/TP5/Tsto1
140751089,162541020,2026-03-20 16:50:01,SELL,OUT,0.1,1.89352,3.88,0.0,-0.1,GBPAUD.p,[tp 1.89352]
140775930,162571846,2026-03-20 17:00:00,BUY,IN,0.1,1.89584,0.0,0.0,-0.1,GBPAUD.p,E40/TP5/Tsto1
140804825,162608876,2026-03-20 17:12:54,BUY,OUT,0.1,111.954,3.33,0.0,-0.1,AUDJPY.p,[tp 111.954]
140804846,162608904,2026-03-20 17:12:54,SELL,IN,0.1,111.947,0.0,0.0,-0.1,AUDJPY.p,E40/TP5/Tsto1
140808948,162613646,2026-03-20 17:15:00,BUY,IN,0.1,1.708,0.0,0.0,-0.1,GBPSGD.p,E40/TP5/Tsto1
140809021,162613728,2026-03-20 17:15:02,BUY,IN,0.2,1.82819,0.0,0.0,-0.2,GBPCAD.p,E40/TP5/Tsto1
140865039,162683456,2026-03-20 17:37:22,BUY,OUT,0.1,111.891,3.52,0.0,-0.1,AUDJPY.p,[tp 111.891]
140904460,162733577,2026-03-20 18:00:02,BUY,IN,0.1,111.96,0.0,0.0,-0.1,AUDJPY.p,E40/TP5/Tsto1
140940217,162782433,2026-03-20 18:23:26,SELL,OUT,0.1,112.043,5.22,0.0,-0.1,AUDJPY.p,[tp 112.043]
140940800,162783128,2026-03-20 18:23:31,BUY,IN,0.1,112.083,0.0,0.0,-0.1,AUDJPY.p,E40/TP5/Tsto1
141024585,162894838,2026-03-20 19:15:02,SELL,IN,0.1,124.229,0.0,0.0,-0.1,SGDJPY.p,E40/TP5/Tsto1
141029383,162901282,2026-03-20 19:17:58,SELL,OUT,0.1,112.137,3.39,0.0,-0.1,AUDJPY.p,[tp 112.137]
141030038,162902024,2026-03-20 19:18:06,BUY,IN,0.1,112.155,0.0,0.0,-0.1,AUDJPY.p,E40/TP5/Tsto1
141147261,163070774,2026-03-20 20:36:41,SELL,OUT,0.1,1.89639,3.87,0.0,-0.1,GBPAUD.p,[tp 1.89639]
141258010,163241842,2026-03-20 22:00:00,SELL,IN,0.2,1.98387,0.0,0.0,-0.2,EURNZD.p,E40/TP5/Tsto1
141327471,163344095,2026-03-20 22:45:00,SELL,IN,0.1,1.90042,0.0,0.0,-0.1,GBPAUD.p,E40/TP5/Tsto1
141379487,163422221,2026-03-20 23:44:37,BUY,OUT,0.1,1.89987,3.86,0.0,-0.1,GBPAUD.p,[tp 1.89987]
141567970,163617042,2026-03-23 00:15:00,BUY,IN,0.1,111.625,0.0,0.0,-0.1,AUDJPY.p,E40/TP5/Tsto1
141570114,163619195,2026-03-23 00:29:25,BUY,IN,0.1,1.05112,0.0,0.0,-0.1,GBPCHF.p,E40/TP5/Tsto1
141594325,163654487,2026-03-23 01:15:00,SELL,IN,0.1,1.90076,0.0,0.0,-0.1,GBPAUD.p,E40/TP5/Tsto1
141603132,163668765,2026-03-23 01:23:40,BUY,OUT,0.1,1.9001299999999999,4.41,0.0,-0.1,GBPAUD.p,[tp 1.90013]
141609861,163677764,2026-03-23 01:30:00,SELL,IN,0.1,1.90046,0.0,0.0,-0.1,GBPAUD.p,E40/TP5/Tsto1
141960088,164151727,2026-03-23 05:30:00,SELL,IN,0.1,1.90646,0.0,0.0,-0.1,GBPAUD.p,E40/TP5/Tsto1
142132549,164401689,2026-03-23 08:30:00,BUY,IN,0.2,111.128,0.0,0.0,-0.2,AUDJPY.p,E40/TP5/Tsto1
142132614,164401797,2026-03-23 08:30:00,BUY,IN,0.1,0.69672,0.0,0.0,-0.1,AUDUSD.p,E40/TP5/Tsto1
142546703,165015341,2026-03-23 12:17:05,SELL,OUT,0.1,1.05339,-15.66,0.62,-0.1,GBPCHF.p,[tp 1.05339]
142546706,165015342,2026-03-23 12:17:05,SELL,OUT,0.1,1.05339,28.67,0.0,-0.1,GBPCHF.p,[tp 1.05339]
142586552,165076369,2026-03-23 12:45:00,SELL,IN,0.1,1.05252,0.0,0.0,-0.1,GBPCHF.p,E40/TP5/Tsto1
142619844,165128008,2026-03-23 13:15:00,BUY,IN,0.4,110.689,0.0,0.0,-0.4,AUDJPY.p,E40/TP5/Tsto1
142621130,165129724,2026-03-23 13:16:05,BUY,IN,0.2,0.69321,0.0,0.0,-0.2,AUDUSD.p,E40/TP5/Tsto1
142628320,165140454,2026-03-23 13:22:39,BUY,OUT,0.1,1.0520100000000001,6.43,0.0,-0.1,GBPCHF.p,[tp 1.05201]
142634253,165149657,2026-03-23 13:30:01,SELL,IN,0.1,1.05226,0.0,0.0,-0.1,GBPCHF.p,E40/TP5/Tsto1
142685189,165223579,2026-03-23 14:05:39,SELL,OUT,0.1,0.69801,-86.5,-0.04,-0.1,AUDUSD.p,[tp 0.69801]
142685193,165223580,2026-03-23 14:05:39,SELL,OUT,0.1,0.69801,12.9,0.0,-0.1,AUDUSD.p,[tp 0.69801]
142685194,165223581,2026-03-23 14:05:39,SELL,OUT,0.2,0.69804,96.6,0.0,-0.2,AUDUSD.p,[tp 0.69804]
142685266,165223666,2026-03-23 14:05:40,BUY,IN,0.1,0.69851,0.0,0.0,-0.1,AUDUSD.p,E40/TP5/Tsto1
142685672,165224076,2026-03-23 14:05:41,SELL,OUT,0.1,111.237,-57.7,0.14,-0.1,AUDJPY.p,[tp 111.237]
142685673,165224077,2026-03-23 14:05:41,SELL,OUT,0.1,111.237,-24.39,0.0,-0.1,AUDJPY.p,[tp 111.237]
142685674,165224078,2026-03-23 14:05:41,SELL,OUT,0.2,111.237,13.7,0.0,-0.2,AUDJPY.p,[tp 111.237]
142686098,165224529,2026-03-23 14:05:43,SELL,OUT,0.1,1.71151,-19.2,0.2,-0.1,GBPSGD.p,[tp 1.71151]
142686100,165224530,2026-03-23 14:05:43,SELL,OUT,0.1,1.71151,27.39,0.2,-0.1,GBPSGD.p,[tp 1.71151]
142686876,165225345,2026-03-23 14:05:47,SELL,OUT,0.1,1.83303,-29.46,0.18,-0.1,GBPCAD.p,[tp 1.83303]
142686883,165225346,2026-03-23 14:05:47,SELL,OUT,0.1,1.83323,5.1,0.18,-0.1,GBPCAD.p,[tp 1.83323]
142686919,165225390,2026-03-23 14:05:47,SELL,OUT,0.2,1.83323,73.5,0.36,-0.2,GBPCAD.p,[tp 1.83323]
142690878,165229774,2026-03-23 14:06:15,SELL,OUT,0.4,111.08,98.49,0.0,-0.4,AUDJPY.p,[tp 111.080]
142691093,165230029,2026-03-23 14:06:16,BUY,IN,0.1,111.046,0.0,0.0,-0.1,AUDJPY.p,E40/TP5/Tsto1
142725145,165269185,2026-03-23 14:13:27,BUY,OUT,0.1,1.90267,-15.54,0.0,-0.1,GBPAUD.p,[tp 1.90267]
142725146,165269186,2026-03-23 14:13:27,BUY,OUT,0.1,1.90267,26.66,0.0,-0.1,GBPAUD.p,[tp 1.90267]
142725314,165269367,2026-03-23 14:13:29,SELL,IN,0.1,1.90255,0.0,0.0,-0.1,GBPAUD.p,E40/TP5/Tsto1
142729593,165274482,2026-03-23 14:15:01,BUY,IN,0.1,1.83369,0.0,0.0,-0.1,GBPCAD.p,E40/TP5/Tsto1
142729753,165274716,2026-03-23 14:15:04,BUY,IN,0.1,1.70827,0.0,0.0,-0.1,GBPSGD.p,E40/TP5/Tsto1
142782388,165346571,2026-03-23 14:38:33,SELL,OUT,0.1,1.83673,22.17,0.0,-0.1,GBPCAD.p,[tp 1.83673]
142796095,165364923,2026-03-23 14:46:32,SELL,OUT,0.1,1.70889,4.86,0.0,-0.1,GBPSGD.p,[tp 1.70889]
142821775,165399353,2026-03-23 15:00:02,SELL,IN,0.1,1.8340800000000002,0.0,0.0,-0.1,GBPCAD.p,E40/TP5/Tsto1
142841983,165429282,2026-03-23 15:09:32,SELL,OUT,0.1,0.69906,5.5,0.0,-0.1,AUDUSD.p,[tp 0.69906]
142842493,165430083,2026-03-23 15:09:48,SELL,IN,0.1,0.69928,0.0,0.0,-0.1,AUDUSD.p,E40/TP5/Tsto1
142844980,165433269,2026-03-23 15:10:55,SELL,OUT,0.1,111.113,4.22,0.0,-0.1,AUDJPY.p,[tp 111.113]
142845253,165433608,2026-03-23 15:11:02,SELL,IN,0.1,111.135,0.0,0.0,-0.1,AUDJPY.p,E40/TP5/Tsto1
142965812,165593771,2026-03-23 16:15:09,SELL,IN,0.1,1.71128,0.0,0.0,-0.1,GBPSGD.p,E40/TP5/Tsto1
142990427,165628681,2026-03-23 16:29:45,BUY,OUT,0.1,1.71004,9.71,0.0,-0.1,GBPSGD.p,[tp 1.71004]
142991937,165630399,2026-03-23 16:30:09,SELL,IN,0.1,1.71002,0.0,0.0,-0.1,GBPSGD.p,E40/TP5/Tsto1
143107263,165780299,2026-03-23 17:28:29,BUY,OUT,0.2,1.9770699999999999,79.93,-0.21,-0.2,EURNZD.p,[tp 1.97707]
143107361,165780425,2026-03-23 17:28:31,BUY,OUT,0.1,1.9769700000000001,-50.96,-0.11,-0.1,EURNZD.p,[tp 1.97697]
143107366,165780426,2026-03-23 17:28:31,BUY,OUT,0.1,1.9769700000000001,-17.16,-0.11,-0.1,EURNZD.p,[tp 1.97697]
143111046,165784865,2026-03-23 17:30:05,SELL,IN,0.1,1.7149,0.0,0.0,-0.1,GBPSGD.p,E40/TP5/Tsto1
143135851,165816759,2026-03-23 17:45:05,BUY,IN,0.1,1.97773,0.0,0.0,-0.1,EURNZD.p,E40/TP5/Tsto1
143192269,165890044,2026-03-23 18:18:22,SELL,OUT,0.1,1.97834,3.58,0.0,-0.1,EURNZD.p,[tp 1.97834]
143192570,165890499,2026-03-23 18:18:30,BUY,IN,0.1,1.97851,0.0,0.0,-0.1,EURNZD.p,E40/TP5/Tsto1
143210594,165917558,2026-03-23 18:29:01,BUY,OUT,0.1,1.71189,-14.67,0.0,-0.1,GBPSGD.p,[tp 1.71189]
143210596,165917559,2026-03-23 18:29:01,BUY,OUT,0.1,1.71189,23.61,0.0,-0.1,GBPSGD.p,[tp 1.71189]
143212337,165919895,2026-03-23 18:30:12,SELL,IN,0.1,1.7120600000000001,0.0,0.0,-0.1,GBPSGD.p,E40/TP5/Tsto1
143218861,165928293,2026-03-23 18:34:44,SELL,OUT,0.1,1.98108,15.06,0.0,-0.1,EURNZD.p,[tp 1.98108]
143218934,165928390,2026-03-23 18:34:46,BUY,IN,0.1,1.98103,0.0,0.0,-0.1,EURNZD.p,E40/TP5/Tsto1
143247243,165964624,2026-03-23 18:51:30,BUY,OUT,0.1,1.7114500000000001,4.78,0.0,-0.1,GBPSGD.p,[tp 1.71145]
143247455,165964901,2026-03-23 18:51:39,SELL,IN,0.1,1.71123,0.0,0.0,-0.1,GBPSGD.p,E40/TP5/Tsto1
143248372,165966033,2026-03-23 18:52:10,SELL,OUT,0.1,1.9822600000000001,7.19,0.0,-0.1,EURNZD.p,[tp 1.98226]
143249149,165966867,2026-03-23 18:52:15,BUY,OUT,0.1,111.08,3.4699999999999998,0.0,-0.1,AUDJPY.p,[tp 111.080]
143284011,166013362,2026-03-23 19:09:48,BUY,OUT,0.1,1.71004,9.31,0.0,-0.1,GBPSGD.p,[tp 1.71004]
143284139,166013531,2026-03-23 19:09:55,SELL,IN,0.1,1.70998,0.0,0.0,-0.1,GBPSGD.p,E40/TP5/Tsto1
143292830,166025935,2026-03-23 19:16:17,BUY,OUT,0.1,0.69874,5.4,0.0,-0.1,AUDUSD.p,[tp 0.69874]
143339024,166087509,2026-03-23 19:45:05,BUY,IN,0.1,111.064,0.0,0.0,-0.1,AUDJPY.p,E40/TP5/Tsto1
143339045,166087549,2026-03-23 19:45:07,BUY,IN,0.1,0.70013,0.0,0.0,-0.1,AUDUSD.p,E40/TP5/Tsto1
143383080,166143144,2026-03-23 20:17:45,SELL,OUT,0.1,0.70091,7.8,0.0,-0.1,AUDUSD.p,[tp 0.70091]
143383890,166144253,2026-03-23 20:18:17,SELL,OUT,0.1,111.174,6.9399999999999995,0.0,-0.1,AUDJPY.p,[tp 111.174]
143431485,166206304,2026-03-23 21:00:00,SELL,IN,0.1,0.70138,0.0,0.0,-0.1,AUDUSD.p,E40/TP5/Tsto1
143441111,166218391,2026-03-23 21:07:25,BUY,OUT,0.1,0.70085,5.3,0.0,-0.1,AUDUSD.p,[tp 0.70085]
143451654,166233577,2026-03-23 21:15:00,SELL,IN,0.1,0.70121,0.0,0.0,-0.1,AUDUSD.p,E40/TP5/Tsto1
143451666,166233592,2026-03-23 21:15:00,BUY,IN,0.1,1.9791699999999999,0.0,0.0,-0.1,EURNZD.p,E40/TP5/Tsto1
143459670,166244615,2026-03-23 21:22:50,SELL,OUT,0.1,1.9801,5.45,0.0,-0.1,EURNZD.p,[tp 1.98010]
143468609,166256630,2026-03-23 21:30:00,BUY,IN,0.1,1.9802499999999998,0.0,0.0,-0.1,EURNZD.p,E40/TP5/Tsto1
143489393,166284187,2026-03-23 21:45:00,BUY,IN,0.1,111.048,0.0,0.0,-0.1,AUDJPY.p,E40/TP5/Tsto1
143509156,166308987,2026-03-23 22:04:15,SELL,OUT,0.1,111.102,3.41,0.0,-0.1,AUDJPY.p,[tp 111.102]
143509158,166308989,2026-03-23 22:04:15,BUY,IN,0.1,111.105,0.0,0.0,-0.1,AUDJPY.p,E40/TP5/Tsto1
143573999,166396214,2026-03-23 23:04:16,SELL,OUT,0.1,1.98079,3.17,0.0,-0.1,EURNZD.p,[tp 1.98079]
143595335,166429205,2026-03-24 01:00:58,BUY,OUT,0.1,0.70068,5.3,-0.23,-0.1,AUDUSD.p,[tp 0.70068]
143639754,166488478,2026-03-24 01:52:34,SELL,OUT,0.1,111.159,3.41,0.16,-0.1,AUDJPY.p,[tp 111.159]
143718280,166601326,2026-03-24 03:30:00,BUY,IN,0.1,110.927,0.0,0.0,-0.1,AUDJPY.p,E40/TP5/Tsto1
143718329,166601384,2026-03-24 03:30:01,BUY,IN,0.1,0.69937,0.0,0.0,-0.1,AUDUSD.p,E40/TP5/Tsto1
143718338,166601393,2026-03-24 03:30:01,SELL,IN,0.1,1.98385,0.0,0.0,-0.1,EURNZD.p,E40/TP5/Tsto1
143742699,166631934,2026-03-24 03:44:22,BUY,OUT,0.1,1.98331,3.15,0.0,-0.1,EURNZD.p,[tp 1.98331]
143743577,166633041,2026-03-24 03:45:00,SELL,IN,0.1,1.98288,0.0,0.0,-0.1,EURNZD.p,E40/TP5/Tsto1
144179239,167231720,2026-03-24 10:09:42,SELL,OUT,0.1,0.6999,5.3,0.0,-0.1,AUDUSD.p,[tp 0.69990]
144180562,167233269,2026-03-24 10:10:17,SELL,OUT,0.1,110.983,3.5300000000000002,0.0,-0.1,AUDJPY.p,[tp 110.983]
144183667,167238297,2026-03-24 10:12:47,BUY,OUT,0.1,1.9823300000000001,3.22,0.0,-0.1,EURNZD.p,[tp 1.98233]
144183674,167238308,2026-03-24 10:12:47,SELL,IN,0.1,1.98227,0.0,0.0,-0.1,EURNZD.p,E40/TP5/Tsto1
144185610,167242061,2026-03-24 10:15:00,SELL,IN,0.1,1.7156099999999999,0.0,0.0,-0.1,GBPSGD.p,E40/TP5/Tsto1
144200148,167263013,2026-03-24 10:30:00,SELL,IN,0.1,0.69898,0.0,0.0,-0.1,AUDUSD.p,E40/TP5/Tsto1
144200151,167263016,2026-03-24 10:30:00,SELL,IN,0.1,110.816,0.0,0.0,-0.1,AUDJPY.p,E40/TP5/Tsto1
144237331,167314812,2026-03-24 11:00:10,BUY,OUT,0.1,110.753,3.9699999999999998,0.0,-0.1,AUDJPY.p,[tp 110.753]
144240734,167319175,2026-03-24 11:01:51,BUY,OUT,0.1,0.69845,5.3,0.0,-0.1,AUDUSD.p,[tp 0.69845]
144257198,167340330,2026-03-24 11:15:03,SELL,IN,0.1,0.69859,0.0,0.0,-0.1,AUDUSD.p,E40/TP5/Tsto1
144289509,167385923,2026-03-24 11:43:16,BUY,OUT,0.1,0.69689,17.0,0.0,-0.1,AUDUSD.p,[tp 0.69689]
144336659,167449790,2026-03-24 12:30:02,BUY,IN,0.1,0.69568,0.0,0.0,-0.1,AUDUSD.p,E40/TP5/Tsto1
144336670,167449803,2026-03-24 12:30:02,BUY,IN,0.1,110.449,0.0,0.0,-0.1,AUDJPY.p,E40/TP5/Tsto1
144351627,167471291,2026-03-24 12:49:32,SELL,OUT,0.1,110.615,10.46,0.0,-0.1,AUDJPY.p,[tp 110.615]
144351657,167471334,2026-03-24 12:49:37,BUY,IN,0.1,110.623,0.0,0.0,-0.1,AUDJPY.p,E40/TP5/Tsto1
144355466,167477145,2026-03-24 12:55:16,SELL,OUT,0.1,0.69727,15.9,0.0,-0.1,AUDUSD.p,[tp 0.69727]
144355833,167477598,2026-03-24 12:55:24,BUY,IN,0.1,0.69734,0.0,0.0,-0.1,AUDUSD.p,E40/TP5/Tsto1
144377641,167509453,2026-03-24 13:19:26,SELL,OUT,0.1,110.68,3.59,0.0,-0.1,AUDJPY.p,[tp 110.680]
144410992,167560164,2026-03-24 14:00:56,SELL,OUT,0.1,0.69788,5.4,0.0,-0.1,AUDUSD.p,[tp 0.69788]
144478987,167648780,2026-03-24 14:45:00,BUY,IN,0.1,0.6975,0.0,0.0,-0.1,AUDUSD.p,E40/TP5/Tsto1
144561269,167756605,2026-03-24 15:38:12,BUY,IN,0.1,110.42,0.0,0.0,-0.1,AUDJPY.p,E40/TP5/Tsto1
144598733,167804220,2026-03-24 16:02:29,SELL,OUT,0.1,110.521,6.36,0.0,-0.1,AUDJPY.p,[tp 110.521]
144599356,167804903,2026-03-24 16:02:42,BUY,IN,0.1,110.544,0.0,0.0,-0.1,AUDJPY.p,E40/TP5/Tsto1
144610641,167818912,2026-03-24 16:09:11,BUY,OUT,0.1,1.71224,-17.65,-1.53,-0.1,GBPSGD.p,[tp 1.71224]
144610642,167818913,2026-03-24 16:09:11,BUY,OUT,0.1,1.71224,26.31,0.0,-0.1,GBPSGD.p,[tp 1.71224]
144610895,167819193,2026-03-24 16:09:14,SELL,IN,0.1,1.71204,0.0,0.0,-0.1,GBPSGD.p,E40/TP5/Tsto1
144707169,167941417,2026-03-24 17:00:05,SELL,OUT,0.1,110.602,3.65,0.0,-0.1,AUDJPY.p,[tp 110.602]
144707969,167942422,2026-03-24 17:00:18,BUY,IN,0.1,110.633,0.0,0.0,-0.1,AUDJPY.p,E40/TP5/Tsto1
144792761,168048156,2026-03-24 17:52:04,SELL,OUT,0.1,110.689,3.5300000000000002,0.0,-0.1,AUDJPY.p,[tp 110.689]
145426777,168889528,2026-03-25 05:02:36,SELL,OUT,0.1,0.69809,5.9,0.08,-0.1,AUDUSD.p,
145426785,168889538,2026-03-25 05:02:37,BUY,OUT,0.1,1.99248,-59.5,-0.02,-0.1,EURNZD.p,
145426789,168889548,2026-03-25 05:02:37,BUY,OUT,0.1,1.9216,-132.98,-0.52,-0.1,GBPAUD.p,
145426791,168889551,2026-03-25 05:02:38,BUY,OUT,0.1,1.8466,-90.94,-2.16,-0.1,GBPCAD.p,
145426792,168889553,2026-03-25 05:02:39,BUY,OUT,0.1,1.05733,-64.32,-4.9399999999999995,-0.1,GBPCHF.p,
145426815,168889574,2026-03-25 05:02:39,BUY,OUT,0.1,1.71414,-16.43,-1.53,-0.1,GBPSGD.p,
145426823,168889589,2026-03-25 05:02:40,BUY,OUT,0.1,124.194,-40.89,-0.86,-0.1,SGDJPY.p,
145426824,168889594,2026-03-25 05:02:41,BUY,OUT,0.1,124.193,-29.3,-0.86,-0.1,SGDJPY.p,
145426825,168889596,2026-03-25 05:02:42,BUY,OUT,0.1,124.194,2.21,-0.86,-0.1,SGDJPY.p,
145427161,0,2026-03-25 05:03:05,2,IN,0.0,0.0,-91.26,0.0,0.0,,reset balance to 9999
145504483,169012304,2026-03-25 07:30:00,SELL,IN,0.02,1.37707,0.0,0.0,-0.02,USDCAD.p,/// THERANTO V3 ///
145504494,169012352,2026-03-25 07:30:00,SELL,IN,0.02,1.19856,0.0,0.0,-0.02,AUDNZD.p,/// THERANTO V3 ///
145504497,169012368,2026-03-25 07:30:01,SELL,IN,0.02,0.78929,0.0,0.0,-0.02,USDCHF.p,/// THERANTO V3 ///
145504498,169012369,2026-03-25 07:30:01,BUY,IN,0.02,1.16024,0.0,0.0,-0.02,EURUSD.p,/// THERANTO V3 ///
145504511,169012401,2026-03-25 07:30:02,SELL,IN,0.02,1.2788599999999999,0.0,0.0,-0.02,USDSGD.p,/// THERANTO V3 ///
145511291,169023164,2026-03-25 07:45:07,SELL,IN,0.02,0.86589,0.0,0.0,-0.02,EURGBP.p,/// THERANTO V3 ///
145517187,169033325,2026-03-25 08:00:00,SELL,IN,0.02,158.88,0.0,0.0,-0.02,USDJPY.p,/// THERANTO V3 ///
145517214,169033370,2026-03-25 08:00:00,SELL,IN,0.02,0.9156,0.0,0.0,-0.02,EURCHF.p,/// THERANTO V3 ///
145517224,169033388,2026-03-25 08:00:01,SELL,IN,0.02,115.356,0.0,0.0,-0.02,CADJPY.p,/// THERANTO V3 ///
145523961,169044390,2026-03-25 08:15:00,BUY,IN,0.02,212.792,0.0,0.0,-0.02,GBPJPY.p,/// THERANTO V3 ///
145523974,169044406,2026-03-25 08:15:00,BUY,IN,0.02,0.89235,0.0,0.0,-0.02,AUDSGD.p,/// THERANTO V3 ///
145523976,169044411,2026-03-25 08:15:00,BUY,IN,0.02,0.96082,0.0,0.0,-0.02,AUDCAD.p,/// THERANTO V3 ///
145523986,169044426,2026-03-25 08:15:00,BUY,IN,0.02,0.69761,0.0,0.0,-0.02,AUDUSD.p,/// THERANTO V3 ///
145553851,169086997,2026-03-25 08:45:00,BUY,IN,0.02,0.5815,0.0,0.0,-0.02,NZDUSD.p,/// THERANTO V3 ///
145553859,169087006,2026-03-25 08:45:00,SELL,IN,0.02,1.99421,0.0,0.0,-0.02,EURNZD.p,/// THERANTO V3 ///
145553860,169087007,2026-03-25 08:45:00,SELL,IN,0.02,2.30183,0.0,0.0,-0.02,GBPNZD.p,/// THERANTO V3 ///
145553870,169087019,2026-03-25 08:45:00,BUY,IN,0.02,92.427,0.0,0.0,-0.02,NZDJPY.p,/// THERANTO V3 ///
145553878,169087030,2026-03-25 08:45:01,BUY,IN,0.02,0.45919,0.0,0.0,-0.02,NZDCHF.p,/// THERANTO V3 ///
145553888,169087042,2026-03-25 08:45:01,BUY,IN,0.02,0.80091,0.0,0.0,-0.02,NZDCAD.p,/// THERANTO V3 ///
145553900,169087056,2026-03-25 08:45:02,BUY,IN,0.02,1.33856,0.0,0.0,-0.02,GBPUSD.p,/// THERANTO V3 ///
145583707,169134923,2026-03-25 09:15:00,BUY,IN,0.02,1.9194,0.0,0.0,-0.02,GBPAUD.p,/// THERANTO V3 ///
145583716,169134937,2026-03-25 09:15:00,BUY,IN,0.02,1.05685,0.0,0.0,-0.02,GBPCHF.p,/// THERANTO V3 ///
145583761,169135036,2026-03-25 09:15:02,BUY,IN,0.02,1.7116500000000001,0.0,0.0,-0.02,GBPSGD.p,/// THERANTO V3 ///
145592449,169149337,2026-03-25 09:22:40,SELL,OUT,0.02,212.859,0.84,0.0,-0.02,GBPJPY.p,[tp 212.859]
145592460,169149352,2026-03-25 09:22:41,BUY,IN,0.02,212.884,0.0,0.0,-0.02,GBPJPY.p,/// THERANTO V3 ///
145595604,169154975,2026-03-25 09:30:00,BUY,IN,0.02,0.74366,0.0,0.0,-0.02,NZDSGD.p,/// THERANTO V3 ///
145595610,169154983,2026-03-25 09:30:00,BUY,IN,0.02,1.59726,0.0,0.0,-0.02,EURCAD.p,/// THERANTO V3 ///
145595624,169155003,2026-03-25 09:30:00,BUY,IN,0.02,1.84372,0.0,0.0,-0.02,GBPCAD.p,/// THERANTO V3 ///
145595646,169155044,2026-03-25 09:30:01,BUY,IN,0.02,1.48324,0.0,0.0,-0.02,EURSGD.p,/// THERANTO V3 ///
145595660,169155056,2026-03-25 09:30:01,SELL,IN,0.02,0.57331,0.0,0.0,-0.02,CADCHF.p,/// THERANTO V3 ///
145597581,169157813,2026-03-25 09:31:34,SELL,OUT,0.02,1.71253,1.38,0.0,-0.02,GBPSGD.p,[tp 1.71253]
145597583,169157819,2026-03-25 09:31:34,BUY,IN,0.02,1.71261,0.0,0.0,-0.02,GBPSGD.p,/// THERANTO V3 ///
145600282,169162710,2026-03-25 09:36:55,SELL,OUT,0.02,1.91997,0.79,0.0,-0.02,GBPAUD.p,[tp 1.91997]
145606285,169172400,2026-03-25 09:45:00,SELL,IN,0.02,124.241,0.0,0.0,-0.02,SGDJPY.p,/// THERANTO V3 ///
145606300,169172423,2026-03-25 09:45:00,BUY,IN,0.02,1.91962,0.0,0.0,-0.02,GBPAUD.p,/// THERANTO V3 ///
145609547,169180097,2026-03-25 09:51:31,SELL,OUT,0.02,1.59794,0.99,0.0,-0.02,EURCAD.p,[tp 1.59794]
145614275,169192614,2026-03-25 10:00:35,SELL,OUT,0.02,1.9201899999999998,0.79,0.0,-0.02,GBPAUD.p,[tp 1.92019]
145614306,169192727,2026-03-25 10:00:39,SELL,OUT,0.02,1.84428,0.81,0.0,-0.02,GBPCAD.p,[tp 1.84428]
145614726,169193740,2026-03-25 10:01:12,SELL,OUT,0.02,1.71315,0.84,0.0,-0.02,GBPSGD.p,[tp 1.71315]
145614752,169193825,2026-03-25 10:01:14,SELL,OUT,0.02,1.33911,1.1,0.0,-0.02,GBPUSD.p,[tp 1.33911]
145615326,169195444,2026-03-25 10:02:27,SELL,OUT,0.02,1.05736,1.29,0.0,-0.02,GBPCHF.p,[tp 1.05736]
145622445,169207975,2026-03-25 10:14:27,SELL,OUT,0.02,0.80143,0.75,0.0,-0.02,NZDCAD.p,[tp 0.80143]
145623216,169209752,2026-03-25 10:15:00,BUY,IN,0.02,1.3392,0.0,0.0,-0.02,GBPUSD.p,/// THERANTO V3 ///
145623219,169209757,2026-03-25 10:15:00,SELL,IN,0.02,1.66286,0.0,0.0,-0.02,EURAUD.p,/// THERANTO V3 ///
145623235,169209786,2026-03-25 10:15:00,BUY,IN,0.02,1.84493,0.0,0.0,-0.02,GBPCAD.p,/// THERANTO V3 ///
145623277,169209916,2026-03-25 10:15:01,BUY,IN,0.02,1.05705,0.0,0.0,-0.02,GBPCHF.p,/// THERANTO V3 ///
145623282,169209931,2026-03-25 10:15:01,BUY,IN,0.02,0.80143,0.0,0.0,-0.02,NZDCAD.p,/// THERANTO V3 ///
145623284,169209933,2026-03-25 10:15:01,BUY,IN,0.02,1.7128299999999999,0.0,0.0,-0.02,GBPSGD.p,/// THERANTO V3 ///
145625882,169215262,2026-03-25 10:18:17,SELL,OUT,0.02,92.481,0.68,0.0,-0.02,NZDJPY.p,[tp 92.481]
145625886,169215270,2026-03-25 10:18:17,BUY,IN,0.02,92.485,0.0,0.0,-0.02,NZDJPY.p,/// THERANTO V3 ///
145626188,169216028,2026-03-25 10:18:53,BUY,OUT,0.02,0.5728,1.29,0.0,-0.02,CADCHF.p,[tp 0.57280]
145626990,169218309,2026-03-25 10:20:52,SELL,OUT,0.02,1.48397,1.1400000000000001,0.0,-0.02,EURSGD.p,[tp 1.48397]
145633039,169233893,2026-03-25 10:30:00,SELL,IN,0.02,110.843,0.0,0.0,-0.02,AUDJPY.p,/// THERANTO V3 ///
145633057,169233928,2026-03-25 10:30:00,SELL,IN,0.02,201.376,0.0,0.0,-0.02,CHFJPY.p,/// THERANTO V3 ///
145635264,169237981,2026-03-25 10:32:42,BUY,OUT,0.02,2.30125,0.67,0.0,-0.02,GBPNZD.p,[tp 2.30125]
145636726,169240795,2026-03-25 10:35:11,BUY,OUT,0.02,201.281,1.19,0.0,-0.02,CHFJPY.p,[tp 201.281]
145637138,169241227,2026-03-25 10:35:17,BUY,OUT,0.02,110.786,0.72,0.0,-0.02,AUDJPY.p,[tp 110.786]
145639539,169245138,2026-03-25 10:36:30,SELL,OUT,0.02,0.74418,0.81,0.0,-0.02,NZDSGD.p,[tp 0.74418]
145644210,169253984,2026-03-25 10:40:40,BUY,OUT,0.02,1.19803,0.62,0.0,-0.02,AUDNZD.p,[tp 1.19803]
145644225,169254007,2026-03-25 10:40:40,SELL,IN,0.02,1.19803,0.0,0.0,-0.02,AUDNZD.p,/// THERANTO V3 ///
145645034,169255536,2026-03-25 10:41:20,SELL,OUT,0.02,1.05756,1.29,0.0,-0.02,GBPCHF.p,[tp 1.05756]
145647380,169261051,2026-03-25 10:45:00,SELL,IN,0.02,201.317,0.0,0.0,-0.02,CHFJPY.p,/// THERANTO V3 ///
145647382,169261053,2026-03-25 10:45:00,BUY,IN,0.02,0.74439,0.0,0.0,-0.02,NZDSGD.p,/// THERANTO V3 ///
145647383,169261054,2026-03-25 10:45:00,BUY,IN,0.02,1.05765,0.0,0.0,-0.02,GBPCHF.p,/// THERANTO V3 ///
145647400,169261135,2026-03-25 10:45:00,SELL,IN,0.02,1.5980699999999999,0.0,0.0,-0.02,EURCAD.p,/// THERANTO V3 ///
145648923,169263490,2026-03-25 10:46:43,SELL,OUT,0.02,212.951,0.84,0.0,-0.02,GBPJPY.p,[tp 212.951]
145653317,169271982,2026-03-25 10:52:31,SELL,OUT,0.02,1.7133699999999998,0.84,0.0,-0.02,GBPSGD.p,[tp 1.71337]
145653318,169271987,2026-03-25 10:52:31,BUY,IN,0.02,1.71349,0.0,0.0,-0.02,GBPSGD.p,/// THERANTO V3 ///
145653382,169272077,2026-03-25 10:52:35,SELL,OUT,0.02,1.8455,0.83,0.0,-0.02,GBPCAD.p,[tp 1.84550]
145655075,169275397,2026-03-25 10:55:59,SELL,OUT,0.02,92.538,0.67,0.0,-0.02,NZDJPY.p,[tp 92.538]
145655079,169275411,2026-03-25 10:56:00,BUY,IN,0.02,92.541,0.0,0.0,-0.02,NZDJPY.p,/// THERANTO V3 ///
145658238,169280534,2026-03-25 11:00:00,SELL,IN,0.02,0.57321,0.0,0.0,-0.02,CADCHF.p,/// THERANTO V3 ///
145659124,169283242,2026-03-25 11:01:02,SELL,OUT,0.02,1.05816,1.29,0.0,-0.02,GBPCHF.p,[tp 1.05816]
145659131,169283291,2026-03-25 11:01:03,SELL,OUT,0.02,1.71422,1.1400000000000001,0.0,-0.02,GBPSGD.p,[tp 1.71422]
145663257,169289655,2026-03-25 11:03:53,SELL,OUT,0.02,1.33975,1.1,0.0,-0.02,GBPUSD.p,[tp 1.33975]
145663261,169289662,2026-03-25 11:03:53,BUY,IN,0.02,1.33978,0.0,0.0,-0.02,GBPUSD.p,/// THERANTO V3 ///
145663519,169290376,2026-03-25 11:04:14,SELL,OUT,0.02,0.4597,1.29,0.0,-0.02,NZDCHF.p,[tp 0.45970]
145663521,169290378,2026-03-25 11:04:14,SELL,IN,0.02,0.4597,0.0,0.0,-0.02,NZDCHF.p,/// THERANTO V3 ///
145664264,169291692,2026-03-25 11:05:17,BUY,OUT,0.02,201.259,0.73,0.0,-0.02,CHFJPY.p,[tp 201.259]
145665335,169293300,2026-03-25 11:06:34,BUY,OUT,0.02,0.86538,1.37,0.0,-0.02,EURGBP.p,[tp 0.86538]
145665871,169293924,2026-03-25 11:06:50,BUY,OUT,0.02,1.9936500000000001,0.65,0.0,-0.02,EURNZD.p,[tp 1.99365]
145666442,169294663,2026-03-25 11:07:13,SELL,OUT,0.02,0.96136,0.78,0.0,-0.02,AUDCAD.p,[tp 0.96136]
145672508,169302543,2026-03-25 11:10:12,SELL,IN,0.02,0.86538,0.0,0.0,-0.02,EURGBP.p,/// THERANTO V3 ///
145672742,169302851,2026-03-25 11:10:29,SELL,OUT,0.02,1.34082,2.08,0.0,-0.02,GBPUSD.p,[tp 1.34082]
145675644,169306911,2026-03-25 11:12:19,SELL,OUT,0.02,1.16078,1.08,0.0,-0.02,EURUSD.p,[tp 1.16078]
145675647,169306915,2026-03-25 11:12:19,BUY,IN,0.02,1.16083,0.0,0.0,-0.02,EURUSD.p,/// THERANTO V3 ///
145678307,169311296,2026-03-25 11:15:00,SELL,IN,0.02,184.455,0.0,0.0,-0.02,EURJPY.p,/// THERANTO V3 ///
145678315,169311310,2026-03-25 11:15:00,SELL,IN,0.02,201.242,0.0,0.0,-0.02,CHFJPY.p,/// THERANTO V3 ///
145678391,169311412,2026-03-25 11:15:04,SELL,OUT,0.02,0.80195,0.75,0.0,-0.02,NZDCAD.p,[tp 0.80195]
145678773,169311979,2026-03-25 11:15:43,SELL,OUT,0.02,0.58202,1.04,0.0,-0.02,NZDUSD.p,[tp 0.58202]
145678780,169311991,2026-03-25 11:15:43,BUY,IN,0.02,0.58205,0.0,0.0,-0.02,NZDUSD.p,/// THERANTO V3 ///
145679231,169312453,2026-03-25 11:15:45,BUY,OUT,0.02,115.302,0.68,0.0,-0.02,CADJPY.p,[tp 115.302]
145679240,169312468,2026-03-25 11:15:45,SELL,IN,0.02,115.3,0.0,0.0,-0.02,CADJPY.p,/// THERANTO V3 ///
145682947,169319138,2026-03-25 11:19:04,BUY,OUT,0.02,0.57269,1.32,0.0,-0.02,CADCHF.p,[tp 0.57269]
145684912,169321690,2026-03-25 11:20:23,BUY,OUT,0.02,158.822,0.73,0.0,-0.02,USDJPY.p,[tp 158.822]
145684914,169321693,2026-03-25 11:20:23,SELL,IN,0.02,158.811,0.0,0.0,-0.02,USDJPY.p,/// THERANTO V3 ///
145685587,169322507,2026-03-25 11:20:57,SELL,OUT,0.02,0.69814,1.06,0.0,-0.02,AUDUSD.p,[tp 0.69814]
145685588,169322512,2026-03-25 11:20:57,BUY,IN,0.02,0.69816,0.0,0.0,-0.02,AUDUSD.p,/// THERANTO V3 ///
145685686,169322600,2026-03-25 11:20:58,SELL,OUT,0.02,0.74491,0.81,0.0,-0.02,NZDSGD.p,[tp 0.74491]
145686260,169323335,2026-03-25 11:21:19,SELL,OUT,0.02,0.89287,0.81,0.0,-0.02,AUDSGD.p,[tp 0.89287]
145687878,169325798,2026-03-25 11:23:24,SELL,OUT,0.02,1.16137,1.08,0.0,-0.02,EURUSD.p,[tp 1.16137]
145691354,169332184,2026-03-25 11:28:49,BUY,OUT,0.02,124.188,0.67,0.0,-0.02,SGDJPY.p,[tp 124.188]
145691356,169332191,2026-03-25 11:28:50,SELL,IN,0.02,124.186,0.0,0.0,-0.02,SGDJPY.p,/// THERANTO V3 ///
145691488,169332558,2026-03-25 11:29:06,BUY,OUT,0.02,0.78876,1.34,0.0,-0.02,USDCHF.p,[tp 0.78876]
145691496,169332571,2026-03-25 11:29:06,SELL,IN,0.02,0.78874,0.0,0.0,-0.02,USDCHF.p,/// THERANTO V3 ///
145691572,169332649,2026-03-25 11:29:07,SELL,OUT,0.02,0.58276,1.42,0.0,-0.02,NZDUSD.p,[tp 0.58276]
145692243,169333793,2026-03-25 11:30:00,SELL,IN,0.02,1.99291,0.0,0.0,-0.02,EURNZD.p,/// THERANTO V3 ///
145692244,169333794,2026-03-25 11:30:00,SELL,IN,0.02,2.30278,0.0,0.0,-0.02,GBPNZD.p,/// THERANTO V3 ///
145692252,169333804,2026-03-25 11:30:00,SELL,IN,0.02,213.091,0.0,0.0,-0.02,GBPJPY.p,/// THERANTO V3 ///
145692288,169333860,2026-03-25 11:30:00,SELL,IN,0.02,1.92172,0.0,0.0,-0.02,GBPAUD.p,/// THERANTO V3 ///
145692312,169333945,2026-03-25 11:30:00,SELL,IN,0.02,1.05842,0.0,0.0,-0.02,GBPCHF.p,/// THERANTO V3 ///
145693152,169335220,2026-03-25 11:31:07,BUY,OUT,0.02,1.66234,0.73,0.0,-0.02,EURAUD.p,[tp 1.66234]
145693168,169335234,2026-03-25 11:31:08,SELL,IN,0.02,1.6623299999999999,0.0,0.0,-0.02,EURAUD.p,/// THERANTO V3 ///
145693429,169335561,2026-03-25 11:31:17,BUY,OUT,0.02,184.402,0.67,0.0,-0.02,EURJPY.p,[tp 184.402]
145693432,169335564,2026-03-25 11:31:17,SELL,IN,0.02,184.401,0.0,0.0,-0.02,EURJPY.p,/// THERANTO V3 ///
145693770,169336053,2026-03-25 11:31:48,SELL,OUT,0.02,0.69869,1.06,0.0,-0.02,AUDUSD.p,[tp 0.69869]
145694512,169337230,2026-03-25 11:33:04,BUY,OUT,0.02,158.754,0.72,0.0,-0.02,USDJPY.p,[tp 158.754]
145694656,169337381,2026-03-25 11:33:07,BUY,OUT,0.02,1.2783,0.88,0.0,-0.02,USDSGD.p,[tp 1.27830]
145694666,169337392,2026-03-25 11:33:07,BUY,OUT,0.02,115.215,1.07,0.0,-0.02,CADJPY.p,[tp 115.215]
145696241,169340013,2026-03-25 11:35:40,BUY,OUT,0.02,1.66181,0.73,0.0,-0.02,EURAUD.p,[tp 1.66181]
145696457,169340425,2026-03-25 11:36:09,BUY,OUT,0.02,1.92032,1.96,0.0,-0.02,GBPAUD.p,[tp 1.92032]
145696475,169340460,2026-03-25 11:36:12,BUY,OUT,0.02,2.30134,1.6800000000000002,0.0,-0.02,GBPNZD.p,[tp 2.30134]
145697030,169341138,2026-03-25 11:36:29,BUY,OUT,0.02,213.024,0.84,0.0,-0.02,GBPJPY.p,[tp 213.024]
145697811,169341964,2026-03-25 11:36:33,BUY,OUT,0.02,184.347,0.68,0.0,-0.02,EURJPY.p,[tp 184.347]
145699590,169345145,2026-03-25 11:37:44,BUY,OUT,0.02,1.99235,0.65,0.0,-0.02,EURNZD.p,[tp 1.99235]
145702778,169351245,2026-03-25 11:40:20,SELL,OUT,0.02,92.594,0.67,0.0,-0.02,NZDJPY.p,[tp 92.594]
145702782,169351251,2026-03-25 11:40:20,BUY,IN,0.02,92.601,0.0,0.0,-0.02,NZDJPY.p,/// THERANTO V3 ///
145705747,169358519,2026-03-25 11:45:00,SELL,IN,0.02,1.9215900000000001,0.0,0.0,-0.02,GBPAUD.p,/// THERANTO V3 ///
145705760,169358534,2026-03-25 11:45:00,SELL,IN,0.02,2.30244,0.0,0.0,-0.02,GBPNZD.p,/// THERANTO V3 ///
145705777,169358563,2026-03-25 11:45:00,SELL,IN,0.02,1.16114,0.0,0.0,-0.02,EURUSD.p,/// THERANTO V3 ///
145705780,169358568,2026-03-25 11:45:00,BUY,IN,0.02,1.2788599999999999,0.0,0.0,-0.02,USDSGD.p,/// THERANTO V3 ///
145705786,169358576,2026-03-25 11:45:00,BUY,IN,0.02,158.859,0.0,0.0,-0.02,USDJPY.p,/// THERANTO V3 ///
145705787,169358577,2026-03-25 11:45:00,SELL,IN,0.02,1.34162,0.0,0.0,-0.02,GBPUSD.p,/// THERANTO V3 ///
145709026,169365566,2026-03-25 11:49:56,BUY,OUT,0.02,1.9202599999999999,1.8599999999999999,0.0,-0.02,GBPAUD.p,[tp 1.92026]
145709142,169365743,2026-03-25 11:50:04,BUY,OUT,0.02,2.30056,2.19,0.0,-0.02,GBPNZD.p,[tp 2.30056]
145711892,169369735,2026-03-25 11:52:48,BUY,OUT,0.02,1.1606,1.08,0.0,-0.02,EURUSD.p,[tp 1.16060]
145711917,169369774,2026-03-25 11:52:50,BUY,OUT,0.02,201.184,0.73,0.0,-0.02,CHFJPY.p,[tp 201.184]
145712905,169371826,2026-03-25 11:54:35,BUY,OUT,0.02,1.34107,1.1,0.0,-0.02,GBPUSD.p,[tp 1.34107]
145717857,169380104,2026-03-25 12:00:00,SELL,IN,0.02,1.84837,0.0,0.0,-0.02,GBPCAD.p,/// THERANTO V3 ///
145717861,169380111,2026-03-25 12:00:00,SELL,IN,0.02,1.34073,0.0,0.0,-0.02,GBPUSD.p,/// THERANTO V3 ///
145717863,169380112,2026-03-25 12:00:00,SELL,IN,0.02,0.69806,0.0,0.0,-0.02,AUDUSD.p,/// THERANTO V3 ///
145717864,169380114,2026-03-25 12:00:00,SELL,IN,0.02,0.96235,0.0,0.0,-0.02,AUDCAD.p,/// THERANTO V3 ///
145717870,169380120,2026-03-25 12:00:00,SELL,IN,0.02,212.872,0.0,0.0,-0.02,GBPJPY.p,/// THERANTO V3 ///
145717871,169380121,2026-03-25 12:00:00,SELL,IN,0.02,1.16026,0.0,0.0,-0.02,EURUSD.p,/// THERANTO V3 ///
145717881,169380139,2026-03-25 12:00:00,SELL,IN,0.02,1.7145899999999998,0.0,0.0,-0.02,GBPSGD.p,/// THERANTO V3 ///
145717898,169380165,2026-03-25 12:00:00,SELL,IN,0.02,184.223,0.0,0.0,-0.02,EURJPY.p,/// THERANTO V3 ///
145717901,169380170,2026-03-25 12:00:00,SELL,IN,0.02,1.92069,0.0,0.0,-0.02,GBPAUD.p,/// THERANTO V3 ///
145717933,169380234,2026-03-25 12:00:00,SELL,IN,0.02,1.4838,0.0,0.0,-0.02,EURSGD.p,/// THERANTO V3 ///
145719295,169382180,2026-03-25 12:01:16,BUY,OUT,0.02,124.132,0.68,0.0,-0.02,SGDJPY.p,[tp 124.132]
145725606,169391922,2026-03-25 12:06:36,BUY,OUT,0.02,1.92008,0.85,0.0,-0.02,GBPAUD.p,[tp 1.92008]
145732916,169408348,2026-03-25 12:15:00,BUY,IN,0.02,124.204,0.0,0.0,-0.02,SGDJPY.p,/// THERANTO V3 ///
145732935,169408380,2026-03-25 12:15:00,BUY,IN,0.02,201.203,0.0,0.0,-0.02,CHFJPY.p,/// THERANTO V3 ///
145732947,169408410,2026-03-25 12:15:00,BUY,IN,0.02,115.191,0.0,0.0,-0.02,CADJPY.p,/// THERANTO V3 ///
145735289,169414068,2026-03-25 12:17:52,BUY,OUT,0.02,1.34018,1.1,0.0,-0.02,GBPUSD.p,[tp 1.34018]
145736740,169419293,2026-03-25 12:20:57,BUY,OUT,0.02,1.84781,0.81,0.0,-0.02,GBPCAD.p,[tp 1.84781]
145737652,169422972,2026-03-25 12:23:08,BUY,OUT,0.02,0.96181,0.78,0.0,-0.02,AUDCAD.p,[tp 0.96181]
145737757,169423190,2026-03-25 12:23:12,BUY,OUT,0.02,0.69753,1.06,0.0,-0.02,AUDUSD.p,[tp 0.69753]
145737823,169423607,2026-03-25 12:23:25,SELL,OUT,0.02,1.27941,0.86,0.0,-0.02,USDSGD.p,[tp 1.27941]
145740818,169427701,2026-03-25 12:25:23,BUY,OUT,0.02,1.7140499999999999,0.84,0.0,-0.02,GBPSGD.p,[tp 1.71405]
145740820,169427714,2026-03-25 12:25:23,BUY,OUT,0.02,212.805,0.84,0.0,-0.02,GBPJPY.p,[tp 212.805]
145740832,169427718,2026-03-25 12:25:23,SELL,IN,0.02,1.71374,0.0,0.0,-0.02,GBPSGD.p,/// THERANTO V3 ///
145743258,169431180,2026-03-25 12:28:13,SELL,OUT,0.02,115.245,0.68,0.0,-0.02,CADJPY.p,[tp 115.245]
145743304,169431253,2026-03-25 12:28:17,SELL,OUT,0.02,158.916,0.72,0.0,-0.02,USDJPY.p,[tp 158.916]
145743306,169431255,2026-03-25 12:28:17,BUY,IN,0.02,158.924,0.0,0.0,-0.02,USDJPY.p,/// THERANTO V3 ///
145743387,169431384,2026-03-25 12:28:27,BUY,OUT,0.02,1.15972,1.08,0.0,-0.02,EURUSD.p,[tp 1.15972]
145744530,169433127,2026-03-25 12:30:00,BUY,IN,0.02,1.9925199999999998,0.0,0.0,-0.02,EURNZD.p,/// THERANTO V3 ///
145744550,169433164,2026-03-25 12:30:00,SELL,IN,0.02,1.84752,0.0,0.0,-0.02,GBPCAD.p,/// THERANTO V3 ///
145744555,169433172,2026-03-25 12:30:00,SELL,IN,0.02,0.96144,0.0,0.0,-0.02,AUDCAD.p,/// THERANTO V3 ///
145744557,169433178,2026-03-25 12:30:00,BUY,IN,0.02,1.6634600000000002,0.0,0.0,-0.02,EURAUD.p,/// THERANTO V3 ///
145744558,169433180,2026-03-25 12:30:00,BUY,IN,0.02,2.30181,0.0,0.0,-0.02,GBPNZD.p,/// THERANTO V3 ///
145744559,169433181,2026-03-25 12:30:00,SELL,IN,0.02,1.33972,0.0,0.0,-0.02,GBPUSD.p,/// THERANTO V3 ///
145744565,169433194,2026-03-25 12:30:00,SELL,IN,0.02,0.58206,0.0,0.0,-0.02,NZDUSD.p,/// THERANTO V3 ///
145744573,169433203,2026-03-25 12:30:00,SELL,IN,0.02,0.80265,0.0,0.0,-0.02,NZDCAD.p,/// THERANTO V3 ///
145744574,169433205,2026-03-25 12:30:00,SELL,IN,0.02,0.6972,0.0,0.0,-0.02,AUDUSD.p,/// THERANTO V3 ///
145744575,169433206,2026-03-25 12:30:00,BUY,IN,0.02,115.221,0.0,0.0,-0.02,CADJPY.p,/// THERANTO V3 ///
145744586,169433222,2026-03-25 12:30:01,SELL,IN,0.02,0.74485,0.0,0.0,-0.02,NZDSGD.p,/// THERANTO V3 ///
145745677,169434913,2026-03-25 12:31:59,SELL,IN,0.02,0.89229,0.0,0.0,-0.02,AUDSGD.p,/// THERANTO V3 ///
145745680,169434917,2026-03-25 12:31:59,BUY,IN,0.02,0.57313,0.0,0.0,-0.02,CADCHF.p,/// THERANTO V3 ///
145745689,169434935,2026-03-25 12:32:00,SELL,IN,0.02,0.55109,0.0,0.0,-0.02,AUDCHF.p,/// THERANTO V3 ///
145772643,169476246,2026-03-25 12:54:00,BUY,OUT,0.02,1.1975,0.62,0.0,-0.02,AUDNZD.p,[tp 1.19750]
145780698,169486584,2026-03-25 13:00:00,SELL,IN,0.02,1.27951,0.0,0.0,-0.02,USDSGD.p,/// THERANTO V3 ///
145780710,169486600,2026-03-25 13:00:00,BUY,IN,0.02,1.16006,0.0,0.0,-0.02,EURUSD.p,/// THERANTO V3 ///
145780717,169486612,2026-03-25 13:00:00,SELL,IN,0.02,1.92255,0.0,0.0,-0.02,GBPAUD.p,/// THERANTO V3 ///
145780748,169486672,2026-03-25 13:00:00,BUY,IN,0.02,110.729,0.0,0.0,-0.02,AUDJPY.p,/// THERANTO V3 ///
145785051,169492399,2026-03-25 13:03:36,SELL,OUT,0.02,1.66463,1.63,0.0,-0.02,EURAUD.p,[tp 1.66463]
145785763,169494039,2026-03-25 13:04:43,SELL,OUT,0.02,201.262,0.74,0.0,-0.02,CHFJPY.p,[tp 201.262]
145788480,169498646,2026-03-25 13:08:53,BUY,OUT,0.02,1.05791,1.29,0.0,-0.02,GBPCHF.p,[tp 1.05791]
145788491,169498669,2026-03-25 13:08:57,SELL,IN,0.02,1.0579,0.0,0.0,-0.02,GBPCHF.p,/// THERANTO V3 ///
145788786,169499135,2026-03-25 13:09:39,BUY,OUT,0.02,0.74429,0.88,0.0,-0.02,NZDSGD.p,[tp 0.74429]
145789611,169500305,2026-03-25 13:10:39,BUY,OUT,0.02,0.45919,1.29,0.0,-0.02,NZDCHF.p,[tp 0.45919]
145800144,169515430,2026-03-25 13:27:42,BUY,IN,0.02,201.289,0.0,0.0,-0.02,CHFJPY.p,/// THERANTO V3 ///
145803131,169519910,2026-03-25 13:32:31,SELL,OUT,0.02,2.30553,4.33,0.0,-0.02,GBPNZD.p,[tp 2.30553]
145803697,169520766,2026-03-25 13:33:42,SELL,OUT,0.02,1.99547,3.43,0.0,-0.02,EURNZD.p,[tp 1.99547]
145811754,169532069,2026-03-25 13:45:00,BUY,IN,0.02,1.19758,0.0,0.0,-0.02,AUDNZD.p,/// THERANTO V3 ///
145811774,169532093,2026-03-25 13:45:00,SELL,IN,0.02,1.6658,0.0,0.0,-0.02,EURAUD.p,/// THERANTO V3 ///
145811804,169532135,2026-03-25 13:45:00,SELL,IN,0.02,1.99488,0.0,0.0,-0.02,EURNZD.p,/// THERANTO V3 ///
145811809,169532142,2026-03-25 13:45:01,SELL,IN,0.02,2.30517,0.0,0.0,-0.02,GBPNZD.p,/// THERANTO V3 ///
145816137,169542420,2026-03-25 13:51:24,SELL,OUT,0.02,201.347,0.73,0.0,-0.02,CHFJPY.p,[tp 201.347]
145817530,169545589,2026-03-25 13:54:01,BUY,OUT,0.02,2.30434,0.97,0.0,-0.02,GBPNZD.p,[tp 2.30434]
145817739,169545941,2026-03-25 13:54:46,BUY,OUT,0.02,1.9941499999999999,0.85,0.0,-0.02,EURNZD.p,[tp 1.99415]
145820938,169550364,2026-03-25 14:00:00,SELL,IN,0.02,2.30429,0.0,0.0,-0.02,GBPNZD.p,/// THERANTO V3 ///
145820948,169550385,2026-03-25 14:00:00,SELL,IN,0.02,1.99402,0.0,0.0,-0.02,EURNZD.p,/// THERANTO V3 ///
145820988,169550470,2026-03-25 14:00:00,BUY,IN,0.02,0.74443,0.0,0.0,-0.02,NZDSGD.p,/// THERANTO V3 ///
145822334,169552491,2026-03-25 14:01:20,SELL,OUT,0.02,1.16061,1.1,0.0,-0.02,EURUSD.p,[tp 1.16061]
145822352,169552508,2026-03-25 14:01:20,BUY,IN,0.02,1.16063,0.0,0.0,-0.02,EURUSD.p,/// THERANTO V3 ///
145823260,169553564,2026-03-25 14:01:58,BUY,OUT,0.02,1.27893,0.91,0.0,-0.02,USDSGD.p,[tp 1.27893]
145823265,169553572,2026-03-25 14:01:58,SELL,IN,0.02,1.27887,0.0,0.0,-0.02,USDSGD.p,/// THERANTO V3 ///
145825333,169556806,2026-03-25 14:04:46,BUY,OUT,0.02,2.30355,0.86,0.0,-0.02,GBPNZD.p,[tp 2.30355]
145825478,169556972,2026-03-25 14:04:49,BUY,OUT,0.02,1.99336,0.77,0.0,-0.02,EURNZD.p,[tp 1.99336]
145825538,169557042,2026-03-25 14:04:53,BUY,OUT,0.02,1.66528,0.73,0.0,-0.02,EURAUD.p,[tp 1.66528]
145825541,169557045,2026-03-25 14:04:54,SELL,IN,0.02,1.66527,0.0,0.0,-0.02,EURAUD.p,/// THERANTO V3 ///
145833268,169567795,2026-03-25 14:15:00,SELL,IN,0.02,2.30361,0.0,0.0,-0.02,GBPNZD.p,/// THERANTO V3 ///
145833278,169567806,2026-03-25 14:15:00,SELL,IN,0.02,201.269,0.0,0.0,-0.02,CHFJPY.p,/// THERANTO V3 ///
145833281,169567809,2026-03-25 14:15:00,BUY,IN,0.02,0.45959,0.0,0.0,-0.02,NZDCHF.p,/// THERANTO V3 ///
145841237,169578205,2026-03-25 14:23:53,BUY,OUT,0.02,1.66474,0.74,0.0,-0.02,EURAUD.p,[tp 1.66474]
145841241,169578210,2026-03-25 14:23:53,SELL,IN,0.02,1.66473,0.0,0.0,-0.02,EURAUD.p,/// THERANTO V3 ///
145850879,169595605,2026-03-25 14:36:46,BUY,OUT,0.02,0.89108,1.8900000000000001,0.0,-0.02,AUDSGD.p,[tp 0.89108]
145850905,169595674,2026-03-25 14:36:54,BUY,OUT,0.02,2.30303,0.68,0.0,-0.02,GBPNZD.p,[tp 2.30303]
145850906,169595675,2026-03-25 14:36:54,SELL,IN,0.02,2.30298,0.0,0.0,-0.02,GBPNZD.p,/// THERANTO V3 ///
145852097,169597699,2026-03-25 14:39:21,SELL,OUT,0.02,124.256,0.65,0.0,-0.02,SGDJPY.p,[tp 124.256]
145854389,169603062,2026-03-25 14:45:01,SELL,IN,0.01,1.8512499999999998,0.0,0.0,-0.01,GBPCAD.p,/// THERANTO V3 ///
145855693,169605282,2026-03-25 14:47:35,BUY,OUT,0.02,0.54966,3.63,0.0,-0.02,AUDCHF.p,[tp 0.54966]
145855817,169605411,2026-03-25 14:47:37,BUY,OUT,0.02,0.69667,1.06,0.0,-0.02,AUDUSD.p,[tp 0.69667]
145856422,169606060,2026-03-25 14:47:39,BUY,OUT,0.02,0.9609,0.78,0.0,-0.02,AUDCAD.p,[tp 0.96090]
145859177,169610607,2026-03-25 14:48:49,BUY,OUT,0.02,1.48325,0.86,0.0,-0.02,EURSGD.p,[tp 1.48325]
145863550,169617770,2026-03-25 14:53:44,BUY,OUT,0.02,0.86487,1.37,0.0,-0.02,EURGBP.p,[tp 0.86487]
145867082,169623770,2026-03-25 14:59:58,BUY,OUT,0.02,1.27831,0.88,0.0,-0.02,USDSGD.p,[tp 1.27831]
145867151,169623944,2026-03-25 15:00:00,SELL,IN,0.02,213.112,0.0,0.0,-0.02,GBPJPY.p,/// THERANTO V3 ///
145867162,169623991,2026-03-25 15:00:00,BUY,IN,0.02,0.86506,0.0,0.0,-0.02,EURGBP.p,/// THERANTO V3 ///
145873565,169635492,2026-03-25 15:08:01,SELL,OUT,0.02,1.1611799999999999,1.1,0.0,-0.02,EURUSD.p,[tp 1.16118]
145882154,169648561,2026-03-25 15:17:08,BUY,OUT,0.02,213.046,0.83,0.0,-0.02,GBPJPY.p,[tp 213.046]
145882181,169648599,2026-03-25 15:17:08,SELL,IN,0.02,213.031,0.0,0.0,-0.02,GBPJPY.p,/// THERANTO V3 ///
145883141,169649946,2026-03-25 15:17:45,BUY,OUT,0.02,1.05739,1.29,0.0,-0.02,GBPCHF.p,[tp 1.05739]
145883298,169650218,2026-03-25 15:17:53,SELL,OUT,0.02,0.86557,1.37,0.0,-0.02,EURGBP.p,[tp 0.86557]
145883302,169650223,2026-03-25 15:17:54,BUY,IN,0.02,0.86557,0.0,0.0,-0.02,EURGBP.p,/// THERANTO V3 ///
145883472,169650422,2026-03-25 15:17:58,BUY,OUT,0.02,1.84815,-0.91,0.0,-0.02,GBPCAD.p,[tp 1.84815]
145883475,169650424,2026-03-25 15:17:58,BUY,OUT,0.01,1.84815,2.25,0.0,-0.01,GBPCAD.p,[tp 1.84815]
145883479,169650432,2026-03-25 15:17:58,SELL,IN,0.02,1.8479299999999999,0.0,0.0,-0.02,GBPCAD.p,/// THERANTO V3 ///
145886779,169655329,2026-03-25 15:19:59,BUY,OUT,0.02,0.58154,1.04,0.0,-0.02,NZDUSD.p,[tp 0.58154]
145891504,169661352,2026-03-25 15:23:01,SELL,OUT,0.02,158.982,0.73,0.0,-0.02,USDJPY.p,[tp 158.982]
145891638,169661500,2026-03-25 15:23:01,BUY,OUT,0.02,0.80212,0.77,0.0,-0.02,NZDCAD.p,[tp 0.80212]
145907568,169684774,2026-03-25 15:30:00,BUY,IN,0.02,1.99432,0.0,0.0,-0.02,EURNZD.p,/// THERANTO V3 ///
145907581,169684790,2026-03-25 15:30:00,BUY,IN,0.02,1.27945,0.0,0.0,-0.02,USDSGD.p,/// THERANTO V3 ///
145907591,169684809,2026-03-25 15:30:00,SELL,IN,0.02,0.80216,0.0,0.0,-0.02,NZDCAD.p,/// THERANTO V3 ///
145907630,169684865,2026-03-25 15:30:00,SELL,IN,0.02,0.58141,0.0,0.0,-0.02,NZDUSD.p,/// THERANTO V3 ///
145907636,169684872,2026-03-25 15:30:00,BUY,IN,0.02,158.999,0.0,0.0,-0.02,USDJPY.p,/// THERANTO V3 ///
145907641,169684878,2026-03-25 15:30:00,SELL,IN,0.02,1.1595,0.0,0.0,-0.02,EURUSD.p,/// THERANTO V3 ///
145907644,169684884,2026-03-25 15:30:00,SELL,IN,0.02,1.92648,0.0,0.0,-0.02,GBPAUD.p,/// THERANTO V3 ///
145910645,169688768,2026-03-25 15:31:07,SELL,OUT,0.02,115.275,0.68,0.0,-0.02,CADJPY.p,[tp 115.275]
145910653,169688784,2026-03-25 15:31:08,BUY,IN,0.02,115.28,0.0,0.0,-0.02,CADJPY.p,/// THERANTO V3 ///
145926678,169715898,2026-03-25 15:40:50,BUY,OUT,0.02,1.8473600000000001,0.83,0.0,-0.02,GBPCAD.p,[tp 1.84736]
145926685,169715908,2026-03-25 15:40:50,SELL,IN,0.02,1.84727,0.0,0.0,-0.02,GBPCAD.p,/// THERANTO V3 ///
145929868,169722892,2026-03-25 15:45:00,BUY,IN,0.02,0.89001,0.0,0.0,-0.02,AUDSGD.p,/// THERANTO V3 ///
145930831,169724035,2026-03-25 15:45:16,SELL,OUT,0.02,115.336,0.7,0.0,-0.02,CADJPY.p,[tp 115.336]
145931110,169724422,2026-03-25 15:45:21,SELL,OUT,0.02,159.057,0.73,0.0,-0.02,USDJPY.p,[tp 159.057]
145931531,169724953,2026-03-25 15:45:25,BUY,OUT,0.02,1.15896,1.08,0.0,-0.02,EURUSD.p,[tp 1.15896]
145937112,169733389,2026-03-25 15:49:46,BUY,OUT,0.02,1.3391600000000001,1.12,0.0,-0.02,GBPUSD.p,[tp 1.33916]
145940668,169739544,2026-03-25 15:53:35,BUY,OUT,0.02,1.8467099999999999,0.81,0.0,-0.02,GBPCAD.p,[tp 1.84671]
145941843,169741314,2026-03-25 15:54:47,SELL,OUT,0.02,0.89053,0.81,0.0,-0.02,AUDSGD.p,[tp 0.89053]
145942022,169741560,2026-03-25 15:54:58,BUY,OUT,0.02,2.3024,0.67,0.0,-0.02,GBPNZD.p,[tp 2.30240]
145942024,169741562,2026-03-25 15:54:58,SELL,IN,0.02,2.30236,0.0,0.0,-0.02,GBPNZD.p,/// THERANTO V3 ///
145943424,169743365,2026-03-25 15:55:47,BUY,OUT,0.02,1.92388,-1.85,0.0,-0.02,GBPAUD.p,[tp 1.92388]
145943425,169743366,2026-03-25 15:55:47,BUY,OUT,0.02,1.92388,3.62,0.0,-0.02,GBPAUD.p,[tp 1.92388]
145943429,169743371,2026-03-25 15:55:48,SELL,IN,0.02,1.92382,0.0,0.0,-0.02,GBPAUD.p,/// THERANTO V3 ///
145943536,169743495,2026-03-25 15:55:53,BUY,OUT,0.02,212.965,0.83,0.0,-0.02,GBPJPY.p,[tp 212.965]
145948303,169749920,2026-03-25 16:00:00,BUY,IN,0.02,0.89056,0.0,0.0,-0.02,AUDSGD.p,/// THERANTO V3 ///
145948306,169749927,2026-03-25 16:00:00,BUY,IN,0.02,0.9595,0.0,0.0,-0.02,AUDCAD.p,/// THERANTO V3 ///
145948344,169749978,2026-03-25 16:00:00,SELL,IN,0.02,159.012,0.0,0.0,-0.02,USDJPY.p,/// THERANTO V3 ///
145948345,169749979,2026-03-25 16:00:00,BUY,IN,0.02,0.69606,0.0,0.0,-0.02,AUDUSD.p,/// THERANTO V3 ///
145948349,169749986,2026-03-25 16:00:00,BUY,IN,0.02,0.54958,0.0,0.0,-0.02,AUDCHF.p,/// THERANTO V3 ///
145949155,169751026,2026-03-25 16:00:20,BUY,OUT,0.02,2.30179,0.66,0.0,-0.02,GBPNZD.p,[tp 2.30179]
145949330,169751254,2026-03-25 16:00:22,BUY,OUT,0.02,1.59754,0.77,0.0,-0.02,EURCAD.p,[tp 1.59754]
145949696,169751697,2026-03-25 16:00:28,BUY,OUT,0.02,0.80164,0.75,0.0,-0.02,NZDCAD.p,[tp 0.80164]
145956813,169761812,2026-03-25 16:04:17,BUY,OUT,0.02,1.9232399999999998,0.81,0.0,-0.02,GBPAUD.p,[tp 1.92324]
145956816,169761823,2026-03-25 16:04:17,SELL,IN,0.02,1.92318,0.0,0.0,-0.02,GBPAUD.p,/// THERANTO V3 ///
145963507,169771184,2026-03-25 16:09:37,BUY,OUT,0.02,1.7132,0.84,0.0,-0.02,GBPSGD.p,[tp 1.71320]
145965037,169773644,2026-03-25 16:11:23,BUY,OUT,0.02,158.944,0.86,0.0,-0.02,USDJPY.p,[tp 158.944]
145968074,169777975,2026-03-25 16:14:04,BUY,OUT,0.02,201.211,0.73,0.0,-0.02,CHFJPY.p,[tp 201.211]
145968798,169779083,2026-03-25 16:15:00,SELL,IN,0.02,158.975,0.0,0.0,-0.02,USDJPY.p,/// THERANTO V3 ///
145968841,169779143,2026-03-25 16:15:00,SELL,IN,0.02,201.253,0.0,0.0,-0.02,CHFJPY.p,/// THERANTO V3 ///
145969374,169779914,2026-03-25 16:15:47,BUY,OUT,0.02,1.66421,0.72,0.0,-0.02,EURAUD.p,[tp 1.66421]
145969379,169779920,2026-03-25 16:15:47,SELL,IN,0.02,1.66421,0.0,0.0,-0.02,EURAUD.p,/// THERANTO V3 ///
145972343,169783685,2026-03-25 16:18:04,SELL,OUT,0.02,0.55029,1.8,0.0,-0.02,AUDCHF.p,[tp 0.55029]
145972346,169783690,2026-03-25 16:18:04,BUY,IN,0.02,0.55029,0.0,0.0,-0.02,AUDCHF.p,/// THERANTO V3 ///
145972760,169784226,2026-03-25 16:18:27,SELL,OUT,0.02,0.89108,0.81,0.0,-0.02,AUDSGD.p,[tp 0.89108]
145972764,169784231,2026-03-25 16:18:28,BUY,IN,0.02,0.8911,0.0,0.0,-0.02,AUDSGD.p,/// THERANTO V3 ///
145973483,169785255,2026-03-25 16:19:19,SELL,OUT,0.02,0.69659,1.06,0.0,-0.02,AUDUSD.p,[tp 0.69659]
145973485,169785257,2026-03-25 16:19:20,BUY,IN,0.02,0.69661,0.0,0.0,-0.02,AUDUSD.p,/// THERANTO V3 ///
145974123,169786155,2026-03-25 16:20:02,SELL,OUT,0.02,0.57364,1.29,0.0,-0.02,CADCHF.p,[tp 0.57364]
145982309,169798709,2026-03-25 16:27:30,BUY,OUT,0.02,201.178,0.94,0.0,-0.02,CHFJPY.p,[tp 201.178]
145986837,169805182,2026-03-25 16:29:59,BUY,OUT,0.02,1.66369,0.72,0.0,-0.02,EURAUD.p,[tp 1.66369]
145986839,169805185,2026-03-25 16:29:59,SELL,OUT,0.02,0.4601,1.29,0.0,-0.02,NZDCHF.p,[tp 0.46010]
145987140,169805587,2026-03-25 16:30:00,BUY,OUT,0.02,1.9226100000000002,0.79,0.0,-0.02,GBPAUD.p,[tp 1.92261]
145989681,169808584,2026-03-25 16:30:59,SELL,OUT,0.02,0.5508,1.29,0.0,-0.02,AUDCHF.p,[tp 0.55080]
146003675,169828962,2026-03-25 16:39:54,BUY,OUT,0.02,184.17,0.67,0.0,-0.02,EURJPY.p,[tp 184.170]
146010850,169838223,2026-03-25 16:44:16,SELL,OUT,0.02,1.2800099999999999,0.87,0.0,-0.02,USDSGD.p,[tp 1.28001]
146011808,169839476,2026-03-25 16:45:00,BUY,IN,0.02,1.92313,0.0,0.0,-0.02,GBPAUD.p,/// THERANTO V3 ///
146011842,169839538,2026-03-25 16:45:00,BUY,IN,0.02,1.7134200000000002,0.0,0.0,-0.02,GBPSGD.p,/// THERANTO V3 ///
146020726,169855594,2026-03-25 16:50:25,SELL,OUT,0.02,1.92414,1.4,0.0,-0.02,GBPAUD.p,[tp 1.92414]
146029500,169869339,2026-03-25 16:55:33,BUY,OUT,0.02,0.58089,1.04,0.0,-0.02,NZDUSD.p,[tp 0.58089]
146036761,169878582,2026-03-25 17:00:00,BUY,IN,0.02,1.6656,0.0,0.0,-0.02,EURAUD.p,/// THERANTO V3 ///
146036764,169878585,2026-03-25 17:00:00,BUY,IN,0.02,201.072,0.0,0.0,-0.02,CHFJPY.p,/// THERANTO V3 ///
146036823,169878729,2026-03-25 17:00:00,SELL,IN,0.02,0.54999,0.0,0.0,-0.02,AUDCHF.p,/// THERANTO V3 ///
146058129,169908985,2026-03-25 17:15:00,SELL,IN,0.02,1.9218,0.0,0.0,-0.02,GBPAUD.p,/// THERANTO V3 ///
146058137,169908994,2026-03-25 17:15:00,BUY,IN,0.02,1.59605,0.0,0.0,-0.02,EURCAD.p,/// THERANTO V3 ///
146058159,169909022,2026-03-25 17:15:00,BUY,IN,0.02,1.15763,0.0,0.0,-0.02,EURUSD.p,/// THERANTO V3 ///
146059719,169910927,2026-03-25 17:16:03,SELL,OUT,0.02,201.13,0.73,0.0,-0.02,CHFJPY.p,[tp 201.130]
146059786,169911007,2026-03-25 17:16:04,BUY,IN,0.02,201.14,0.0,0.0,-0.02,CHFJPY.p,/// THERANTO V3 ///
146062352,169917974,2026-03-25 17:19:11,SELL,OUT,0.02,0.96004,0.78,0.0,-0.02,AUDCAD.p,[tp 0.96004]
146062394,169918051,2026-03-25 17:19:12,BUY,IN,0.02,0.96007,0.0,0.0,-0.02,AUDCAD.p,/// THERANTO V3 ///
146062878,169919541,2026-03-25 17:19:45,SELL,OUT,0.02,0.86608,1.3599999999999999,0.0,-0.02,EURGBP.p,[tp 0.86608]
146063549,169920899,2026-03-25 17:20:27,SELL,OUT,0.02,110.782,0.67,0.0,-0.02,AUDJPY.p,[tp 110.782]
146063551,169920904,2026-03-25 17:20:27,BUY,IN,0.02,110.787,0.0,0.0,-0.02,AUDJPY.p,/// THERANTO V3 ///
146069041,169928454,2026-03-25 17:25:05,BUY,OUT,0.02,1.92122,0.81,0.0,-0.02,GBPAUD.p,[tp 1.92122]
146069787,169929321,2026-03-25 17:25:16,SELL,OUT,0.02,1.5967799999999999,1.06,0.0,-0.02,EURCAD.p,[tp 1.59678]
146070222,169930089,2026-03-25 17:25:26,SELL,OUT,0.02,1.15817,1.08,0.0,-0.02,EURUSD.p,[tp 1.15817]
146075157,169939823,2026-03-25 17:29:30,SELL,OUT,0.02,201.222,1.03,0.0,-0.02,CHFJPY.p,[tp 201.222]
146076260,169941483,2026-03-25 17:30:00,SELL,IN,0.02,115.38,0.0,0.0,-0.02,CADJPY.p,/// THERANTO V3 ///
146076282,169941512,2026-03-25 17:30:00,BUY,IN,0.02,1.15816,0.0,0.0,-0.02,EURUSD.p,/// THERANTO V3 ///
146076303,169941559,2026-03-25 17:30:00,BUY,IN,0.02,201.221,0.0,0.0,-0.02,CHFJPY.p,/// THERANTO V3 ///
146076311,169941569,2026-03-25 17:30:00,SELL,IN,0.02,0.5734,0.0,0.0,-0.02,CADCHF.p,/// THERANTO V3 ///
146076314,169941573,2026-03-25 17:30:00,BUY,IN,0.02,1.84425,0.0,0.0,-0.02,GBPCAD.p,/// THERANTO V3 ///
146076331,169941634,2026-03-25 17:30:00,BUY,IN,0.02,1.4822600000000001,0.0,0.0,-0.02,EURSGD.p,/// THERANTO V3 ///
146076350,169941656,2026-03-25 17:30:00,BUY,IN,0.02,1.59717,0.0,0.0,-0.02,EURCAD.p,/// THERANTO V3 ///
146079661,169945751,2026-03-25 17:32:33,SELL,OUT,0.02,0.96061,0.78,0.0,-0.02,AUDCAD.p,[tp 0.96061]
146079675,169945775,2026-03-25 17:32:34,BUY,IN,0.02,0.96065,0.0,0.0,-0.02,AUDCAD.p,/// THERANTO V3 ///
146088609,169957519,2026-03-25 17:41:38,SELL,OUT,0.02,1.8448099999999998,0.81,0.0,-0.02,GBPCAD.p,[tp 1.84481]
146093620,169964551,2026-03-25 17:45:00,BUY,IN,0.02,2.29858,0.0,0.0,-0.02,GBPNZD.p,/// THERANTO V3 ///
146093632,169964568,2026-03-25 17:45:00,BUY,IN,0.02,1.84457,0.0,0.0,-0.02,GBPCAD.p,/// THERANTO V3 ///
146095646,169967323,2026-03-25 17:46:05,SELL,OUT,0.02,1.5977000000000001,0.77,0.0,-0.02,EURCAD.p,[tp 1.59770]
146095783,169967469,2026-03-25 17:46:05,BUY,IN,0.02,1.5977299999999999,0.0,0.0,-0.02,EURCAD.p,/// THERANTO V3 ///
146098518,169973691,2026-03-25 17:48:25,BUY,OUT,0.02,115.307,0.92,0.0,-0.02,CADJPY.p,[tp 115.307]
146098632,169973842,2026-03-25 17:48:26,SELL,IN,0.02,115.304,0.0,0.0,-0.02,CADJPY.p,/// THERANTO V3 ///
146099119,169974546,2026-03-25 17:48:35,BUY,OUT,0.02,0.57289,1.29,0.0,-0.02,CADCHF.p,[tp 0.57289]
146099131,169974576,2026-03-25 17:48:36,SELL,IN,0.02,0.57291,0.0,0.0,-0.02,CADCHF.p,/// THERANTO V3 ///
146105791,169983306,2026-03-25 17:51:05,SELL,OUT,0.02,0.96119,0.78,0.0,-0.02,AUDCAD.p,[tp 0.96119]
146107069,169985693,2026-03-25 17:52:10,SELL,OUT,0.02,1.1587,1.08,0.0,-0.02,EURUSD.p,[tp 1.15870]
146108721,169989449,2026-03-25 17:53:55,SELL,OUT,0.02,2.29954,1.12,0.0,-0.02,GBPNZD.p,[tp 2.29954]
146108960,169989942,2026-03-25 17:54:08,SELL,OUT,0.02,1.84677,3.19,0.0,-0.02,GBPCAD.p,[tp 1.84677]
146115756,170000036,2026-03-25 18:00:00,BUY,IN,0.02,1.92131,0.0,0.0,-0.02,GBPAUD.p,/// THERANTO V3 ///
146115818,170000131,2026-03-25 18:00:00,BUY,IN,0.02,2.29956,0.0,0.0,-0.02,GBPNZD.p,/// THERANTO V3 ///
146115821,170000136,2026-03-25 18:00:00,BUY,IN,0.02,212.887,0.0,0.0,-0.02,GBPJPY.p,/// THERANTO V3 ///
146115835,170000246,2026-03-25 18:00:00,BUY,IN,0.02,1.8464,0.0,0.0,-0.02,GBPCAD.p,/// THERANTO V3 ///
146115891,170000305,2026-03-25 18:00:00,BUY,IN,0.02,1.33849,0.0,0.0,-0.02,GBPUSD.p,/// THERANTO V3 ///
146115897,170000311,2026-03-25 18:00:00,BUY,IN,0.02,1.15861,0.0,0.0,-0.02,EURUSD.p,/// THERANTO V3 ///
146119668,170004959,2026-03-25 18:02:08,SELL,OUT,0.02,110.841,0.68,0.0,-0.02,AUDJPY.p,[tp 110.841]
146121439,170007209,2026-03-25 18:03:36,SELL,OUT,0.02,0.89162,0.81,0.0,-0.02,AUDSGD.p,[tp 0.89162]
146121947,170007786,2026-03-25 18:03:51,SELL,OUT,0.02,1.59857,1.22,0.0,-0.02,EURCAD.p,[tp 1.59857]
146121952,170007791,2026-03-25 18:03:52,BUY,IN,0.02,1.59859,0.0,0.0,-0.02,EURCAD.p,/// THERANTO V3 ///
146127268,170014955,2026-03-25 18:07:05,SELL,OUT,0.02,0.74495,0.81,0.0,-0.02,NZDSGD.p,[tp 0.74495]
146128814,170016884,2026-03-25 18:07:48,SELL,OUT,0.02,1.9218899999999999,0.81,0.0,-0.02,GBPAUD.p,[tp 1.92189]
146134075,170026332,2026-03-25 18:10:50,SELL,OUT,0.02,1.8469600000000002,0.81,0.0,-0.02,GBPCAD.p,[tp 1.84696]
146139611,170034232,2026-03-25 18:15:00,SELL,IN,0.02,0.96022,0.0,0.0,-0.02,AUDCAD.p,/// THERANTO V3 ///
146139633,170034261,2026-03-25 18:15:00,SELL,IN,0.02,110.715,0.0,0.0,-0.02,AUDJPY.p,/// THERANTO V3 ///
146139644,170034274,2026-03-25 18:15:00,BUY,IN,0.02,1.9225400000000001,0.0,0.0,-0.02,GBPAUD.p,/// THERANTO V3 ///
146146995,170043506,2026-03-25 18:17:16,SELL,OUT,0.02,2.30014,0.67,0.0,-0.02,GBPNZD.p,[tp 2.30014]
146173273,170079496,2026-03-25 18:37:41,BUY,OUT,0.02,115.25,0.68,0.0,-0.02,CADJPY.p,[tp 115.250]
146173822,170080232,2026-03-25 18:38:28,BUY,OUT,0.02,110.662,0.67,0.0,-0.02,AUDJPY.p,[tp 110.662]
146189440,170102448,2026-03-25 19:00:00,BUY,IN,0.02,115.381,0.0,0.0,-0.02,CADJPY.p,/// THERANTO V3 ///
146189450,170102465,2026-03-25 19:00:00,BUY,IN,0.02,184.199,0.0,0.0,-0.02,EURJPY.p,/// THERANTO V3 ///
146189478,170102506,2026-03-25 19:00:00,BUY,IN,0.02,2.29993,0.0,0.0,-0.02,GBPNZD.p,/// THERANTO V3 ///
146203605,170122099,2026-03-25 19:15:01,BUY,IN,0.02,1.84573,0.0,0.0,-0.02,GBPCAD.p,/// THERANTO V3 ///
146215555,170138777,2026-03-25 19:25:17,SELL,OUT,0.02,1.84629,0.81,0.0,-0.02,GBPCAD.p,[tp 1.84629]
146215741,170139022,2026-03-25 19:25:26,SELL,OUT,0.02,212.953,0.83,0.0,-0.02,GBPJPY.p,[tp 212.953]
146216304,170139709,2026-03-25 19:25:43,SELL,OUT,0.02,92.654,0.67,0.0,-0.02,NZDJPY.p,[tp 92.654]
146252480,170209220,2026-03-25 20:10:50,SELL,OUT,0.02,184.252,0.67,0.0,-0.02,EURJPY.p,[tp 184.252]
146271696,170244612,2026-03-25 20:35:37,SELL,OUT,0.02,1.33904,1.1,0.0,-0.02,GBPUSD.p,[tp 1.33904]
146273826,170248708,2026-03-25 20:39:08,SELL,OUT,0.02,201.279,0.73,0.0,-0.02,CHFJPY.p,[tp 201.279]
146292532,170275892,2026-03-25 21:00:00,SELL,IN,0.02,1.33844,0.0,0.0,-0.02,GBPUSD.p,/// THERANTO V3 ///
146311032,170305407,2026-03-25 21:15:00,SELL,IN,0.02,213.111,0.0,0.0,-0.02,GBPJPY.p,/// THERANTO V3 ///
146324102,170325936,2026-03-25 21:35:31,BUY,OUT,0.02,1.33789,1.1,0.0,-0.02,GBPUSD.p,[tp 1.33789]
146330479,170335740,2026-03-25 21:45:00,SELL,IN,0.02,184.402,0.0,0.0,-0.02,EURJPY.p,/// THERANTO V3 ///
146330503,170335780,2026-03-25 21:45:00,SELL,IN,0.02,201.353,0.0,0.0,-0.02,CHFJPY.p,/// THERANTO V3 ///
146340334,170350613,2026-03-25 21:55:29,SELL,OUT,0.02,2.3005,0.66,0.0,-0.02,GBPNZD.p,[tp 2.30050]
146342155,170352665,2026-03-25 21:55:51,SELL,OUT,0.02,1.92312,0.81,0.0,-0.02,GBPAUD.p,[tp 1.92312]
146342183,170352697,2026-03-25 21:55:51,BUY,OUT,0.02,213.045,0.83,0.0,-0.02,GBPJPY.p,[tp 213.045]
146342257,170352772,2026-03-25 21:55:52,SELL,IN,0.02,213.023,0.0,0.0,-0.02,GBPJPY.p,/// THERANTO V3 ///
146342319,170352838,2026-03-25 21:55:52,BUY,OUT,0.02,0.95968,0.78,0.0,-0.02,AUDCAD.p,[tp 0.95968]
146342488,170353007,2026-03-25 21:55:53,BUY,OUT,0.02,184.349,0.66,0.0,-0.02,EURJPY.p,[tp 184.349]
146345014,170356952,2026-03-25 21:57:11,SELL,OUT,0.02,115.435,0.68,0.0,-0.02,CADJPY.p,[tp 115.435]
146347721,170360631,2026-03-25 22:00:00,SELL,IN,0.02,184.384,0.0,0.0,-0.02,EURJPY.p,/// THERANTO V3 ///
146347742,170360654,2026-03-25 22:00:00,SELL,IN,0.02,159.437,0.0,0.0,-0.02,USDJPY.p,/// THERANTO V3 ///
146386434,170417216,2026-03-25 22:30:00,BUY,IN,0.02,1.33646,0.0,0.0,-0.02,GBPUSD.p,/// THERANTO V3 ///
146435046,170485162,2026-03-25 23:30:10,BUY,OUT,0.02,184.331,0.66,0.0,-0.02,EURJPY.p,[tp 184.331]
146475004,170544020,2026-03-26 01:11:55,BUY,OUT,0.02,0.91507,1.34,-0.75,-0.02,EURCHF.p,[tp 0.91507]
146475932,170545629,2026-03-26 01:12:48,BUY,OUT,0.02,0.54948,1.29,-0.72,-0.02,AUDCHF.p,[tp 0.54948]
146477054,170548901,2026-03-26 01:15:00,BUY,IN,0.02,2.30289,0.0,0.0,-0.02,GBPNZD.p,/// THERANTO V3 ///
146477058,170548907,2026-03-26 01:15:00,BUY,IN,0.02,1.84578,0.0,0.0,-0.02,GBPCAD.p,/// THERANTO V3 ///
146487112,170563448,2026-03-26 01:30:00,SELL,IN,0.02,1.92337,0.0,0.0,-0.02,GBPAUD.p,/// THERANTO V3 ///
146499887,170580275,2026-03-26 01:44:45,BUY,OUT,0.02,1.92276,0.85,0.0,-0.02,GBPAUD.p,[tp 1.92276]
146557522,170658506,2026-03-26 02:45:58,BUY,OUT,0.02,212.964,0.74,-0.85,-0.02,GBPJPY.p,[tp 212.964]
146564869,170668803,2026-03-26 03:00:00,SELL,IN,0.02,1.92465,0.0,0.0,-0.02,GBPAUD.p,/// THERANTO V3 ///
146571595,170680118,2026-03-26 03:06:15,SELL,OUT,0.02,1.84634,0.81,0.0,-0.02,GBPCAD.p,[tp 1.84634]
146584442,170698598,2026-03-26 03:18:40,BUY,OUT,0.02,1.92408,0.79,0.0,-0.02,GBPAUD.p,[tp 1.92408]
146595801,170717638,2026-03-26 03:39:37,BUY,OUT,0.02,201.295,0.73,0.03,-0.02,CHFJPY.p,[tp 201.295]
146611970,170739812,2026-03-26 03:58:25,SELL,OUT,0.02,1.66612,0.72,-0.6,-0.02,EURAUD.p,[tp 1.66612]
146721170,170927950,2026-03-26 06:14:16,SELL,OUT,0.02,1.48279,0.83,-0.07,-0.02,EURSGD.p,[tp 1.48279]
146851843,171126123,2026-03-26 09:17:12,SELL,OUT,0.02,1.71399,0.89,0.12,-0.02,GBPSGD.p,[tp 1.71399]
147027757,171428637,2026-03-26 11:49:24,BUY,OUT,0.02,0.5724,1.29,-0.48,-0.02,CADCHF.p,[tp 0.57240]
147057543,171474122,2026-03-26 12:10:41,SELL,OUT,0.02,1.59912,0.77,-0.18,-0.02,EURCAD.p,[tp 1.59912]
147474113,172028804,2026-03-26 17:23:43,SELL,OUT,0.02,1.337,1.08,-0.05,-0.02,GBPUSD.p,[tp 1.33700]
147622881,172224936,2026-03-26 18:56:41,SELL,OUT,0.02,1.19607,-1.74,0.09,-0.02,AUDNZD.p,
147622902,172224965,2026-03-26 18:56:42,SELL,OUT,0.02,0.69092,-11.38,0.05,-0.02,AUDUSD.p,
147622925,172224987,2026-03-26 18:56:43,SELL,OUT,0.02,1.9978799999999999,4.11,-0.26,-0.02,EURNZD.p,
147622943,172225004,2026-03-26 18:56:44,SELL,OUT,0.02,1.1540300000000001,-9.16,-0.41,-0.02,EURUSD.p,
147622978,172225042,2026-03-26 18:56:46,SELL,OUT,0.02,2.31075,9.08,0.0,-0.02,GBPNZD.p,
147623012,172225083,2026-03-26 18:56:47,BUY,OUT,0.02,1.38524,-11.8,-0.33,-0.02,USDCAD.p,
147623117,172225202,2026-03-26 18:56:48,BUY,OUT,0.02,0.79354,-12.1,-0.96,-0.02,USDCHF.p,
147623135,172225230,2026-03-26 18:56:49,BUY,OUT,0.02,159.601,-7.84,-0.64,-0.02,USDJPY.p,
147623280,172225375,2026-03-26 18:56:51,BUY,OUT,0.02,159.606,-2.12,-0.64,-0.02,USDJPY.p,
147635356,0,2026-03-26 19:03:46,2,IN,0.0,0.0,-137.03,0.0,0.0,,reset balance to 9999
147641330,172250595,2026-03-26 19:11:11,SELL,IN,1.0,1.7141600000000001,0.0,0.0,-1.0,GBPSGD.p,M15/E25/TP3/Tsto1
147641332,172250599,2026-03-26 19:11:11,SELL,IN,1.0,184.246,0.0,0.0,-1.0,EURJPY.p,M15/E25/TP3/Tsto1
147641340,172250609,2026-03-26 19:11:11,SELL,IN,1.0,184.24,0.0,0.0,-1.0,EURJPY.p,M15/E25/TP3/Tsto1
147641341,172250611,2026-03-26 19:11:11,SELL,IN,1.0,1.93144,0.0,0.0,-1.0,GBPAUD.p,M15/E25/TP3/Tsto1
147641343,172250616,2026-03-26 19:11:12,SELL,IN,1.0,1.9314200000000001,0.0,0.0,-1.0,GBPAUD.p,M15/E25/TP3/Tsto1
147641344,172250620,2026-03-26 19:11:12,SELL,IN,1.0,1.05932,0.0,0.0,-1.0,GBPCHF.p,M15/E25/TP3/Tsto1
147641345,172250625,2026-03-26 19:11:12,BUY,IN,1.0,0.54846,0.0,0.0,-1.0,AUDCHF.p,M15/E25/TP3/Tsto1
147641347,172250630,2026-03-26 19:11:12,BUY,IN,1.0,1.19613,0.0,0.0,-1.0,AUDNZD.p,M15/E25/TP3/Tsto1
147641349,172250632,2026-03-26 19:11:12,SELL,IN,1.0,1.71415,0.0,0.0,-1.0,GBPSGD.p,M15/E25/TP3/Tsto1
147641350,172250637,2026-03-26 19:11:12,SELL,IN,1.0,2.31027,0.0,0.0,-1.0,GBPNZD.p,M15/E25/TP3/Tsto1
147641351,172250640,2026-03-26 19:11:13,SELL,IN,1.0,1.28449,0.0,0.0,-1.0,USDSGD.p,M15/E25/TP3/Tsto1
147641352,172250641,2026-03-26 19:11:13,SELL,IN,1.0,1.5981100000000001,0.0,0.0,-1.0,EURCAD.p,M15/E25/TP3/Tsto1
147641353,172250646,2026-03-26 19:11:13,SELL,IN,1.0,0.91597,0.0,0.0,-1.0,EURCHF.p,M15/E25/TP3/Tsto1
147641354,172250650,2026-03-26 19:11:13,SELL,IN,1.0,213.063,0.0,0.0,-1.0,GBPJPY.p,M15/E25/TP3/Tsto1
147641356,172250654,2026-03-26 19:11:13,SELL,IN,1.0,124.297,0.0,0.0,-1.0,SGDJPY.p,M15/E25/TP3/Tsto1
147641357,172250657,2026-03-26 19:11:14,SELL,IN,2.0,184.239,0.0,0.0,-2.0,EURJPY.p,M15/E25/TP3/Tsto1
147641358,172250658,2026-03-26 19:11:14,SELL,IN,1.0,1.05932,0.0,0.0,-1.0,GBPCHF.p,M15/E25/TP3/Tsto1
147641360,172250661,2026-03-26 19:11:14,BUY,IN,1.0,0.69095,0.0,0.0,-1.0,AUDUSD.p,M15/E25/TP3/Tsto1
147641361,172250663,2026-03-26 19:11:14,BUY,IN,1.0,0.57763,0.0,0.0,-1.0,NZDUSD.p,M15/E25/TP3/Tsto1
147641364,172250670,2026-03-26 19:11:14,BUY,IN,1.0,1.19617,0.0,0.0,-1.0,AUDNZD.p,M15/E25/TP3/Tsto1
147641366,172250673,2026-03-26 19:11:14,SELL,IN,2.0,1.93141,0.0,0.0,-2.0,GBPAUD.p,M15/E25/TP3/Tsto1
147641368,172250677,2026-03-26 19:11:15,SELL,IN,1.0,159.66,0.0,0.0,-1.0,USDJPY.p,M15/E25/TP3/Tsto1
147641369,172250680,2026-03-26 19:11:15,SELL,IN,1.0,0.79377,0.0,0.0,-1.0,USDCHF.p,M15/E25/TP3/Tsto1
147641370,172250683,2026-03-26 19:11:15,BUY,IN,1.0,1.15396,0.0,0.0,-1.0,EURUSD.p,M15/E25/TP3/Tsto1
147641371,172250686,2026-03-26 19:11:15,BUY,IN,1.0,110.317,0.0,0.0,-1.0,AUDJPY.p,M15/E25/TP3/Tsto1
147641372,172250688,2026-03-26 19:11:15,SELL,IN,1.0,1.67014,0.0,0.0,-1.0,EURAUD.p,M15/E25/TP3/Tsto1
147641373,172250690,2026-03-26 19:11:16,SELL,IN,1.0,1.84816,0.0,0.0,-1.0,GBPCAD.p,M15/E25/TP3/Tsto1
147641374,172250693,2026-03-26 19:11:16,BUY,IN,1.0,0.79995,0.0,0.0,-1.0,NZDCAD.p,M15/E25/TP3/Tsto1
147641375,172250694,2026-03-26 19:11:16,BUY,IN,1.0,0.95687,0.0,0.0,-1.0,AUDCAD.p,M15/E25/TP3/Tsto1
147641399,172250711,2026-03-26 19:11:16,BUY,IN,1.0,115.283,0.0,0.0,-1.0,CADJPY.p,M15/E25/TP3/Tsto1
147641400,172250714,2026-03-26 19:11:16,BUY,IN,1.0,0.57759,0.0,0.0,-1.0,NZDUSD.p,M15/E25/TP3/Tsto1
147641405,172250720,2026-03-26 19:11:17,BUY,IN,1.0,0.54844,0.0,0.0,-1.0,AUDCHF.p,M15/E25/TP3/Tsto1
147641411,172250729,2026-03-26 19:11:17,SELL,IN,1.0,1.38513,0.0,0.0,-1.0,USDCAD.p,M15/E25/TP3/Tsto1
147641416,172250739,2026-03-26 19:11:17,BUY,IN,1.0,0.45851,0.0,0.0,-1.0,NZDCHF.p,M15/E25/TP3/Tsto1
147641426,172250749,2026-03-26 19:11:17,BUY,IN,1.0,0.86471,0.0,0.0,-1.0,EURGBP.p,M15/E25/TP3/Tsto1
147641428,172250759,2026-03-26 19:11:17,BUY,IN,1.0,1.48224,0.0,0.0,-1.0,EURSGD.p,M15/E25/TP3/Tsto1
147641430,172250764,2026-03-26 19:11:17,BUY,IN,1.0,0.74192,0.0,0.0,-1.0,NZDSGD.p,M15/E25/TP3/Tsto1
147641431,172250767,2026-03-26 19:11:18,BUY,IN,1.0,0.88746,0.0,0.0,-1.0,AUDSGD.p,M15/E25/TP3/Tsto1
147641432,172250775,2026-03-26 19:11:18,BUY,IN,1.0,92.219,0.0,0.0,-1.0,NZDJPY.p,M15/E25/TP3/Tsto1
147641449,172250793,2026-03-26 19:11:18,SELL,IN,1.0,1.33439,0.0,0.0,-1.0,GBPUSD.p,M15/E25/TP3/Tsto1
147641461,172250807,2026-03-26 19:11:18,BUY,IN,1.0,201.137,0.0,0.0,-1.0,CHFJPY.p,M15/E25/TP3/Tsto1
147644514,172254755,2026-03-26 19:13:46,BUY,OUT,1.0,1.7141,4.67,0.0,-1.0,GBPSGD.p,
147644515,172254756,2026-03-26 19:13:46,BUY,OUT,1.0,184.245,0.63,0.0,-1.0,EURJPY.p,
147644516,172254757,2026-03-26 19:13:46,BUY,OUT,1.0,184.245,-3.13,0.0,-1.0,EURJPY.p,
147644517,172254758,2026-03-26 19:13:46,BUY,OUT,1.0,1.93125,13.13,0.0,-1.0,GBPAUD.p,
147644518,172254759,2026-03-26 19:13:46,BUY,OUT,1.0,1.93125,11.75,0.0,-1.0,GBPAUD.p,
147644519,172254760,2026-03-26 19:13:46,BUY,OUT,1.0,1.05925,8.82,0.0,-1.0,GBPCHF.p,
147644520,172254761,2026-03-26 19:13:46,SELL,OUT,1.0,0.54848,2.52,0.0,-1.0,AUDCHF.p,
147644521,172254762,2026-03-26 19:13:46,SELL,OUT,1.0,1.19628,8.66,0.0,-1.0,AUDNZD.p,
147644522,172254763,2026-03-26 19:13:46,BUY,OUT,1.0,1.7141,3.89,0.0,-1.0,GBPSGD.p,
147644523,172254768,2026-03-26 19:13:47,BUY,OUT,1.0,2.31028,-0.58,0.0,-1.0,GBPNZD.p,
147644524,172254769,2026-03-26 19:13:47,BUY,OUT,1.0,1.28452,-2.34,0.0,-1.0,USDSGD.p,
147644525,172254770,2026-03-26 19:13:47,BUY,OUT,1.0,1.59816,-3.61,0.0,-1.0,EURCAD.p,
147644526,172254771,2026-03-26 19:13:47,BUY,OUT,1.0,0.91601,-5.04,0.0,-1.0,EURCHF.p,
147644527,172254772,2026-03-26 19:13:47,BUY,OUT,1.0,213.063,0.0,0.0,-1.0,GBPJPY.p,
147644528,172254773,2026-03-26 19:13:47,BUY,OUT,1.0,124.302,-3.13,0.0,-1.0,SGDJPY.p,
147644529,172254774,2026-03-26 19:13:47,BUY,OUT,2.0,184.245,-7.52,0.0,-2.0,EURJPY.p,
147644530,172254775,2026-03-26 19:13:47,BUY,OUT,1.0,1.05925,8.82,0.0,-1.0,GBPCHF.p,
147644531,172254776,2026-03-26 19:13:47,SELL,OUT,1.0,0.69097,2.0,0.0,-1.0,AUDUSD.p,
147644532,172254777,2026-03-26 19:13:47,SELL,OUT,1.0,0.5776,-3.0,0.0,-1.0,NZDUSD.p,
147644533,172254778,2026-03-26 19:13:47,SELL,OUT,1.0,1.19628,6.35,0.0,-1.0,AUDNZD.p,
147644534,172254779,2026-03-26 19:13:47,BUY,OUT,2.0,1.9312399999999998,23.49,0.0,-2.0,GBPAUD.p,
147644535,172254780,2026-03-26 19:13:47,BUY,OUT,1.0,159.667,-4.38,0.0,-1.0,USDJPY.p,
147644536,172254781,2026-03-26 19:13:47,BUY,OUT,1.0,0.79382,-6.3,0.0,-1.0,USDCHF.p,
147644537,172254782,2026-03-26 19:13:47,SELL,OUT,1.0,1.15395,-1.0,0.0,-1.0,EURUSD.p,
147644538,172254783,2026-03-26 19:13:47,SELL,OUT,1.0,110.32,1.88,0.0,-1.0,AUDJPY.p,
147644539,172254784,2026-03-26 19:13:47,BUY,OUT,1.0,1.67007,4.84,0.0,-1.0,EURAUD.p,
147644540,172254785,2026-03-26 19:13:47,BUY,OUT,1.0,1.8481,4.33,0.0,-1.0,GBPCAD.p,
147644541,172254786,2026-03-26 19:13:47,SELL,OUT,1.0,0.7999,-3.61,0.0,-1.0,NZDCAD.p,
147644542,172254787,2026-03-26 19:13:47,SELL,OUT,1.0,0.95693,4.33,0.0,-1.0,AUDCAD.p,
147644543,172254788,2026-03-26 19:13:47,SELL,OUT,1.0,115.285,1.25,0.0,-1.0,CADJPY.p,
147644544,172254789,2026-03-26 19:13:47,SELL,OUT,1.0,0.5776,1.0,0.0,-1.0,NZDUSD.p,
147644545,172254790,2026-03-26 19:13:47,SELL,OUT,1.0,0.54848,5.04,0.0,-1.0,AUDCHF.p,
147644547,172254791,2026-03-26 19:13:47,BUY,OUT,1.0,1.38513,0.0,0.0,-1.0,USDCAD.p,
147644548,172254792,2026-03-26 19:13:47,SELL,OUT,1.0,0.45847,-5.04,0.0,-1.0,NZDCHF.p,
147644549,172254793,2026-03-26 19:13:47,SELL,OUT,1.0,0.86476,6.67,0.0,-1.0,EURGBP.p,
147644550,172254794,2026-03-26 19:13:47,SELL,OUT,1.0,1.4822199999999999,-1.56,0.0,-1.0,EURSGD.p,
147644551,172254795,2026-03-26 19:13:47,SELL,OUT,1.0,0.74191,-0.78,0.0,-1.0,NZDSGD.p,
147644552,172254796,2026-03-26 19:13:47,SELL,OUT,1.0,0.88753,5.45,0.0,-1.0,AUDSGD.p,
147644553,172254797,2026-03-26 19:13:47,SELL,OUT,1.0,92.219,0.0,0.0,-1.0,NZDJPY.p,
147644554,172254798,2026-03-26 19:13:47,BUY,OUT,1.0,1.33443,-4.0,0.0,-1.0,GBPUSD.p,
147644555,172254799,2026-03-26 19:13:47,SELL,OUT,1.0,201.138,0.63,0.0,-1.0,CHFJPY.p,
147644646,0,2026-03-26 19:13:59,2,IN,0.0,0.0,10.87,0.0,0.0,,reset balance to 9999
147678474,172296029,2026-03-26 19:25:15,SELL,IN,0.1,1.71387,0.0,0.0,-0.1,GBPSGD.p,M15/E25/TP3/Tsto1
147678487,172296042,2026-03-26 19:25:15,SELL,IN,0.1,184.167,0.0,0.0,-0.1,EURJPY.p,M15/E25/TP3/Tsto1
147678531,172296084,2026-03-26 19:25:15,SELL,IN,0.1,184.167,0.0,0.0,-0.1,EURJPY.p,M15/E25/TP3/Tsto1
147678584,172296121,2026-03-26 19:25:16,SELL,IN,0.1,1.93277,0.0,0.0,-0.1,GBPAUD.p,M15/E25/TP3/Tsto1
147678607,172296150,2026-03-26 19:25:16,SELL,IN,0.1,1.93277,0.0,0.0,-0.1,GBPAUD.p,M15/E25/TP3/Tsto1
147678624,172296171,2026-03-26 19:25:16,SELL,IN,0.1,1.05916,0.0,0.0,-0.1,GBPCHF.p,M15/E25/TP3/Tsto1
147678658,172296207,2026-03-26 19:25:16,BUY,IN,0.1,0.54798,0.0,0.0,-0.1,AUDCHF.p,M15/E25/TP3/Tsto1
147678687,172296238,2026-03-26 19:25:16,BUY,IN,0.1,1.19611,0.0,0.0,-0.1,AUDNZD.p,M15/E25/TP3/Tsto1
147678705,172296259,2026-03-26 19:25:16,SELL,IN,0.1,1.7138900000000001,0.0,0.0,-0.1,GBPSGD.p,M15/E25/TP3/Tsto1
147678722,172296280,2026-03-26 19:25:17,SELL,IN,0.1,2.3117900000000002,0.0,0.0,-0.1,GBPNZD.p,M15/E25/TP3/Tsto1
147678735,172296298,2026-03-26 19:25:17,SELL,IN,0.1,1.28506,0.0,0.0,-0.1,USDSGD.p,M15/E25/TP3/Tsto1
147678811,172296381,2026-03-26 19:25:17,SELL,IN,0.1,1.59749,0.0,0.0,-0.1,EURCAD.p,M15/E25/TP3/Tsto1
147678926,172296470,2026-03-26 19:25:17,SELL,IN,0.1,0.91591,0.0,0.0,-0.1,EURCHF.p,M15/E25/TP3/Tsto1
147678968,172296517,2026-03-26 19:25:17,SELL,IN,0.1,212.95,0.0,0.0,-0.1,GBPJPY.p,M15/E25/TP3/Tsto1
147679025,172296584,2026-03-26 19:25:18,SELL,IN,0.1,124.257,0.0,0.0,-0.1,SGDJPY.p,M15/E25/TP3/Tsto1
147679046,172296618,2026-03-26 19:25:18,SELL,IN,0.2,184.161,0.0,0.0,-0.2,EURJPY.p,M15/E25/TP3/Tsto1
147679059,172296642,2026-03-26 19:25:18,SELL,IN,0.1,1.05911,0.0,0.0,-0.1,GBPCHF.p,M15/E25/TP3/Tsto1
147679076,172296665,2026-03-26 19:25:18,BUY,IN,0.1,0.69002,0.0,0.0,-0.1,AUDUSD.p,M15/E25/TP3/Tsto1
147679093,172296683,2026-03-26 19:25:18,BUY,IN,0.1,0.57688,0.0,0.0,-0.1,NZDUSD.p,M15/E25/TP3/Tsto1
147679147,172296732,2026-03-26 19:25:19,BUY,IN,0.1,1.19614,0.0,0.0,-0.1,AUDNZD.p,M15/E25/TP3/Tsto1
147679187,172296799,2026-03-26 19:25:19,SELL,IN,0.2,1.9327299999999998,0.0,0.0,-0.2,GBPAUD.p,M15/E25/TP3/Tsto1
147679211,172296830,2026-03-26 19:25:19,SELL,IN,0.1,159.689,0.0,0.0,-0.1,USDJPY.p,M15/E25/TP3/Tsto1
147679223,172296853,2026-03-26 19:25:19,SELL,IN,0.1,0.79416,0.0,0.0,-0.1,USDCHF.p,M15/E25/TP3/Tsto1
147679233,172296867,2026-03-26 19:25:19,BUY,IN,0.1,1.15326,0.0,0.0,-0.1,EURUSD.p,M15/E25/TP3/Tsto1
147679247,172296889,2026-03-26 19:25:20,BUY,IN,0.1,110.188,0.0,0.0,-0.1,AUDJPY.p,M15/E25/TP3/Tsto1
147679267,172296915,2026-03-26 19:25:20,SELL,IN,0.1,1.67138,0.0,0.0,-0.1,EURAUD.p,M15/E25/TP3/Tsto1
147679278,172296930,2026-03-26 19:25:20,SELL,IN,0.1,1.8471600000000001,0.0,0.0,-0.1,GBPCAD.p,M15/E25/TP3/Tsto1
147679292,172296948,2026-03-26 19:25:20,BUY,IN,0.1,0.799,0.0,0.0,-0.1,NZDCAD.p,M15/E25/TP3/Tsto1
147679300,172296958,2026-03-26 19:25:20,BUY,IN,0.1,0.95575,0.0,0.0,-0.1,AUDCAD.p,M15/E25/TP3/Tsto1
147679317,172296978,2026-03-26 19:25:21,BUY,IN,0.1,115.29,0.0,0.0,-0.1,CADJPY.p,M15/E25/TP3/Tsto1
147679345,172297004,2026-03-26 19:25:21,BUY,IN,0.1,0.57688,0.0,0.0,-0.1,NZDUSD.p,M15/E25/TP3/Tsto1
147679364,172297026,2026-03-26 19:25:21,BUY,IN,0.1,0.54798,0.0,0.0,-0.1,AUDCHF.p,M15/E25/TP3/Tsto1
147679375,172297041,2026-03-26 19:25:21,SELL,IN,0.1,1.38532,0.0,0.0,-0.1,USDCAD.p,M15/E25/TP3/Tsto1
147679402,172297072,2026-03-26 19:25:21,BUY,IN,0.1,0.45814,0.0,0.0,-0.1,NZDCHF.p,M15/E25/TP3/Tsto1
147679414,172297089,2026-03-26 19:25:22,BUY,IN,0.1,0.86482,0.0,0.0,-0.1,EURGBP.p,M15/E25/TP3/Tsto1
147679424,172297110,2026-03-26 19:25:22,BUY,IN,0.1,1.48208,0.0,0.0,-0.1,EURSGD.p,M15/E25/TP3/Tsto1
147679435,172297125,2026-03-26 19:25:22,BUY,IN,0.1,0.74133,0.0,0.0,-0.1,NZDSGD.p,M15/E25/TP3/Tsto1
147679447,172297143,2026-03-26 19:25:22,BUY,IN,0.1,0.88675,0.0,0.0,-0.1,AUDSGD.p,M15/E25/TP3/Tsto1
147679468,172297168,2026-03-26 19:25:22,BUY,IN,0.1,92.118,0.0,0.0,-0.1,NZDJPY.p,M15/E25/TP3/Tsto1
147679479,172297186,2026-03-26 19:25:23,SELL,IN,0.1,1.33348,0.0,0.0,-0.1,GBPUSD.p,M15/E25/TP3/Tsto1
147679489,172297196,2026-03-26 19:25:23,BUY,IN,0.1,201.088,0.0,0.0,-0.1,CHFJPY.p,M15/E25/TP3/Tsto1
147690148,172311121,2026-03-26 19:30:00,SELL,IN,0.1,2.3123,0.0,0.0,-0.1,GBPNZD.p,M15/E25/TP3/Tsto1
147696357,172318712,2026-03-26 19:31:59,BUY,OUT,0.1,1.38463,4.98,0.0,-0.1,USDCAD.p,
147696360,172318719,2026-03-26 19:31:59,SELL,OUT,0.1,115.341,3.19,0.0,-0.1,CADJPY.p,
147777599,172424094,2026-03-26 20:23:08,SELL,OUT,0.1,1.48244,2.8,0.0,-0.1,EURSGD.p,
147804585,172460781,2026-03-26 20:47:04,BUY,OUT,0.1,1.8458700000000001,9.31,0.0,-0.1,GBPCAD.p,
147810700,172469457,2026-03-26 20:53:41,BUY,OUT,0.1,1.33257,9.1,0.0,-0.1,GBPUSD.p,
147813868,172474336,2026-03-26 20:57:43,SELL,OUT,0.1,0.86532,6.66,0.0,-0.1,EURGBP.p,
147816563,172477850,2026-03-26 21:00:00,BUY,IN,0.1,0.68855,0.0,0.0,-0.1,AUDUSD.p,M15/E25/TP3/Tsto1
147816581,172477878,2026-03-26 21:00:00,SELL,IN,0.1,1.67395,0.0,0.0,-0.1,EURAUD.p,M15/E25/TP3/Tsto1
147816601,172477906,2026-03-26 21:00:01,BUY,IN,0.1,0.95385,0.0,0.0,-0.1,AUDCAD.p,M15/E25/TP3/Tsto1
147816613,172477923,2026-03-26 21:00:01,BUY,IN,0.1,110.005,0.0,0.0,-0.1,AUDJPY.p,M15/E25/TP3/Tsto1
147835618,172504042,2026-03-26 21:15:00,BUY,IN,0.1,1.8458,0.0,0.0,-0.1,GBPCAD.p,M15/E25/TP3/Tsto1
147835623,172504048,2026-03-26 21:15:00,BUY,IN,0.1,1.33257,0.0,0.0,-0.1,GBPUSD.p,M15/E25/TP3/Tsto1
147851214,172526768,2026-03-26 21:30:02,SELL,IN,0.1,159.794,0.0,0.0,-0.1,USDJPY.p,M15/E25/TP3/Tsto1
147862932,172546901,2026-03-26 21:45:01,SELL,IN,0.1,2.00175,0.0,0.0,-0.1,EURNZD.p,M15/E25/TP3/Tsto1
147941081,172659243,2026-03-26 23:11:54,BUY,OUT,0.1,124.088,10.6,0.0,-0.1,SGDJPY.p,
148033076,172773346,2026-03-27 00:13:44,SELL,OUT,0.1,1.33353,9.6,-0.09,-0.1,GBPUSD.p,
148038643,172780787,2026-03-27 01:05:23,SELL,OUT,0.1,1.84767,13.5,0.17,-0.1,GBPCAD.p,
148048264,172794007,2026-03-27 01:15:00,BUY,IN,0.1,1.48338,0.0,0.0,-0.1,EURSGD.p,M15/E25/TP3/Tsto1
148048292,172794093,2026-03-27 01:15:02,BUY,IN,0.1,115.237,0.0,0.0,-0.1,CADJPY.p,M15/E25/TP3/Tsto1
148048329,172794126,2026-03-27 01:15:02,BUY,IN,0.1,124.189,0.0,0.0,-0.1,SGDJPY.p,M15/E25/TP3/Tsto1
148097742,172861462,2026-03-27 02:36:21,SELL,OUT,0.1,115.318,5.07,0.0,-0.1,CADJPY.p,
148148372,172949677,2026-03-27 04:00:01,BUY,IN,0.1,91.862,0.0,0.0,-0.1,NZDJPY.p,M15/E25/TP3/Tsto1
148156374,172961760,2026-03-27 04:08:12,BUY,IN,0.2,109.651,0.0,0.0,-0.2,AUDJPY.p,M15/E25/TP3/Tsto1
148162433,172971236,2026-03-27 04:15:01,BUY,IN,0.1,115.173,0.0,0.0,-0.1,CADJPY.p,M15/E25/TP3/Tsto1
148187807,173010788,2026-03-27 04:57:51,BUY,OUT,0.1,2.0014,2.02,-0.02,-0.1,EURNZD.p,
148187868,173010874,2026-03-27 04:58:02,SELL,IN,0.1,2.00134,0.0,0.0,-0.1,EURNZD.p,M15/E25/TP3/Tsto1
148210901,173046303,2026-03-27 05:34:35,SELL,OUT,0.1,92.06,12.41,0.0,-0.1,NZDJPY.p,
148210904,173046306,2026-03-27 05:34:35,SELL,OUT,0.1,92.06,-3.64,0.05,-0.1,NZDJPY.p,
148210920,173046322,2026-03-27 05:34:37,SELL,OUT,0.1,0.45869,6.92,0.24,-0.1,NZDCHF.p,
148211515,173047143,2026-03-27 05:36:07,SELL,IN,0.1,1.71502,0.0,0.0,-0.1,GBPSGD.p,M15/E25/TP3/Tsto1
148211540,173047174,2026-03-27 05:36:07,SELL,IN,0.1,184.126,0.0,0.0,-0.1,EURJPY.p,M15/E25/TP3/Tsto1
148211543,173047177,2026-03-27 05:36:07,SELL,IN,0.1,184.127,0.0,0.0,-0.1,EURJPY.p,M15/E25/TP3/Tsto1
148211545,173047181,2026-03-27 05:36:08,SELL,IN,0.1,1.9358499999999998,0.0,0.0,-0.1,GBPAUD.p,M15/E25/TP3/Tsto1
148211546,173047184,2026-03-27 05:36:08,SELL,IN,0.1,1.93586,0.0,0.0,-0.1,GBPAUD.p,M15/E25/TP3/Tsto1
148211549,173047190,2026-03-27 05:36:08,SELL,IN,0.1,1.06064,0.0,0.0,-0.1,GBPCHF.p,M15/E25/TP3/Tsto1
148211552,173047192,2026-03-27 05:36:08,BUY,IN,0.1,0.54789,0.0,0.0,-0.1,AUDCHF.p,M15/E25/TP3/Tsto1
148211553,173047195,2026-03-27 05:36:08,BUY,IN,0.1,1.19457,0.0,0.0,-0.1,AUDNZD.p,M15/E25/TP3/Tsto1
148211554,173047198,2026-03-27 05:36:08,SELL,IN,0.1,1.71502,0.0,0.0,-0.1,GBPSGD.p,M15/E25/TP3/Tsto1
148211557,173047202,2026-03-27 05:36:09,SELL,IN,0.1,2.31252,0.0,0.0,-0.1,GBPNZD.p,M15/E25/TP3/Tsto1
148211563,173047208,2026-03-27 05:36:09,SELL,IN,0.1,1.28536,0.0,0.0,-0.1,USDSGD.p,M15/E25/TP3/Tsto1
148211564,173047209,2026-03-27 05:36:09,SELL,IN,0.1,1.5983100000000001,0.0,0.0,-0.1,EURCAD.p,M15/E25/TP3/Tsto1
148211567,173047213,2026-03-27 05:36:09,SELL,IN,0.1,0.91734,0.0,0.0,-0.1,EURCHF.p,M15/E25/TP3/Tsto1
148211574,173047219,2026-03-27 05:36:09,SELL,IN,0.1,212.878,0.0,0.0,-0.1,GBPJPY.p,M15/E25/TP3/Tsto1
148211581,173047228,2026-03-27 05:36:10,SELL,IN,0.2,184.128,0.0,0.0,-0.2,EURJPY.p,M15/E25/TP3/Tsto1
148211583,173047230,2026-03-27 05:36:10,SELL,IN,0.1,1.06064,0.0,0.0,-0.1,GBPCHF.p,M15/E25/TP3/Tsto1
148211586,173047234,2026-03-27 05:36:10,BUY,IN,0.1,0.68923,0.0,0.0,-0.1,AUDUSD.p,M15/E25/TP3/Tsto1
148211587,173047235,2026-03-27 05:36:10,BUY,IN,0.1,0.57698,0.0,0.0,-0.1,NZDUSD.p,M15/E25/TP3/Tsto1
148211589,173047237,2026-03-27 05:36:10,BUY,IN,0.1,1.19457,0.0,0.0,-0.1,AUDNZD.p,M15/E25/TP3/Tsto1
148211590,173047238,2026-03-27 05:36:11,SELL,IN,0.2,1.9359199999999999,0.0,0.0,-0.2,GBPAUD.p,M15/E25/TP3/Tsto1
148211592,173047240,2026-03-27 05:36:11,SELL,IN,0.1,159.55,0.0,0.0,-0.1,USDJPY.p,M15/E25/TP3/Tsto1
148211593,173047241,2026-03-27 05:36:11,SELL,IN,0.1,0.79489,0.0,0.0,-0.1,USDCHF.p,M15/E25/TP3/Tsto1
148211594,173047242,2026-03-27 05:36:11,BUY,IN,0.1,1.15407,0.0,0.0,-0.1,EURUSD.p,M15/E25/TP3/Tsto1
148211595,173047244,2026-03-27 05:36:12,BUY,IN,0.1,109.97,0.0,0.0,-0.1,AUDJPY.p,M15/E25/TP3/Tsto1
148211596,173047245,2026-03-27 05:36:12,SELL,IN,0.1,1.67443,0.0,0.0,-0.1,EURAUD.p,M15/E25/TP3/Tsto1
148211597,173047246,2026-03-27 05:36:12,BUY,IN,0.1,0.79911,0.0,0.0,-0.1,NZDCAD.p,M15/E25/TP3/Tsto1
148211598,173047247,2026-03-27 05:36:12,BUY,IN,0.1,0.95458,0.0,0.0,-0.1,AUDCAD.p,M15/E25/TP3/Tsto1
148211601,173047251,2026-03-27 05:36:12,BUY,IN,0.1,0.57698,0.0,0.0,-0.1,NZDUSD.p,M15/E25/TP3/Tsto1
148211602,173047254,2026-03-27 05:36:13,BUY,IN,0.1,0.54787,0.0,0.0,-0.1,AUDCHF.p,M15/E25/TP3/Tsto1
148211603,173047256,2026-03-27 05:36:13,BUY,IN,0.1,0.74166,0.0,0.0,-0.1,NZDSGD.p,M15/E25/TP3/Tsto1
148211604,173047259,2026-03-27 05:36:13,BUY,IN,0.1,0.88591,0.0,0.0,-0.1,AUDSGD.p,M15/E25/TP3/Tsto1
148211605,173047260,2026-03-27 05:36:13,BUY,IN,0.1,200.724,0.0,0.0,-0.1,CHFJPY.p,M15/E25/TP3/Tsto1
148211606,173047261,2026-03-27 05:36:13,SELL,IN,0.1,2.31252,0.0,0.0,-0.1,GBPNZD.p,M15/E25/TP3/Tsto1
148211607,173047262,2026-03-27 05:36:14,BUY,IN,0.1,0.68924,0.0,0.0,-0.1,AUDUSD.p,M15/E25/TP3/Tsto1
148211608,173047263,2026-03-27 05:36:14,SELL,IN,0.1,1.67443,0.0,0.0,-0.1,EURAUD.p,M15/E25/TP3/Tsto1
148211609,173047265,2026-03-27 05:36:14,BUY,IN,0.1,0.95459,0.0,0.0,-0.1,AUDCAD.p,M15/E25/TP3/Tsto1
148211610,173047266,2026-03-27 05:36:14,BUY,IN,0.1,109.971,0.0,0.0,-0.1,AUDJPY.p,M15/E25/TP3/Tsto1
148211611,173047269,2026-03-27 05:36:14,SELL,IN,0.1,159.552,0.0,0.0,-0.1,USDJPY.p,M15/E25/TP3/Tsto1
148211612,173047270,2026-03-27 05:36:14,BUY,IN,0.1,1.4834,0.0,0.0,-0.1,EURSGD.p,M15/E25/TP3/Tsto1
148211613,173047271,2026-03-27 05:36:15,BUY,IN,0.1,124.131,0.0,0.0,-0.1,SGDJPY.p,M15/E25/TP3/Tsto1
148211614,173047272,2026-03-27 05:36:15,BUY,IN,0.2,109.971,0.0,0.0,-0.2,AUDJPY.p,M15/E25/TP3/Tsto1
148211615,173047273,2026-03-27 05:36:15,BUY,IN,0.1,115.204,0.0,0.0,-0.1,CADJPY.p,M15/E25/TP3/Tsto1
148211616,173047274,2026-03-27 05:36:15,SELL,IN,0.1,2.00015,0.0,0.0,-0.1,EURNZD.p,M15/E25/TP3/Tsto1
148223989,173066667,2026-03-27 06:00:02,SELL,IN,0.1,92.035,0.0,0.0,-0.1,NZDJPY.p,M15/E25/TP3/Tsto1
148225632,173068937,2026-03-27 06:03:25,BUY,OUT,0.1,1.99981,1.96,0.0,-0.1,EURNZD.p,
148232849,173078989,2026-03-27 06:13:26,SELL,OUT,0.2,110.004,4.14,0.0,-0.2,AUDJPY.p,
148232869,173079138,2026-03-27 06:13:38,SELL,OUT,0.1,110.005,2.13,0.0,-0.1,AUDJPY.p,
148232870,173079141,2026-03-27 06:13:39,SELL,OUT,0.1,110.005,2.19,0.0,-0.1,AUDJPY.p,
148239794,173089663,2026-03-27 06:30:00,BUY,IN,0.1,1.99913,0.0,0.0,-0.1,EURNZD.p,M15/E25/TP3/Tsto1
148242421,173094100,2026-03-27 06:35:15,SELL,OUT,0.1,115.211,0.44,0.0,-0.1,CADJPY.p,
148253852,173110615,2026-03-27 06:59:57,SELL,OUT,0.1,0.95676,15.66,0.0,-0.1,AUDCAD.p,
148253857,173110620,2026-03-27 06:59:57,SELL,OUT,0.1,0.95675,15.66,0.0,-0.1,AUDCAD.p,
148253980,173110969,2026-03-27 07:00:10,SELL,IN,0.1,0.91792,0.0,0.0,-0.1,EURCHF.p,M15/E25/TP3/Tsto1
148258683,173118136,2026-03-27 07:15:00,SELL,IN,0.1,0.95657,0.0,0.0,-0.1,AUDCAD.p,M15/E25/TP3/Tsto1
148258692,173118148,2026-03-27 07:15:01,SELL,IN,0.1,110.196,0.0,0.0,-0.1,AUDJPY.p,M15/E25/TP3/Tsto1
148268826,173132738,2026-03-27 07:47:09,SELL,OUT,0.1,1.9995500000000002,2.42,0.0,-0.1,EURNZD.p,
148284339,173154800,2026-03-27 08:20:15,SELL,OUT,0.1,124.222,5.7,0.0,-0.1,SGDJPY.p,
148288825,173162116,2026-03-27 08:30:00,BUY,IN,0.1,1.99909,0.0,0.0,-0.1,EURNZD.p,M15/E25/TP3/Tsto1
148307340,173187965,2026-03-27 08:46:00,SELL,OUT,0.1,1.48368,2.18,0.0,-0.1,EURSGD.p,
148313066,173196633,2026-03-27 08:55:40,BUY,OUT,0.1,0.95622,2.5300000000000002,0.0,-0.1,AUDCAD.p,
148313286,173197263,2026-03-27 08:56:09,BUY,OUT,0.1,110.161,2.19,0.0,-0.1,AUDJPY.p,
148313386,173197538,2026-03-27 08:56:23,SELL,IN,0.1,110.147,0.0,0.0,-0.1,AUDJPY.p,M15/E25/TP3/Tsto1
148315726,173202074,2026-03-27 09:00:00,SELL,IN,0.1,0.95568,0.0,0.0,-0.1,AUDCAD.p,M15/E25/TP3/Tsto1
148371295,173298060,2026-03-27 10:14:33,BUY,OUT,0.1,0.9549,5.63,0.0,-0.1,AUDCAD.p,
148371336,173298114,2026-03-27 10:14:44,SELL,IN,0.1,0.9549,0.0,0.0,-0.1,AUDCAD.p,M15/E25/TP3/Tsto1
148384870,173316972,2026-03-27 10:42:36,BUY,OUT,0.1,110.11,2.31,0.0,-0.1,AUDJPY.p,
148386111,173318965,2026-03-27 10:45:00,SELL,IN,0.1,110.14,0.0,0.0,-0.1,AUDJPY.p,M15/E25/TP3/Tsto1
148397486,173334181,2026-03-27 11:00:00,SELL,IN,0.1,115.479,0.0,0.0,-0.1,CADJPY.p,M15/E25/TP3/Tsto1
148415093,173357935,2026-03-27 11:21:41,BUY,OUT,0.1,1.71298,15.86,0.0,-0.1,GBPSGD.p,
148415097,173357943,2026-03-27 11:21:41,BUY,OUT,0.1,1.59552,20.14,0.0,-0.1,EURCAD.p,
148415101,173357947,2026-03-27 11:21:41,BUY,OUT,0.1,1.2865199999999999,-9.02,0.0,-0.1,USDSGD.p,
148415105,173357952,2026-03-27 11:21:41,BUY,OUT,0.1,2.3095499999999998,17.12,0.0,-0.1,GBPNZD.p,
148415109,173357956,2026-03-27 11:21:42,BUY,OUT,0.1,1.71299,15.78,0.0,-0.1,GBPSGD.p,
148415113,173357961,2026-03-27 11:21:42,SELL,OUT,0.1,1.19526,3.98,0.0,-0.1,AUDNZD.p,
148415119,173357968,2026-03-27 11:21:42,SELL,OUT,0.1,0.54878,11.18,0.0,-0.1,AUDCHF.p,
148415124,173357975,2026-03-27 11:21:42,BUY,OUT,0.1,1.06038,3.26,0.0,-0.1,GBPCHF.p,
148415132,173357983,2026-03-27 11:21:43,BUY,OUT,0.1,1.93229,24.6,0.0,-0.1,GBPAUD.p,
148415139,173357991,2026-03-27 11:21:43,BUY,OUT,0.1,1.93229,24.53,0.0,-0.1,GBPAUD.p,
148415144,173357996,2026-03-27 11:21:43,BUY,OUT,0.1,184.227,-6.25,0.0,-0.1,EURJPY.p,
148415150,173358002,2026-03-27 11:21:43,BUY,OUT,0.1,184.227,-6.32,0.0,-0.1,EURJPY.p,
148415155,173358007,2026-03-27 11:21:43,BUY,OUT,0.1,115.464,0.94,0.0,-0.1,CADJPY.p,
148415161,173358013,2026-03-27 11:21:44,BUY,OUT,0.1,110.203,-3.94,0.0,-0.1,AUDJPY.p,
148415166,173358018,2026-03-27 11:21:44,BUY,OUT,0.1,0.95443,3.39,0.0,-0.1,AUDCAD.p,
148415174,173358026,2026-03-27 11:21:44,SELL,OUT,0.1,1.99804,-6.05,0.0,-0.1,EURNZD.p,
148415180,173358032,2026-03-27 11:21:44,BUY,OUT,0.1,0.91739,6.65,0.0,-0.1,EURCHF.p,
148415186,173358042,2026-03-27 11:21:45,BUY,OUT,0.1,92.203,-10.5,0.0,-0.1,NZDJPY.p,
148415192,173358051,2026-03-27 11:21:45,BUY,OUT,0.1,159.933,-23.82,0.0,-0.1,USDJPY.p,
148415195,173358054,2026-03-27 11:21:45,BUY,OUT,0.1,1.67171,18.74,0.0,-0.1,EURAUD.p,
148415199,173358058,2026-03-27 11:21:45,SELL,OUT,0.1,0.68907,-1.7,0.0,-0.1,AUDUSD.p,
148415203,173358062,2026-03-27 11:21:46,BUY,OUT,0.1,2.3096,16.83,0.0,-0.1,GBPNZD.p,
148415208,173358068,2026-03-27 11:21:46,SELL,OUT,0.1,200.814,5.63,0.0,-0.1,CHFJPY.p,
148415211,173358076,2026-03-27 11:21:46,SELL,OUT,0.1,0.88645,4.2,0.0,-0.1,AUDSGD.p,
148415216,173358081,2026-03-27 11:21:46,SELL,OUT,0.1,0.74166,0.0,0.0,-0.1,NZDSGD.p,
148415219,173358085,2026-03-27 11:21:47,SELL,OUT,0.1,0.54876,11.18,0.0,-0.1,AUDCHF.p,
148415223,173358090,2026-03-27 11:21:47,SELL,OUT,0.1,0.57651,-4.7,0.0,-0.1,NZDUSD.p,
148415227,173358095,2026-03-27 11:21:47,SELL,OUT,0.1,0.79853,-4.19,0.0,-0.1,NZDCAD.p,
148415230,173358099,2026-03-27 11:21:47,BUY,OUT,0.1,1.67169,18.88,0.0,-0.1,EURAUD.p,
148415234,173358104,2026-03-27 11:21:48,SELL,OUT,0.1,1.1519300000000001,-21.4,0.0,-0.1,EURUSD.p,
148415237,173358107,2026-03-27 11:21:48,BUY,OUT,0.1,0.79639,-18.83,0.0,-0.1,USDCHF.p,
148415240,173358111,2026-03-27 11:21:48,BUY,OUT,0.1,159.932,-23.89,0.0,-0.1,USDJPY.p,
148415243,173358115,2026-03-27 11:21:48,BUY,OUT,0.2,1.9322599999999999,50.44,0.0,-0.2,GBPAUD.p,
148415247,173358119,2026-03-27 11:21:49,SELL,OUT,0.1,1.19523,3.81,0.0,-0.1,AUDNZD.p,
148415249,173358121,2026-03-27 11:21:49,SELL,OUT,0.1,0.57651,-4.7,0.0,-0.1,NZDUSD.p,
148415251,173358123,2026-03-27 11:21:49,SELL,OUT,0.1,0.68907,-1.6,0.0,-0.1,AUDUSD.p,
148415255,173358127,2026-03-27 11:21:49,BUY,OUT,0.1,1.06036,3.52,0.0,-0.1,GBPCHF.p,
148415259,173358131,2026-03-27 11:21:50,BUY,OUT,0.2,184.228,-12.51,0.0,-0.2,EURJPY.p,
148415262,173358135,2026-03-27 11:21:50,BUY,OUT,0.1,212.949,-4.44,0.0,-0.1,GBPJPY.p,
148415265,173358138,2026-03-27 11:21:50,BUY,OUT,0.1,0.91741,-0.88,0.0,-0.1,EURCHF.p,
148424158,173369966,2026-03-27 11:30:00,BUY,IN,0.1,1.84473,0.0,0.0,-0.1,GBPCAD.p,E25/TP5/Tsto1
148424163,173369973,2026-03-27 11:30:00,BUY,IN,0.1,1.15223,0.0,0.0,-0.1,EURUSD.p,E25/TP5/Tsto1
148424167,173369977,2026-03-27 11:30:00,BUY,IN,0.1,0.95456,0.0,0.0,-0.1,AUDCAD.p,E25/TP5/Tsto1
148424175,173369986,2026-03-27 11:30:01,BUY,IN,0.1,1.33198,0.0,0.0,-0.1,GBPUSD.p,E25/TP5/Tsto1
148424177,173369989,2026-03-27 11:30:01,BUY,IN,0.1,1.59579,0.0,0.0,-0.1,EURCAD.p,E25/TP5/Tsto1
148437035,173388881,2026-03-27 11:45:00,SELL,IN,0.1,159.829,0.0,0.0,-0.1,USDJPY.p,E25/TP5/Tsto1
148437061,173388968,2026-03-27 11:45:01,BUY,IN,0.1,1.06054,0.0,0.0,-0.1,GBPCHF.p,E25/TP5/Tsto1
148437064,173388973,2026-03-27 11:45:01,SELL,IN,0.1,200.682,0.0,0.0,-0.1,CHFJPY.p,E25/TP5/Tsto1
148448335,173404319,2026-03-27 12:00:00,BUY,IN,0.1,2.30837,0.0,0.0,-0.1,GBPNZD.p,E25/TP5/Tsto1
148448351,173404355,2026-03-27 12:00:00,SELL,IN,0.1,92.182,0.0,0.0,-0.1,NZDJPY.p,E25/TP5/Tsto1
148448360,173404369,2026-03-27 12:00:00,BUY,IN,0.1,1.99744,0.0,0.0,-0.1,EURNZD.p,E25/TP5/Tsto1
148464154,173426518,2026-03-27 12:15:00,BUY,IN,0.1,212.836,0.0,0.0,-0.1,GBPJPY.p,E25/TP5/Tsto1
148464161,173426574,2026-03-27 12:15:00,BUY,IN,0.1,1.93121,0.0,0.0,-0.1,GBPAUD.p,E25/TP5/Tsto1
148464188,173426598,2026-03-27 12:15:01,BUY,IN,0.1,1.6712099999999999,0.0,0.0,-0.1,EURAUD.p,E25/TP5/Tsto1
148487614,173461441,2026-03-27 12:54:59,SELL,IN,0.1,110.207,0.0,0.0,-0.1,AUDJPY.p,E25/TP5/Tsto1
148489954,173467614,2026-03-27 13:00:00,BUY,IN,0.1,1.71238,0.0,0.0,-0.1,GBPSGD.p,E25/TP5/Tsto1
148498534,173484308,2026-03-27 13:12:13,BUY,OUT,0.1,110.258,-3.19,0.0,-0.1,AUDJPY.p,
148501148,173490205,2026-03-27 13:16:42,SELL,3,0.1,1.71387,11.58,-1.52,0.0,GBPSGD.p,#173467614 by #172296029
148501149,173490205,2026-03-27 13:16:42,BUY,3,0.1,1.71238,0.0,0.0,0.0,GBPSGD.p,#173467614 by #172296029
148501150,173490206,2026-03-27 13:16:42,SELL,3,0.1,1.93277,10.76,-0.25,0.0,GBPAUD.p,#173426574 by #172296121
148501151,173490206,2026-03-27 13:16:42,BUY,3,0.1,1.93121,0.0,0.0,0.0,GBPAUD.p,#173426574 by #172296121
148501152,173490207,2026-03-27 13:16:42,SELL,3,0.1,1.05916,-17.3,-2.45,0.0,GBPCHF.p,#173388968 by #172296171
148501153,173490207,2026-03-27 13:16:42,BUY,3,0.1,1.06054,0.0,0.0,0.0,GBPCHF.p,#173388968 by #172296171
148501154,173490208,2026-03-27 13:16:42,SELL,3,0.1,2.3117900000000002,19.73,-0.86,0.0,GBPNZD.p,#173404319 by #172296280
148501155,173490208,2026-03-27 13:16:42,BUY,3,0.1,2.30837,0.0,0.0,0.0,GBPNZD.p,#173404319 by #172296280
148501156,173490209,2026-03-27 13:16:42,SELL,3,0.1,1.59749,12.27,-0.18,0.0,EURCAD.p,#173369989 by #172296381
148501157,173490209,2026-03-27 13:16:42,BUY,3,0.1,1.59579,0.0,0.0,0.0,EURCAD.p,#173369989 by #172296381
148501158,173490210,2026-03-27 13:16:42,SELL,3,0.1,212.95,7.13,-1.42,0.0,GBPJPY.p,#173426518 by #172296517
148501159,173490210,2026-03-27 13:16:42,BUY,3,0.1,212.836,0.0,0.0,0.0,GBPJPY.p,#173426518 by #172296517
148501160,173490211,2026-03-27 13:16:42,SELL,3,0.1,1.67138,1.17,0.42,0.0,EURAUD.p,#173426598 by #172296915
148501161,173490211,2026-03-27 13:16:42,BUY,3,0.1,1.6712099999999999,0.0,0.0,0.0,EURAUD.p,#173426598 by #172296915
148501162,173490212,2026-03-27 13:16:42,SELL,3,0.1,200.682,-25.4,-0.48,0.0,CHFJPY.p,#172297196 by #173388973
148501163,173490212,2026-03-27 13:16:42,BUY,3,0.1,201.088,0.0,0.0,0.0,CHFJPY.p,#172297196 by #173388973
148501164,173490213,2026-03-27 13:16:42,SELL,3,0.1,2.00134,22.5,0.0,0.0,EURNZD.p,#173404369 by #173010874
148501165,173490213,2026-03-27 13:16:42,BUY,3,0.1,1.99744,0.0,0.0,0.0,EURNZD.p,#173404369 by #173010874
148501166,173490215,2026-03-27 13:16:43,BUY,OUT,0.1,184.144,1.44,-0.59,-0.1,EURJPY.p,
148501167,173490216,2026-03-27 13:16:43,BUY,OUT,0.1,184.144,1.44,-0.59,-0.1,EURJPY.p,
148501168,173490217,2026-03-27 13:16:43,BUY,OUT,0.1,1.9298199999999999,20.34,-0.25,-0.1,GBPAUD.p,
148501169,173490218,2026-03-27 13:16:43,SELL,OUT,0.1,0.54991,24.2,0.57,-0.1,AUDCHF.p,
148501170,173490219,2026-03-27 13:16:43,SELL,OUT,0.1,1.19517,-5.42,0.14,-0.1,AUDNZD.p,
148501171,173490220,2026-03-27 13:16:43,BUY,OUT,0.1,1.71227,12.59,-1.52,-0.1,GBPSGD.p,
148501172,173490221,2026-03-27 13:16:43,BUY,OUT,0.1,1.2867600000000001,-13.21,-1.1400000000000001,-0.1,USDSGD.p,
148501173,173490222,2026-03-27 13:16:43,BUY,OUT,0.1,0.91867,-34.61,-1.25,-0.1,EURCHF.p,
148501174,173490223,2026-03-27 13:16:43,BUY,OUT,0.2,184.144,2.13,-1.18,-0.2,EURJPY.p,
148501175,173490224,2026-03-27 13:16:43,BUY,OUT,0.1,1.06123,-26.58,-2.45,-0.1,GBPCHF.p,
148501176,173490225,2026-03-27 13:16:43,SELL,OUT,0.1,0.68954,-4.8,0.08,-0.1,AUDUSD.p,
148501177,173490226,2026-03-27 13:16:43,SELL,OUT,0.1,0.57695,0.7,-0.28,-0.1,NZDUSD.p,
148501178,173490227,2026-03-27 13:16:43,SELL,OUT,0.1,1.19517,-5.6,0.14,-0.1,AUDNZD.p,
148501179,173490228,2026-03-27 13:16:43,BUY,OUT,0.2,1.9298199999999999,40.13,-0.51,-0.2,GBPAUD.p,
148501180,173490229,2026-03-27 13:16:43,BUY,OUT,0.1,159.861,-10.76,-1.07,-0.1,USDJPY.p,
148501181,173490230,2026-03-27 13:16:43,BUY,OUT,0.1,0.79752,-42.13,-1.6,-0.1,USDCHF.p,
148501182,173490231,2026-03-27 13:16:43,SELL,OUT,0.1,1.1519,-13.6,-0.69,-0.1,EURUSD.p,
148501183,173490232,2026-03-27 13:16:43,SELL,OUT,0.1,110.224,2.25,0.16,-0.1,AUDJPY.p,
148501184,173490233,2026-03-27 13:16:43,SELL,OUT,0.1,0.799,0.0,-0.06,-0.1,NZDCAD.p,
148501185,173490234,2026-03-27 13:16:43,SELL,OUT,0.1,0.95492,-5.99,0.23,-0.1,AUDCAD.p,
148501186,173490235,2026-03-27 13:16:43,SELL,OUT,0.1,0.57695,0.7,-0.28,-0.1,NZDUSD.p,
148501187,173490236,2026-03-27 13:16:43,SELL,OUT,0.1,0.54991,24.2,0.57,-0.1,AUDCHF.p,
148501188,173490237,2026-03-27 13:16:43,SELL,OUT,0.1,0.74235,7.93,0.01,-0.1,NZDSGD.p,
148501189,173490238,2026-03-27 13:16:43,SELL,OUT,0.1,0.88723,3.73,0.13,-0.1,AUDSGD.p,
148501190,173490239,2026-03-27 13:16:43,BUY,OUT,0.1,2.30646,33.69,-0.86,-0.1,GBPNZD.p,
148501191,173490240,2026-03-27 13:16:43,SELL,OUT,0.1,0.68954,9.9,0.08,-0.1,AUDUSD.p,
148501192,173490241,2026-03-27 13:16:43,BUY,OUT,0.1,1.67055,23.44,0.42,-0.1,EURAUD.p,
148501193,173490242,2026-03-27 13:16:43,SELL,OUT,0.1,0.95492,7.73,0.23,-0.1,AUDCAD.p,
148501194,173490243,2026-03-27 13:16:43,SELL,OUT,0.1,110.224,13.7,0.16,-0.1,AUDJPY.p,
148501195,173490244,2026-03-27 13:16:43,BUY,OUT,0.1,159.861,-4.19,-1.07,-0.1,USDJPY.p,
148501196,173490245,2026-03-27 13:16:43,SELL,OUT,0.1,1.48218,-9.33,0.0,-0.1,EURSGD.p,
148501197,173490246,2026-03-27 13:16:43,SELL,OUT,0.1,124.232,2.69,0.0,-0.1,SGDJPY.p,
148501198,173490247,2026-03-27 13:16:43,SELL,OUT,0.2,110.224,71.69,0.0,-0.2,AUDJPY.p,
148501199,173490248,2026-03-27 13:16:43,SELL,OUT,0.1,115.429,16.01,0.0,-0.1,CADJPY.p,
148501200,173490249,2026-03-27 13:16:43,SELL,OUT,0.1,1.8428200000000001,-13.79,0.0,-0.1,GBPCAD.p,
148501201,173490250,2026-03-27 13:16:43,SELL,OUT,0.1,1.1519,-3.3,0.0,-0.1,EURUSD.p,
148501202,173490251,2026-03-27 13:16:43,SELL,OUT,0.1,0.95492,2.6,0.0,-0.1,AUDCAD.p,
148501203,173490252,2026-03-27 13:16:43,SELL,OUT,0.1,1.33067,-13.1,0.0,-0.1,GBPUSD.p,
148501204,173490253,2026-03-27 13:16:43,BUY,OUT,0.1,159.861,-2.0,0.0,-0.1,USDJPY.p,
148501205,173490254,2026-03-27 13:16:43,BUY,OUT,0.1,92.232,-3.13,0.0,-0.1,NZDJPY.p,
148505325,173503722,2026-03-27 13:24:15,BUY,IN,0.1,1.84325,0.0,0.0,-0.1,GBPCAD.p,E25/TP5/Tsto1
148505347,173503748,2026-03-27 13:24:15,BUY,IN,0.1,1.15204,0.0,0.0,-0.1,EURUSD.p,E25/TP5/Tsto1
148505356,173503762,2026-03-27 13:24:16,BUY,IN,0.1,0.95512,0.0,0.0,-0.1,AUDCAD.p,E25/TP5/Tsto1
148505359,173503769,2026-03-27 13:24:16,BUY,IN,0.1,1.33099,0.0,0.0,-0.1,GBPUSD.p,E25/TP5/Tsto1
148505363,173503774,2026-03-27 13:24:16,BUY,IN,0.1,1.59544,0.0,0.0,-0.1,EURCAD.p,E25/TP5/Tsto1
148505364,173503777,2026-03-27 13:24:16,SELL,IN,0.1,159.856,0.0,0.0,-0.1,USDJPY.p,E25/TP5/Tsto1
148505366,173503782,2026-03-27 13:24:16,BUY,IN,0.1,1.06115,0.0,0.0,-0.1,GBPCHF.p,E25/TP5/Tsto1
148505373,173503794,2026-03-27 13:24:17,SELL,IN,0.1,200.505,0.0,0.0,-0.1,CHFJPY.p,E25/TP5/Tsto1
148505383,173503810,2026-03-27 13:24:17,BUY,IN,0.1,2.30656,0.0,0.0,-0.1,GBPNZD.p,E25/TP5/Tsto1
148505386,173503822,2026-03-27 13:24:17,SELL,IN,0.1,92.24,0.0,0.0,-0.1,NZDJPY.p,E25/TP5/Tsto1
148505388,173503828,2026-03-27 13:24:17,BUY,IN,0.1,1.99648,0.0,0.0,-0.1,EURNZD.p,E25/TP5/Tsto1
148505389,173503829,2026-03-27 13:24:17,BUY,IN,0.1,212.767,0.0,0.0,-0.1,GBPJPY.p,E25/TP5/Tsto1
148505391,173503837,2026-03-27 13:24:18,BUY,IN,0.1,1.92994,0.0,0.0,-0.1,GBPAUD.p,E25/TP5/Tsto1
148505392,173503839,2026-03-27 13:24:18,BUY,IN,0.1,1.67048,0.0,0.0,-0.1,EURAUD.p,E25/TP5/Tsto1
148505394,173503844,2026-03-27 13:24:18,BUY,IN,0.1,1.71245,0.0,0.0,-0.1,GBPSGD.p,E25/TP5/Tsto1
148506160,173506183,2026-03-27 13:26:01,SELL,OUT,0.1,1.84341,1.16,0.0,-0.1,GBPCAD.p,
148506161,173506184,2026-03-27 13:26:01,SELL,OUT,0.1,1.15215,1.1,0.0,-0.1,EURUSD.p,
148506162,173506185,2026-03-27 13:26:01,SELL,OUT,0.1,0.955,-0.87,0.0,-0.1,AUDCAD.p,
148506163,173506186,2026-03-27 13:26:01,SELL,OUT,0.1,1.33103,0.4,0.0,-0.1,GBPUSD.p,
148506164,173506187,2026-03-27 13:26:01,SELL,OUT,0.1,1.5956700000000001,1.6600000000000001,0.0,-0.1,EURCAD.p,
148506165,173506188,2026-03-27 13:26:01,BUY,OUT,0.1,159.853,0.19,0.0,-0.1,USDJPY.p,
148506166,173506189,2026-03-27 13:26:01,SELL,OUT,0.1,1.0613,1.88,0.0,-0.1,GBPCHF.p,
148506167,173506190,2026-03-27 13:26:01,BUY,OUT,0.1,200.482,1.44,0.0,-0.1,CHFJPY.p,
148506168,173506191,2026-03-27 13:26:01,SELL,OUT,0.1,2.30683,1.56,0.0,-0.1,GBPNZD.p,
148506170,173506201,2026-03-27 13:26:01,BUY,OUT,0.1,92.229,0.69,0.0,-0.1,NZDJPY.p,
148506171,173506202,2026-03-27 13:26:01,SELL,OUT,0.1,1.99689,2.37,0.0,-0.1,EURNZD.p,
148506172,173506203,2026-03-27 13:26:01,SELL,OUT,0.1,212.76,-0.44,0.0,-0.1,GBPJPY.p,
148506173,173506204,2026-03-27 13:26:01,SELL,OUT,0.1,1.93024,2.07,0.0,-0.1,GBPAUD.p,
148506174,173506205,2026-03-27 13:26:01,SELL,OUT,0.1,1.67092,3.03,0.0,-0.1,EURAUD.p,
148506175,173506206,2026-03-27 13:26:01,SELL,OUT,0.1,1.71245,0.0,0.0,-0.1,GBPSGD.p,
148508122,0,2026-03-27 13:27:09,2,IN,0.0,0.0,-394.1,0.0,0.0,,reset balance to 9999
148510126,173514016,2026-03-27 13:31:34,BUY,IN,1.0,1.84378,0.0,0.0,-1.0,GBPCAD.p,
148510325,173514473,2026-03-27 13:32:24,BUY,IN,1.0,1.84392,0.0,0.0,-1.0,GBPCAD.p,
153652803,182445831,2026-04-02 08:54:51,SELL,OUT,1.0,1.83956,-303.26,11.78,-1.0,GBPCAD.p,
153652806,182445844,2026-04-02 08:54:52,SELL,OUT,1.0,1.83956,-313.32,11.78,-1.0,GBPCAD.p,
153655689,182449580,2026-04-02 08:56:54,SELL,IN,0.09,2.02039,0.0,0.0,-0.09,EURNZD.p,
153655694,182449585,2026-04-02 08:56:54,SELL,IN,0.09,1.20395,0.0,0.0,-0.09,AUDNZD.p,
153656025,182449974,2026-04-02 08:57:04,BUY,OUT,0.09,1.2039900000000001,-0.21,0.0,-0.09,AUDNZD.p,
153656040,182449996,2026-04-02 08:57:05,BUY,OUT,0.09,2.02043,-0.21,0.0,-0.09,EURNZD.p,
153656947,182451617,2026-04-02 08:58:08,SELL,IN,0.09,2.02079,0.0,0.0,-0.09,EURNZD.p,
153656952,182451625,2026-04-02 08:58:08,SELL,IN,0.09,1.20395,0.0,0.0,-0.09,AUDNZD.p,
153656955,182451631,2026-04-02 08:58:08,BUY,IN,0.09,1.28796,0.0,0.0,-0.09,USDSGD.p,
153656957,182451636,2026-04-02 08:58:09,SELL,IN,0.09,1.15263,0.0,0.0,-0.09,EURUSD.p,
153656959,182451641,2026-04-02 08:58:09,SELL,IN,0.09,1.4843,0.0,0.0,-0.09,EURSGD.p,
153656962,182451646,2026-04-02 08:58:09,SELL,IN,0.09,183.724,0.0,0.0,-0.09,EURJPY.p,
153656964,182451650,2026-04-02 08:58:09,BUY,IN,0.09,1.05655,0.0,0.0,-0.09,GBPCHF.p,
153656965,182451653,2026-04-02 08:58:09,SELL,IN,0.09,210.662,0.0,0.0,-0.09,GBPJPY.p,
153656968,182451659,2026-04-02 08:58:10,SELL,IN,0.09,123.769,0.0,0.0,-0.09,SGDJPY.p,
153656970,182451663,2026-04-02 08:58:10,SELL,IN,0.09,210.661,0.0,0.0,-0.09,GBPJPY.p,
153656972,182451665,2026-04-02 08:58:10,SELL,IN,0.09,2.31701,0.0,0.0,-0.09,GBPNZD.p,
153656973,182451668,2026-04-02 08:58:10,SELL,IN,0.09,0.57442,0.0,0.0,-0.09,CADCHF.p,
153656975,182451673,2026-04-02 08:58:10,SELL,IN,0.09,2.3171,0.0,0.0,-0.09,GBPNZD.p,
153656978,182451678,2026-04-02 08:58:10,BUY,IN,0.09,0.79383,0.0,0.0,-0.09,NZDCAD.p,
153657013,182451710,2026-04-02 08:58:11,BUY,IN,0.09,0.73456,0.0,0.0,-0.09,NZDSGD.p,
153657030,182451730,2026-04-02 08:58:11,BUY,IN,0.09,90.918,0.0,0.0,-0.09,NZDJPY.p,
153657040,182451743,2026-04-02 08:58:11,SELL,IN,0.09,114.542,0.0,0.0,-0.09,CADJPY.p,
153657043,182451750,2026-04-02 08:58:11,BUY,IN,0.09,1.60413,0.0,0.0,-0.09,EURCAD.p,
153657049,182451760,2026-04-02 08:58:11,SELL,IN,0.09,159.419,0.0,0.0,-0.09,USDJPY.p,
153657061,182451774,2026-04-02 08:58:12,SELL,IN,0.09,1.67839,0.0,0.0,-0.09,EURAUD.p,
153657067,182451785,2026-04-02 08:58:12,BUY,IN,0.09,0.88442,0.0,0.0,-0.09,AUDSGD.p,
153657071,182451799,2026-04-02 08:58:12,SELL,IN,0.09,1.9245,0.0,0.0,-0.09,GBPAUD.p,
153657072,182451803,2026-04-02 08:58:12,BUY,IN,0.09,0.68677,0.0,0.0,-0.09,AUDUSD.p,
153657073,182451807,2026-04-02 08:58:12,BUY,IN,0.09,0.95576,0.0,0.0,-0.09,AUDCAD.p,
153657074,182451811,2026-04-02 08:58:12,BUY,IN,0.09,109.466,0.0,0.0,-0.09,AUDJPY.p,
153657076,182451814,2026-04-02 08:58:13,BUY,IN,0.09,1.83941,0.0,0.0,-0.09,GBPCAD.p,
153657078,182451819,2026-04-02 08:58:13,SELL,IN,0.09,0.79938,0.0,0.0,-0.09,USDCHF.p,
153657080,182451822,2026-04-02 08:58:13,BUY,IN,0.09,1.70213,0.0,0.0,-0.09,GBPSGD.p,
153657081,182451826,2026-04-02 08:58:13,SELL,IN,0.18,2.31703,0.0,0.0,-0.18,GBPNZD.p,
153657082,182451828,2026-04-02 08:58:13,BUY,IN,0.09,199.399,0.0,0.0,-0.09,CHFJPY.p,
153657671,182452794,2026-04-02 08:58:48,BUY,OUT,0.09,2.02083,-0.21,0.0,-0.09,EURNZD.p,
153657672,182452795,2026-04-02 08:58:48,BUY,OUT,0.09,1.20394,0.05,0.0,-0.09,AUDNZD.p,
153657673,182452796,2026-04-02 08:58:48,SELL,OUT,0.09,1.2878,-1.12,0.0,-0.09,USDSGD.p,
153657674,182452797,2026-04-02 08:58:48,BUY,OUT,0.09,1.15268,-0.45,0.0,-0.09,EURUSD.p,
153657675,182452798,2026-04-02 08:58:48,BUY,OUT,0.09,1.48448,-1.26,0.0,-0.09,EURSGD.p,
153657676,182452799,2026-04-02 08:58:48,BUY,OUT,0.09,183.734,-0.56,0.0,-0.09,EURJPY.p,
153657677,182452800,2026-04-02 08:58:48,SELL,OUT,0.09,1.05652,-0.34,0.0,-0.09,GBPCHF.p,
153657678,182452801,2026-04-02 08:58:48,BUY,OUT,0.09,210.672,-0.56,0.0,-0.09,GBPJPY.p,
153657679,182452802,2026-04-02 08:58:48,BUY,OUT,0.09,123.784,-0.85,0.0,-0.09,SGDJPY.p,
153657681,182452807,2026-04-02 08:58:49,BUY,OUT,0.09,210.672,-0.62,0.0,-0.09,GBPJPY.p,
153657682,182452808,2026-04-02 08:58:49,BUY,OUT,0.09,2.31705,-0.21,0.0,-0.09,GBPNZD.p,
153657683,182452809,2026-04-02 08:58:49,BUY,OUT,0.09,0.57445,-0.34,0.0,-0.09,CADCHF.p,
153657684,182452810,2026-04-02 08:58:49,BUY,OUT,0.09,2.31705,0.26,0.0,-0.09,GBPNZD.p,
153657685,182452811,2026-04-02 08:58:49,SELL,OUT,0.09,0.79376,-0.45,0.0,-0.09,NZDCAD.p,
153657686,182452812,2026-04-02 08:58:49,SELL,OUT,0.09,0.73452,-0.28,0.0,-0.09,NZDSGD.p,
153657687,182452813,2026-04-02 08:58:49,SELL,OUT,0.09,90.918,0.0,0.0,-0.09,NZDJPY.p,
153657688,182452814,2026-04-02 08:58:49,BUY,OUT,0.09,114.553,-0.62,0.0,-0.09,CADJPY.p,
153657689,182452815,2026-04-02 08:58:49,SELL,OUT,0.09,1.60409,-0.26,0.0,-0.09,EURCAD.p,
153657690,182452817,2026-04-02 08:58:49,BUY,OUT,0.09,159.426,-0.4,0.0,-0.09,USDJPY.p,
153657691,182452818,2026-04-02 08:58:49,BUY,OUT,0.09,1.67848,-0.56,0.0,-0.09,EURAUD.p,
153657692,182452819,2026-04-02 08:58:49,SELL,OUT,0.09,0.88435,-0.49,0.0,-0.09,AUDSGD.p,
153657693,182452820,2026-04-02 08:58:49,BUY,OUT,0.09,1.92454,-0.25,0.0,-0.09,GBPAUD.p,
153657694,182452821,2026-04-02 08:58:49,SELL,OUT,0.09,0.68674,-0.27,0.0,-0.09,AUDUSD.p,
153657695,182452822,2026-04-02 08:58:49,SELL,OUT,0.09,0.95566,-0.65,0.0,-0.09,AUDCAD.p,
153657696,182452823,2026-04-02 08:58:49,SELL,OUT,0.09,109.462,-0.23,0.0,-0.09,AUDJPY.p,
153657697,182452824,2026-04-02 08:58:49,SELL,OUT,0.09,1.83918,-1.49,0.0,-0.09,GBPCAD.p,
153657698,182452825,2026-04-02 08:58:49,BUY,OUT,0.09,0.79942,-0.45,0.0,-0.09,USDCHF.p,
153657699,182452826,2026-04-02 08:58:49,SELL,OUT,0.09,1.70193,-1.4,0.0,-0.09,GBPSGD.p,
153657700,182452827,2026-04-02 08:58:49,BUY,OUT,0.18,2.31705,-0.21,0.0,-0.18,GBPNZD.p,
153657701,182452828,2026-04-02 08:58:49,SELL,OUT,0.09,199.394,-0.28,0.0,-0.09,CHFJPY.p,
153658250,0,2026-04-02 08:59:27,2,IN,0.0,0.0,3118.88,0.0,0.0,,reset balance to 12500
153658450,182453837,2026-04-02 08:59:36,SELL,IN,0.13,2.02086,0.0,0.0,-0.13,EURNZD.p,
153658451,182453839,2026-04-02 08:59:37,SELL,IN,0.12,1.20397,0.0,0.0,-0.12,AUDNZD.p,
153658461,182453854,2026-04-02 08:59:37,BUY,IN,0.12,1.2879800000000001,0.0,0.0,-0.12,USDSGD.p,
153658506,182453915,2026-04-02 08:59:39,SELL,IN,0.12,1.15256,0.0,0.0,-0.12,EURUSD.p,
153658508,182453918,2026-04-02 08:59:39,SELL,IN,0.12,1.48437,0.0,0.0,-0.12,EURSGD.p,
153658509,182453920,2026-04-02 08:59:39,SELL,IN,0.12,183.732,0.0,0.0,-0.12,EURJPY.p,
153658510,182453921,2026-04-02 08:59:40,BUY,IN,0.12,1.05659,0.0,0.0,-0.12,GBPCHF.p,
153658514,182453925,2026-04-02 08:59:40,SELL,IN,0.12,210.663,0.0,0.0,-0.12,GBPJPY.p,
153658515,182453926,2026-04-02 08:59:40,SELL,IN,0.12,123.779,0.0,0.0,-0.12,SGDJPY.p,
153658516,182453927,2026-04-02 08:59:40,SELL,IN,0.12,210.664,0.0,0.0,-0.12,GBPJPY.p,
153658518,182453929,2026-04-02 08:59:40,SELL,IN,0.12,2.31709,0.0,0.0,-0.12,GBPNZD.p,
153658519,182453932,2026-04-02 08:59:41,SELL,IN,0.12,0.57451,0.0,0.0,-0.12,CADCHF.p,
153658520,182453933,2026-04-02 08:59:41,SELL,IN,0.12,2.31709,0.0,0.0,-0.12,GBPNZD.p,
153658521,182453934,2026-04-02 08:59:41,BUY,IN,0.12,0.79373,0.0,0.0,-0.12,NZDCAD.p,
153658522,182453935,2026-04-02 08:59:41,BUY,IN,0.12,0.73453,0.0,0.0,-0.12,NZDSGD.p,
153658527,182453940,2026-04-02 08:59:41,BUY,IN,0.12,90.92,0.0,0.0,-0.12,NZDJPY.p,
153658529,182453943,2026-04-02 08:59:41,SELL,IN,0.12,114.559,0.0,0.0,-0.12,CADJPY.p,
153658533,182453949,2026-04-02 08:59:42,BUY,IN,0.12,1.60395,0.0,0.0,-0.12,EURCAD.p,
153658535,182453952,2026-04-02 08:59:42,SELL,IN,0.12,159.434,0.0,0.0,-0.12,USDJPY.p,
153658537,182453956,2026-04-02 08:59:42,SELL,IN,0.12,1.67849,0.0,0.0,-0.12,EURAUD.p,
153658538,182453957,2026-04-02 08:59:42,BUY,IN,0.12,0.88436,0.0,0.0,-0.12,AUDSGD.p,
153658539,182453958,2026-04-02 08:59:42,SELL,IN,0.12,1.92455,0.0,0.0,-0.12,GBPAUD.p,
153658541,182453960,2026-04-02 08:59:43,BUY,IN,0.12,0.68669,0.0,0.0,-0.12,AUDUSD.p,
153658542,182453961,2026-04-02 08:59:43,BUY,IN,0.12,0.9556,0.0,0.0,-0.12,AUDCAD.p,
153658544,182453965,2026-04-02 08:59:43,BUY,IN,0.12,109.464,0.0,0.0,-0.12,AUDJPY.p,
153658545,182453966,2026-04-02 08:59:43,BUY,IN,0.12,1.83913,0.0,0.0,-0.12,GBPCAD.p,
153658547,182453968,2026-04-02 08:59:43,SELL,IN,0.12,0.79949,0.0,0.0,-0.12,USDCHF.p,
153658548,182453969,2026-04-02 08:59:43,BUY,IN,0.12,1.70202,0.0,0.0,-0.12,GBPSGD.p,
153658549,182453970,2026-04-02 08:59:44,SELL,IN,0.24,2.3171,0.0,0.0,-0.24,GBPNZD.p,
153658552,182453973,2026-04-02 08:59:44,BUY,IN,0.12,199.391,0.0,0.0,-0.12,CHFJPY.p,
153678648,182480862,2026-04-02 09:11:32,BUY,OUT,0.12,210.477,14.01,0.0,-0.12,GBPJPY.p,[tp 210.477]
153678649,182480863,2026-04-02 09:11:32,BUY,OUT,0.12,210.477,14.08,0.0,-0.12,GBPJPY.p,[tp 210.477]
153681384,182484448,2026-04-02 09:13:29,BUY,OUT,0.12,1.4835,8.11,0.0,-0.12,EURSGD.p,[tp 1.48350]
153683268,182486843,2026-04-02 09:15:00,BUY,IN,0.13,1.60257,0.0,0.0,-0.13,EURCAD.p,
153683288,182486862,2026-04-02 09:15:00,BUY,IN,0.13,90.849,0.0,0.0,-0.13,NZDJPY.p,
153698926,182511677,2026-04-02 09:30:00,BUY,IN,0.13,1.32064,0.0,0.0,-0.13,GBPUSD.p,
153698969,182511723,2026-04-02 09:30:00,BUY,IN,0.13,0.57052,0.0,0.0,-0.13,NZDUSD.p,
153711605,182529573,2026-04-02 09:45:00,BUY,IN,0.13,210.487,0.0,0.0,-0.13,GBPJPY.p,
153711614,182529584,2026-04-02 09:45:00,BUY,IN,0.13,1.48382,0.0,0.0,-0.13,EURSGD.p,
153727727,182553104,2026-04-02 10:00:53,BUY,OUT,0.12,1.9230399999999999,12.46,0.0,-0.12,GBPAUD.p,[tp 1.92304]
153732683,182560107,2026-04-02 10:07:49,BUY,OUT,0.12,1.67698,12.46,0.0,-0.12,EURAUD.p,[tp 1.67698]
153732802,182560245,2026-04-02 10:07:59,SELL,IN,0.13,1.67698,0.0,0.0,-0.13,EURAUD.p,
153748635,182580343,2026-04-02 10:25:21,SELL,OUT,0.12,109.803,25.49,0.0,-0.12,AUDJPY.p,[tp 109.803]
153748685,182580429,2026-04-02 10:25:31,BUY,IN,0.13,109.798,0.0,0.0,-0.13,AUDJPY.p,
153750609,182583300,2026-04-02 10:30:00,SELL,IN,0.13,114.83,0.0,0.0,-0.13,CADJPY.p,
153761400,182596311,2026-04-02 10:41:11,BUY,OUT,0.12,2.31168,37.08,0.0,-0.12,GBPNZD.p,[tp 2.31168]
153761402,182596312,2026-04-02 10:41:11,BUY,OUT,0.12,2.31168,37.08,0.0,-0.12,GBPNZD.p,[tp 2.31168]
153774171,182613847,2026-04-02 10:56:51,SELL,OUT,0.12,0.95764,17.59,0.0,-0.12,AUDCAD.p,[tp 0.95764]
153774217,182613928,2026-04-02 10:57:00,BUY,IN,0.13,0.95765,0.0,0.0,-0.13,AUDCAD.p,
153775543,182615656,2026-04-02 11:00:00,BUY,IN,0.13,1.9197899999999999,0.0,0.0,-0.13,GBPAUD.p,
153830228,182683239,2026-04-02 12:15:01,SELL,IN,0.13,1.3919000000000001,0.0,0.0,-0.13,USDCAD.p,
153853968,182712944,2026-04-02 12:51:15,BUY,OUT,0.24,2.31006,96.56,0.0,-0.24,GBPNZD.p,[tp 2.31006]
153871340,182736215,2026-04-02 13:15:00,BUY,IN,0.13,2.31139,0.0,0.0,-0.13,GBPNZD.p,
153944637,182834579,2026-04-02 14:53:27,SELL,OUT,0.12,199.578,14.05,0.0,-0.12,CHFJPY.p,[tp 199.578]
153944746,182834739,2026-04-02 14:53:36,BUY,IN,0.13,199.606,0.0,0.0,-0.13,CHFJPY.p,
153944777,182834784,2026-04-02 14:53:38,SELL,OUT,0.13,210.748,21.24,0.0,-0.13,GBPJPY.p,[tp 210.748]
153955396,182848386,2026-04-02 15:04:01,SELL,OUT,0.12,91.107,14.05,0.0,-0.12,NZDJPY.p,[tp 91.107]
153955398,182848387,2026-04-02 15:04:01,SELL,OUT,0.13,91.107,21.01,0.0,-0.13,NZDJPY.p,[tp 91.107]
153956710,182849992,2026-04-02 15:05:04,BUY,IN,0.13,91.12,0.0,0.0,-0.13,NZDJPY.p,
153959816,182853725,2026-04-02 15:08:34,SELL,OUT,0.13,1.32119,7.15,0.0,-0.13,GBPUSD.p,[tp 1.32119]
153959937,182853863,2026-04-02 15:08:42,BUY,IN,0.13,1.32128,0.0,0.0,-0.13,GBPUSD.p,
153971058,182867377,2026-04-02 15:19:31,BUY,OUT,0.13,1.67645,4.74,0.0,-0.13,EURAUD.p,[tp 1.67645]
153977455,182875312,2026-04-02 15:24:40,SELL,OUT,0.13,0.57106,7.02,0.0,-0.13,NZDUSD.p,[tp 0.57106]
153978302,182876344,2026-04-02 15:25:43,BUY,IN,0.13,0.57091,0.0,0.0,-0.13,NZDUSD.p,
153985887,182886158,2026-04-02 15:37:10,SELL,OUT,0.13,109.856,4.72,0.0,-0.13,AUDJPY.p,[tp 109.856]
153991148,182893010,2026-04-02 15:45:00,SELL,IN,0.13,210.795,0.0,0.0,-0.13,GBPJPY.p,
154007147,182911980,2026-04-02 15:58:08,SELL,OUT,0.13,1.92041,5.55,0.0,-0.13,GBPAUD.p,[tp 1.92041]
154010324,182916616,2026-04-02 16:00:00,BUY,IN,0.13,1.92022,0.0,0.0,-0.13,GBPAUD.p,
154027566,182939079,2026-04-02 16:06:35,SELL,OUT,0.13,0.95823,5.42,0.0,-0.13,AUDCAD.p,[tp 0.95823]
154028796,182940884,2026-04-02 16:07:38,SELL,IN,0.13,0.95794,0.0,0.0,-0.13,AUDCAD.p,
154039129,182955445,2026-04-02 16:15:00,BUY,IN,0.13,1.67537,0.0,0.0,-0.13,EURAUD.p,
154039153,182955521,2026-04-02 16:15:00,SELL,IN,0.13,109.783,0.0,0.0,-0.13,AUDJPY.p,
154092495,183027293,2026-04-02 16:47:42,SELL,OUT,0.12,1.05782,18.44,0.0,-0.12,GBPCHF.p,[tp 1.05782]
154101093,183037575,2026-04-02 16:51:27,SELL,OUT,0.12,0.88642,19.21,0.0,-0.12,AUDSGD.p,[tp 0.88642]
154104220,183041307,2026-04-02 16:53:30,SELL,OUT,0.12,0.68937,32.16,0.0,-0.12,AUDUSD.p,[tp 0.68937]
154138967,183087720,2026-04-02 17:15:00,SELL,IN,0.13,0.55121,0.0,0.0,-0.13,AUDCHF.p,
154138979,183087842,2026-04-02 17:15:00,SELL,IN,0.13,0.88662,0.0,0.0,-0.13,AUDSGD.p,
154138996,183087857,2026-04-02 17:15:00,SELL,IN,0.13,1.05641,0.0,0.0,-0.13,GBPCHF.p,
154148623,183100509,2026-04-02 17:22:06,BUY,OUT,0.12,114.529,2.26,0.0,-0.12,CADJPY.p,[tp 114.529]
154148627,183100514,2026-04-02 17:22:06,BUY,OUT,0.13,114.528,24.62,0.0,-0.13,CADJPY.p,[tp 114.528]
154148676,183100580,2026-04-02 17:22:15,BUY,IN,0.13,114.523,0.0,0.0,-0.13,CADJPY.p,
154159845,183114467,2026-04-02 17:30:00,SELL,IN,0.13,0.68917,0.0,0.0,-0.13,AUDUSD.p,
154169830,183127550,2026-04-02 17:35:57,SELL,OUT,0.12,1.6061100000000001,18.62,0.0,-0.12,EURCAD.p,[tp 1.60611]
154169832,183127552,2026-04-02 17:35:57,SELL,OUT,0.13,1.6061100000000001,33.06,0.0,-0.13,EURCAD.p,[tp 1.60611]
154172429,183130255,2026-04-02 17:36:15,BUY,OUT,0.13,1.39137,4.95,0.0,-0.13,USDCAD.p,[tp 1.39137]
154174449,183132527,2026-04-02 17:36:35,SELL,OUT,0.12,1.84196,24.41,0.0,-0.12,GBPCAD.p,[tp 1.84196]
154174956,183133185,2026-04-02 17:36:44,SELL,OUT,0.13,1.4851,12.95,0.0,-0.13,EURSGD.p,[tp 1.48510]
154193015,183157564,2026-04-02 17:45:00,SELL,IN,0.13,1.3914900000000001,0.0,0.0,-0.13,USDCAD.p,
154193032,183157594,2026-04-02 17:45:00,BUY,IN,0.13,1.48392,0.0,0.0,-0.13,EURSGD.p,
154193060,183157616,2026-04-02 17:45:00,SELL,IN,0.13,1.20581,0.0,0.0,-0.13,AUDNZD.p,
154193075,183157633,2026-04-02 17:45:01,BUY,IN,0.13,1.28467,0.0,0.0,-0.13,USDSGD.p,
154208924,183180580,2026-04-02 17:57:04,SELL,OUT,0.13,2.31197,4.32,0.0,-0.13,GBPNZD.p,[tp 2.31197]
154212739,183185577,2026-04-02 18:00:00,BUY,IN,0.13,2.31207,0.0,0.0,-0.13,GBPNZD.p,
154233778,183214583,2026-04-02 18:15:00,SELL,IN,0.13,1.84367,0.0,0.0,-0.13,GBPCAD.p,
154251908,183240085,2026-04-02 18:30:00,SELL,IN,0.13,1.6072199999999999,0.0,0.0,-0.13,EURCAD.p,
154334493,183354057,2026-04-02 20:02:43,SELL,OUT,0.13,199.714,8.8,0.0,-0.13,CHFJPY.p,[tp 199.714]
154362048,183392571,2026-04-02 20:45:01,SELL,IN,0.13,199.768,0.0,0.0,-0.13,CHFJPY.p,
154372292,183406923,2026-04-02 21:00:30,SELL,OUT,0.13,1.32271,18.59,0.0,-0.13,GBPUSD.p,[tp 1.32271]
154373580,183408683,2026-04-02 21:03:05,SELL,OUT,0.13,91.292,14.01,0.0,-0.13,NZDJPY.p,[tp 91.292]
154374040,183409285,2026-04-02 21:04:08,SELL,IN,0.13,91.295,0.0,0.0,-0.13,NZDJPY.p,
154375306,183410813,2026-04-02 21:05:29,SELL,OUT,0.13,0.57227,17.68,0.0,-0.13,NZDUSD.p,[tp 0.57227]
154394401,183439957,2026-04-02 21:45:00,BUY,IN,0.13,0.57188,0.0,0.0,-0.13,NZDUSD.p,
154455965,183538295,2026-04-03 00:01:00,SELL,OUT,0.13,2.31394,13.89,0.01,-0.13,GBPNZD.p,[tp 2.31394]
154457442,183539842,2026-04-03 01:15:00,BUY,IN,0.13,0.92192,0.0,0.0,-0.13,EURCHF.p,
154458040,183540528,2026-04-03 01:30:04,BUY,OUT,0.13,199.685,6.76,0.06,-0.13,CHFJPY.p,[tp 199.685]
154462793,183545426,2026-04-03 03:12:39,BUY,OUT,0.13,1.84131,22.04,-1.44,-0.13,GBPCAD.p,[tp 1.84131]
154463168,183545809,2026-04-03 03:22:46,SELL,OUT,0.13,114.595,5.87,0.12,-0.13,CADJPY.p,[tp 114.595]
154464399,183547071,2026-04-03 03:55:00,BUY,OUT,0.13,1.6061299999999998,10.18,-0.26,-0.13,EURCAD.p,[tp 1.60613]
154466562,183549278,2026-04-03 04:40:31,BUY,OUT,0.13,91.185,8.96,-0.55,-0.13,NZDJPY.p,[tp 91.185]
154467814,183550584,2026-04-03 05:15:00,SELL,IN,0.13,2.31549,0.0,0.0,-0.13,GBPNZD.p,
154486179,183569448,2026-04-03 11:15:00,SELL,IN,0.13,2.02291,0.0,0.0,-0.13,EURNZD.p,
154487125,183570432,2026-04-03 11:30:00,SELL,IN,0.13,2.3197200000000002,0.0,0.0,-0.13,GBPNZD.p,
154498797,183582236,2026-04-03 14:25:49,BUY,OUT,0.13,2.31702,-11.36,0.0,-0.13,GBPNZD.p,[tp 2.31702]
154498799,183582237,2026-04-03 14:25:49,BUY,OUT,0.13,2.31702,20.05,0.0,-0.13,GBPNZD.p,[tp 2.31702]
154500223,183583693,2026-04-03 14:45:00,BUY,IN,0.13,2.31737,0.0,0.0,-0.13,GBPNZD.p,
154503497,183587049,2026-04-03 15:30:00,SELL,IN,0.13,0.9626,0.0,0.0,-0.13,AUDCAD.p,
154503848,183587412,2026-04-03 15:30:02,BUY,IN,0.13,1.69962,0.0,0.0,-0.13,GBPSGD.p,
154504267,183587830,2026-04-03 15:30:05,SELL,OUT,0.13,0.92264,11.69,0.0,-0.13,EURCHF.p,[tp 0.92264]
154508175,183591818,2026-04-03 15:45:00,SELL,IN,0.13,1.60684,0.0,0.0,-0.13,EURCAD.p,
154508192,183591837,2026-04-03 15:45:00,BUY,IN,0.13,91.029,0.0,0.0,-0.13,NZDJPY.p,
154508200,183591845,2026-04-03 15:45:01,SELL,IN,0.13,1.8418999999999999,0.0,0.0,-0.13,GBPCAD.p,
154510592,183594370,2026-04-03 16:00:00,BUY,IN,0.13,199.68,0.0,0.0,-0.13,CHFJPY.p,
154512431,183596263,2026-04-03 16:10:15,BUY,OUT,0.13,1.0559,8.3,-3.15,-0.13,GBPCHF.p,[tp 1.05590]
154513274,183597117,2026-04-03 16:15:00,BUY,IN,0.13,1.32186,0.0,0.0,-0.13,GBPUSD.p,
154516982,183600915,2026-04-03 16:45:33,BUY,OUT,0.13,210.728,5.46,-1.85,-0.13,GBPJPY.p,[tp 210.728]
154520235,183604212,2026-04-03 17:00:00,BUY,IN,0.13,210.835,0.0,0.0,-0.13,GBPJPY.p,
154523373,183607430,2026-04-03 17:16:14,SELL,OUT,0.13,2.31795,4.3,0.0,-0.13,GBPNZD.p,[tp 2.31795]
154523459,183607518,2026-04-03 17:17:17,BUY,IN,0.13,2.31792,0.0,0.0,-0.13,GBPNZD.p,
154542217,183626594,2026-04-03 19:57:21,SELL,IN,0.13,0.80083,0.0,0.0,-0.13,USDCHF.p,
154542338,183626715,2026-04-03 19:59:36,BUY,OUT,0.13,1.84015,16.32,0.0,-0.13,GBPCAD.p,[tp 1.84015]
154546840,183631306,2026-04-03 20:45:00,BUY,IN,0.13,1.84016,0.0,0.0,-0.13,GBPCAD.p,
154548856,183633338,2026-04-03 21:14:16,SELL,OUT,0.13,2.3191,8.73,0.0,-0.13,GBPNZD.p,[tp 2.31910]
154550176,183634660,2026-04-03 21:30:00,SELL,IN,0.13,2.31871,0.0,0.0,-0.13,GBPNZD.p,
154550595,183635082,2026-04-03 21:38:41,BUY,OUT,0.13,1.60601,7.74,0.0,-0.13,EURCAD.p,[tp 1.60601]
154552748,183637249,2026-04-03 22:04:37,BUY,OUT,0.13,0.68864,6.89,-0.18,-0.13,AUDUSD.p,[tp 0.68864]
154553294,183637799,2026-04-03 22:15:00,BUY,IN,0.13,0.73185,0.0,0.0,-0.13,NZDSGD.p,
154553301,183637806,2026-04-03 22:15:01,BUY,IN,0.13,1.60589,0.0,0.0,-0.13,EURCAD.p,
154556084,183640584,2026-04-03 23:10:34,SELL,OUT,0.13,91.157,10.42,0.0,-0.13,NZDJPY.p,[tp 91.157]
154556130,183640630,2026-04-03 23:10:35,SELL,OUT,0.13,1.84089,6.8100000000000005,0.0,-0.13,GBPCAD.p,[tp 1.84089]
154556187,183640687,2026-04-03 23:10:39,SELL,OUT,0.13,0.5724,6.76,-0.33,-0.13,NZDUSD.p,[tp 0.57240]
154558287,183642774,2026-04-03 23:45:00,BUY,IN,0.13,0.79477,0.0,0.0,-0.13,NZDCAD.p,
154734030,183828387,2026-04-06 01:04:22,BUY,OUT,0.13,0.9598,-17.34,-1.46,-0.13,AUDCAD.p,[tp 0.95980]
154734032,183828388,2026-04-06 01:04:22,BUY,OUT,0.13,0.9598,26.1,-0.73,-0.13,AUDCAD.p,[tp 0.95980]
154734097,183828470,2026-04-06 01:04:26,BUY,IN,0.13,0.95991,0.0,0.0,-0.13,AUDCAD.p,
154741707,183835518,2026-04-06 01:08:29,SELL,IN,0.13,114.566,0.0,0.0,-0.13,CADJPY.p,
154741927,183835851,2026-04-06 01:09:00,SELL,OUT,0.12,1.28735,-5.87,0.28,-0.12,USDSGD.p,[tp 1.28735]
154741929,183835852,2026-04-06 01:09:00,SELL,OUT,0.13,1.28735,27.06,0.3,-0.13,USDSGD.p,[tp 1.28735]
154742813,183837065,2026-04-06 01:10:03,BUY,IN,0.13,1.28818,0.0,0.0,-0.13,USDSGD.p,
154744485,183839089,2026-04-06 01:10:33,BUY,OUT,0.13,0.88604,5.85,-2.18,-0.13,AUDSGD.p,[tp 0.88604]
154746938,183842054,2026-04-06 01:11:36,BUY,IN,0.13,0.88612,0.0,0.0,-0.13,AUDSGD.p,
154751423,183847964,2026-04-06 01:15:00,BUY,IN,0.13,0.92192,0.0,0.0,-0.13,EURCHF.p,
154751437,183847987,2026-04-06 01:15:00,BUY,IN,0.13,0.45537,0.0,0.0,-0.13,NZDCHF.p,
154751458,183848008,2026-04-06 01:15:00,BUY,IN,0.13,1.05605,0.0,0.0,-0.13,GBPCHF.p,
154751484,183848039,2026-04-06 01:15:01,BUY,IN,0.13,1.8387799999999999,0.0,0.0,-0.13,GBPCAD.p,
154800260,183912527,2026-04-06 02:00:00,BUY,IN,0.13,0.5689,0.0,0.0,-0.13,NZDUSD.p,
154855396,183990262,2026-04-06 03:07:51,BUY,OUT,0.13,2.31814,4.22,-1.05,-0.13,GBPNZD.p,[tp 2.31814]
154859470,183995880,2026-04-06 03:15:00,SELL,IN,0.13,2.31802,0.0,0.0,-0.13,GBPNZD.p,
154928028,184102080,2026-04-06 05:07:57,SELL,OUT,0.13,0.96237,22.93,0.0,-0.13,AUDCAD.p,[tp 0.96237]
154928963,184103198,2026-04-06 05:09:01,SELL,IN,0.13,0.9624,0.0,0.0,-0.13,AUDCAD.p,
154931887,184106447,2026-04-06 05:11:11,SELL,IN,0.13,0.69093,0.0,0.0,-0.13,AUDUSD.p,
154941560,184118166,2026-04-06 05:21:03,SELL,OUT,0.13,1.60643,5.04,-0.35,-0.13,EURCAD.p,[tp 1.60643]
154965739,184158350,2026-04-06 06:00:57,BUY,OUT,0.13,114.458,8.8,0.0,-0.13,CADJPY.p,[tp 114.458]
154983975,184183959,2026-04-06 06:30:00,BUY,IN,0.13,114.493,0.0,0.0,-0.13,CADJPY.p,
154996212,184201753,2026-04-06 06:57:04,BUY,OUT,0.13,2.31745,4.22,0.0,-0.13,GBPNZD.p,[tp 2.31745]
155007908,184219718,2026-04-06 07:30:00,BUY,IN,0.13,2.31689,0.0,0.0,-0.13,GBPNZD.p,
155009792,184222452,2026-04-06 07:34:43,SELL,OUT,0.13,0.57022,17.16,0.0,-0.13,NZDUSD.p,[tp 0.57022]
155011363,184224124,2026-04-06 07:35:42,SELL,OUT,0.13,1.84125,23.04,0.0,-0.13,GBPCAD.p,[tp 1.84125]
155012985,184226330,2026-04-06 07:39:12,SELL,OUT,0.13,0.88866,25.67,0.0,-0.13,AUDSGD.p,[tp 0.88866]
155029512,184253172,2026-04-06 08:13:09,SELL,OUT,0.13,210.896,4.97,0.46,-0.13,GBPJPY.p,[tp 210.896]
155041946,184274982,2026-04-06 08:45:00,SELL,IN,0.13,0.57034,0.0,0.0,-0.13,NZDUSD.p,
155041951,184274990,2026-04-06 08:45:00,SELL,IN,0.13,0.88867,0.0,0.0,-0.13,AUDSGD.p,
155049841,184287808,2026-04-06 09:00:00,SELL,IN,0.13,210.89,0.0,0.0,-0.13,GBPJPY.p,
155064461,184313649,2026-04-06 09:30:00,SELL,IN,0.13,1.84219,0.0,0.0,-0.13,GBPCAD.p,
155064497,184313698,2026-04-06 09:30:05,SELL,OUT,0.13,1.05794,30.69,0.0,-0.13,GBPCHF.p,[tp 1.05794]
155075778,184329263,2026-04-06 09:52:44,SELL,OUT,0.13,1.32241,7.15,-0.12,-0.13,GBPUSD.p,[tp 1.32241]
155077851,184332279,2026-04-06 09:55:41,SELL,OUT,0.13,114.546,4.32,0.0,-0.13,CADJPY.p,[tp 114.546]
155082429,184339693,2026-04-06 10:03:38,SELL,OUT,0.13,0.45674,22.26,0.0,-0.13,NZDCHF.p,[tp 0.45674]
155084829,184346212,2026-04-06 10:07:33,SELL,OUT,0.13,0.92263,11.53,0.0,-0.13,EURCHF.p,[tp 0.92263]
155089708,184358542,2026-04-06 10:15:00,SELL,IN,0.13,1.3214299999999999,0.0,0.0,-0.13,GBPUSD.p,
155089724,184358565,2026-04-06 10:15:00,BUY,IN,0.13,1.05747,0.0,0.0,-0.13,GBPCHF.p,
155098493,184372587,2026-04-06 10:30:45,SELL,OUT,0.13,199.74,4.89,-0.61,-0.13,CHFJPY.p,[tp 199.740]
155101619,184376748,2026-04-06 10:36:45,BUY,OUT,0.13,0.79901,29.61,-2.05,-0.13,USDCHF.p,[tp 0.79901]
155103203,184378717,2026-04-06 10:38:40,SELL,IN,0.14,1.60812,0.0,0.0,-0.14,EURCAD.p,
155106033,184382325,2026-04-06 10:42:15,BUY,OUT,0.12,0.79854,14.28,-3.79,-0.12,USDCHF.p,[tp 0.79854]
155106796,184383517,2026-04-06 10:42:52,SELL,OUT,0.13,1.48447,5.5600000000000005,-0.46,-0.13,EURSGD.p,[tp 1.48447]
155108774,184386603,2026-04-06 10:45:00,SELL,IN,0.14,0.45625,0.0,0.0,-0.14,NZDCHF.p,
155131783,184415246,2026-04-06 11:04:45,SELL,OUT,0.12,0.79707,28.79,-0.06,-0.12,NZDCAD.p,[tp 0.79707]
155131785,184415247,2026-04-06 11:04:45,SELL,OUT,0.13,0.79707,21.48,-0.04,-0.13,NZDCAD.p,[tp 0.79707]
155141004,184427361,2026-04-06 11:15:00,BUY,IN,0.14,0.79733,0.0,0.0,-0.14,USDCHF.p,
155141017,184427419,2026-04-06 11:15:00,SELL,IN,0.14,1.48427,0.0,0.0,-0.14,EURSGD.p,
155141027,184427430,2026-04-06 11:15:00,SELL,IN,0.14,199.883,0.0,0.0,-0.14,CHFJPY.p,
155153360,184446236,2026-04-06 11:30:00,SELL,IN,0.14,91.18,0.0,0.0,-0.14,NZDJPY.p,
155181405,184503034,2026-04-06 12:15:00,SELL,IN,0.14,0.7967,0.0,0.0,-0.14,NZDCAD.p,
155188673,184512857,2026-04-06 12:30:00,SELL,IN,0.14,110.539,0.0,0.0,-0.14,AUDJPY.p,
155270179,184650055,2026-04-06 15:06:16,BUY,OUT,0.14,1.60704,10.86,0.0,-0.14,EURCAD.p,[tp 1.60704]
155291126,184681830,2026-04-06 15:30:00,BUY,IN,0.14,1.60717,0.0,0.0,-0.14,EURCAD.p,
155308131,184705049,2026-04-06 15:50:05,BUY,OUT,0.13,1.3909500000000001,5.05,-1.52,-0.13,USDCAD.p,[tp 1.39095]
155346598,184765282,2026-04-06 16:36:27,BUY,OUT,0.14,0.79549,12.18,0.0,-0.14,NZDCAD.p,[tp 0.79549]
155354333,184775206,2026-04-06 16:42:21,SELL,OUT,0.13,2.31746,4.24,0.0,-0.13,GBPNZD.p,[tp 2.31746]
155357452,184779234,2026-04-06 16:45:00,BUY,IN,0.14,0.79578,0.0,0.0,-0.14,NZDCAD.p,
155357479,184779278,2026-04-06 16:45:00,BUY,IN,0.14,1.39103,0.0,0.0,-0.14,USDCAD.p,
155375287,184809262,2026-04-06 17:00:00,SELL,IN,0.14,2.31723,0.0,0.0,-0.14,GBPNZD.p,
155377828,184811897,2026-04-06 17:00:30,SELL,OUT,0.12,1.70227,2.34,0.42,-0.12,GBPSGD.p,[tp 1.70227]
155377832,184811898,2026-04-06 17:00:30,SELL,OUT,0.13,1.70227,26.84,0.22,-0.13,GBPSGD.p,[tp 1.70227]
155385900,184822296,2026-04-06 17:04:54,BUY,OUT,0.14,0.45576,8.6,0.0,-0.14,NZDCHF.p,[tp 0.45576]
155390822,184828822,2026-04-06 17:09:46,BUY,OUT,0.14,1.4836,7.31,0.0,-0.14,EURSGD.p,[tp 1.48360]
155425281,184876823,2026-04-06 17:38:53,SELL,OUT,0.14,1.60825,10.87,0.0,-0.14,EURCAD.p,[tp 1.60825]
155432313,184888076,2026-04-06 17:45:00,SELL,IN,0.14,1.6081699999999999,0.0,0.0,-0.14,EURCAD.p,
155444337,184907871,2026-04-06 17:57:33,SELL,OUT,0.14,0.79788,9.65,0.0,-0.14,USDCHF.p,[tp 0.79788]
155445906,184910839,2026-04-06 18:00:00,SELL,IN,0.14,1.48254,0.0,0.0,-0.14,EURSGD.p,
155445958,184910894,2026-04-06 18:00:00,SELL,IN,0.14,124.351,0.0,0.0,-0.14,SGDJPY.p,
155445994,184910943,2026-04-06 18:00:00,BUY,IN,0.14,0.79791,0.0,0.0,-0.14,USDCHF.p,
155456349,184924223,2026-04-06 18:08:29,BUY,OUT,0.13,1.84162,5.32,0.0,-0.13,GBPCAD.p,[tp 1.84162]
155456489,184924398,2026-04-06 18:08:38,SELL,IN,0.14,1.84161,0.0,0.0,-0.14,GBPCAD.p,
155476913,184952332,2026-04-06 18:30:00,SELL,IN,0.14,114.771,0.0,0.0,-0.14,CADJPY.p,
155485742,184965381,2026-04-06 18:41:26,BUY,OUT,0.13,0.88815,5.26,0.0,-0.13,AUDSGD.p,[tp 0.88815]
155532188,185034876,2026-04-06 20:10:43,BUY,OUT,0.13,0.96186,5.04,0.0,-0.13,AUDCAD.p,[tp 0.96186]
155548431,185059719,2026-04-06 20:30:00,BUY,IN,0.14,0.96243,0.0,0.0,-0.14,AUDCAD.p,
155573191,185097119,2026-04-06 21:11:15,BUY,OUT,0.14,2.31541,14.56,0.0,-0.14,GBPNZD.p,[tp 2.31541]
155589147,185130078,2026-04-06 21:39:04,SELL,OUT,0.14,1.3917,6.74,0.0,-0.14,USDCAD.p,[tp 1.39170]
155601395,185146759,2026-04-06 22:02:56,BUY,OUT,0.14,1.6065399999999999,16.4,0.0,-0.14,EURCAD.p,[tp 1.60654]
155649579,185227124,2026-04-07 01:15:00,BUY,IN,0.14,1.7013,0.0,0.0,-0.14,GBPSGD.p,
155649594,185227154,2026-04-07 01:15:00,BUY,IN,0.14,1.6058599999999998,0.0,0.0,-0.14,EURCAD.p,
155649604,185227190,2026-04-07 01:15:00,BUY,IN,0.14,2.31659,0.0,0.0,-0.14,GBPNZD.p,
155649612,185227203,2026-04-07 01:15:01,BUY,IN,0.14,0.9214,0.0,0.0,-0.14,EURCHF.p,
155653503,185234564,2026-04-07 01:24:27,BUY,OUT,0.14,1.84104,5.74,-1.5,-0.14,GBPCAD.p,[tp 1.84104]
155654161,185235472,2026-04-07 01:25:30,BUY,IN,0.14,1.84121,0.0,0.0,-0.14,GBPCAD.p,
155685618,185287176,2026-04-07 03:02:21,SELL,OUT,0.14,0.79843,9.12,0.96,-0.14,USDCHF.p,[tp 0.79843]
155694963,185301559,2026-04-07 03:16:45,SELL,OUT,0.14,0.96299,5.63,0.35,-0.14,AUDCAD.p,[tp 0.96299]
155734688,185354304,2026-04-07 04:10:41,SELL,OUT,0.14,2.31952,23.39,0.0,-0.14,GBPNZD.p,[tp 2.31952]
155747939,185371592,2026-04-07 04:19:06,BUY,OUT,0.14,91.126,4.73,-0.59,-0.14,NZDJPY.p,[tp 91.126]
155768451,185404523,2026-04-07 04:38:34,BUY,OUT,0.13,0.56982,6.76,0.13,-0.13,NZDUSD.p,[tp 0.56982]
155769983,185406415,2026-04-07 04:39:01,BUY,OUT,0.13,0.69042,6.63,-0.18,-0.13,AUDUSD.p,[tp 0.69042]
155777694,185417256,2026-04-07 04:45:00,SELL,IN,0.14,159.873,0.0,0.0,-0.14,USDJPY.p,
155779182,185419262,2026-04-07 04:46:15,SELL,OUT,0.14,0.92208,11.9,0.0,-0.14,EURCHF.p,[tp 0.92208]
155807845,185460804,2026-04-07 05:15:00,SELL,IN,0.14,2.32179,0.0,0.0,-0.14,GBPNZD.p,
155807849,185460811,2026-04-07 05:15:00,SELL,IN,0.14,0.9221,0.0,0.0,-0.14,EURCHF.p,
155814124,185470836,2026-04-07 05:30:00,BUY,IN,0.14,0.5694,0.0,0.0,-0.14,NZDUSD.p,
155814153,185470853,2026-04-07 05:30:00,BUY,IN,0.14,91.022,0.0,0.0,-0.14,NZDJPY.p,
155872816,185570778,2026-04-07 07:57:11,SELL,OUT,0.14,1.8416299999999999,4.23,0.0,-0.14,GBPCAD.p,[tp 1.84163]
155889220,185595999,2026-04-07 08:29:00,BUY,OUT,0.14,2.32068,8.86,0.0,-0.14,GBPNZD.p,[tp 2.32068]
155915982,185635251,2026-04-07 08:52:19,SELL,OUT,0.14,91.08,5.08,0.0,-0.14,NZDJPY.p,[tp 91.080]
155918582,185639040,2026-04-07 08:56:15,SELL,OUT,0.14,0.57011,9.94,0.0,-0.14,NZDUSD.p,[tp 0.57011]
155921984,185644397,2026-04-07 09:00:00,SELL,IN,0.14,2.32023,0.0,0.0,-0.14,GBPNZD.p,
155922003,185644423,2026-04-07 09:00:00,BUY,IN,0.14,0.57025,0.0,0.0,-0.14,NZDUSD.p,
155940061,185670197,2026-04-07 09:29:07,SELL,OUT,0.14,1.7019,6.54,0.0,-0.14,GBPSGD.p,[tp 1.70190]
155943990,185676055,2026-04-07 09:36:01,SELL,OUT,0.14,1.6064,5.43,0.0,-0.14,EURCAD.p,[tp 1.60640]
155951323,185686756,2026-04-07 09:48:08,SELL,OUT,0.13,1.05802,8.95,0.84,-0.13,GBPCHF.p,[tp 1.05802]
155965113,185706081,2026-04-07 10:15:00,SELL,IN,0.14,1.8432,0.0,0.0,-0.14,GBPCAD.p,
155978250,185725915,2026-04-07 10:32:28,BUY,OUT,0.14,199.832,4.47,0.05,-0.14,CHFJPY.p,[tp 199.832]
156008354,185766162,2026-04-07 11:13:30,BUY,OUT,0.14,114.717,4.74,-0.62,-0.14,CADJPY.p,[tp 114.717]
156010875,185769063,2026-04-07 11:15:00,BUY,IN,0.14,199.967,0.0,0.0,-0.14,CHFJPY.p,
156010893,185769083,2026-04-07 11:15:00,SELL,IN,0.14,1.15659,0.0,0.0,-0.14,EURUSD.p,
156010908,185769095,2026-04-07 11:15:00,BUY,IN,0.14,1.28351,0.0,0.0,-0.14,USDSGD.p,
156030393,185795119,2026-04-07 11:30:00,SELL,IN,0.14,1.60906,0.0,0.0,-0.14,EURCAD.p,
156048211,185823840,2026-04-07 11:58:36,SELL,OUT,0.14,0.57184,22.26,0.0,-0.14,NZDUSD.p,[tp 0.57184]
156049116,185825204,2026-04-07 12:00:00,SELL,IN,0.28,1.21415,0.0,0.0,-0.28,AUDNZD.p,
156049154,185825251,2026-04-07 12:00:00,BUY,IN,0.14,114.657,0.0,0.0,-0.14,CADJPY.p,
156049227,185825386,2026-04-07 12:00:04,BUY,OUT,0.12,159.48,-3.46,-3.88,-0.12,USDJPY.p,[tp 159.480]
156049229,185825387,2026-04-07 12:00:04,BUY,OUT,0.14,159.481,34.41,0.0,-0.14,USDJPY.p,[tp 159.481]
156058310,185838325,2026-04-07 12:15:00,SELL,IN,0.14,0.57192,0.0,0.0,-0.14,NZDUSD.p,
156058325,185838345,2026-04-07 12:15:00,SELL,IN,0.14,0.69431,0.0,0.0,-0.14,AUDUSD.p,
156058335,185838357,2026-04-07 12:15:00,BUY,IN,0.14,159.559,0.0,0.0,-0.14,USDJPY.p,
156058340,185838365,2026-04-07 12:15:01,SELL,IN,0.14,1.05983,0.0,0.0,-0.14,GBPCHF.p,
156058349,185838376,2026-04-07 12:15:01,SELL,IN,0.14,1.70321,0.0,0.0,-0.14,GBPSGD.p,
156067365,185851523,2026-04-07 12:30:00,SELL,IN,0.14,91.215,0.0,0.0,-0.14,NZDJPY.p,
156081567,185872332,2026-04-07 12:45:00,SELL,IN,0.14,0.96633,0.0,0.0,-0.14,AUDCAD.p,
156081578,185872344,2026-04-07 12:45:00,SELL,IN,0.14,0.8906,0.0,0.0,-0.14,AUDSGD.p,
156184345,186033570,2026-04-07 14:39:49,BUY,OUT,0.14,1.8426399999999998,5.63,0.0,-0.14,GBPCAD.p,[tp 1.84264]
156187963,186039952,2026-04-07 14:45:00,BUY,IN,0.14,1.84347,0.0,0.0,-0.14,GBPCAD.p,
156187979,186039970,2026-04-07 14:45:00,SELL,IN,0.14,184.75,0.0,0.0,-0.14,EURJPY.p,
156291769,186204647,2026-04-07 16:45:13,SELL,IN,0.14,0.92563,0.0,0.0,-0.14,EURCHF.p,
156342429,186272676,2026-04-07 17:18:36,BUY,OUT,0.14,1.60847,5.9399999999999995,0.0,-0.14,EURCAD.p,[tp 1.60847]
156359847,186297030,2026-04-07 17:30:00,SELL,IN,0.28,110.998,0.0,0.0,-0.28,AUDJPY.p,
156359862,186297044,2026-04-07 17:30:00,SELL,IN,0.14,1.60857,0.0,0.0,-0.14,EURCAD.p,
156388038,186334171,2026-04-07 17:57:01,SELL,OUT,0.14,114.999,29.94,0.0,-0.14,CADJPY.p,[tp 114.999]
156391702,186338717,2026-04-07 18:00:00,BUY,IN,0.14,1.39094,0.0,0.0,-0.14,USDCAD.p,
156391743,186338764,2026-04-07 18:00:00,SELL,IN,0.14,115.003,0.0,0.0,-0.14,CADJPY.p,
156411037,186364507,2026-04-07 18:16:01,SELL,OUT,0.14,159.937,33.09,0.0,-0.14,USDJPY.p,[tp 159.937]
156412766,186366720,2026-04-07 18:17:06,BUY,OUT,0.14,0.69361,9.8,0.0,-0.14,AUDUSD.p,[tp 0.69361]
156413966,186368783,2026-04-07 18:18:31,BUY,OUT,0.14,1.7019199999999999,14.06,0.0,-0.14,GBPSGD.p,[tp 1.70192]
156417250,186374541,2026-04-07 18:23:13,BUY,OUT,0.14,0.56981,29.54,0.0,-0.14,NZDUSD.p,[tp 0.56981]
156421261,186381184,2026-04-07 18:30:00,SELL,IN,0.14,159.895,0.0,0.0,-0.14,USDJPY.p,
156433090,186397672,2026-04-07 18:44:57,BUY,OUT,0.14,0.96506,12.78,0.0,-0.14,AUDCAD.p,[tp 0.96506]
156433441,186398237,2026-04-07 18:46:00,SELL,IN,0.14,0.96514,0.0,0.0,-0.14,AUDCAD.p,
156433444,186398241,2026-04-07 18:46:00,SELL,IN,0.14,0.69362,0.0,0.0,-0.14,AUDUSD.p,
156437831,186404276,2026-04-07 18:53:41,BUY,OUT,0.14,1.05931,9.1,0.0,-0.14,GBPCHF.p,[tp 1.05931]
156443151,186411687,2026-04-07 19:00:00,SELL,IN,0.14,1.05883,0.0,0.0,-0.14,GBPCHF.p,
156456465,186430907,2026-04-07 19:15:00,BUY,IN,0.14,1.70141,0.0,0.0,-0.14,GBPSGD.p,
156477911,186464822,2026-04-07 19:58:30,SELL,OUT,0.14,200.031,5.6,0.0,-0.14,CHFJPY.p,[tp 200.031]
156523555,186532052,2026-04-07 21:00:48,SELL,OUT,0.14,1.84405,5.84,0.0,-0.14,GBPCAD.p,[tp 1.84405]
156609220,186673751,2026-04-07 22:56:44,BUY,OUT,0.14,114.864,12.2,0.0,-0.14,CADJPY.p,[tp 114.864]
156620965,186690171,2026-04-07 23:13:32,SELL,IN,0.28,1.16011,0.0,0.0,-0.28,EURUSD.p,
156635082,186710493,2026-04-07 23:41:54,BUY,OUT,0.14,159.56,29.39,0.0,-0.14,USDJPY.p,[tp 159.560]
156642309,186720841,2026-04-07 23:55:52,BUY,OUT,0.14,2.31947,6.1,0.0,-0.14,GBPNZD.p,[tp 2.31947]
156644976,186723855,2026-04-08 00:15:00,BUY,IN,0.14,1.9068399999999999,0.0,0.0,-0.14,GBPAUD.p,
156646812,186725728,2026-04-08 01:00:01,SELL,OUT,0.14,1.705,39.21,0.23,-0.14,GBPSGD.p,[tp 1.70500]
156647115,186725978,2026-04-08 01:00:16,SELL,OUT,0.14,0.79633,5.54,-0.34,-0.14,NZDCAD.p,[tp 0.79633]
156647228,186726083,2026-04-08 01:00:26,SELL,OUT,0.12,0.73533,7.49,-0.22,-0.12,NZDSGD.p,[tp 0.73533]
156647230,186726084,2026-04-08 01:00:26,SELL,OUT,0.13,0.73533,35.29,-0.22,-0.13,NZDSGD.p,[tp 0.73533]
156668716,186753122,2026-04-08 01:15:00,SELL,IN,0.14,0.69911,0.0,0.0,-0.14,AUDUSD.p,
156668739,186753148,2026-04-08 01:15:00,SELL,IN,0.14,212.315,0.0,0.0,-0.14,GBPJPY.p,
156668751,186753164,2026-04-08 01:15:00,SELL,IN,0.14,1.33163,0.0,0.0,-0.14,GBPUSD.p,
156668761,186753176,2026-04-08 01:15:01,SELL,IN,0.14,0.89569,0.0,0.0,-0.14,AUDSGD.p,
156668779,186753200,2026-04-08 01:15:01,SELL,IN,0.14,0.97043,0.0,0.0,-0.14,AUDCAD.p,
156668799,186753224,2026-04-08 01:15:01,BUY,IN,0.14,2.31952,0.0,0.0,-0.14,GBPNZD.p,
156668805,186753234,2026-04-08 01:15:01,SELL,IN,0.56,111.466,0.0,0.0,-0.56,AUDJPY.p,
156668823,186753249,2026-04-08 01:15:01,BUY,IN,0.14,114.863,0.0,0.0,-0.14,CADJPY.p,
156678109,186766446,2026-04-08 01:30:01,BUY,IN,0.14,0.79697,0.0,0.0,-0.14,USDCHF.p,
156713868,186810105,2026-04-08 01:45:00,BUY,IN,0.14,1.3868,0.0,0.0,-0.14,USDCAD.p,
156713881,186810119,2026-04-08 01:45:00,BUY,IN,0.14,1.65557,0.0,0.0,-0.14,EURAUD.p,
156713905,186810143,2026-04-08 01:45:00,BUY,IN,0.28,1.27891,0.0,0.0,-0.28,USDSGD.p,
156743807,186850154,2026-04-08 02:03:27,BUY,OUT,0.13,2.01147,70.84,-0.22,-0.13,EURNZD.p,[tp 2.01147]
156743809,186850155,2026-04-08 02:03:27,BUY,OUT,0.13,2.01147,86.3,-0.25,-0.13,EURNZD.p,[tp 2.01147]
156758483,186870868,2026-04-08 02:15:00,SELL,IN,0.14,200.38,0.0,0.0,-0.14,CHFJPY.p,
156758492,186870877,2026-04-08 02:15:00,SELL,IN,0.14,1.70909,0.0,0.0,-0.14,GBPSGD.p,
156758511,186870896,2026-04-08 02:15:00,SELL,IN,0.14,0.74084,0.0,0.0,-0.14,NZDSGD.p,
156773968,186893491,2026-04-08 02:30:00,SELL,IN,0.14,0.80351,0.0,0.0,-0.14,NZDCAD.p,
156773977,186893503,2026-04-08 02:30:00,SELL,IN,0.14,0.45927,0.0,0.0,-0.14,NZDCHF.p,
156797468,186927286,2026-04-08 03:00:00,SELL,IN,0.14,0.58087,0.0,0.0,-0.14,NZDUSD.p,
156800857,186931563,2026-04-08 03:01:28,BUY,OUT,0.12,0.57086,55.43,-3.73,-0.12,CADCHF.p,[tp 0.57086]
156818855,186956682,2026-04-08 03:15:00,BUY,IN,0.14,0.57138,0.0,0.0,-0.14,CADCHF.p,
156818862,186956695,2026-04-08 03:15:00,SELL,IN,0.14,1.85331,0.0,0.0,-0.14,GBPCAD.p,
156841448,186991644,2026-04-08 03:40:58,BUY,OUT,0.14,0.92333,-21.76,-1.78,-0.14,EURCHF.p,[tp 0.92333]
156841450,186991645,2026-04-08 03:40:58,BUY,OUT,0.14,0.92333,40.69,-1.78,-0.14,EURCHF.p,[tp 0.92333]
156843501,186996794,2026-04-08 03:45:00,BUY,IN,0.14,158.705,0.0,0.0,-0.14,USDJPY.p,
157040796,187371006,2026-04-08 09:23:26,BUY,IN,0.14,2.00098,0.0,0.0,-0.14,EURNZD.p,
157041933,187373503,2026-04-08 09:25:10,BUY,OUT,0.14,1.05831,9.24,-3.43,-0.14,GBPCHF.p,[tp 1.05831]
157045230,187380085,2026-04-08 09:30:00,BUY,IN,0.14,114.215,0.0,0.0,-0.14,CADJPY.p,
157045270,187380180,2026-04-08 09:30:00,SELL,IN,0.14,1.61984,0.0,0.0,-0.14,EURCAD.p,
157110779,187508430,2026-04-08 11:04:08,BUY,OUT,0.14,0.45876,9.07,0.0,-0.14,NZDCHF.p,[tp 0.45876]
157151118,187579664,2026-04-08 12:00:00,SELL,IN,0.14,1.86186,0.0,0.0,-0.14,GBPCAD.p,
157157283,187601529,2026-04-08 12:15:00,BUY,IN,0.14,0.45909,0.0,0.0,-0.14,NZDCHF.p,
157158406,187604476,2026-04-08 12:16:58,SELL,OUT,0.14,2.00808,57.84,0.0,-0.14,EURNZD.p,[tp 2.00808]
157158493,187604747,2026-04-08 12:17:07,SELL,IN,0.14,2.00817,0.0,0.0,-0.14,EURNZD.p,
157243294,187758445,2026-04-08 14:25:10,SELL,IN,0.28,1.86653,0.0,0.0,-0.28,GBPCAD.p,
157262442,187790383,2026-04-08 14:43:32,BUY,OUT,0.14,2.00685,10.77,0.0,-0.14,EURNZD.p,[tp 2.00685]
157262735,187791420,2026-04-08 14:44:35,SELL,IN,0.15,2.00671,0.0,0.0,-0.15,EURNZD.p,
157272760,187805514,2026-04-08 14:57:05,SELL,OUT,0.14,0.4599,14.38,0.0,-0.14,NZDCHF.p,[tp 0.45990]
157274971,187809153,2026-04-08 15:00:00,SELL,IN,0.15,1.71494,0.0,0.0,-0.15,GBPSGD.p,
157285873,187829831,2026-04-08 15:15:00,SELL,IN,0.15,1.06153,0.0,0.0,-0.15,GBPCHF.p,
157285895,187829898,2026-04-08 15:15:00,SELL,IN,0.15,0.80944,0.0,0.0,-0.15,NZDCAD.p,
157322884,187887747,2026-04-08 15:45:00,SELL,IN,0.15,0.58498,0.0,0.0,-0.15,NZDUSD.p,
157331590,187903661,2026-04-08 16:00:00,SELL,IN,0.15,0.74436,0.0,0.0,-0.15,NZDSGD.p,
157356969,187940064,2026-04-08 16:28:01,BUY,OUT,0.28,1.20766,106.32,-1.63,-0.28,AUDNZD.p,[tp 1.20766]
157357105,187940214,2026-04-08 16:28:02,BUY,OUT,0.12,1.20763,-25.7,-2.42,-0.12,AUDNZD.p,[tp 1.20763]
157357107,187940215,2026-04-08 16:28:02,BUY,OUT,0.13,1.20763,-13.84,-2.62,-0.13,AUDNZD.p,[tp 1.20763]
157384858,187976791,2026-04-08 16:45:00,BUY,IN,0.15,1.20883,0.0,0.0,-0.15,AUDNZD.p,
157504467,188150559,2026-04-08 18:02:58,BUY,OUT,0.14,1.86102,-77.96,0.0,-0.14,GBPCAD.p,[tp 1.86102]
157504470,188150560,2026-04-08 18:02:58,BUY,OUT,0.14,1.86102,8.49,0.0,-0.14,GBPCAD.p,[tp 1.86102]
157504472,188150561,2026-04-08 18:02:58,BUY,OUT,0.28,1.86102,111.43,0.0,-0.28,GBPCAD.p,[tp 1.86102]
157531681,188193583,2026-04-08 18:30:00,BUY,IN,0.15,1.86062,0.0,0.0,-0.15,GBPCAD.p,
157534830,188199608,2026-04-08 18:35:09,BUY,OUT,0.15,2.00415,22.4,0.0,-0.15,EURNZD.p,[tp 2.00415]
157536093,188201146,2026-04-08 18:36:12,BUY,IN,0.15,2.00417,0.0,0.0,-0.15,EURNZD.p,
157577067,188273388,2026-04-08 19:37:40,BUY,OUT,0.14,1.7098200000000001,-8.02,0.0,-0.14,GBPSGD.p,[tp 1.70982]
157577069,188273389,2026-04-08 19:37:40,BUY,OUT,0.15,1.7098200000000001,60.29,0.0,-0.15,GBPSGD.p,[tp 1.70982]
157588519,188291123,2026-04-08 19:58:10,BUY,OUT,0.15,1.06038,21.83,0.0,-0.15,GBPCHF.p,[tp 1.06038]
157597436,188307781,2026-04-08 20:15:00,SELL,IN,0.15,0.4609,0.0,0.0,-0.15,NZDCHF.p,
157607024,188323286,2026-04-08 20:27:40,BUY,OUT,0.14,0.74236,-16.71,0.0,-0.14,NZDSGD.p,[tp 0.74236]
157607026,188323287,2026-04-08 20:27:40,BUY,OUT,0.15,0.74236,23.55,0.0,-0.15,NZDSGD.p,[tp 0.74236]
157621507,188353226,2026-04-08 20:42:43,SELL,OUT,0.15,1.21003,10.49,0.0,-0.15,AUDNZD.p,[tp 1.21003]
157631429,188385237,2026-04-08 21:00:00,SELL,IN,0.15,1.20994,0.0,0.0,-0.15,AUDNZD.p,
157643847,188404486,2026-04-08 21:15:00,BUY,IN,0.15,0.74259,0.0,0.0,-0.15,NZDSGD.p,
157643852,188404494,2026-04-08 21:15:00,BUY,IN,0.15,1.7090999999999998,0.0,0.0,-0.15,GBPSGD.p,
157647209,188409281,2026-04-08 21:18:43,BUY,OUT,0.14,0.58244,-21.98,0.0,-0.14,NZDUSD.p,[tp 0.58244]
157647214,188409282,2026-04-08 21:18:43,BUY,OUT,0.15,0.58244,38.1,0.0,-0.15,NZDUSD.p,[tp 0.58244]
157652014,188415002,2026-04-08 21:19:46,BUY,IN,0.15,0.58259,0.0,0.0,-0.15,NZDUSD.p,
157669317,188441608,2026-04-08 21:33:35,BUY,OUT,0.14,0.80594,-24.57,0.0,-0.14,NZDCAD.p,[tp 0.80594]
157669320,188441609,2026-04-08 21:33:35,BUY,OUT,0.15,0.80594,37.91,0.0,-0.15,NZDCAD.p,[tp 0.80594]
157688457,188475133,2026-04-08 21:51:49,BUY,OUT,0.14,200.321,5.2,0.0,-0.14,CHFJPY.p,[tp 200.321]
157691163,188482620,2026-04-08 21:55:36,SELL,OUT,0.14,0.5719,9.19,0.0,-0.14,CADCHF.p,[tp 0.57190]
157694481,188488859,2026-04-08 22:00:00,BUY,IN,0.15,1.85473,0.0,0.0,-0.15,GBPCAD.p,
157694747,188489170,2026-04-08 22:00:01,SELL,OUT,0.14,158.758,4.67,0.0,-0.14,USDJPY.p,[tp 158.758]
157699021,188497780,2026-04-08 22:04:50,SELL,OUT,0.15,2.00453,3.14,0.0,-0.15,EURNZD.p,[tp 2.00453]
157708989,188517195,2026-04-08 22:15:00,SELL,IN,0.15,158.692,0.0,0.0,-0.15,USDJPY.p,
157708996,188517207,2026-04-08 22:15:00,SELL,IN,0.15,2.00385,0.0,0.0,-0.15,EURNZD.p,
157709005,188517219,2026-04-08 22:15:00,BUY,IN,0.15,0.80562,0.0,0.0,-0.15,NZDCAD.p,
157711575,188521538,2026-04-08 22:17:43,BUY,OUT,0.14,1.61369,-51.75,-0.28,-0.14,EURCAD.p,[tp 1.61369]
157711578,188521539,2026-04-08 22:17:43,BUY,OUT,0.14,1.61369,62.16,0.0,-0.14,EURCAD.p,[tp 1.61369]
157714521,188526772,2026-04-08 22:22:18,SELL,OUT,0.14,114.594,-23.73,0.0,-0.14,CADJPY.p,[tp 114.594]
157714523,188526773,2026-04-08 22:22:18,SELL,OUT,0.14,114.594,33.43,0.0,-0.14,CADJPY.p,[tp 114.594]
157719400,188537131,2026-04-08 22:30:00,BUY,IN,0.15,200.373,0.0,0.0,-0.15,CHFJPY.p,
157729582,188554602,2026-04-08 22:45:00,SELL,IN,0.15,114.533,0.0,0.0,-0.15,CADJPY.p,
157729591,188554613,2026-04-08 22:45:00,SELL,IN,0.15,0.57159,0.0,0.0,-0.15,CADCHF.p,
157729597,188554620,2026-04-08 22:45:00,BUY,IN,0.15,1.61497,0.0,0.0,-0.15,EURCAD.p,
157757358,188618397,2026-04-09 00:15:00,BUY,IN,0.15,2.3016199999999998,0.0,0.0,-0.15,GBPNZD.p,
157772563,188640719,2026-04-09 01:15:00,BUY,IN,0.15,1.06012,0.0,0.0,-0.15,GBPCHF.p,
157809771,188706465,2026-04-09 02:13:16,BUY,OUT,0.15,1.20929,5.68,-2.66,-0.15,AUDNZD.p,[tp 1.20929]
157854090,188805641,2026-04-09 03:38:33,BUY,OUT,0.15,2.00185,17.47,-0.48,-0.15,EURNZD.p,[tp 2.00185]
157854615,188807088,2026-04-09 03:39:36,SELL,IN,0.15,2.00177,0.0,0.0,-0.15,EURNZD.p,
157861993,188820941,2026-04-09 03:54:10,SELL,OUT,0.15,200.58,19.55,-2.05,-0.15,CHFJPY.p,[tp 200.580]
157864418,188826003,2026-04-09 03:59:03,SELL,OUT,0.15,0.80687,13.54,-0.54,-0.15,NZDCAD.p,[tp 0.80687]
157865536,188828129,2026-04-09 04:00:06,SELL,IN,0.3,185.191,0.0,0.0,-0.3,EURJPY.p,
157879318,188852307,2026-04-09 04:10:00,SELL,OUT,0.15,0.74311,6.12,-0.36,-0.15,NZDSGD.p,[tp 0.74311]
157884161,188861424,2026-04-09 04:15:00,SELL,IN,0.15,200.61,0.0,0.0,-0.15,CHFJPY.p,
157899450,188891674,2026-04-09 04:34:43,SELL,OUT,0.15,0.58312,7.95,-1.1400000000000001,-0.15,NZDUSD.p,[tp 0.58312]
157904688,188900316,2026-04-09 04:45:00,BUY,IN,0.15,1.20657,0.0,0.0,-0.15,AUDNZD.p,
157909890,188908230,2026-04-09 04:57:45,SELL,OUT,0.15,1.61551,5.85,-1.45,-0.15,EURCAD.p,[tp 1.61551]
157911358,188910256,2026-04-09 05:00:00,SELL,IN,0.15,0.80725,0.0,0.0,-0.15,NZDCAD.p,
157911379,188910279,2026-04-09 05:00:00,SELL,IN,0.15,0.74315,0.0,0.0,-0.15,NZDSGD.p,
157975073,189012276,2026-04-09 07:14:56,BUY,OUT,0.15,0.57108,9.68,-3.61,-0.15,CADCHF.p,[tp 0.57108]
157978449,189020593,2026-04-09 07:25:45,BUY,OUT,0.15,1.99908,23.55,0.0,-0.15,EURNZD.p,[tp 1.99908]
157986766,189034697,2026-04-09 07:45:00,BUY,IN,0.15,1.9994100000000001,0.0,0.0,-0.15,EURNZD.p,
158051581,189170859,2026-04-09 09:43:11,BUY,OUT,0.15,200.55,5.67,0.0,-0.15,CHFJPY.p,[tp 200.550]
158052142,189171964,2026-04-09 09:44:00,SELL,OUT,0.15,1.06064,9.85,0.0,-0.15,GBPCHF.p,[tp 1.06064]
158114136,189278511,2026-04-09 10:58:11,SELL,OUT,0.15,1.99996,4.8100000000000005,0.0,-0.15,EURNZD.p,[tp 1.99996]
158115863,189280964,2026-04-09 11:00:00,BUY,IN,0.15,2.00047,0.0,0.0,-0.15,EURNZD.p,
158147695,189336954,2026-04-09 11:57:33,SELL,OUT,0.15,1.70966,6.59,0.74,-0.15,GBPSGD.p,[tp 1.70966]
158158447,189354607,2026-04-09 12:15:00,SELL,IN,0.15,200.953,0.0,0.0,-0.15,CHFJPY.p,
158165604,189371483,2026-04-09 12:30:00,SELL,IN,0.15,1.70977,0.0,0.0,-0.15,GBPSGD.p,
158183323,189397655,2026-04-09 13:05:09,SELL,OUT,0.15,2.00196,13.04,0.0,-0.15,EURNZD.p,[tp 2.00196]
158183509,189397877,2026-04-09 13:05:18,SELL,IN,0.15,2.00191,0.0,0.0,-0.15,EURNZD.p,
158187772,189404493,2026-04-09 13:15:00,SELL,IN,0.6,185.672,0.0,0.0,-0.6,EURJPY.p,
158206208,189449309,2026-04-09 13:45:00,SELL,IN,0.15,1.61742,0.0,0.0,-0.15,EURCAD.p,
158244079,189545030,2026-04-09 15:00:00,SELL,IN,0.3,213.374,0.0,0.0,-0.3,GBPJPY.p,
158246261,189548992,2026-04-09 15:02:10,SELL,OUT,0.15,1.85827,-25.47,0.67,-0.15,GBPCAD.p,[tp 1.85827]
158246263,189548993,2026-04-09 15:02:10,SELL,OUT,0.15,1.85827,38.37,0.67,-0.15,GBPCAD.p,[tp 1.85827]
158255371,189567796,2026-04-09 15:15:00,SELL,IN,0.15,1.85714,0.0,0.0,-0.15,GBPCAD.p,
158280817,189614131,2026-04-09 15:44:22,BUY,OUT,0.15,0.80668,6.18,0.0,-0.15,NZDCAD.p,[tp 0.80668]
158281264,189615325,2026-04-09 15:45:25,SELL,IN,0.3,124.795,0.0,0.0,-0.3,SGDJPY.p,
158281265,189615328,2026-04-09 15:45:25,SELL,IN,0.15,115.002,0.0,0.0,-0.15,CADJPY.p,
158312574,189688845,2026-04-09 16:26:38,BUY,OUT,0.15,2.00102,7.8,0.0,-0.15,EURNZD.p,[tp 2.00102]
158313583,189691411,2026-04-09 16:27:41,SELL,IN,0.15,2.00098,0.0,0.0,-0.15,EURNZD.p,
158315017,189693985,2026-04-09 16:30:00,SELL,IN,1.2,112.028,0.0,0.0,-1.2,AUDJPY.p,
158315059,189694043,2026-04-09 16:30:00,SELL,IN,0.15,92.884,0.0,0.0,-0.15,NZDJPY.p,
158315085,189694083,2026-04-09 16:30:01,SELL,IN,0.15,201.296,0.0,0.0,-0.15,CHFJPY.p,
158335632,189730850,2026-04-09 16:45:00,SELL,IN,0.3,0.70567,0.0,0.0,-0.3,AUDUSD.p,
158368941,189783895,2026-04-09 17:15:00,BUY,IN,0.3,1.3817,0.0,0.0,-0.3,USDCAD.p,
158374726,189792389,2026-04-09 17:20:23,BUY,IN,0.3,1.65614,0.0,0.0,-0.3,EURAUD.p,
158405889,189845593,2026-04-09 17:45:22,BUY,OUT,0.15,1.70927,5.88,0.0,-0.15,GBPSGD.p,[tp 1.70927]
158406007,189845749,2026-04-09 17:45:32,SELL,IN,0.15,1.70918,0.0,0.0,-0.15,GBPSGD.p,
158409524,189851223,2026-04-09 17:48:51,BUY,OUT,0.15,1.6143,33.84,0.0,-0.15,EURCAD.p,[tp 1.61430]
158410260,189852267,2026-04-09 17:49:54,BUY,IN,0.15,1.6147,0.0,0.0,-0.15,EURCAD.p,
158415421,189860549,2026-04-09 17:56:20,SELL,OUT,0.15,1.20713,4.91,0.0,-0.15,AUDNZD.p,[tp 1.20713]
158418536,189864728,2026-04-09 18:00:00,BUY,IN,0.3,1.90018,0.0,0.0,-0.3,GBPAUD.p,
158418590,189864801,2026-04-09 18:00:00,SELL,IN,0.15,0.55806,0.0,0.0,-0.15,AUDCHF.p,
158418630,189864850,2026-04-09 18:00:01,SELL,IN,0.3,0.89961,0.0,0.0,-0.3,AUDSGD.p,
158430748,189883346,2026-04-09 18:15:00,BUY,IN,0.3,2.29345,0.0,0.0,-0.3,GBPNZD.p,
158449204,189913690,2026-04-09 18:30:00,SELL,IN,1.2,186.14,0.0,0.0,-1.2,EURJPY.p,
158513207,190011456,2026-04-09 19:31:19,BUY,OUT,0.15,158.635,5.39,-5.04,-0.15,USDJPY.p,[tp 158.635]
158522806,190025368,2026-04-09 19:45:00,BUY,IN,0.15,158.702,0.0,0.0,-0.15,USDJPY.p,
158522839,190025408,2026-04-09 19:45:01,SELL,IN,0.15,0.81096,0.0,0.0,-0.15,NZDCAD.p,
158522847,190025419,2026-04-09 19:45:01,SELL,IN,0.15,0.58701,0.0,0.0,-0.15,NZDUSD.p,
158591773,190133909,2026-04-09 21:23:36,BUY,OUT,0.15,1.8565399999999999,6.51,0.0,-0.15,GBPCAD.p,[tp 1.85654]
158592315,190134587,2026-04-09 21:23:46,SELL,IN,0.15,1.85635,0.0,0.0,-0.15,GBPCAD.p,
158670018,190306766,2026-04-09 23:26:18,BUY,OUT,0.15,1.99623,41.76,0.0,-0.15,EURNZD.p,[tp 1.99623]
158697478,190358834,2026-04-10 01:15:00,BUY,IN,0.15,0.92486,0.0,0.0,-0.15,EURCHF.p,
158697484,190358843,2026-04-10 01:15:00,BUY,IN,0.15,1.99777,0.0,0.0,-0.15,EURNZD.p,
158697493,190358858,2026-04-10 01:15:01,BUY,IN,0.15,1.20932,0.0,0.0,-0.15,AUDNZD.p,
158697501,190358871,2026-04-10 01:15:01,BUY,IN,0.15,1.06209,0.0,0.0,-0.15,GBPCHF.p,
158702465,190366611,2026-04-10 01:23:12,SELL,OUT,0.15,1.61669,21.61,-0.49,-0.15,EURCAD.p,[tp 1.61669]
158702499,190366687,2026-04-10 01:23:20,BUY,IN,0.15,1.61676,0.0,0.0,-0.15,EURCAD.p,
158709276,190381619,2026-04-10 01:37:27,SELL,OUT,0.15,159.06,33.76,0.75,-0.15,USDJPY.p,[tp 159.060]
158709340,190381801,2026-04-10 01:37:35,BUY,OUT,0.15,0.58539,24.3,0.15,-0.15,NZDUSD.p,[tp 0.58539]
158710999,190385366,2026-04-10 01:39:56,BUY,OUT,0.15,0.80874,24.1,-0.32,-0.15,NZDCAD.p,[tp 0.80874]
158718008,190404598,2026-04-10 02:00:00,BUY,IN,0.15,0.58555,0.0,0.0,-0.15,NZDUSD.p,
158718017,190404619,2026-04-10 02:00:00,BUY,IN,0.15,0.80904,0.0,0.0,-0.15,NZDCAD.p,
158728709,190423567,2026-04-10 02:30:00,SELL,IN,0.15,159.074,0.0,0.0,-0.15,USDJPY.p,
158741254,190442234,2026-04-10 03:00:55,BUY,OUT,0.15,1.8559,4.88,-1.62,-0.15,GBPCAD.p,[tp 1.85590]
158854431,190672042,2026-04-10 06:13:23,SELL,OUT,0.15,1.9997,16.93,0.0,-0.15,EURNZD.p,[tp 1.99970]
158859548,190681336,2026-04-10 06:30:00,SELL,IN,0.15,1.99942,0.0,0.0,-0.15,EURNZD.p,
158867367,190694592,2026-04-10 06:45:00,SELL,IN,0.15,1.49011,0.0,0.0,-0.15,EURSGD.p,
158917177,190793998,2026-04-10 09:01:03,BUY,OUT,0.15,1.99891,4.47,0.0,-0.15,EURNZD.p,[tp 1.99891]
158917727,190795591,2026-04-10 09:02:06,SELL,IN,0.15,1.99865,0.0,0.0,-0.15,EURNZD.p,
158991906,190942317,2026-04-10 11:20:29,SELL,OUT,0.15,1.6173,5.85,0.0,-0.15,EURCAD.p,[tp 1.61730]
159016899,191000528,2026-04-10 12:00:00,SELL,IN,0.15,2.00269,0.0,0.0,-0.15,EURNZD.p,
159024355,191014942,2026-04-10 12:12:57,SELL,OUT,0.15,1.20985,4.64,0.0,-0.15,AUDNZD.p,[tp 1.20985]
159075032,191129765,2026-04-10 13:45:00,SELL,IN,0.15,1.8596599999999999,0.0,0.0,-0.15,GBPCAD.p,
159095432,191171944,2026-04-10 14:30:00,SELL,IN,0.15,1.62036,0.0,0.0,-0.15,EURCAD.p,
159117852,191229785,2026-04-10 15:15:00,SELL,IN,0.3,201.848,0.0,0.0,-0.3,CHFJPY.p,
159131777,191264153,2026-04-10 15:30:05,BUY,OUT,0.15,159.01,6.04,0.0,-0.15,USDJPY.p,
159152610,191305190,2026-04-10 15:45:00,SELL,IN,0.6,214.135,0.0,0.0,-0.6,GBPJPY.p,
159152618,191305211,2026-04-10 15:45:00,SELL,IN,0.15,1.71391,0.0,0.0,-0.15,GBPSGD.p,
159164162,191341845,2026-04-10 16:00:00,BUY,IN,0.15,159.171,0.0,0.0,-0.15,USDJPY.p,
159188065,191396396,2026-04-10 16:28:37,SELL,OUT,0.15,0.58607,7.8,0.0,-0.15,NZDUSD.p,[tp 0.58607]
159189967,191399546,2026-04-10 16:30:00,SELL,IN,0.6,1.17339,0.0,0.0,-0.6,EURUSD.p,
159190039,191399624,2026-04-10 16:30:00,SELL,IN,2.4,186.693,0.0,0.0,-2.4,EURJPY.p,
159190066,191399661,2026-04-10 16:30:00,SELL,IN,0.3,93.265,0.0,0.0,-0.3,NZDJPY.p,
159190088,191399733,2026-04-10 16:30:01,BUY,IN,0.6,1.27275,0.0,0.0,-0.6,USDSGD.p,
159194828,191407130,2026-04-10 16:32:11,SELL,OUT,0.15,0.8096,6.08,0.0,-0.15,NZDCAD.p,[tp 0.80960]
159212234,191444902,2026-04-10 16:47:36,BUY,OUT,0.15,1.85907,6.41,0.0,-0.15,GBPCAD.p,[tp 1.85907]
159213080,191446586,2026-04-10 16:48:39,SELL,IN,0.15,1.85949,0.0,0.0,-0.15,GBPCAD.p,
159247304,191518323,2026-04-10 17:23:28,BUY,OUT,0.15,2.00032,20.86,0.0,-0.15,EURNZD.p,[tp 2.00032]
159247316,191518354,2026-04-10 17:23:30,BUY,OUT,0.15,2.00028,-14.35,0.0,-0.15,EURNZD.p,[tp 2.00028]
159247368,191518497,2026-04-10 17:23:38,SELL,IN,0.15,2.00025,0.0,0.0,-0.15,EURNZD.p,
159265712,191561549,2026-04-10 17:43:13,BUY,OUT,0.15,1.61957,8.58,0.0,-0.15,EURCAD.p,[tp 1.61957]
159268129,191566342,2026-04-10 17:45:00,SELL,IN,0.15,0.58593,0.0,0.0,-0.15,NZDUSD.p,
159279752,191589535,2026-04-10 17:55:20,SELL,OUT,0.15,0.9254,10.26,0.0,-0.15,EURCHF.p,[tp 0.92540]
159280002,191589896,2026-04-10 17:55:23,SELL,OUT,0.15,1.06261,9.88,0.0,-0.15,GBPCHF.p,[tp 1.06261]
159280185,191590277,2026-04-10 17:55:30,BUY,IN,0.15,0.92536,0.0,0.0,-0.15,EURCHF.p,
159284765,191604469,2026-04-10 18:00:00,BUY,IN,0.15,1.06207,0.0,0.0,-0.15,GBPCHF.p,
159307667,191647974,2026-04-10 18:28:58,SELL,OUT,0.3,2.30243,157.67,0.1,-0.3,GBPNZD.p,[tp 2.30243]
159307672,191648001,2026-04-10 18:28:58,SELL,OUT,0.14,2.30246,-139.78,0.19,-0.14,GBPNZD.p,[tp 2.30246]
159307674,191648002,2026-04-10 18:28:58,SELL,OUT,0.15,2.30247,7.46,0.05,-0.15,GBPNZD.p,[tp 2.30247]
159308955,191649968,2026-04-10 18:30:00,SELL,IN,0.15,1.62216,0.0,0.0,-0.15,EURCAD.p,
159366512,191758045,2026-04-10 19:30:00,SELL,IN,0.15,2.30454,0.0,0.0,-0.15,GBPNZD.p,
159366530,191758113,2026-04-10 19:30:00,SELL,IN,0.15,1.21113,0.0,0.0,-0.15,AUDNZD.p,
159445376,191902615,2026-04-10 22:06:26,SELL,OUT,0.15,159.296,11.77,0.0,-0.15,USDJPY.p,[tp 159.296]
159458986,191958221,2026-04-10 22:45:00,SELL,IN,0.15,159.279,0.0,0.0,-0.15,USDJPY.p,
159488260,192031525,2026-04-10 23:55:30,BUY,OUT,0.15,0.58396,29.55,0.0,-0.15,NZDUSD.p,[tp 0.58396]
159659519,192207081,2026-04-13 00:01:00,BUY,OUT,0.15,0.46039,9.66,-5.45,-0.15,NZDCHF.p,[tp 0.46039]
159663929,192211483,2026-04-13 00:30:00,SELL,IN,0.15,2.01101,0.0,0.0,-0.15,EURNZD.p,
159665132,192212643,2026-04-13 00:50:35,BUY,OUT,0.15,1.20711,35.04,-0.89,-0.15,AUDNZD.p,[tp 1.20711]
159673024,192219340,2026-04-13 01:01:06,SELL,OUT,0.14,1.38676,-42.2,1.6600000000000001,-0.14,USDCAD.p,[tp 1.38676]
159673026,192219341,2026-04-13 01:01:06,SELL,OUT,0.14,1.38679,-0.1,1.3900000000000001,-0.14,USDCAD.p,[tp 1.38679]
159673028,192219342,2026-04-13 01:01:06,SELL,OUT,0.3,1.38679,110.11,1.18,-0.3,USDCAD.p,[tp 1.38679]
159673084,192219431,2026-04-13 01:01:06,SELL,OUT,0.13,1.66615,-83.98,-12.64,-0.13,EURAUD.p,[tp 1.66615]
159673086,192219432,2026-04-13 01:01:06,SELL,OUT,0.14,1.66615,103.78,-7.82,-0.14,EURAUD.p,[tp 1.66615]
159673088,192219433,2026-04-13 01:01:06,SELL,OUT,0.3,1.6661299999999999,209.99,-6.72,-0.3,EURAUD.p,[tp 1.66613]
159675107,192222109,2026-04-13 01:01:39,SELL,OUT,0.13,1.91221,-72.96,-8.21,-0.13,GBPAUD.p,[tp 1.91221]
159675112,192222112,2026-04-13 01:01:39,SELL,OUT,0.14,1.91221,52.67,-5.23,-0.14,GBPAUD.p,[tp 1.91221]
159675115,192222114,2026-04-13 01:01:39,SELL,OUT,0.3,1.91221,252.86,-4.49,-0.3,GBPAUD.p,[tp 1.91221]
159676868,192224379,2026-04-13 01:02:09,SELL,IN,0.16,1.6663999999999999,0.0,0.0,-0.16,EURAUD.p,
159679259,192227458,2026-04-13 01:03:01,BUY,OUT,0.15,1.85795,16.65,-1.6099999999999999,-0.15,GBPCAD.p,[tp 1.85795]
159679760,192228171,2026-04-13 01:03:11,BUY,IN,0.16,1.858,0.0,0.0,-0.16,GBPCAD.p,
159682328,192231947,2026-04-13 01:04:11,BUY,OUT,0.14,0.70039,-94.78,-1.19,-0.14,AUDUSD.p,[tp 0.70039]
159682532,192232297,2026-04-13 01:04:20,BUY,OUT,0.14,0.70037,-17.64,-0.99,-0.14,AUDUSD.p,[tp 0.70037]
159682534,192232298,2026-04-13 01:04:20,BUY,OUT,0.3,0.70037,159.0,-0.84,-0.3,AUDUSD.p,[tp 0.70037]
159684376,192235319,2026-04-13 01:05:30,BUY,OUT,0.15,1.61927,31.25,-0.31,-0.15,EURCAD.p,[tp 1.61927]
159684623,192235841,2026-04-13 01:05:44,BUY,OUT,0.15,0.74094,25.95,-1.5,-0.15,NZDSGD.p,[tp 0.74094]
159685698,192237550,2026-04-13 01:06:33,BUY,IN,0.16,0.74104,0.0,0.0,-0.16,NZDSGD.p,
159689984,192244364,2026-04-13 01:08:47,BUY,OUT,0.15,1.71076,-18.55,-4.48,-0.15,GBPSGD.p,[tp 1.71076]
159689986,192244365,2026-04-13 01:08:47,BUY,OUT,0.15,1.71076,36.99,-2.24,-0.15,GBPSGD.p,[tp 1.71076]
159690810,192245869,2026-04-13 01:09:50,BUY,IN,0.16,1.71158,0.0,0.0,-0.16,GBPSGD.p,
159697801,192257591,2026-04-13 01:15:00,BUY,IN,0.16,0.70143,0.0,0.0,-0.16,AUDUSD.p,
159697823,192257631,2026-04-13 01:15:00,BUY,IN,0.16,0.45942,0.0,0.0,-0.16,NZDCHF.p,
159697839,192257656,2026-04-13 01:15:00,BUY,IN,0.16,1.6193499999999998,0.0,0.0,-0.16,EURCAD.p,
159697857,192257681,2026-04-13 01:15:01,BUY,IN,0.16,1.20944,0.0,0.0,-0.16,AUDNZD.p,
159715672,192290020,2026-04-13 01:27:59,SELL,OUT,0.13,1.27814,-102.12,1.25,-0.13,USDSGD.p,[tp 1.27814]
159715674,192290021,2026-04-13 01:27:59,SELL,OUT,0.14,1.27814,-58.82,1.1400000000000001,-0.14,USDSGD.p,[tp 1.27814]
159715676,192290022,2026-04-13 01:27:59,SELL,OUT,0.28,1.27814,-16.87,1.9,-0.28,USDSGD.p,[tp 1.27814]
159715678,192290023,2026-04-13 01:27:59,SELL,OUT,0.6,1.27814,253.02,0.82,-0.6,USDSGD.p,[tp 1.27814]
159718478,192295060,2026-04-13 01:30:00,SELL,IN,0.16,1.38689,0.0,0.0,-0.16,USDCAD.p,
159732827,192314421,2026-04-13 01:45:00,BUY,IN,0.16,0.80472,0.0,0.0,-0.16,NZDCAD.p,
159732833,192314450,2026-04-13 01:45:00,BUY,IN,0.16,0.58018,0.0,0.0,-0.16,NZDUSD.p,
159739618,192324098,2026-04-13 02:00:00,SELL,IN,0.16,1.27814,0.0,0.0,-0.16,USDSGD.p,
159762245,192363248,2026-04-13 02:40:32,BUY,OUT,0.15,201.428,-44.61,0.12,-0.15,CHFJPY.p,[tp 201.428]
159762247,192363249,2026-04-13 02:40:32,BUY,OUT,0.15,201.428,-12.4,0.12,-0.15,CHFJPY.p,[tp 201.428]
159762249,192363250,2026-04-13 02:40:32,BUY,OUT,0.3,201.428,78.89,0.11,-0.3,CHFJPY.p,[tp 201.428]
159773579,192383519,2026-04-13 03:00:00,BUY,IN,0.16,201.466,0.0,0.0,-0.16,CHFJPY.p,
159787972,192406467,2026-04-13 03:25:27,SELL,OUT,0.15,0.92588,9.84,0.42,-0.15,EURCHF.p,[tp 0.92588]
159803703,192437322,2026-04-13 03:53:50,BUY,OUT,0.15,2.30383,6.19,-1.49,-0.15,GBPNZD.p,[tp 2.30383]
159826674,192475086,2026-04-13 04:15:00,SELL,IN,0.16,0.9259,0.0,0.0,-0.16,EURCHF.p,
159834527,192491660,2026-04-13 04:30:00,BUY,IN,0.16,2.30307,0.0,0.0,-0.16,GBPNZD.p,
159913664,192665040,2026-04-13 07:28:08,BUY,IN,0.16,1.9045999999999998,0.0,0.0,-0.16,GBPAUD.p,
159913690,192665198,2026-04-13 07:28:29,BUY,OUT,0.16,1.66044,67.13,0.0,-0.16,EURAUD.p,[tp 1.66044]
159913708,192665273,2026-04-13 07:28:38,BUY,IN,0.16,1.6604999999999999,0.0,0.0,-0.16,EURAUD.p,
159937225,192717155,2026-04-13 08:27:31,SELL,OUT,0.16,0.70397,40.64,0.0,-0.16,AUDUSD.p,[tp 0.70397]
159939555,192720946,2026-04-13 08:32:12,SELL,OUT,0.16,1.62,7.5,0.0,-0.16,EURCAD.p,[tp 1.62000]
159945387,192734792,2026-04-13 08:45:00,SELL,IN,0.16,0.7039,0.0,0.0,-0.16,AUDUSD.p,
159955299,192757778,2026-04-13 09:00:00,SELL,IN,0.16,1.62005,0.0,0.0,-0.16,EURCAD.p,
159955369,192757927,2026-04-13 09:00:03,SELL,OUT,0.16,201.638,17.23,0.0,-0.16,CHFJPY.p,[tp 201.638]
159956413,192759197,2026-04-13 09:00:25,BUY,OUT,0.16,1.38588,11.66,0.0,-0.16,USDCAD.p,[tp 1.38588]
159956564,192759375,2026-04-13 09:00:37,SELL,OUT,0.16,1.71128,-3.76,0.0,-0.16,GBPSGD.p,[tp 1.71128]
159956783,192759644,2026-04-13 09:00:49,SELL,OUT,0.16,0.58277,41.44,0.0,-0.16,NZDUSD.p,[tp 0.58277]
159956788,192759649,2026-04-13 09:00:49,SELL,OUT,0.16,0.74369,33.23,0.0,-0.16,NZDSGD.p,[tp 0.74369]
159957157,192760484,2026-04-13 09:01:28,SELL,IN,0.16,1.38579,0.0,0.0,-0.16,USDCAD.p,
159959949,192765768,2026-04-13 09:07:29,SELL,OUT,0.16,1.85859,6.8100000000000005,0.0,-0.16,GBPCAD.p,[tp 1.85859]
159971137,192805887,2026-04-13 09:30:00,BUY,IN,0.16,201.666,0.0,0.0,-0.16,CHFJPY.p,
159975465,192820274,2026-04-13 09:37:07,BUY,OUT,0.15,2.0051,-42.39,-0.16,-0.15,EURNZD.p,[tp 2.00510]
159975467,192820275,2026-04-13 09:37:07,BUY,OUT,0.15,2.0051,51.66,0.0,-0.15,EURNZD.p,[tp 2.00510]
159978821,192832630,2026-04-13 09:45:00,SELL,IN,0.16,0.58262,0.0,0.0,-0.16,NZDUSD.p,
159984111,192844412,2026-04-13 09:52:39,BUY,OUT,0.16,0.92477,22.84,0.0,-0.16,EURCHF.p,[tp 0.92477]
159986566,192860723,2026-04-13 10:00:00,SELL,OUT,0.16,0.80768,34.18,0.0,-0.16,NZDCAD.p,[tp 0.80768]
159986585,192860754,2026-04-13 10:00:00,BUY,OUT,0.16,1.276,26.83,0.0,-0.16,USDSGD.p,[tp 1.27600]
160017603,192938314,2026-04-13 10:45:00,BUY,IN,0.16,2.00401,0.0,0.0,-0.16,EURNZD.p,
160017613,192938326,2026-04-13 10:45:00,SELL,IN,0.16,0.80794,0.0,0.0,-0.16,NZDCAD.p,
160030883,192962953,2026-04-13 11:00:00,BUY,IN,0.16,0.92418,0.0,0.0,-0.16,EURCHF.p,
160037883,192982307,2026-04-13 11:15:00,SELL,IN,0.16,1.71255,0.0,0.0,-0.16,GBPSGD.p,
160037888,192982316,2026-04-13 11:15:00,SELL,IN,0.16,0.74399,0.0,0.0,-0.16,NZDSGD.p,
160069539,193050328,2026-04-13 12:09:03,SELL,OUT,0.16,2.30362,5.13,0.0,-0.16,GBPNZD.p,[tp 2.30362]
160081174,193075543,2026-04-13 12:25:13,SELL,OUT,0.16,1.90518,6.54,0.0,-0.16,GBPAUD.p,[tp 1.90518]
160095417,193105790,2026-04-13 12:45:00,SELL,IN,0.16,2.30346,0.0,0.0,-0.16,GBPNZD.p,
160107034,193131656,2026-04-13 13:15:00,SELL,IN,0.16,1.90529,0.0,0.0,-0.16,GBPAUD.p,
160140493,193213316,2026-04-13 14:12:01,BUY,OUT,0.16,1.6183800000000002,19.31,0.0,-0.16,EURCAD.p,[tp 1.61838]
160140528,193213406,2026-04-13 14:12:04,BUY,OUT,0.16,1.38348,26.72,0.0,-0.16,USDCAD.p,[tp 1.38348]
160148027,193237872,2026-04-13 14:30:00,BUY,IN,0.16,1.38387,0.0,0.0,-0.16,USDCAD.p,
160161278,193265925,2026-04-13 14:42:17,SELL,OUT,0.16,202.14,47.47,0.0,-0.16,CHFJPY.p,[tp 202.140]
160165345,193273059,2026-04-13 14:45:00,SELL,IN,0.16,202.169,0.0,0.0,-0.16,CHFJPY.p,
160172847,193291502,2026-04-13 14:53:05,SELL,OUT,0.16,1.6610399999999998,6.08,0.0,-0.16,EURAUD.p,[tp 1.66104]
160178939,193306140,2026-04-13 15:00:01,BUY,OUT,0.16,0.58184,12.48,0.0,-0.16,NZDUSD.p,[tp 0.58184]
160179072,193306486,2026-04-13 15:00:10,BUY,OUT,0.16,0.70337,8.48,0.0,-0.16,AUDUSD.p,[tp 0.70337]
160207860,193368085,2026-04-13 15:30:00,BUY,IN,0.17,0.58208,0.0,0.0,-0.17,NZDUSD.p,
160230988,193425331,2026-04-13 16:00:00,SELL,IN,0.17,1.6608100000000001,0.0,0.0,-0.17,EURAUD.p,
160251872,193466730,2026-04-13 16:16:57,SELL,OUT,0.16,2.00795,36.73,0.0,-0.16,EURNZD.p,[tp 2.00795]
160252076,193467247,2026-04-13 16:17:09,BUY,OUT,0.16,0.80592,23.36,0.0,-0.16,NZDCAD.p,[tp 0.80592]
160257072,193484401,2026-04-13 16:22:44,SELL,OUT,0.16,0.46025,16.82,0.0,-0.16,NZDCHF.p,[tp 0.46025]
160261706,193499874,2026-04-13 16:30:00,SELL,IN,1.3599999999999999,214.814,0.0,0.0,-1.3599999999999999,GBPJPY.p,
160261744,193499918,2026-04-13 16:30:00,SELL,IN,0.17,2.00747,0.0,0.0,-0.17,EURNZD.p,
160261776,193499958,2026-04-13 16:30:00,SELL,IN,0.34,115.51,0.0,0.0,-0.34,CADJPY.p,
160311201,193581869,2026-04-13 17:00:00,BUY,IN,0.17,0.46047,0.0,0.0,-0.17,NZDCHF.p,
160330224,193618678,2026-04-13 17:15:00,SELL,IN,0.17,1.86005,0.0,0.0,-0.17,GBPCAD.p,
160330239,193618698,2026-04-13 17:15:00,BUY,IN,0.17,0.78826,0.0,0.0,-0.17,USDCHF.p,
160392879,193719041,2026-04-13 18:00:00,SELL,IN,0.17,0.70651,0.0,0.0,-0.17,AUDUSD.p,
160425194,193786264,2026-04-13 18:23:58,BUY,OUT,0.16,2.3027699999999998,6.45,0.0,-0.16,GBPNZD.p,[tp 2.30277]
160426416,193788044,2026-04-13 18:25:01,BUY,IN,0.17,2.30301,0.0,0.0,-0.17,GBPNZD.p,
160442355,193823198,2026-04-13 18:45:00,BUY,IN,0.17,1.6172499999999999,0.0,0.0,-0.17,EURCAD.p,
160476233,193887389,2026-04-13 19:24:17,BUY,OUT,0.16,1.90469,6.78,0.0,-0.16,GBPAUD.p,[tp 1.90469]
160483197,193902404,2026-04-13 19:30:00,SELL,IN,2.7199999999999998,112.903,0.0,0.0,-2.7199999999999998,AUDJPY.p,
160501451,193936051,2026-04-13 19:45:00,SELL,IN,0.34,1.34768,0.0,0.0,-0.34,GBPUSD.p,
160529342,193997400,2026-04-13 20:15:03,SELL,IN,0.34,1.49359,0.0,0.0,-0.34,EURSGD.p,
160549823,194051858,2026-04-13 20:45:00,BUY,IN,0.17,1.9033099999999998,0.0,0.0,-0.17,GBPAUD.p,
160549827,194051864,2026-04-13 20:45:00,SELL,IN,0.17,1.71733,0.0,0.0,-0.17,GBPSGD.p,
160594450,194153962,2026-04-13 22:07:04,BUY,OUT,0.17,1.65659,50.91,0.0,-0.17,EURAUD.p,
160594560,194154147,2026-04-13 22:07:10,SELL,OUT,0.17,1.62144,51.64,0.0,-0.17,EURCAD.p,
160594778,194154818,2026-04-13 22:07:36,SELL,OUT,0.17,0.58702,83.98,0.0,-0.17,NZDUSD.p,
160595556,194156093,2026-04-13 22:08:01,BUY,OUT,0.17,2.00285,46.1,0.0,-0.17,EURNZD.p,
160596602,194159746,2026-04-13 22:10:20,BUY,OUT,2.7199999999999998,113.075,-293.62,0.0,-2.7199999999999998,AUDJPY.p,
160596638,194159984,2026-04-13 22:10:45,BUY,OUT,2.4,187.324,-950.45,-15.14,-2.4,EURJPY.p,
160596739,194160298,2026-04-13 22:11:13,SELL,IN,5.12,187.33,0.0,0.0,-5.12,EURJPY.p,
160596741,194160303,2026-04-13 22:11:13,SELL,IN,0.32,0.97865,0.0,0.0,-0.32,AUDCAD.p,
160596742,194160305,2026-04-13 22:11:13,SELL,IN,0.16,203.317,0.0,0.0,-0.16,CHFJPY.p,
160596743,194160306,2026-04-13 22:11:13,BUY,IN,0.16,1.05825,0.0,0.0,-0.16,GBPCHF.p,
160597096,194160992,2026-04-13 22:12:06,BUY,OUT,0.13,0.55616,-82.11,-14.3,-0.13,AUDCHF.p,
160597097,194160993,2026-04-13 22:12:06,BUY,OUT,0.15,0.55616,36.37,-3.76,-0.15,AUDCHF.p,
160597176,194161133,2026-04-13 22:12:16,SELL,OUT,0.16,1.20886,-5.45,0.0,-0.16,AUDNZD.p,
160597214,194161289,2026-04-13 22:12:37,BUY,OUT,5.12,187.359,-93.18,0.0,-5.12,EURJPY.p,
160597360,194161752,2026-04-13 22:13:30,SELL,OUT,0.17,0.46001,-9.98,0.0,-0.17,NZDCHF.p,
160597569,194162113,2026-04-13 22:13:52,SELL,OUT,0.17,1.9028399999999999,-5.67,0.0,-0.17,GBPAUD.p,
160597609,194162278,2026-04-13 22:14:08,SELL,OUT,0.17,2.30036,-26.44,0.0,-0.17,GBPNZD.p,
160597651,194162390,2026-04-13 22:14:19,BUY,OUT,0.15,159.355,-7.15,-1.67,-0.15,USDJPY.p,
160597855,194162875,2026-04-13 22:15:00,BUY,IN,0.15,0.56832,0.0,0.0,-0.15,CADCHF.p,
160597940,194162983,2026-04-13 22:15:04,SELL,IN,0.15,0.58703,0.0,0.0,-0.15,NZDUSD.p,
160603740,194174311,2026-04-13 22:27:10,SELL,OUT,0.15,0.56833,0.19,0.0,-0.15,CADCHF.p,
160603966,194174686,2026-04-13 22:27:48,BUY,OUT,0.15,0.58717,-2.1,0.0,-0.15,NZDUSD.p,
160643590,194261314,2026-04-14 01:15:00,BUY,IN,0.15,2.00425,0.0,0.0,-0.15,EURNZD.p,
160683960,194365097,2026-04-14 03:00:00,SELL,IN,0.15,0.80942,0.0,0.0,-0.15,NZDCAD.p,
160693872,194383974,2026-04-14 03:15:01,SELL,IN,0.15,1.62199,0.0,0.0,-0.15,EURCAD.p,
160699137,194395970,2026-04-14 03:24:56,SELL,IN,0.3,1.72116,0.0,0.0,-0.3,GBPSGD.p,
160702979,194403615,2026-04-14 03:30:00,BUY,IN,0.15,159.245,0.0,0.0,-0.15,USDJPY.p,
160715387,194436870,2026-04-14 04:00:00,SELL,IN,0.15,1.90608,0.0,0.0,-0.15,GBPAUD.p,
160715493,194437006,2026-04-14 04:00:00,SELL,IN,0.15,2.3037,0.0,0.0,-0.15,GBPNZD.p,
160715513,194437037,2026-04-14 04:00:00,SELL,IN,0.15,1.65952,0.0,0.0,-0.15,EURAUD.p,
160741762,194501835,2026-04-14 04:45:00,BUY,IN,0.15,0.56821,0.0,0.0,-0.15,CADCHF.p,
160757961,194547454,2026-04-14 05:30:00,BUY,IN,0.15,0.586,0.0,0.0,-0.15,NZDUSD.p,
160785336,194618680,2026-04-14 06:56:07,SELL,OUT,0.15,2.00546,10.65,0.0,-0.15,EURNZD.p,[tp 2.00546]
160788704,194627692,2026-04-14 07:15:00,SELL,IN,0.15,2.00532,0.0,0.0,-0.15,EURNZD.p,
160822283,194697395,2026-04-14 08:45:00,BUY,IN,0.15,1.20668,0.0,0.0,-0.15,AUDNZD.p,
160836208,194729235,2026-04-14 09:10:28,BUY,OUT,0.15,1.6214499999999998,5.88,0.0,-0.15,EURCAD.p,[tp 1.62145]
160836791,194731079,2026-04-14 09:11:31,SELL,IN,0.15,1.6214300000000001,0.0,0.0,-0.15,EURCAD.p,
160838582,194740298,2026-04-14 09:16:20,BUY,OUT,0.15,2.30097,24.05,0.0,-0.15,GBPNZD.p,[tp 2.30097]
160848701,194783979,2026-04-14 09:45:00,SELL,IN,0.6,93.622,0.0,0.0,-0.6,NZDJPY.p,
160880687,194844708,2026-04-14 10:15:00,SELL,IN,0.6,1.49952,0.0,0.0,-0.6,EURSGD.p,
160882205,194848372,2026-04-14 10:17:58,BUY,IN,0.15,0.92064,0.0,0.0,-0.15,EURCHF.p,
160909575,194898076,2026-04-14 10:54:07,BUY,IN,0.15,2.2987,0.0,0.0,-0.15,GBPNZD.p,
160924335,194931344,2026-04-14 11:25:17,BUY,OUT,0.15,1.65899,5.64,0.0,-0.15,EURAUD.p,[tp 1.65899]
160927138,194935930,2026-04-14 11:29:04,BUY,OUT,0.15,1.90551,6.07,0.0,-0.15,GBPAUD.p,[tp 1.90551]
160931745,194945047,2026-04-14 11:37:02,SELL,OUT,0.15,0.58897,44.55,0.0,-0.15,NZDUSD.p,[tp 0.58897]
160939171,194957258,2026-04-14 11:50:31,BUY,OUT,1.3599999999999999,215.324,-436.06,-19.27,-1.3599999999999999,GBPJPY.p,
160939318,194957472,2026-04-14 11:50:47,BUY,OUT,0.15,2.00008,46.3,0.0,-0.15,EURNZD.p,
160949362,194979356,2026-04-14 12:13:38,BUY,IN,0.15,1.90576,0.0,0.0,-0.15,GBPAUD.p,
160949803,194980760,2026-04-14 12:15:00,SELL,IN,0.15,0.58916,0.0,0.0,-0.15,NZDUSD.p,
160949816,194980776,2026-04-14 12:15:00,BUY,IN,0.15,2.00087,0.0,0.0,-0.15,EURNZD.p,
160989425,195053144,2026-04-14 13:17:55,SELL,OUT,0.15,1.20721,4.6899999999999995,0.0,-0.15,AUDNZD.p,[tp 1.20721]
161058651,195188288,2026-04-14 14:57:34,SELL,OUT,0.16,0.92076,-70.11,0.42,-0.16,EURCHF.p,
161058652,195188289,2026-04-14 14:57:34,SELL,OUT,0.15,0.92076,2.31,0.0,-0.15,EURCHF.p,
161058740,195188436,2026-04-14 14:57:42,SELL,OUT,0.15,1.9992,-14.78,0.0,-0.15,EURNZD.p,
161059007,195188767,2026-04-14 14:57:51,SELL,OUT,0.15,158.79,-42.98,0.0,-0.15,USDJPY.p,
161089207,195245637,2026-04-14 15:30:01,BUY,OUT,1.2,187.383,-939.56,-22.17,-1.2,EURJPY.p,[so 49.00%/1509.94/3081.73]
161089353,195245806,2026-04-14 15:30:02,BUY,OUT,1.2,113.194,-881.41,-29.93,-1.2,AUDJPY.p,[so 50.00%/1400.38/2801.04]
161121948,195316414,2026-04-14 16:05:15,SELL,OUT,0.15,2.29791,-7.0,0.0,-0.15,GBPNZD.p,[tp 2.29791]
161129939,195340665,2026-04-14 16:15:59,BUY,OUT,0.15,1.6209,5.79,0.0,-0.15,EURCAD.p,[tp 1.62090]
161158577,195383655,2026-04-14 16:37:45,BUY,OUT,0.6,187.45,-671.7,-11.09,-0.6,EURJPY.p,[so 49.96%/1277.04/2556.05]
161184108,195441701,2026-04-14 17:00:01,BUY,OUT,0.56,113.39,-678.23,-28.24,-0.56,AUDJPY.p,[so 49.96%/1207.01/2415.93]
161184668,195442442,2026-04-14 17:00:17,BUY,OUT,0.6,215.783,-622.47,-17.29,-0.6,GBPJPY.p,[so 50.00%/1168.76/2337.63]
161208671,195481477,2026-04-14 17:19:46,BUY,OUT,0.28,1.18052,-571.48,6.26,-0.28,EURUSD.p,[so 49.78%/1083.18/2176.11]
161211715,195485988,2026-04-14 17:21:00,BUY,OUT,0.13,1.3587,-484.51,-1.48,-0.13,GBPUSD.p,[so 49.75%/1050.21/2111.14]
161211736,195486016,2026-04-14 17:21:00,BUY,OUT,0.6,1.18067,-436.8,3.86,-0.6,EURUSD.p,[so 49.97%/1037.72/2076.78]
161246579,195551647,2026-04-14 17:54:50,BUY,OUT,0.3,215.637,-427.75,-13.04,-0.3,GBPJPY.p,[so 50.00%/967.95/1935.98]
161247601,195552834,2026-04-14 17:55:08,BUY,OUT,0.3,187.419,-421.2,-5.55,-0.3,EURJPY.p,[so 49.98%/927.33/1855.41]
161394148,195801165,2026-04-14 21:11:24,SELL,IN,0.36,1.3569499999999999,0.0,0.0,-0.36,GBPUSD.p,
161395476,195803417,2026-04-14 21:14:32,BUY,IN,0.09,1.3768799999999999,0.0,0.0,-0.09,USDCAD.p,
161704839,196389163,2026-04-15 08:19:47,BUY,OUT,0.28,113.533,-446.64,-18.72,-0.28,AUDJPY.p,[so 50.00%/950.55/1901.16]
161902445,196860035,2026-04-15 13:28:55,SELL,IN,0.64,1.1773500000000001,0.0,0.0,-0.64,EURUSD.p,
161902446,196860044,2026-04-15 13:28:55,SELL,IN,0.08,0.71303,0.0,0.0,-0.08,AUDUSD.p,
161927255,196930455,2026-04-15 14:22:22,SELL,OUT,0.15,1.06049,-30.28,2.9,-0.15,GBPCHF.p,[tp 1.06049]
161927257,196930456,2026-04-15 14:22:22,SELL,OUT,0.16,1.06049,45.79,2.04,-0.16,GBPCHF.p,[tp 1.06049]
162004670,197108510,2026-04-15 16:25:36,BUY,OUT,0.13,215.725,-395.24,-17.04,-0.13,GBPJPY.p,[so 49.97%/969.83/1940.79]
162005547,197109809,2026-04-15 16:26:11,BUY,OUT,0.14,1.35647,-347.76,-1.33,-0.14,GBPUSD.p,[so 49.98%/952.89/1906.43]
162007995,197115950,2026-04-15 16:29:43,BUY,OUT,0.12,1.17963,-324.84,4.21,-0.12,EURUSD.p,[so 49.89%/932.46/1869.14]
162008093,197116058,2026-04-15 16:29:44,BUY,OUT,0.14,1.17968,-323.26,3.61,-0.14,EURUSD.p,[so 49.95%/919.90/1841.48]
162008297,197116570,2026-04-15 16:30:00,BUY,OUT,0.13,113.657,-316.76,-11.74,-0.13,AUDJPY.p,[so 49.99%/904.44/1809.09]
162008368,197116635,2026-04-15 16:30:00,BUY,OUT,0.34,1.35666,-305.32,-0.78,-0.34,GBPUSD.p,[so 49.97%/894.99/1791.21]
162057927,197209237,2026-04-15 17:16:46,BUY,OUT,0.14,215.745,-302.01,-14.25,-0.14,GBPJPY.p,[so 49.98%/849.46/1699.57]
162058196,197209585,2026-04-15 17:16:52,BUY,OUT,0.12,187.515,-285.51,-8.1,-0.12,EURJPY.p,[so 49.98%/830.85/1662.28]
162058399,197209929,2026-04-15 17:17:01,SELL,OUT,0.14,0.78101,-286.09,6.63,-0.14,USDCHF.p,[so 49.99%/817.17/1634.62]
162058917,197210477,2026-04-15 17:17:11,BUY,OUT,0.14,113.738,-281.68,-10.55,-0.14,AUDJPY.p,[so 49.97%/802.84/1606.62]
162058927,197210500,2026-04-15 17:17:11,BUY,OUT,0.14,187.516,-243.55,-6.9399999999999995,-0.14,EURJPY.p,[so 49.91%/792.22/1587.21]
162060969,197213996,2026-04-15 17:18:59,BUY,OUT,0.3,0.9095,-233.37,-11.42,-0.3,AUDSGD.p,[so 50.00%/777.38/1554.84]
162061008,197214040,2026-04-15 17:19:00,BUY,OUT,0.14,93.872,-233.96,-4.76,-0.14,NZDJPY.p,[so 49.98%/755.94/1512.48]
162061057,197214158,2026-04-15 17:19:08,BUY,OUT,0.14,0.90955,-208.68,-10.6,-0.14,AUDSGD.p,[so 49.99%/748.09/1496.47]
162061694,197215442,2026-04-15 17:20:01,BUY,OUT,0.14,0.9837,-188.98,-7.13,-0.14,AUDCAD.p,[so 49.79%/735.36/1477.04]
162061739,197215491,2026-04-15 17:20:02,BUY,OUT,0.14,1.49945,-186.22,-8.9,-0.14,EURSGD.p,[so 49.99%/728.60/1457.61]
162061764,197215551,2026-04-15 17:20:02,BUY,OUT,0.16,1.72538,-161.48,-5.08,-0.16,GBPSGD.p,[so 49.99%/712.56/1425.29]
162061980,197216088,2026-04-15 17:20:27,SELL,OUT,0.17,0.78095,-159.13,2.19,-0.17,USDCHF.p,[so 49.94%/690.31/1382.32]
162062211,197216745,2026-04-15 17:20:56,BUY,OUT,0.34,1.49945,-156.73,-5.28,-0.34,EURSGD.p,[so 50.00%/674.12/1348.32]
162064034,197220349,2026-04-15 17:24:05,BUY,OUT,0.17,0.71574,-156.91,-0.6,-0.17,AUDUSD.p,[so 49.99%/634.20/1268.55]
162064115,197220434,2026-04-15 17:24:05,BUY,OUT,0.14,0.90986,-156.06,-9.29,-0.14,AUDSGD.p,[so 49.66%/618.06/1244.53]
162065592,197222585,2026-04-15 17:26:11,BUY,OUT,0.64,1.17972,-151.68,0.0,-0.64,EURUSD.p,[so 49.97%/612.11/1224.95]
162067714,197227103,2026-04-15 17:29:30,BUY,OUT,0.16,203.588,-142.84,0.14,-0.16,CHFJPY.p,[so 49.99%/537.06/1074.25]
162068021,197227800,2026-04-15 17:30:01,BUY,OUT,0.14,0.98418,-140.1,-6.23,-0.14,AUDCAD.p,[so 49.91%/515.91/1033.76]
162095751,197280997,2026-04-15 18:06:01,SELL,OUT,0.15,0.56873,9.98,0.31,-0.15,CADCHF.p,[tp 0.56873]
162152647,197378292,2026-04-15 19:08:01,BUY,OUT,0.6,93.984,-136.58,-2.57,-0.6,NZDJPY.p,[so 49.99%/496.16/992.43]
162212818,197508624,2026-04-15 20:58:41,BUY,OUT,0.3,94.003,-139.16,-3.84,-0.3,NZDJPY.p,[so 49.93%/460.33/921.86]
162214801,197512535,2026-04-15 21:01:48,SELL,OUT,0.15,1.89371,-129.53,-1.04,-0.15,GBPAUD.p,[so 49.97%/443.05/886.69]
162215540,197513504,2026-04-15 21:02:06,BUY,OUT,0.32,0.98423,-130.05,-3.95,-0.32,AUDCAD.p,[so 49.96%/422.72/846.06]
162216798,197514966,2026-04-15 21:02:23,SELL,OUT,0.16,1.37284,-128.55,0.56,-0.16,USDCAD.p,[so 49.88%/399.39/800.64]
162217554,197515798,2026-04-15 21:02:31,BUY,OUT,0.15,115.853,-124.5,-4.49,-0.15,CADJPY.p,[so 49.98%/384.19/768.64]
162290304,197683231,2026-04-16 00:01:00,BUY,OUT,0.15,1.50182,-138.04,-6.86,-0.15,EURSGD.p,[so 34.32%/256.33/746.98]
162290305,197683235,2026-04-16 00:01:00,BUY,OUT,0.3,1.7262300000000002,-119.53,-19.07,-0.3,GBPSGD.p,[so 36.01%/256.32/711.90]
162290306,197683239,2026-04-16 00:01:00,BUY,OUT,0.17,1.7262300000000002,-118.9,-13.5,-0.17,GBPSGD.p,[so 40.59%/256.02/630.81]
162290309,197683241,2026-04-16 00:01:00,BUY,OUT,0.6,1.50182,-108.45,-18.67,-0.6,EURSGD.p,[so 43.74%/255.85/584.95]
162290313,197683244,2026-04-16 00:01:00,BUY,OUT,0.15,94.016,-106.8,-4.49,-0.15,NZDJPY.p,[so 49.38%/218.99/443.52]
162290646,197683566,2026-04-16 00:03:25,BUY,OUT,0.12,125.158,-104.05,-5.49,-0.12,SGDJPY.p,[so 46.96%/200.05/425.99]
162290648,197683570,2026-04-16 00:03:25,BUY,OUT,0.16,0.75207,-101.6,-4.45,-0.16,NZDSGD.p,[so 49.08%/199.93/407.36]
162291137,197684077,2026-04-16 00:20:29,BUY,OUT,0.3,125.198,-76.02,-6.07,-0.3,SGDJPY.p,[so 49.95%/194.16/388.69]
162431257,197983723,2026-04-16 06:05:21,BUY,OUT,0.15,115.448,-42.26,-4.28,-0.15,CADJPY.p,[tp 115.448]
162431259,197983724,2026-04-16 06:05:21,BUY,OUT,0.34,115.448,13.31,-6.73,-0.34,CADJPY.p,[tp 115.448]
162461851,198091628,2026-04-16 07:56:14,SELL,IN,0.16,215.468,0.0,0.0,-0.16,GBPJPY.p,
162464061,198097467,2026-04-16 08:00:27,SELL,IN,0.01,0.81125,0.0,0.0,-0.01,NZDCAD.p,
162468722,198108673,2026-04-16 08:08:50,SELL,IN,0.01,1.21553,0.0,0.0,-0.01,AUDNZD.p,
162468723,198108680,2026-04-16 08:08:50,BUY,IN,0.01,1.6427,0.0,0.0,-0.01,EURAUD.p,
162468755,198108712,2026-04-16 08:08:50,SELL,IN,0.01,0.56129,0.0,0.0,-0.01,AUDCHF.p,
162472129,198124498,2026-04-16 08:24:32,BUY,IN,0.02,1.37231,0.0,0.0,-0.02,USDCAD.p,
162472131,198124502,2026-04-16 08:24:32,BUY,IN,0.02,158.733,0.0,0.0,-0.02,USDJPY.p,
162472133,198124504,2026-04-16 08:24:32,BUY,IN,0.01,115.684,0.0,0.0,-0.01,CADJPY.p,
162472136,198124507,2026-04-16 08:24:32,BUY,IN,0.01,1.2702,0.0,0.0,-0.01,USDSGD.p,
162472138,198124509,2026-04-16 08:24:32,BUY,IN,0.01,2.29575,0.0,0.0,-0.01,GBPNZD.p,
162472140,198124511,2026-04-16 08:24:33,SELL,IN,0.32,114.03,0.0,0.0,-0.32,AUDJPY.p,
162523431,198243859,2026-04-16 10:00:29,BUY,OUT,0.01,0.81067,0.42,0.0,-0.01,NZDCAD.p,[tp 0.81067]
162523446,198243918,2026-04-16 10:00:31,BUY,OUT,0.15,0.81066,-13.56,-1.48,-0.15,NZDCAD.p,[tp 0.81066]
162524536,198246339,2026-04-16 10:02:24,SELL,OUT,0.02,158.81,0.97,0.0,-0.02,USDJPY.p,[tp 158.810]
162548980,198290641,2026-04-16 10:31:20,SELL,IN,0.04,0.91288,0.0,0.0,-0.04,AUDSGD.p,
162549771,198292173,2026-04-16 10:32:23,SELL,IN,0.04,0.98596,0.0,0.0,-0.04,AUDCAD.p,
162549788,198292221,2026-04-16 10:32:23,BUY,IN,0.01,1.88788,0.0,0.0,-0.01,GBPAUD.p,
162550409,198293429,2026-04-16 10:33:26,SELL,IN,0.01,1.21661,0.0,0.0,-0.01,AUDNZD.p,
162550410,198293431,2026-04-16 10:33:26,SELL,IN,0.01,0.56194,0.0,0.0,-0.01,AUDCHF.p,
162550412,198293433,2026-04-16 10:33:26,BUY,IN,0.02,1.88757,0.0,0.0,-0.02,GBPAUD.p,
162551841,198298528,2026-04-16 10:38:41,SELL,IN,0.01,158.798,0.0,0.0,-0.01,USDJPY.p,
162555326,198308028,2026-04-16 10:47:15,SELL,OUT,0.01,1.2705899999999999,0.31,0.0,-0.01,USDSGD.p,[tp 1.27059]
162557449,198315112,2026-04-16 10:53:52,SELL,OUT,0.01,2.29719,0.85,0.0,-0.01,GBPNZD.p,[tp 2.29719]
162558138,198317094,2026-04-16 10:55:36,SELL,OUT,0.01,115.762,0.49,0.0,-0.01,CADJPY.p,[tp 115.762]
162560943,198323127,2026-04-16 11:00:00,SELL,IN,0.01,2.29653,0.0,0.0,-0.01,GBPNZD.p,
162587686,198385816,2026-04-16 11:45:00,SELL,IN,0.01,115.791,0.0,0.0,-0.01,CADJPY.p,
162587697,198385830,2026-04-16 11:45:00,SELL,IN,0.01,1.27127,0.0,0.0,-0.01,USDSGD.p,
162587702,198385835,2026-04-16 11:45:00,BUY,IN,0.01,1.61799,0.0,0.0,-0.01,EURCAD.p,
162598580,198419187,2026-04-16 12:15:00,BUY,IN,0.01,0.80932,0.0,0.0,-0.01,NZDCAD.p,
162600896,198425730,2026-04-16 12:21:12,BUY,OUT,0.17,1.85946,7.3,-9.31,-0.17,GBPCAD.p,[tp 1.85946]
162600961,198425911,2026-04-16 12:21:21,BUY,IN,0.01,1.8595000000000002,0.0,0.0,-0.01,GBPCAD.p,
162632878,198509628,2026-04-16 13:29:04,BUY,OUT,0.15,0.58864,7.8,0.48,-0.15,NZDUSD.p,[tp 0.58864]
162767603,198778512,2026-04-16 16:54:09,BUY,IN,0.01,1.61449,0.0,0.0,-0.01,EURCAD.p,
162815286,198833790,2026-04-16 17:22:47,BUY,OUT,0.01,2.29614,0.23,0.0,-0.01,GBPNZD.p,[tp 2.29614]
162816828,198835575,2026-04-16 17:23:51,SELL,IN,0.01,2.29638,0.0,0.0,-0.01,GBPNZD.p,
162821733,198841632,2026-04-16 17:30:00,BUY,IN,0.01,0.87103,0.0,0.0,-0.01,EURGBP.p,
162841460,198864341,2026-04-16 17:45:00,BUY,IN,0.01,1.0588899999999999,0.0,0.0,-0.01,GBPCHF.p,
163063301,199173315,2026-04-17 01:06:23,SELL,OUT,0.01,1.06,1.42,0.06,-0.01,GBPCHF.p,[tp 1.06000]
163065909,199177540,2026-04-17 01:15:00,BUY,IN,0.01,1.06005,0.0,0.0,-0.01,GBPCHF.p,
163065920,199177563,2026-04-17 01:15:00,BUY,IN,0.01,2.00079,0.0,0.0,-0.01,EURNZD.p,
163120652,199257139,2026-04-17 03:52:07,SELL,OUT,0.01,2.00135,0.33,0.0,-0.01,EURNZD.p,[tp 2.00135]
163120673,199257174,2026-04-17 03:52:12,SELL,IN,0.01,2.00131,0.0,0.0,-0.01,EURNZD.p,
163123783,199262012,2026-04-17 04:00:00,SELL,IN,0.01,116.299,0.0,0.0,-0.01,CADJPY.p,
163123789,199262021,2026-04-17 04:00:00,SELL,IN,0.01,159.335,0.0,0.0,-0.01,USDJPY.p,
163228090,199408690,2026-04-17 07:30:00,SELL,IN,0.64,114.3,0.0,0.0,-0.64,AUDJPY.p,
163247879,199435376,2026-04-17 08:15:20,BUY,OUT,0.01,2.00075,0.33,0.0,-0.01,EURNZD.p,[tp 2.00075]
163251770,199442245,2026-04-17 08:28:39,SELL,OUT,0.01,0.87155,0.7,-0.11,-0.01,EURGBP.p,[tp 0.87155]
163253909,199444914,2026-04-17 08:32:06,BUY,IN,0.01,2.00079,0.0,0.0,-0.01,EURNZD.p,
163269203,199466284,2026-04-17 09:00:00,SELL,IN,0.01,0.87144,0.0,0.0,-0.01,EURGBP.p,
163273543,199471245,2026-04-17 09:03:38,BUY,OUT,0.01,2.29544,0.55,-0.09,-0.01,GBPNZD.p,[tp 2.29544]
163344585,199564068,2026-04-17 11:07:22,SELL,OUT,0.01,2.00149,0.41,0.0,-0.01,EURNZD.p,[tp 2.00149]
163364271,199590065,2026-04-17 11:45:00,SELL,IN,0.02,0.7179,0.0,0.0,-0.02,AUDUSD.p,
163364289,199590085,2026-04-17 11:45:01,BUY,IN,0.04,1.3672,0.0,0.0,-0.04,USDCAD.p,
163396815,199637324,2026-04-17 12:48:49,BUY,OUT,0.01,159.016,-1.37,-0.11,-0.01,USDJPY.p,[tp 159.016]
163396817,199637325,2026-04-17 12:48:49,BUY,OUT,0.01,159.016,2.01,0.0,-0.01,USDJPY.p,[tp 159.016]
163405320,199650950,2026-04-17 13:15:00,SELL,IN,0.01,2.00307,0.0,0.0,-0.01,EURNZD.p,
163405340,199650972,2026-04-17 13:15:00,SELL,IN,0.01,2.29853,0.0,0.0,-0.01,GBPNZD.p,
163411083,199659918,2026-04-17 13:30:00,BUY,IN,0.01,159.085,0.0,0.0,-0.01,USDJPY.p,
163517442,199791836,2026-04-17 15:47:21,BUY,OUT,0.01,1.27071,0.44,-0.12,-0.01,USDSGD.p,[tp 1.27071]
163520360,199794820,2026-04-17 15:48:01,SELL,OUT,0.01,1.61679,-0.88,-0.03,-0.01,EURCAD.p,[tp 1.61679]
163520363,199794821,2026-04-17 15:48:01,SELL,OUT,0.01,1.61679,1.6800000000000002,-0.03,-0.01,EURCAD.p,[tp 1.61679]
163531266,199805967,2026-04-17 15:49:52,BUY,OUT,0.01,115.988,-1.24,-0.04,-0.01,CADJPY.p,[tp 115.988]
163531268,199805968,2026-04-17 15:49:52,BUY,OUT,0.01,115.988,1.96,0.0,-0.01,CADJPY.p,[tp 115.988]
163587090,199869453,2026-04-17 16:12:56,BUY,OUT,0.36,1.35952,-92.52,-2.05,-0.36,GBPUSD.p,[so 50.00%/214.78/429.59]
163629976,199919575,2026-04-17 16:33:32,BUY,IN,0.01,1.88328,0.0,0.0,-0.01,GBPAUD.p,
163630003,199919611,2026-04-17 16:33:34,BUY,IN,0.01,1.64168,0.0,0.0,-0.01,EURAUD.p,
163631519,199921484,2026-04-17 16:34:37,SELL,IN,0.01,0.9144,0.0,0.0,-0.01,AUDSGD.p,
163631529,199921495,2026-04-17 16:34:37,SELL,IN,0.01,0.7506,0.0,0.0,-0.01,NZDSGD.p,
163631547,199921514,2026-04-17 16:34:37,BUY,IN,0.01,1.26817,0.0,0.0,-0.01,USDSGD.p,
163631552,199921520,2026-04-17 16:34:37,BUY,IN,0.01,0.5704,0.0,0.0,-0.01,CADCHF.p,
163631561,199921529,2026-04-17 16:34:38,SELL,IN,0.01,1.61703,0.0,0.0,-0.01,EURCAD.p,
163631566,199921535,2026-04-17 16:34:38,SELL,IN,0.01,0.59188,0.0,0.0,-0.01,NZDUSD.p,
163631573,199921543,2026-04-17 16:34:38,BUY,IN,0.01,115.879,0.0,0.0,-0.01,CADJPY.p,
163638498,199929638,2026-04-17 16:38:34,BUY,OUT,0.16,214.759,71.71,-2.27,-0.16,GBPJPY.p,[tp 214.759]
163639837,199931271,2026-04-17 16:39:37,BUY,IN,0.01,214.7,0.0,0.0,-0.01,GBPJPY.p,
163664903,199960435,2026-04-17 16:53:22,BUY,OUT,0.01,2.29278,3.4,0.0,-0.01,GBPNZD.p,[tp 2.29278]
163669071,199965104,2026-04-17 16:55:52,BUY,OUT,0.01,1.99919,2.3,0.0,-0.01,EURNZD.p,[tp 1.99919]
163673895,199971009,2026-04-17 17:00:00,BUY,IN,0.01,2.2930099999999998,0.0,0.0,-0.01,GBPNZD.p,
163673914,199971037,2026-04-17 17:00:00,BUY,IN,0.01,1.9990299999999999,0.0,0.0,-0.01,EURNZD.p,
163690929,199991871,2026-04-17 17:14:54,BUY,OUT,0.01,0.87089,0.75,0.0,-0.01,EURGBP.p,[tp 0.87089]
163708120,200013217,2026-04-17 17:32:27,BUY,OUT,0.16,202.743,58.2,0.42,-0.16,CHFJPY.p,[tp 202.743]
163732493,200044031,2026-04-17 18:00:00,BUY,IN,0.01,186.496,0.0,0.0,-0.01,EURJPY.p,
163732518,200044057,2026-04-17 18:00:00,BUY,IN,0.01,202.716,0.0,0.0,-0.01,CHFJPY.p,
163752226,200068735,2026-04-17 18:18:52,BUY,OUT,0.64,113.531,311.72,0.0,-0.64,AUDJPY.p,[tp 113.531]
163752231,200068748,2026-04-17 18:18:53,BUY,OUT,0.32,113.528,101.74,-2.57,-0.32,AUDJPY.p,[tp 113.528]
163760066,200079576,2026-04-17 18:30:00,BUY,IN,0.01,113.667,0.0,0.0,-0.01,AUDJPY.p,
163760076,200079588,2026-04-17 18:30:00,BUY,IN,0.01,0.92007,0.0,0.0,-0.01,EURCHF.p,
163907319,200292779,2026-04-17 23:47:39,BUY,OUT,0.01,0.74798,2.06,0.0,-0.01,NZDSGD.p,[tp 0.74798]
163909563,200296869,2026-04-17 23:53:34,BUY,OUT,0.01,1.60981,5.27,0.0,-0.01,EURCAD.p,[tp 1.60981]
164093328,200514752,2026-04-20 00:01:13,BUY,OUT,0.01,0.58806,3.82,0.01,-0.01,NZDUSD.p,[tp 0.58806]
164093849,200515273,2026-04-20 00:02:00,SELL,OUT,0.01,1.27084,2.1,0.02,-0.01,USDSGD.p,[tp 1.27084]
164094601,200516013,2026-04-20 00:15:00,BUY,IN,0.01,1.05502,0.0,0.0,-0.01,GBPCHF.p,
164094605,200516017,2026-04-20 00:15:00,BUY,IN,0.01,0.80317,0.0,0.0,-0.01,NZDCAD.p,
164094608,200516020,2026-04-20 00:15:00,BUY,IN,0.01,113.295,0.0,0.0,-0.01,AUDJPY.p,
164094610,200516022,2026-04-20 00:15:00,BUY,IN,0.01,1.84752,0.0,0.0,-0.01,GBPCAD.p,
164095349,200516761,2026-04-20 00:29:26,SELL,OUT,0.01,1.89261,3.37,-0.14,-0.01,GBPAUD.p,[tp 1.89261]
164095351,200516762,2026-04-20 00:29:26,SELL,OUT,0.02,1.89261,7.18,-0.28,-0.02,GBPAUD.p,[tp 1.89261]
164095353,200516763,2026-04-20 00:29:26,SELL,OUT,0.01,1.89261,6.65,-0.07,-0.01,GBPAUD.p,[tp 1.89261]
164098053,200519473,2026-04-20 00:58:58,BUY,OUT,0.08,0.71244,4.72,-0.7,-0.08,AUDUSD.p,[tp 0.71244]
164098055,200519474,2026-04-20 00:58:58,BUY,OUT,0.02,0.71244,10.92,-0.04,-0.02,AUDUSD.p,[tp 0.71244]
164098073,200519494,2026-04-20 00:59:06,BUY,OUT,0.04,0.97561,30.22,-0.5,-0.04,AUDCAD.p,[tp 0.97561]
164098528,200519940,2026-04-20 01:00:10,SELL,OUT,0.01,0.57147,1.37,0.02,-0.01,CADCHF.p,[tp 0.57147]
164106959,200528349,2026-04-20 01:01:13,SELL,OUT,0.01,186.545,0.31,0.01,-0.01,EURJPY.p,[tp 186.545]
164108568,200530140,2026-04-20 01:01:36,BUY,IN,0.01,186.54,0.0,0.0,-0.01,EURJPY.p,
164115615,200539039,2026-04-20 01:04:43,SELL,OUT,0.01,2.00423,3.04,-0.05,-0.01,EURNZD.p,[tp 2.00423]
164116126,200539653,2026-04-20 01:04:56,SELL,OUT,0.01,2.30236,5.47,0.0,-0.01,GBPNZD.p,[tp 2.30236]
164116145,200539673,2026-04-20 01:04:57,BUY,OUT,0.01,0.90711,5.72,-0.1,-0.01,AUDSGD.p,[tp 0.90711]
164116167,200539701,2026-04-20 01:04:59,BUY,OUT,0.04,0.90708,18.21,-0.77,-0.04,AUDSGD.p,[tp 0.90708]
164117097,200540957,2026-04-20 01:05:46,BUY,IN,0.01,93.069,0.0,0.0,-0.01,NZDJPY.p,
164127706,200556767,2026-04-20 01:15:00,BUY,IN,0.01,0.71323,0.0,0.0,-0.01,AUDUSD.p,
164127728,200556805,2026-04-20 01:15:00,BUY,IN,0.01,0.97752,0.0,0.0,-0.01,AUDCAD.p,
164127738,200556823,2026-04-20 01:15:00,BUY,IN,0.01,0.90803,0.0,0.0,-0.01,AUDSGD.p,
164127749,200556846,2026-04-20 01:15:01,BUY,IN,0.01,0.74595,0.0,0.0,-0.01,NZDSGD.p,
164127760,200556863,2026-04-20 01:15:01,BUY,IN,0.01,1.71675,0.0,0.0,-0.01,GBPSGD.p,
164127768,200556878,2026-04-20 01:15:01,BUY,IN,0.01,1.49396,0.0,0.0,-0.01,EURSGD.p,
164127775,200556892,2026-04-20 01:15:01,SELL,IN,0.01,2.30129,0.0,0.0,-0.01,GBPNZD.p,
164127788,200556908,2026-04-20 01:15:02,SELL,IN,0.01,1.89052,0.0,0.0,-0.01,GBPAUD.p,
164127800,200556923,2026-04-20 01:15:02,BUY,IN,0.01,0.45919,0.0,0.0,-0.01,NZDCHF.p,
164127810,200556935,2026-04-20 01:15:02,SELL,IN,0.01,2.00271,0.0,0.0,-0.01,EURNZD.p,
164127820,200556948,2026-04-20 01:15:02,BUY,IN,0.01,0.58593,0.0,0.0,-0.01,NZDUSD.p,
164127832,200556962,2026-04-20 01:15:02,BUY,IN,0.01,1.60833,0.0,0.0,-0.01,EURCAD.p,
164130398,200560211,2026-04-20 01:18:13,SELL,OUT,0.01,202.903,1.18,-0.05,-0.01,CHFJPY.p,[tp 202.903]
164136937,200568796,2026-04-20 01:30:00,BUY,IN,0.01,202.884,0.0,0.0,-0.01,CHFJPY.p,
164143950,200578486,2026-04-20 01:45:00,SELL,IN,0.01,0.57167,0.0,0.0,-0.01,CADCHF.p,
164152337,200589727,2026-04-20 02:00:00,SELL,IN,0.01,1.27318,0.0,0.0,-0.01,USDSGD.p,
164170644,200615154,2026-04-20 02:23:15,SELL,OUT,0.01,116.067,1.18,0.01,-0.01,CADJPY.p,[tp 116.067]
164170693,200615224,2026-04-20 02:23:25,SELL,IN,0.01,116.061,0.0,0.0,-0.01,CADJPY.p,
164195349,200645887,2026-04-20 02:46:16,SELL,OUT,0.01,159.143,0.36,0.05,-0.01,USDJPY.p,[tp 159.143]
164227755,200699432,2026-04-20 03:30:00,SELL,IN,0.01,159.072,0.0,0.0,-0.01,USDJPY.p,
164382144,201037080,2026-04-20 08:31:58,SELL,OUT,0.01,113.679,0.08,0.02,-0.01,AUDJPY.p,[tp 113.679]
164382146,201037081,2026-04-20 08:31:58,SELL,OUT,0.01,113.679,2.42,0.0,-0.01,AUDJPY.p,[tp 113.679]
164384383,201040771,2026-04-20 08:33:01,SELL,IN,0.01,113.667,0.0,0.0,-0.01,AUDJPY.p,
164427028,201141337,2026-04-20 09:45:00,SELL,IN,0.02,1.21832,0.0,0.0,-0.02,AUDNZD.p,
164451484,201198053,2026-04-20 10:21:03,SELL,OUT,0.01,186.853,1.97,0.0,-0.01,EURJPY.p,[tp 186.853]
164451683,201198514,2026-04-20 10:21:15,SELL,IN,0.01,186.855,0.0,0.0,-0.01,EURJPY.p,
164466277,201224767,2026-04-20 10:35:01,SELL,OUT,0.01,93.272,1.28,0.0,-0.01,NZDJPY.p,[tp 93.272]
164481558,201258536,2026-04-20 10:57:24,BUY,OUT,0.01,1.88911,1.01,0.0,-0.01,GBPAUD.p,[tp 1.88911]
164482787,201262049,2026-04-20 10:59:24,SELL,OUT,0.01,0.90919,0.91,0.0,-0.01,AUDSGD.p,[tp 0.90919]
164482858,201262208,2026-04-20 10:59:31,SELL,OUT,0.01,0.97879,0.93,0.0,-0.01,AUDCAD.p,[tp 0.97879]
164482874,201262228,2026-04-20 10:59:31,SELL,OUT,0.01,0.71481,1.58,0.0,-0.01,AUDUSD.p,[tp 0.71481]
164482953,201262493,2026-04-20 10:59:41,SELL,OUT,0.01,1.61023,1.3900000000000001,0.0,-0.01,EURCAD.p,[tp 1.61023]
164482979,201262604,2026-04-20 10:59:46,SELL,OUT,0.01,1.71749,0.58,0.0,-0.01,GBPSGD.p,[tp 1.71749]
164483486,201263950,2026-04-20 11:00:34,SELL,IN,0.01,0.71486,0.0,0.0,-0.01,AUDUSD.p,
164483489,201263959,2026-04-20 11:00:34,SELL,IN,0.01,0.97884,0.0,0.0,-0.01,AUDCAD.p,
164483491,201263964,2026-04-20 11:00:34,SELL,IN,0.01,1.6103,0.0,0.0,-0.01,EURCAD.p,
164483492,201263967,2026-04-20 11:00:34,SELL,IN,0.01,1.7176200000000001,0.0,0.0,-0.01,GBPSGD.p,
164483697,201264593,2026-04-20 11:01:06,SELL,OUT,0.01,0.7465,0.43,0.0,-0.01,NZDSGD.p,[tp 0.74650]
164483720,201264623,2026-04-20 11:01:06,SELL,OUT,0.01,0.58686,0.93,0.0,-0.01,NZDUSD.p,[tp 0.58686]
164485068,201268073,2026-04-20 11:02:33,BUY,OUT,0.01,2.30065,0.38,0.0,-0.01,GBPNZD.p,[tp 2.30065]
164487476,201272862,2026-04-20 11:07:03,SELL,OUT,0.01,203.277,2.4699999999999998,0.0,-0.01,CHFJPY.p,[tp 203.277]
164491000,201281570,2026-04-20 11:15:00,BUY,IN,0.01,0.58719,0.0,0.0,-0.01,NZDUSD.p,
164491004,201281578,2026-04-20 11:15:00,BUY,IN,0.01,0.90975,0.0,0.0,-0.01,AUDSGD.p,
164491007,201281584,2026-04-20 11:15:00,SELL,IN,0.01,1.88791,0.0,0.0,-0.01,GBPAUD.p,
164491011,201281592,2026-04-20 11:15:01,BUY,IN,0.01,0.747,0.0,0.0,-0.01,NZDSGD.p,
164491014,201281595,2026-04-20 11:15:01,BUY,IN,0.01,93.353,0.0,0.0,-0.01,NZDJPY.p,
164491020,201281608,2026-04-20 11:15:01,SELL,IN,0.01,2.29927,0.0,0.0,-0.01,GBPNZD.p,
164496208,201292953,2026-04-20 11:25:25,BUY,OUT,0.01,1.717,0.49,0.0,-0.01,GBPSGD.p,[tp 1.71700]
164503357,201310402,2026-04-20 11:45:00,SELL,IN,0.01,203.325,0.0,0.0,-0.01,CHFJPY.p,
164509693,201328483,2026-04-20 11:57:33,BUY,OUT,0.01,1.27188,1.02,0.0,-0.01,USDSGD.p,[tp 1.27188]
164513213,201340387,2026-04-20 12:05:31,BUY,OUT,0.01,0.57087,1.02,0.0,-0.01,CADCHF.p,[tp 0.57087]
164516872,201349015,2026-04-20 12:15:00,BUY,IN,0.01,1.7172399999999999,0.0,0.0,-0.01,GBPSGD.p,
164518754,201353904,2026-04-20 12:18:55,BUY,OUT,0.01,2.0021,0.36,0.0,-0.01,EURNZD.p,[tp 2.00210]
164518849,201354096,2026-04-20 12:19:06,SELL,IN,0.01,2.00206,0.0,0.0,-0.01,EURNZD.p,
164519522,201356029,2026-04-20 12:21:37,BUY,OUT,0.01,158.951,0.76,0.0,-0.01,USDJPY.p,[tp 158.951]
164519570,201356118,2026-04-20 12:21:48,SELL,IN,0.01,158.922,0.0,0.0,-0.01,USDJPY.p,
164535951,201396487,2026-04-20 12:52:53,SELL,OUT,0.01,1.49582,1.46,0.0,-0.01,EURSGD.p,[tp 1.49582]
164536266,201398218,2026-04-20 12:53:56,BUY,IN,0.01,1.49584,0.0,0.0,-0.01,EURSGD.p,
164539620,201407445,2026-04-20 12:58:52,SELL,OUT,0.01,214.798,0.62,0.04,-0.01,GBPJPY.p,[tp 214.798]
164548167,201427888,2026-04-20 13:15:00,SELL,IN,0.01,214.781,0.0,0.0,-0.01,GBPJPY.p,
164554302,201446855,2026-04-20 13:30:00,BUY,IN,0.01,1.27146,0.0,0.0,-0.01,USDSGD.p,
164628751,201613505,2026-04-20 15:30:01,BUY,OUT,0.01,116.006,0.35,0.0,-0.01,CADJPY.p,[tp 116.006]
164683363,201708299,2026-04-20 16:30:00,BUY,IN,0.02,0.77974,0.0,0.0,-0.02,USDCHF.p,
164768615,201848708,2026-04-20 17:53:23,BUY,OUT,0.01,0.55848,3.6,-0.24,-0.01,AUDCHF.p,[tp 0.55848]
164768617,201848709,2026-04-20 17:53:23,BUY,OUT,0.01,0.55848,4.44,-0.24,-0.01,AUDCHF.p,[tp 0.55848]
164775987,201858467,2026-04-20 18:00:00,BUY,IN,0.01,0.9166,0.0,0.0,-0.01,EURCHF.p,
164780900,201865237,2026-04-20 18:04:18,BUY,OUT,0.01,0.97826,0.42,0.0,-0.01,AUDCAD.p,[tp 0.97826]
164802040,201904904,2026-04-20 18:30:01,SELL,IN,0.01,116.18,0.0,0.0,-0.01,CADJPY.p,
164817996,201930695,2026-04-20 18:59:59,BUY,OUT,0.01,1.60852,1.3,0.0,-0.01,EURCAD.p,[tp 1.60852]
164818675,201932463,2026-04-20 19:01:02,BUY,IN,0.01,1.6085099999999999,0.0,0.0,-0.01,EURCAD.p,
164832858,201958949,2026-04-20 19:30:25,BUY,OUT,0.01,2.2984,0.51,0.0,-0.01,GBPNZD.p,[tp 2.29840]
164832864,201959001,2026-04-20 19:30:27,BUY,OUT,0.01,1.8868399999999999,0.77,0.0,-0.01,GBPAUD.p,[tp 1.88684]
164837448,201965684,2026-04-20 19:45:00,BUY,IN,0.01,1.8881000000000001,0.0,0.0,-0.01,GBPAUD.p,
164837624,201965942,2026-04-20 19:45:44,SELL,OUT,0.01,93.457,0.66,0.0,-0.01,NZDJPY.p,[tp 93.457]
164838538,201968109,2026-04-20 19:49:23,SELL,OUT,0.01,0.58908,1.8900000000000001,0.0,-0.01,NZDUSD.p,[tp 0.58908]
164838976,201969068,2026-04-20 19:51:50,SELL,OUT,0.01,0.74828,1.01,0.0,-0.01,NZDSGD.p,[tp 0.74828]
164841802,201975796,2026-04-20 20:00:00,SELL,IN,0.01,2.29835,0.0,0.0,-0.01,GBPNZD.p,
164856299,202004203,2026-04-20 20:30:00,SELL,IN,0.01,0.74807,0.0,0.0,-0.01,NZDSGD.p,
164856308,202004218,2026-04-20 20:30:00,SELL,IN,0.01,0.58888,0.0,0.0,-0.01,NZDUSD.p,
164856322,202004237,2026-04-20 20:30:01,SELL,IN,0.01,93.488,0.0,0.0,-0.01,NZDJPY.p,
164862147,202015251,2026-04-20 20:40:52,BUY,OUT,0.01,158.718,1.29,0.0,-0.01,USDJPY.p,[tp 158.718]
164865101,202021316,2026-04-20 20:53:03,BUY,OUT,0.01,2.00062,0.85,0.0,-0.01,EURNZD.p,[tp 2.00062]
164870998,202035086,2026-04-20 21:06:36,SELL,OUT,0.01,0.91139,1.29,0.0,-0.01,AUDSGD.p,[tp 0.91139]
164877915,202046896,2026-04-20 21:20:39,SELL,OUT,0.01,1.71946,1.75,0.0,-0.01,GBPSGD.p,[tp 1.71946]
164902489,202092937,2026-04-20 22:12:31,SELL,OUT,0.01,1.49691,0.84,0.0,-0.01,EURSGD.p,[tp 1.49691]
164908674,202104851,2026-04-20 22:30:00,SELL,IN,0.01,0.9115,0.0,0.0,-0.01,AUDSGD.p,
164925803,202152847,2026-04-20 23:15:00,SELL,IN,0.01,187.253,0.0,0.0,-0.01,EURJPY.p,
164954030,202235154,2026-04-21 01:15:00,BUY,IN,0.01,1.71929,0.0,0.0,-0.01,GBPSGD.p,
164954053,202235196,2026-04-21 01:15:00,BUY,IN,0.01,1.49725,0.0,0.0,-0.01,EURSGD.p,
164954062,202235224,2026-04-21 01:15:00,BUY,IN,0.01,2.00186,0.0,0.0,-0.01,EURNZD.p,
164964966,202284300,2026-04-21 01:49:17,SELL,OUT,0.01,0.45972,0.68,0.02,-0.01,NZDCHF.p,[tp 0.45972]
164971853,202305481,2026-04-21 02:03:25,SELL,OUT,0.01,0.8068,-1.85,-0.01,-0.01,NZDCAD.p,[tp 0.80680]
164971855,202305482,2026-04-21 02:03:25,SELL,OUT,0.01,0.8068,2.66,-0.01,-0.01,NZDCAD.p,[tp 0.80680]
164971867,202305588,2026-04-21 02:03:30,BUY,OUT,0.01,2.28865,5.74,-0.09,-0.01,GBPNZD.p,[tp 2.28865]
164975127,202320851,2026-04-21 02:15:00,BUY,IN,0.01,2.28997,0.0,0.0,-0.01,GBPNZD.p,
164975134,202320866,2026-04-21 02:15:01,SELL,IN,0.01,0.46001,0.0,0.0,-0.01,NZDCHF.p,
164975166,202320925,2026-04-21 02:15:02,SELL,IN,0.01,0.80626,0.0,0.0,-0.01,NZDCAD.p,
164993110,202407176,2026-04-21 03:21:10,BUY,OUT,0.01,1.21352,1.19,-0.15,-0.01,AUDNZD.p,[tp 1.21352]
164993112,202407177,2026-04-21 03:21:10,BUY,OUT,0.01,1.21352,1.83,-0.15,-0.01,AUDNZD.p,[tp 1.21352]
164993114,202407178,2026-04-21 03:21:10,BUY,OUT,0.02,1.21352,5.68,-0.11,-0.02,AUDNZD.p,[tp 1.21352]
165014828,202508921,2026-04-21 04:15:00,BUY,IN,0.01,1.21356,0.0,0.0,-0.01,AUDNZD.p,
165024565,202562900,2026-04-21 04:45:00,SELL,IN,0.01,0.75215,0.0,0.0,-0.01,NZDSGD.p,
165024569,202562912,2026-04-21 04:45:00,SELL,IN,0.01,94.1,0.0,0.0,-0.01,NZDJPY.p,
165060841,202755283,2026-04-21 06:38:26,BUY,OUT,0.01,0.91098,0.41,-0.1,-0.01,AUDSGD.p,[tp 0.91098]
165113237,202975139,2026-04-21 09:04:57,SELL,OUT,0.01,1.8886699999999998,0.41,-0.07,-0.01,GBPAUD.p,[tp 1.88867]
165131956,203027704,2026-04-21 09:30:00,SELL,IN,0.01,1.88771,0.0,0.0,-0.01,GBPAUD.p,
165142701,203078297,2026-04-21 09:59:33,BUY,OUT,0.01,187.002,-0.93,-0.06,-0.01,EURJPY.p,[tp 187.002]
165142703,203078298,2026-04-21 09:59:33,BUY,OUT,0.01,187.002,1.58,-0.06,-0.01,EURJPY.p,[tp 187.002]
165171472,203195416,2026-04-21 11:04:09,SELL,OUT,0.01,1.27202,0.44,0.01,-0.01,USDSGD.p,[tp 1.27202]
165174040,203202716,2026-04-21 11:06:56,BUY,OUT,0.01,0.8057,0.41,0.0,-0.01,NZDCAD.p,[tp 0.80570]
165175256,203205617,2026-04-21 11:07:37,BUY,OUT,0.01,214.714,0.42,-0.14,-0.01,GBPJPY.p,[tp 214.714]
165180362,203222297,2026-04-21 11:15:00,BUY,IN,0.02,1.8425799999999999,0.0,0.0,-0.02,GBPCAD.p,
165188377,203246165,2026-04-21 11:30:00,BUY,IN,0.01,0.97721,0.0,0.0,-0.01,AUDCAD.p,
165188391,203246182,2026-04-21 11:30:00,BUY,IN,0.01,214.84,0.0,0.0,-0.01,GBPJPY.p,
165194129,203272002,2026-04-21 11:45:00,SELL,IN,0.01,159.141,0.0,0.0,-0.01,USDJPY.p,
165198428,203290470,2026-04-21 11:58:04,BUY,OUT,0.01,1.88713,0.42,0.0,-0.01,GBPAUD.p,[tp 1.88713]
165198526,203291633,2026-04-21 11:59:07,BUY,IN,0.01,1.88728,0.0,0.0,-0.01,GBPAUD.p,
165234577,203420949,2026-04-21 13:15:00,SELL,IN,0.01,116.606,0.0,0.0,-0.01,CADJPY.p,
165372066,203813388,2026-04-21 16:22:17,SELL,OUT,0.01,1.71983,0.42,0.0,-0.01,GBPSGD.p,[tp 1.71983]
165610935,204401868,2026-04-21 20:05:10,BUY,OUT,0.01,0.7143,0.56,-0.02,-0.01,AUDUSD.p,[tp 0.71430]
166226324,205335637,2026-04-22 16:38:45,SELL,OUT,0.01,1.05729,-3.5300000000000002,0.18,-0.01,GBPCHF.p,[tp 1.05729]
166226326,205335638,2026-04-22 16:38:45,SELL,OUT,0.01,1.05729,2.9,0.12,-0.01,GBPCHF.p,[tp 1.05729]
167790054,207874876,2026-04-24 15:48:54,SELL,OUT,0.01,0.9206,0.67,0.17,-0.01,EURCHF.p,[tp 0.92060]
171146469,213432291,2026-04-30 12:13:46,BUY,OUT,0.01,113.629,0.24,-0.95,-0.01,AUDJPY.p,[tp 113.629]
174007312,217473736,2026-05-05 16:44:51,BUY,OUT,0.14,123.626,64.34,-12.06,-0.14,SGDJPY.p,
174007313,217473738,2026-05-05 16:44:51,SELL,OUT,0.09,1.3617,-100.33,3.11,-0.09,USDCAD.p,
174007314,217473739,2026-05-05 16:44:51,SELL,OUT,0.01,1.62937,-9.57,-1.79,-0.01,EURAUD.p,
174007315,217473740,2026-05-05 16:44:51,SELL,OUT,0.02,1.3617,-15.58,0.54,-0.02,USDCAD.p,
174007316,217473741,2026-05-05 16:44:51,SELL,OUT,0.01,1.84505,-10.61,0.26,-0.01,GBPCAD.p,
174007317,217473742,2026-05-05 16:44:51,SELL,OUT,0.04,1.3617,-16.16,1.04,-0.04,USDCAD.p,
174007318,217473743,2026-05-05 16:44:51,SELL,OUT,0.01,1.62937,-8.84,-1.6800000000000002,-0.01,EURAUD.p,
174007319,217473744,2026-05-05 16:44:51,SELL,OUT,0.01,1.84505,-1.81,0.22,-0.01,GBPCAD.p,
174007320,217473745,2026-05-05 16:44:51,BUY,OUT,0.01,201.383,12.31,0.02,-0.01,CHFJPY.p,
174007323,217473752,2026-05-05 16:44:51,SELL,OUT,0.02,0.78339,9.32,1.8199999999999998,-0.02,USDCHF.p,
174007324,217473753,2026-05-05 16:44:51,SELL,OUT,0.01,0.91642,-0.23,0.34,-0.01,EURCHF.p,
174007325,217473754,2026-05-05 16:44:51,BUY,OUT,0.01,115.855,2.06,-0.61,-0.01,CADJPY.p,
174007326,217473755,2026-05-05 16:44:51,SELL,OUT,0.01,1.5928900000000001,-11.47,-0.46,-0.01,EURCAD.p,
174007327,217473756,2026-05-05 16:44:51,BUY,OUT,0.01,0.75079,-2.13,-0.75,-0.01,NZDSGD.p,
174007328,217473757,2026-05-05 16:44:51,BUY,OUT,0.01,0.58837,0.51,0.16,-0.01,NZDUSD.p,
174007329,217473758,2026-05-05 16:44:51,BUY,OUT,0.01,92.815,4.27,-0.59,-0.01,NZDJPY.p,
174007330,217473759,2026-05-05 16:44:51,SELL,OUT,0.01,1.49274,-3.5300000000000002,-0.14,-0.01,EURSGD.p,
174007332,217473762,2026-05-05 16:44:52,SELL,OUT,0.01,1.98821,-8.03,-0.56,-0.01,EURNZD.p,
174007333,217473763,2026-05-05 16:44:52,SELL,OUT,0.01,2.30297,7.65,0.12,-0.01,GBPNZD.p,
174007334,217473764,2026-05-05 16:44:52,BUY,OUT,0.01,0.46093,-1.17,-0.97,-0.01,NZDCHF.p,
174007335,217473765,2026-05-05 16:44:52,SELL,OUT,0.01,1.22027,3.95,0.27,-0.01,AUDNZD.p,
174007336,217473766,2026-05-05 16:44:52,BUY,OUT,0.01,0.75079,1.07,-0.7,-0.01,NZDSGD.p,
174007337,217473767,2026-05-05 16:44:52,BUY,OUT,0.01,92.815,8.15,-0.55,-0.01,NZDJPY.p,
174007338,217473768,2026-05-05 16:44:52,SELL,OUT,0.02,1.8450600000000001,3.64,0.42,-0.02,GBPCAD.p,
174007339,217473769,2026-05-05 16:44:52,SELL,OUT,0.01,0.9776,0.29,0.29,-0.01,AUDCAD.p,
174007340,217473770,2026-05-05 16:44:52,SELL,OUT,0.01,213.74,-6.97,0.54,-0.01,GBPJPY.p,
174007341,217473771,2026-05-05 16:44:52,BUY,OUT,0.01,157.748,8.83,-1.49,-0.01,USDJPY.p,
174007342,217473772,2026-05-05 16:44:52,SELL,OUT,0.01,1.88731,0.02,-0.91,-0.01,GBPAUD.p,
174007343,217473773,2026-05-05 16:44:52,BUY,OUT,0.01,115.855,4.76,-0.57,-0.01,CADJPY.p,
199220696,257486649,2026-06-11 15:30:53,SELL,IN,0.01,1.15309,0.0,0.0,-0.01,EURUSD.p,
225989517,302098381,2026-07-21 06:38:45,SELL,IN,0.03,1.91771,0.0,0.0,-0.03,GBPAUD.p,GBPAUD:R:2:2:172
225989518,302098382,2026-07-21 06:38:45,SELL,IN,0.04,1.91771,0.0,0.0,-0.04,GBPAUD.p,GBPAUD:R:2:3:173
225989519,302098384,2026-07-21 06:38:45,SELL,IN,0.05,1.91771,0.0,0.0,-0.05,GBPAUD.p,GBPAUD:R:1:4:179
225989520,302098385,2026-07-21 06:38:45,SELL,IN,0.06,1.91771,0.0,0.0,-0.06,GBPAUD.p,GBPAUD:R:2:5:179
225989521,302098387,2026-07-21 06:38:45,SELL,IN,0.07,1.91771,0.0,0.0,-0.07,GBPAUD.p,GBPAUD:R:1:6:182
225989522,302098392,2026-07-21 06:38:45,SELL,IN,0.02,1.91771,0.0,0.0,-0.02,GBPAUD.p,GBPAUD:R:1:1:172
226163594,302427899,2026-07-21 12:03:54,BUY,OUT,0.02,1.91232,7.57,0.0,-0.02,GBPAUD.p,
226163598,302427906,2026-07-21 12:03:54,BUY,OUT,0.03,1.91232,11.36,0.0,-0.03,GBPAUD.p,
226163603,302427912,2026-07-21 12:03:55,BUY,OUT,0.04,1.91232,15.14,0.0,-0.04,GBPAUD.p,
226163608,302427917,2026-07-21 12:03:55,BUY,OUT,0.05,1.91232,18.93,0.0,-0.05,GBPAUD.p,
226163614,302427924,2026-07-21 12:03:55,BUY,OUT,0.06,1.91228,22.88,0.0,-0.06,GBPAUD.p,
226163618,302427928,2026-07-21 12:03:55,BUY,OUT,0.07,1.91228,26.69,0.0,-0.07,GBPAUD.p,
226164290,302429089,2026-07-21 12:04:49,SELL,IN,0.02,0.70229,0.0,0.0,-0.02,AUDUSD.p,AUDUSD:R:1:1:201
226169770,302441023,2026-07-21 12:18:49,BUY,IN,0.02,1.91155,0.0,0.0,-0.02,GBPAUD.p,GBPAUD:S:1:1:201
226341708,302750006,2026-07-21 16:24:13,BUY,OUT,0.02,0.70097,2.64,0.0,-0.02,AUDUSD.p,
226362479,302780455,2026-07-21 16:36:44,BUY,IN,0.02,1.3368,0.0,0.0,-0.02,GBPUSD.p,GBPUSD:S:2:1:201
226402656,302843120,2026-07-21 17:06:20,SELL,OUT,0.02,1.33877,3.94,0.0,-0.02,GBPUSD.p,
226466750,302942206,2026-07-21 17:56:32,BUY,IN,0.02,1.33676,0.0,0.0,-0.02,GBPUSD.p,GBPUSD:S:2:1:201
226716535,303454242,2026-07-22 04:01:21,SELL,OUT,0.02,1.33871,3.9,-0.02,-0.02,GBPUSD.p,
227194633,304327677,2026-07-22 16:56:21,SELL,OUT,0.02,1.91378,3.12,-0.13,-0.02,GBPAUD.p,
227225107,304375992,2026-07-22 17:18:27,BUY,OUT,0.01,1.14181,11.28,1.13,-0.01,EURUSD.p,
227230831,304386588,2026-07-22 17:25:29,BUY,IN,0.02,0.98511,0.0,0.0,-0.02,AUDCAD.p,/// THERANTO V3 ///
227230882,304386751,2026-07-22 17:25:41,SELL,OUT,0.02,0.9851,-0.01,0.0,-0.02,AUDCAD.p,
227298317,0,2026-07-22 18:50:56,2,IN,0.0,0.0,98760.86,0.0,0.0,,reset balance to 100000
227304707,304520969,2026-07-22 19:00:00,SELL,IN,0.01,163.079,0.0,0.0,-0.01,USDJPY.p,E25/TP5
227304709,304520971,2026-07-22 19:00:00,BUY,IN,0.01,1.60761,0.0,0.0,-0.01,EURCAD.p,E25/TP5
227304710,304520972,2026-07-22 19:00:00,BUY,IN,0.01,1.47318,0.0,0.0,-0.01,EURSGD.p,E25/TP5
227304777,304521082,2026-07-22 19:00:00,SELL,IN,0.01,115.784,0.0,0.0,-0.01,CADJPY.p,E25/TP5
227304778,304521083,2026-07-22 19:00:00,BUY,IN,0.01,1.88405,0.0,0.0,-0.01,GBPCAD.p,E25/TP5
227314233,304538364,2026-07-22 19:15:00,BUY,IN,0.01,1.29108,0.0,0.0,-0.01,USDSGD.p,E25/TP5
227314254,304538387,2026-07-22 19:15:00,SELL,IN,0.01,94.882,0.0,0.0,-0.01,NZDJPY.p,E25/TP5
227314255,304538388,2026-07-22 19:15:00,SELL,IN,0.01,126.334,0.0,0.0,-0.01,SGDJPY.p,E25/TP5
227314256,304538389,2026-07-22 19:15:00,SELL,IN,0.01,114.123,0.0,0.0,-0.01,AUDJPY.p,E25/TP5
227314257,304538390,2026-07-22 19:15:00,SELL,IN,0.01,0.9033,0.0,0.0,-0.01,AUDSGD.p,E25/TP5
227314284,304538421,2026-07-22 19:15:00,BUY,IN,0.01,2.29808,0.0,0.0,-0.01,GBPNZD.p,E25/TP5
227314285,304538422,2026-07-22 19:15:00,SELL,IN,0.01,0.69971,0.0,0.0,-0.01,AUDUSD.p,E25/TP5
227314286,304538423,2026-07-22 19:15:00,BUY,IN,0.01,1.409,0.0,0.0,-0.01,USDCAD.p,E25/TP5
227314287,304538424,2026-07-22 19:15:00,SELL,IN,0.01,1.14072,0.0,0.0,-0.01,EURUSD.p,E25/TP5
227314288,304538425,2026-07-22 19:15:00,SELL,IN,0.01,0.98583,0.0,0.0,-0.01,AUDCAD.p,E25/TP5
227314299,304538443,2026-07-22 19:15:00,SELL,IN,0.01,0.58174,0.0,0.0,-0.01,NZDUSD.p,E25/TP5
227314303,304538448,2026-07-22 19:15:01,SELL,IN,0.01,186.06,0.0,0.0,-0.01,EURJPY.p,E25/TP5
227323646,304556946,2026-07-22 19:30:03,BUY,IN,0.01,1.33711,0.0,0.0,-0.01,GBPUSD.p,E25/TP5
227323649,304556950,2026-07-22 19:30:03,BUY,IN,0.01,218.084,0.0,0.0,-0.01,GBPJPY.p,E25/TP5
227323694,304557004,2026-07-22 19:30:03,BUY,IN,0.01,1.72626,0.0,0.0,-0.01,GBPSGD.p,E25/TP5
227323699,304557008,2026-07-22 19:30:03,SELL,IN,0.01,1.20255,0.0,0.0,-0.01,AUDNZD.p,E25/TP5
227323784,304557153,2026-07-22 19:30:10,SELL,IN,0.01,0.56935,0.0,0.0,-0.01,AUDCHF.p,E25/TP5
227323786,304557155,2026-07-22 19:30:10,BUY,IN,0.01,1.6312600000000002,0.0,0.0,-0.01,EURAUD.p,E25/TP5
227323788,304557156,2026-07-22 19:30:10,BUY,IN,0.01,1.9114900000000001,0.0,0.0,-0.01,GBPAUD.p,E25/TP5
227336997,304580768,2026-07-22 19:45:01,SELL,IN,0.01,0.8533,0.0,0.0,-0.01,EURGBP.p,E25/TP5
227351264,304610389,2026-07-22 20:15:00,BUY,IN,0.01,200.344,0.0,0.0,-0.01,CHFJPY.p,E25/TP5
227351288,304610416,2026-07-22 20:15:00,SELL,IN,0.01,1.0888,0.0,0.0,-0.01,GBPCHF.p,E25/TP5
227385812,304684039,2026-07-22 21:30:00,SELL,IN,0.01,0.81452,0.0,0.0,-0.01,USDCHF.p,E25/TP5
227437944,304793281,2026-07-22 23:26:54,SELL,OUT,0.01,2.29944,0.79,0.0,-0.01,GBPNZD.p,[tp 2.29944]
227445094,304812032,2026-07-23 00:51:48,SELL,OUT,0.01,1.91207,0.41,-0.2,-0.01,GBPAUD.p,[tp 1.91207]
227445095,304812033,2026-07-23 00:51:48,BUY,OUT,0.01,0.98515,0.48,-0.17,-0.01,AUDCAD.p,[tp 0.98515]
227445104,304812041,2026-07-23 00:51:48,BUY,OUT,0.01,0.69918,0.53,-0.05,-0.01,AUDUSD.p,[tp 0.69918]
227449045,304816742,2026-07-23 01:01:24,BUY,OUT,0.01,0.90277,0.41,-0.27,-0.01,AUDSGD.p,[tp 0.90277]
227449720,304817690,2026-07-23 01:01:50,SELL,OUT,0.01,1.63202,0.53,-0.28,-0.01,EURAUD.p,[tp 1.63202]
227450041,304818261,2026-07-23 01:02:14,BUY,OUT,0.01,94.828,0.33,-0.11,-0.01,NZDJPY.p,[tp 94.828]
227450743,304819617,2026-07-23 01:03:03,BUY,OUT,0.01,114.025,0.6,-0.22,-0.01,AUDJPY.p,[tp 114.025]
227451353,304820620,2026-07-23 01:03:42,BUY,OUT,0.01,0.58122,0.52,0.03,-0.01,NZDUSD.p,[tp 0.58122]
227456690,304830409,2026-07-23 01:15:00,BUY,IN,0.01,0.98451,0.0,0.0,-0.01,AUDCAD.p,E25/TP5
227456744,304830513,2026-07-23 01:15:00,BUY,IN,0.01,1.9634399999999999,0.0,0.0,-0.01,EURNZD.p,E25/TP5
227456746,304830523,2026-07-23 01:15:00,BUY,IN,0.01,2.30098,0.0,0.0,-0.01,GBPNZD.p,E25/TP5
227456751,304830534,2026-07-23 01:15:00,BUY,IN,0.01,0.90242,0.0,0.0,-0.01,AUDSGD.p,E25/TP5
227478842,304872243,2026-07-23 02:00:00,SELL,IN,0.01,1.63236,0.0,0.0,-0.01,EURAUD.p,E25/TP5
227478895,304872362,2026-07-23 02:00:00,SELL,IN,0.01,1.91307,0.0,0.0,-0.01,GBPAUD.p,E25/TP5
227478911,304872409,2026-07-23 02:00:00,BUY,IN,0.01,114.001,0.0,0.0,-0.01,AUDJPY.p,E25/TP5
227495788,304903211,2026-07-23 02:33:15,SELL,OUT,0.01,1.72681,0.43,0.06,-0.01,GBPSGD.p,[tp 1.72681]
227505572,304921490,2026-07-23 02:55:46,SELL,OUT,0.01,218.143,0.36,0.1,-0.01,GBPJPY.p,[tp 218.143]
227509344,304928409,2026-07-23 03:01:54,SELL,OUT,0.01,1.33766,0.55,-0.03,-0.01,GBPUSD.p,[tp 1.33766]
227529691,304964967,2026-07-23 03:41:54,BUY,OUT,0.01,0.81398,0.66,-0.47,-0.01,USDCHF.p,[tp 0.81398]
227530463,304966813,2026-07-23 03:45:00,SELL,IN,0.01,1.72653,0.0,0.0,-0.01,GBPSGD.p,E25/TP5
227531599,304968578,2026-07-23 03:46:33,BUY,OUT,0.01,1.20202,0.31,-0.15,-0.01,AUDNZD.p,[tp 1.20202]
227531604,304968585,2026-07-23 03:46:33,SELL,IN,0.01,1.20202,0.0,0.0,-0.01,AUDNZD.p,E25/TP5
227541557,304985548,2026-07-23 04:00:34,SELL,OUT,0.01,114.055,0.33,0.0,-0.01,AUDJPY.p,[tp 114.055]
227553974,305005691,2026-07-23 04:12:40,BUY,OUT,0.01,1.63183,0.37,0.0,-0.01,EURAUD.p,[tp 1.63183]
227553996,305005738,2026-07-23 04:12:40,SELL,IN,0.01,1.63185,0.0,0.0,-0.01,EURAUD.p,E25/TP5
227554529,305007315,2026-07-23 04:14:25,BUY,OUT,0.01,1.91249,0.41,0.0,-0.01,GBPAUD.p,[tp 1.91249]
227554532,305007323,2026-07-23 04:14:26,SELL,IN,0.01,1.9124400000000001,0.0,0.0,-0.01,GBPAUD.p,E25/TP5
227557435,305012750,2026-07-23 04:18:31,SELL,OUT,0.01,0.90294,0.4,0.0,-0.01,AUDSGD.p,[tp 0.90294]
227565518,305027428,2026-07-23 04:30:00,SELL,OUT,0.01,0.98506,0.39,0.0,-0.01,AUDCAD.p,[tp 0.98506]
227577541,305044883,2026-07-23 04:37:32,BUY,OUT,0.01,163.021,0.36,-0.47,-0.01,USDJPY.p,[tp 163.021]
227580098,305049158,2026-07-23 04:40:25,BUY,OUT,0.01,1.62673,3.59,0.0,-0.01,EURAUD.p,[tp 1.62673]
227583704,305055361,2026-07-23 04:45:00,SELL,IN,0.01,1.20557,0.0,0.0,-0.01,AUDNZD.p,E25/TP5
227585022,305057605,2026-07-23 04:46:17,BUY,OUT,0.01,1.9072,3.68,0.0,-0.01,GBPAUD.p,[tp 1.90720]
227594820,305076052,2026-07-23 05:00:00,BUY,IN,0.01,1.6283400000000001,0.0,0.0,-0.01,EURAUD.p,E25/TP5
227594876,305076147,2026-07-23 05:00:00,BUY,IN,0.01,1.90866,0.0,0.0,-0.01,GBPAUD.p,E25/TP5
227594879,305076150,2026-07-23 05:00:00,SELL,IN,0.01,0.70112,0.0,0.0,-0.01,AUDUSD.p,E25/TP5
227594911,305076210,2026-07-23 05:00:00,SELL,IN,0.01,114.324,0.0,0.0,-0.01,AUDJPY.p,E25/TP5
227594913,305076212,2026-07-23 05:00:00,SELL,IN,0.01,0.90438,0.0,0.0,-0.01,AUDSGD.p,E25/TP5
227594920,305076227,2026-07-23 05:00:00,SELL,IN,0.01,0.98665,0.0,0.0,-0.01,AUDCAD.p,E25/TP5
227616827,305115992,2026-07-23 05:36:27,SELL,OUT,0.01,1.96399,0.32,0.0,-0.01,EURNZD.p,[tp 1.96399]
227616865,305116056,2026-07-23 05:36:29,SELL,OUT,0.01,2.3015499999999998,0.33,0.0,-0.01,GBPNZD.p,[tp 2.30155]
227616914,305116133,2026-07-23 05:36:31,SELL,OUT,0.01,200.404,0.37,-0.15,-0.01,CHFJPY.p,[tp 200.404]
227624898,305130544,2026-07-23 05:49:40,SELL,OUT,0.01,1.62887,0.37,0.0,-0.01,EURAUD.p,[tp 1.62887]
227630255,305140363,2026-07-23 06:00:00,BUY,IN,0.01,1.62886,0.0,0.0,-0.01,EURAUD.p,E25/TP5
227642777,305166633,2026-07-23 06:30:00,SELL,IN,0.01,2.30183,0.0,0.0,-0.01,GBPNZD.p,E25/TP5
227642808,305166671,2026-07-23 06:30:00,SELL,IN,0.01,1.96469,0.0,0.0,-0.01,EURNZD.p,E25/TP5
227643598,305167838,2026-07-23 06:30:40,SELL,OUT,0.01,1.4737,0.4,-0.0,-0.01,EURSGD.p,[tp 1.47370]
227655152,305198313,2026-07-23 07:12:41,SELL,IN,0.01,200.549,0.0,0.0,-0.01,CHFJPY.p,E25/TP5
227656745,305201386,2026-07-23 07:15:00,SELL,IN,0.01,186.434,0.0,0.0,-0.01,EURJPY.p,E25/TP5
227657201,305202272,2026-07-23 07:15:19,BUY,OUT,0.01,2.30071,0.65,0.0,-0.01,GBPNZD.p,[tp 2.30071]
227659286,305207553,2026-07-23 07:22:02,BUY,OUT,0.01,1.726,0.41,0.0,-0.01,GBPSGD.p,[tp 1.72600]
227666617,305224929,2026-07-23 07:43:50,SELL,OUT,0.01,1.62939,0.37,0.0,-0.01,EURAUD.p,[tp 1.62939]
227666618,305224935,2026-07-23 07:43:51,BUY,IN,0.01,1.62939,0.0,0.0,-0.01,EURAUD.p,E25/TP5
227686604,305276567,2026-07-23 08:33:15,BUY,OUT,0.01,1.96414,0.32,0.0,-0.01,EURNZD.p,[tp 1.96414]
227686605,305276573,2026-07-23 08:33:15,SELL,IN,0.01,1.96411,0.0,0.0,-0.01,EURNZD.p,E25/TP5
227688607,305282453,2026-07-23 08:39:51,BUY,OUT,0.01,200.49,0.36,0.0,-0.01,CHFJPY.p,[tp 200.490]
227688610,305282461,2026-07-23 08:39:52,SELL,IN,0.01,200.483,0.0,0.0,-0.01,CHFJPY.p,E25/TP5
227690214,305286518,2026-07-23 08:43:55,SELL,OUT,0.01,1.6299299999999999,0.38,0.0,-0.01,EURAUD.p,[tp 1.62993]
227690740,305287774,2026-07-23 08:45:00,BUY,IN,0.01,1.6297899999999998,0.0,0.0,-0.01,EURAUD.p,E25/TP5
227701447,305308771,2026-07-23 09:00:02,BUY,OUT,0.01,0.9861,0.39,0.0,-0.01,AUDCAD.p,[tp 0.98610]
227706298,305317418,2026-07-23 09:04:56,BUY,OUT,0.01,1.96346,0.38,0.0,-0.01,EURNZD.p,[tp 1.96346]
227707866,305320594,2026-07-23 09:07:10,SELL,OUT,0.01,1.90924,0.41,0.0,-0.01,GBPAUD.p,[tp 1.90924]
227707899,305320656,2026-07-23 09:07:12,BUY,IN,0.01,1.90929,0.0,0.0,-0.01,GBPAUD.p,E25/TP5
227718594,305346339,2026-07-23 09:30:00,BUY,IN,0.01,0.98608,0.0,0.0,-0.01,AUDCAD.p,E25/TP5
227719607,305348805,2026-07-23 09:32:04,BUY,OUT,0.01,200.423,0.37,0.0,-0.01,CHFJPY.p,[tp 200.423]
227719612,305348818,2026-07-23 09:32:05,SELL,IN,0.01,200.419,0.0,0.0,-0.01,CHFJPY.p,E25/TP5
227725801,305360567,2026-07-23 09:41:41,SELL,IN,0.01,218.151,0.0,0.0,-0.01,GBPJPY.p,E25/TP5
227727534,305364358,2026-07-23 09:45:00,BUY,IN,0.01,1.96345,0.0,0.0,-0.01,EURNZD.p,E25/TP5
227731497,305373350,2026-07-23 09:56:04,BUY,OUT,0.01,0.90386,0.4,0.0,-0.01,AUDSGD.p,[tp 0.90386]
227731752,305374534,2026-07-23 09:57:57,SELL,OUT,0.01,1.6303299999999998,0.38,0.0,-0.01,EURAUD.p,[tp 1.63033]
227732810,305376495,2026-07-23 09:59:45,BUY,OUT,0.01,0.70059,0.53,0.0,-0.01,AUDUSD.p,[tp 0.70059]
227732834,305376528,2026-07-23 09:59:46,SELL,IN,0.01,0.70057,0.0,0.0,-0.01,AUDUSD.p,E25/TP5
227733738,305377921,2026-07-23 10:00:31,BUY,OUT,0.01,114.266,0.36,0.0,-0.01,AUDJPY.p,[tp 114.266]
227736246,305381184,2026-07-23 10:01:45,SELL,OUT,0.01,1.90987,0.41,0.0,-0.01,GBPAUD.p,[tp 1.90987]
227736262,305381220,2026-07-23 10:01:46,BUY,IN,0.01,1.9098899999999999,0.0,0.0,-0.01,GBPAUD.p,E25/TP5
227741246,305389973,2026-07-23 10:07:56,BUY,OUT,0.01,200.279,0.86,0.0,-0.01,CHFJPY.p,[tp 200.279]
227753200,305406574,2026-07-23 10:15:00,BUY,IN,0.01,114.305,0.0,0.0,-0.01,AUDJPY.p,E25/TP5
227758135,305414211,2026-07-23 10:18:25,SELL,OUT,0.01,1.96623,1.62,0.0,-0.01,EURNZD.p,[tp 1.96623]
227780289,305449577,2026-07-23 10:43:05,BUY,OUT,0.01,0.70004,0.53,0.0,-0.01,AUDUSD.p,[tp 0.70004]
227781098,305450422,2026-07-23 10:43:13,SELL,IN,0.01,1.63202,0.0,0.0,-0.01,EURAUD.p,E25/TP5
227781147,305450493,2026-07-23 10:43:14,SELL,OUT,0.01,1.9104700000000001,0.41,0.0,-0.01,GBPAUD.p,[tp 1.91047]
227783483,305454266,2026-07-23 10:45:00,BUY,IN,0.01,200.258,0.0,0.0,-0.01,CHFJPY.p,E25/TP5
227790401,305465608,2026-07-23 10:52:45,SELL,OUT,0.01,114.361,0.34,0.0,-0.01,AUDJPY.p,[tp 114.361]
227796135,305475898,2026-07-23 11:00:00,SELL,IN,0.01,1.96845,0.0,0.0,-0.01,EURNZD.p,E25/TP5
227796249,305476045,2026-07-23 11:00:00,SELL,IN,0.01,0.8147,0.0,0.0,-0.01,USDCHF.p,E25/TP5
227796289,305476155,2026-07-23 11:00:00,SELL,IN,0.01,2.30417,0.0,0.0,-0.01,GBPNZD.p,E25/TP5
227796290,305476156,2026-07-23 11:00:00,BUY,IN,0.01,0.70039,0.0,0.0,-0.01,AUDUSD.p,E25/TP5
227796291,305476157,2026-07-23 11:00:00,BUY,IN,0.01,0.81654,0.0,0.0,-0.01,NZDCAD.p,E25/TP5
227796333,305476219,2026-07-23 11:00:01,BUY,IN,0.01,0.74875,0.0,0.0,-0.01,NZDSGD.p,E25/TP5
227796334,305476220,2026-07-23 11:00:01,BUY,IN,0.01,0.90353,0.0,0.0,-0.01,AUDSGD.p,E25/TP5
227796335,305476221,2026-07-23 11:00:01,BUY,IN,0.01,114.381,0.0,0.0,-0.01,AUDJPY.p,E25/TP5
227796336,305476222,2026-07-23 11:00:01,BUY,IN,0.01,94.787,0.0,0.0,-0.01,NZDJPY.p,E25/TP5
227796360,305476284,2026-07-23 11:00:01,BUY,IN,0.01,0.58039,0.0,0.0,-0.01,NZDUSD.p,E25/TP5
227796362,305476286,2026-07-23 11:00:01,SELL,IN,0.01,1.9095,0.0,0.0,-0.01,GBPAUD.p,E25/TP5
227829692,305542286,2026-07-23 11:56:34,SELL,OUT,0.01,200.54,1.73,0.0,-0.01,CHFJPY.p,[tp 200.540]
227829695,305542299,2026-07-23 11:56:35,SELL,IN,0.01,200.54,0.0,0.0,-0.01,CHFJPY.p,E25/TP5
227830222,305543333,2026-07-23 11:57:30,BUY,OUT,0.01,1.6297700000000002,1.58,0.0,-0.01,EURAUD.p,[tp 1.62977]
227830227,305543352,2026-07-23 11:57:32,SELL,IN,0.01,1.62978,0.0,0.0,-0.01,EURAUD.p,E25/TP5
227831042,305545022,2026-07-23 12:00:00,SELL,IN,0.01,163.333,0.0,0.0,-0.01,USDJPY.p,E25/TP5
227871880,305623148,2026-07-23 13:12:28,BUY,OUT,0.01,200.481,0.36,0.0,-0.01,CHFJPY.p,[tp 200.481]
227872723,305624839,2026-07-23 13:15:00,SELL,IN,0.01,200.467,0.0,0.0,-0.01,CHFJPY.p,E25/TP5
227893432,305662767,2026-07-23 13:51:58,BUY,OUT,0.01,1.9679,0.32,0.0,-0.01,EURNZD.p,[tp 1.96790]
227893439,305662779,2026-07-23 13:51:58,SELL,IN,0.01,1.9679,0.0,0.0,-0.01,EURNZD.p,E25/TP5
227898419,305673823,2026-07-23 14:04:00,BUY,OUT,0.01,200.407,0.37,0.0,-0.01,CHFJPY.p,[tp 200.407]
227910063,305693428,2026-07-23 14:20:26,BUY,OUT,0.01,1.14018,0.54,0.08,-0.01,EURUSD.p,[tp 1.14018]
227917853,305704149,2026-07-23 14:29:03,BUY,IN,0.01,1.13973,0.0,0.0,-0.01,EURUSD.p,E25/TP5
227918902,305705702,2026-07-23 14:30:10,BUY,OUT,0.01,1.6292499999999999,0.37,0.0,-0.01,EURAUD.p,[tp 1.62925]
227922164,305710140,2026-07-23 14:33:45,BUY,OUT,0.01,186.19,-0.8,-0.18,-0.01,EURJPY.p,[tp 186.190]
227922167,305710141,2026-07-23 14:33:45,BUY,OUT,0.01,186.19,1.49,0.0,-0.01,EURJPY.p,[tp 186.190]
227928656,305718480,2026-07-23 14:40:25,SELL,OUT,0.01,1.29163,0.43,0.04,-0.01,USDSGD.p,[tp 1.29163]
227934984,305727456,2026-07-23 14:45:00,BUY,IN,0.01,186.287,0.0,0.0,-0.01,EURJPY.p,E25/TP5
227935066,305727572,2026-07-23 14:45:00,BUY,IN,0.01,200.346,0.0,0.0,-0.01,CHFJPY.p,E25/TP5
227935083,305727597,2026-07-23 14:45:00,SELL,IN,0.01,116.147,0.0,0.0,-0.01,CADJPY.p,E25/TP5
227936671,305729605,2026-07-23 14:45:51,BUY,OUT,0.01,218.075,0.46,0.0,-0.01,GBPJPY.p,[tp 218.075]
227947004,305743921,2026-07-23 15:00:00,BUY,IN,0.01,1.33558,0.0,0.0,-0.01,GBPUSD.p,E25/TP5
227947055,305744052,2026-07-23 15:00:00,BUY,IN,0.01,1.47137,0.0,0.0,-0.01,EURSGD.p,E25/TP5
227947056,305744053,2026-07-23 15:00:00,BUY,IN,0.01,1.7246000000000001,0.0,0.0,-0.01,GBPSGD.p,E25/TP5
228000361,305813494,2026-07-23 15:42:53,SELL,OUT,0.01,200.405,0.36,0.0,-0.01,CHFJPY.p,[tp 200.405]
228003495,305817836,2026-07-23 15:45:00,SELL,IN,0.01,163.711,0.0,0.0,-0.01,USDJPY.p,E25/TP5
228003576,305817930,2026-07-23 15:45:00,BUY,IN,0.01,200.368,0.0,0.0,-0.01,CHFJPY.p,E25/TP5
228021951,305839412,2026-07-23 15:57:34,SELL,OUT,0.01,186.341,0.33,0.0,-0.01,EURJPY.p,[tp 186.341]
228021963,305839432,2026-07-23 15:57:35,BUY,IN,0.01,186.345,0.0,0.0,-0.01,EURJPY.p,E25/TP5
228055891,305884356,2026-07-23 16:15:00,BUY,IN,0.01,0.81257,0.0,0.0,-0.01,NZDCAD.p,E25/TP5
228062919,305894088,2026-07-23 16:20:22,SELL,OUT,0.01,200.427,0.36,0.0,-0.01,CHFJPY.p,[tp 200.427]
228071553,305905718,2026-07-23 16:30:00,SELL,IN,0.01,1.29292,0.0,0.0,-0.01,USDSGD.p,E25/TP5
228080667,305917184,2026-07-23 16:35:11,SELL,OUT,0.01,186.399,0.33,0.0,-0.01,EURJPY.p,[tp 186.399]
228080687,305917206,2026-07-23 16:35:12,BUY,IN,0.01,186.395,0.0,0.0,-0.01,EURJPY.p,E25/TP5
228096645,305937294,2026-07-23 16:45:00,SELL,IN,0.01,1.6304400000000001,0.0,0.0,-0.01,EURAUD.p,E25/TP5
228096719,305937451,2026-07-23 16:45:00,SELL,IN,0.01,126.765,0.0,0.0,-0.01,SGDJPY.p,E25/TP5
228135887,305986854,2026-07-23 17:10:17,BUY,OUT,0.01,1.08828,0.64,-0.71,-0.01,GBPCHF.p,[tp 1.08828]
228141994,305994679,2026-07-23 17:15:00,SELL,IN,0.01,218.438,0.0,0.0,-0.01,GBPJPY.p,E25/TP5
228142060,305994754,2026-07-23 17:15:00,SELL,IN,0.01,200.73,0.0,0.0,-0.01,CHFJPY.p,E25/TP5
228146307,306000227,2026-07-23 17:18:43,BUY,OUT,0.01,1.62991,0.37,0.0,-0.01,EURAUD.p,[tp 1.62991]
228146358,306000284,2026-07-23 17:18:44,SELL,IN,0.01,1.6299700000000001,0.0,0.0,-0.01,EURAUD.p,E25/TP5
228173496,306034649,2026-07-23 17:45:00,BUY,IN,0.01,1.87623,0.0,0.0,-0.01,GBPCAD.p,E25/TP5
228173501,306034655,2026-07-23 17:45:00,BUY,IN,0.01,1.33185,0.0,0.0,-0.01,GBPUSD.p,E25/TP5
228179283,306042119,2026-07-23 17:51:17,BUY,OUT,0.01,218.339,0.6,0.0,-0.01,GBPJPY.p,[tp 218.339]
228179309,306042172,2026-07-23 17:51:18,SELL,IN,0.01,218.318,0.0,0.0,-0.01,GBPJPY.p,E25/TP5
228180191,306043368,2026-07-23 17:52:20,BUY,OUT,0.01,200.671,0.36,0.0,-0.01,CHFJPY.p,[tp 200.671]
228180198,306043381,2026-07-23 17:52:21,SELL,IN,0.01,200.665,0.0,0.0,-0.01,CHFJPY.p,E25/TP5
228209284,306079131,2026-07-23 18:20:53,BUY,OUT,0.01,1.90891,0.41,0.0,-0.01,GBPAUD.p,[tp 1.90891]
228219040,306091519,2026-07-23 18:30:18,BUY,OUT,0.01,200.54,0.76,0.0,-0.01,CHFJPY.p,[tp 200.540]
228219048,306091530,2026-07-23 18:30:19,SELL,IN,0.01,200.532,0.0,0.0,-0.01,CHFJPY.p,E25/TP5
228219968,306092726,2026-07-23 18:30:59,SELL,OUT,0.01,1.40953,0.38,0.05,-0.01,USDCAD.p,[tp 1.40953]
228220349,306093110,2026-07-23 18:31:05,BUY,OUT,0.01,218.023,1.8,0.0,-0.01,GBPJPY.p,[tp 218.023]
228236407,306114216,2026-07-23 18:45:00,BUY,IN,0.01,1.08779,0.0,0.0,-0.01,GBPCHF.p,E25/TP5
228250700,306138359,2026-07-23 19:15:00,BUY,IN,0.01,218.159,0.0,0.0,-0.01,GBPJPY.p,E25/TP5
228250724,306138392,2026-07-23 19:15:00,BUY,IN,0.01,1.90886,0.0,0.0,-0.01,GBPAUD.p,E25/TP5
228253275,306142215,2026-07-23 19:19:35,BUY,OUT,0.01,200.472,0.37,0.0,-0.01,CHFJPY.p,[tp 200.472]
228253301,306142259,2026-07-23 19:19:37,BUY,IN,0.01,200.479,0.0,0.0,-0.01,CHFJPY.p,E25/TP5
228273052,306172833,2026-07-23 20:04:55,SELL,OUT,0.01,1.90985,0.69,0.0,-0.01,GBPAUD.p,[tp 1.90985]
228273276,306173156,2026-07-23 20:05:07,SELL,OUT,0.01,200.637,0.97,0.0,-0.01,CHFJPY.p,[tp 200.637]
228278956,306180907,2026-07-23 20:15:00,SELL,IN,0.01,200.576,0.0,0.0,-0.01,CHFJPY.p,E25/TP5
228278995,306181016,2026-07-23 20:15:00,BUY,IN,0.01,1.90981,0.0,0.0,-0.01,GBPAUD.p,E25/TP5
228303057,306215154,2026-07-23 21:03:32,BUY,OUT,0.01,200.464,0.68,0.0,-0.01,CHFJPY.p,[tp 200.464]
228305146,306218161,2026-07-23 21:09:20,SELL,OUT,0.01,1.91071,0.63,0.0,-0.01,GBPAUD.p,[tp 1.91071]
228337808,306262617,2026-07-23 22:30:24,BUY,OUT,0.01,0.56883,0.64,-0.35,-0.01,AUDCHF.p,[tp 0.56883]
228361292,306302691,2026-07-24 01:01:00,BUY,IN,0.01,200.647,0.0,0.0,-0.01,CHFJPY.p,E25/TP5
228369777,306320660,2026-07-24 01:55:22,SELL,OUT,0.01,186.45,0.34,0.01,-0.01,EURJPY.p,[tp 186.450]
228395126,306365074,2026-07-24 03:17:22,SELL,OUT,0.01,218.22,0.37,0.03,-0.01,GBPJPY.p,[tp 218.220]
228411279,306391217,2026-07-24 03:55:29,BUY,OUT,0.01,1.29237,0.43,-0.11,-0.01,USDSGD.p,[tp 1.29237]
228411493,306391745,2026-07-24 03:56:54,BUY,OUT,0.01,2.3036,0.33,-0.09,-0.01,GBPNZD.p,[tp 2.30360]
228414219,306395624,2026-07-24 04:00:25,SELL,OUT,0.01,200.707,0.37,0.0,-0.01,CHFJPY.p,[tp 200.707]
228434788,306424931,2026-07-24 04:30:00,SELL,IN,0.01,200.677,0.0,0.0,-0.01,CHFJPY.p,E25/TP5
228452125,306450639,2026-07-24 05:00:00,BUY,IN,0.01,2.30411,0.0,0.0,-0.01,GBPNZD.p,E25/TP5
228459224,306461823,2026-07-24 05:17:04,BUY,OUT,0.01,200.553,0.76,0.0,-0.01,CHFJPY.p,[tp 200.553]
228469203,306477570,2026-07-24 05:39:35,SELL,OUT,0.01,2.30469,0.34,0.0,-0.01,GBPNZD.p,[tp 2.30469]
228469209,306477578,2026-07-24 05:39:35,BUY,IN,0.01,2.30486,0.0,0.0,-0.01,GBPNZD.p,E25/TP5
228470813,306480608,2026-07-24 05:45:00,BUY,IN,0.01,1.90884,0.0,0.0,-0.01,GBPAUD.p,E25/TP5
228508001,306536445,2026-07-24 06:30:00,BUY,IN,0.01,200.485,0.0,0.0,-0.01,CHFJPY.p,E25/TP5
228589110,306663063,2026-07-24 09:38:32,SELL,OUT,0.01,1.0883099999999999,0.64,0.06,-0.01,GBPCHF.p,[tp 1.08831]
228605837,306689649,2026-07-24 10:05:23,SELL,OUT,0.01,200.545,0.37,0.0,-0.01,CHFJPY.p,[tp 200.545]
228624379,306719014,2026-07-24 10:30:40,SELL,OUT,0.01,1.33426,-1.32,-0.01,-0.01,GBPUSD.p,[tp 1.33426]
228624381,306719015,2026-07-24 10:30:40,SELL,OUT,0.01,1.33426,2.41,-0.01,-0.01,GBPUSD.p,[tp 1.33426]
228629714,306726706,2026-07-24 10:36:19,SELL,OUT,0.01,1.90942,0.41,0.0,-0.01,GBPAUD.p,[tp 1.90942]
228635604,306735417,2026-07-24 10:45:00,SELL,IN,0.01,218.337,0.0,0.0,-0.01,GBPJPY.p,E25/TP5
228635643,306735528,2026-07-24 10:45:00,SELL,IN,0.01,1.33325,0.0,0.0,-0.01,GBPUSD.p,E25/TP5
228640141,306744232,2026-07-24 11:00:00,SELL,IN,0.01,200.627,0.0,0.0,-0.01,CHFJPY.p,E25/TP5
228646282,306756931,2026-07-24 11:15:00,SELL,IN,0.01,1.9089399999999999,0.0,0.0,-0.01,GBPAUD.p,E25/TP5
228650433,306764765,2026-07-24 11:26:02,BUY,OUT,0.01,218.27,0.41,0.0,-0.01,GBPJPY.p,[tp 218.270]
228651502,306766542,2026-07-24 11:27:33,BUY,OUT,0.01,1.62944,0.37,0.04,-0.01,EURAUD.p,[tp 1.62944]
228654327,306770470,2026-07-24 11:30:00,SELL,IN,0.01,218.291,0.0,0.0,-0.01,GBPJPY.p,E25/TP5
228658032,306777199,2026-07-24 11:37:54,BUY,OUT,0.01,1.9673500000000002,0.32,-0.02,-0.01,EURNZD.p,[tp 1.96735]
228658348,306777762,2026-07-24 11:38:44,BUY,OUT,0.01,1.33269,0.56,0.0,-0.01,GBPUSD.p,[tp 1.33269]
228658356,306777776,2026-07-24 11:38:45,SELL,IN,0.01,1.33259,0.0,0.0,-0.01,GBPUSD.p,E25/TP5
228660372,306780944,2026-07-24 11:42:11,SELL,OUT,0.01,114.435,0.33,0.01,-0.01,AUDJPY.p,[tp 114.435]
228665883,306790832,2026-07-24 11:52:36,BUY,OUT,0.01,200.568,0.36,0.0,-0.01,CHFJPY.p,[tp 200.568]
228665923,306790962,2026-07-24 11:52:52,BUY,OUT,0.01,1.90671,1.56,0.0,-0.01,GBPAUD.p,[tp 1.90671]
228670014,306797825,2026-07-24 12:00:00,SELL,IN,0.01,200.515,0.0,0.0,-0.01,CHFJPY.p,E25/TP5
228670089,306797971,2026-07-24 12:00:00,BUY,IN,0.01,1.9674800000000001,0.0,0.0,-0.01,EURNZD.p,E25/TP5
228680607,306813701,2026-07-24 12:14:25,BUY,OUT,0.01,218.077,1.31,0.0,-0.01,GBPJPY.p,[tp 218.077]
228680611,306813713,2026-07-24 12:14:26,SELL,IN,0.01,218.059,0.0,0.0,-0.01,GBPJPY.p,E25/TP5
228680691,306813944,2026-07-24 12:15:00,BUY,IN,0.01,1.62954,0.0,0.0,-0.01,EURAUD.p,E25/TP5
228680982,306814435,2026-07-24 12:15:39,BUY,OUT,0.01,1.3314,1.19,0.0,-0.01,GBPUSD.p,[tp 1.33140]
228686922,306825059,2026-07-24 12:30:00,BUY,IN,0.01,1.3319,0.0,0.0,-0.01,GBPUSD.p,E25/TP5
228692190,306836105,2026-07-24 12:45:00,BUY,IN,0.01,1.9059599999999999,0.0,0.0,-0.01,GBPAUD.p,E25/TP5
228698784,306849854,2026-07-24 13:03:59,SELL,OUT,0.01,1.96835,0.5,0.0,-0.01,EURNZD.p,[tp 1.96835]
228700822,306854166,2026-07-24 13:07:24,BUY,OUT,0.01,217.982,0.47,0.0,-0.01,GBPJPY.p,[tp 217.982]
228707831,306869556,2026-07-24 13:24:51,SELL,OUT,0.01,1.3324500000000001,0.55,0.0,-0.01,GBPUSD.p,[tp 1.33245]
228711457,306875603,2026-07-24 13:30:00,BUY,IN,0.01,218.173,0.0,0.0,-0.01,GBPJPY.p,E25/TP5
228711512,306875691,2026-07-24 13:30:00,BUY,IN,0.01,1.33255,0.0,0.0,-0.01,GBPUSD.p,E25/TP5
228726672,306903164,2026-07-24 14:09:35,SELL,OUT,0.01,0.81511,-1.02,-0.01,-0.01,NZDCAD.p,[tp 0.81511]
228726674,306903165,2026-07-24 14:09:35,SELL,OUT,0.01,0.81511,1.8,-0.01,-0.01,NZDCAD.p,[tp 0.81511]
228727134,306904460,2026-07-24 14:12:16,SELL,OUT,0.01,218.257,0.51,0.0,-0.01,GBPJPY.p,[tp 218.257]
228730456,306913998,2026-07-24 14:30:00,SELL,IN,0.01,218.234,0.0,0.0,-0.01,GBPJPY.p,E25/TP5
228730870,306914759,2026-07-24 14:30:32,BUY,OUT,0.01,200.456,0.36,0.0,-0.01,CHFJPY.p,[tp 200.456]
228744404,306940261,2026-07-24 14:58:13,SELL,OUT,0.01,1.9065400000000001,0.41,0.0,-0.01,GBPAUD.p,[tp 1.90654]
228750382,306947860,2026-07-24 15:00:00,BUY,IN,0.01,1.90647,0.0,0.0,-0.01,GBPAUD.p,E25/TP5
228760488,306963537,2026-07-24 15:15:00,BUY,IN,0.01,200.394,0.0,0.0,-0.01,CHFJPY.p,E25/TP5
228760516,306963588,2026-07-24 15:15:00,BUY,IN,0.01,1.9656,0.0,0.0,-0.01,EURNZD.p,E25/TP5
228764757,306971141,2026-07-24 15:25:09,BUY,OUT,0.01,218.167,0.41,0.0,-0.01,GBPJPY.p,[tp 218.167]
228767442,306975667,2026-07-24 15:30:00,SELL,IN,0.01,218.152,0.0,0.0,-0.01,GBPJPY.p,E25/TP5
228772769,306984639,2026-07-24 15:39:45,SELL,OUT,0.01,1.90727,0.56,0.0,-0.01,GBPAUD.p,[tp 1.90727]
228782938,307001347,2026-07-24 15:58:28,SELL,OUT,0.01,1.96727,0.97,0.0,-0.01,EURNZD.p,[tp 1.96727]
228784149,307003146,2026-07-24 16:00:00,BUY,IN,0.01,1.9672800000000001,0.0,0.0,-0.01,EURNZD.p,E25/TP5
228798457,307021771,2026-07-24 16:10:17,BUY,OUT,0.01,218.068,0.51,0.0,-0.01,GBPJPY.p,[tp 218.068]
228798496,307021816,2026-07-24 16:10:18,BUY,IN,0.01,218.066,0.0,0.0,-0.01,GBPJPY.p,E25/TP5
228802931,307027914,2026-07-24 16:14:14,SELL,OUT,0.01,1.63007,0.37,0.0,-0.01,EURAUD.p,[tp 1.63007]
228813306,307044281,2026-07-24 16:30:00,SELL,IN,0.01,1.41013,0.0,0.0,-0.01,USDCAD.p,E25/TP5
228821876,307055654,2026-07-24 16:36:07,SELL,OUT,0.01,1.96783,0.32,0.0,-0.01,EURNZD.p,[tp 1.96783]
228834850,307071711,2026-07-24 16:45:00,BUY,IN,0.01,1.9676200000000001,0.0,0.0,-0.01,EURNZD.p,E25/TP5
228842569,307080747,2026-07-24 16:48:38,SELL,OUT,0.01,218.263,1.2,0.0,-0.01,GBPJPY.p,[tp 218.263]
228842704,307080911,2026-07-24 16:48:38,SELL,IN,0.01,218.262,0.0,0.0,-0.01,GBPJPY.p,E25/TP5
228881048,307130489,2026-07-24 17:09:51,BUY,OUT,0.01,1.40944,0.49,0.0,-0.01,USDCAD.p,[tp 1.40944]
228881064,307130507,2026-07-24 17:09:52,SELL,IN,0.01,1.40942,0.0,0.0,-0.01,USDCAD.p,E25/TP5
228887483,307138852,2026-07-24 17:15:00,SELL,IN,0.01,1.6291799999999999,0.0,0.0,-0.01,EURAUD.p,E25/TP5
228887499,307138881,2026-07-24 17:15:00,SELL,IN,0.01,1.90895,0.0,0.0,-0.01,GBPAUD.p,E25/TP5
228901698,307157180,2026-07-24 17:26:43,SELL,OUT,0.01,1.3331,0.55,0.0,-0.01,GBPUSD.p,[tp 1.33310]
228918782,307181745,2026-07-24 17:46:55,BUY,OUT,0.01,218.195,0.41,0.0,-0.01,GBPJPY.p,[tp 218.195]
228918791,307181762,2026-07-24 17:46:56,SELL,IN,0.01,218.177,0.0,0.0,-0.01,GBPJPY.p,E25/TP5
228920191,307184042,2026-07-24 17:49:19,BUY,OUT,0.01,1.4085,0.65,0.0,-0.01,USDCAD.p,[tp 1.40850]
228923559,307188718,2026-07-24 17:53:15,BUY,OUT,0.01,1.62851,0.47,0.0,-0.01,EURAUD.p,[tp 1.62851]
228924373,307190095,2026-07-24 17:55:40,BUY,OUT,0.01,1.90769,0.88,0.0,-0.01,GBPAUD.p,[tp 1.90769]
228924393,307190122,2026-07-24 17:55:41,SELL,IN,0.01,1.90759,0.0,0.0,-0.01,GBPAUD.p,E25/TP5
228924592,307190502,2026-07-24 17:56:17,SELL,OUT,0.01,94.841,0.33,0.0,-0.01,NZDJPY.p,[tp 94.841]
228951517,307225881,2026-07-24 18:15:07,SELL,OUT,0.01,200.453,0.36,0.0,-0.01,CHFJPY.p,[tp 200.453]
228952348,307226792,2026-07-24 18:15:09,BUY,IN,0.01,200.46,0.0,0.0,-0.01,CHFJPY.p,E25/TP5
228976843,307259123,2026-07-24 18:30:00,BUY,IN,0.01,1.62805,0.0,0.0,-0.01,EURAUD.p,E25/TP5
228976891,307259240,2026-07-24 18:30:00,BUY,IN,0.01,1.40829,0.0,0.0,-0.01,USDCAD.p,E25/TP5
228997767,307285571,2026-07-24 18:45:00,SELL,IN,0.01,1.33398,0.0,0.0,-0.01,GBPUSD.p,E25/TP5
229041043,307350638,2026-07-24 19:45:00,SELL,IN,0.01,94.93,0.0,0.0,-0.01,NZDJPY.p,E25/TP5
229041824,307352038,2026-07-24 19:46:14,BUY,OUT,0.01,1.33343,0.55,0.0,-0.01,GBPUSD.p,[tp 1.33343]
229041839,307352061,2026-07-24 19:46:15,SELL,IN,0.01,1.3334,0.0,0.0,-0.01,GBPUSD.p,E25/TP5
229044185,307355698,2026-07-24 19:49:02,SELL,OUT,0.01,1.40882,0.38,0.0,-0.01,USDCAD.p,[tp 1.40882]
229044187,307355705,2026-07-24 19:49:02,BUY,IN,0.01,1.40881,0.0,0.0,-0.01,USDCAD.p,E25/TP5
229065169,307391480,2026-07-24 20:34:06,BUY,OUT,0.01,1.90701,0.41,0.0,-0.01,GBPAUD.p,[tp 1.90701]
229066599,307394801,2026-07-24 20:41:00,BUY,OUT,0.01,1.33222,1.18,0.0,-0.01,GBPUSD.p,[tp 1.33222]
229069508,307399595,2026-07-24 20:47:19,SELL,OUT,0.01,1.40974,0.66,0.0,-0.01,USDCAD.p,[tp 1.40974]
229074065,307408069,2026-07-24 21:00:00,BUY,IN,0.01,1.33252,0.0,0.0,-0.01,GBPUSD.p,E25/TP5
229082589,307423959,2026-07-24 21:20:38,BUY,OUT,0.01,94.848,0.5,0.0,-0.01,NZDJPY.p,[tp 94.848]
229104719,307457289,2026-07-24 22:00:00,SELL,IN,0.01,1.40965,0.0,0.0,-0.01,USDCAD.p,E25/TP5
229108387,307462436,2026-07-24 22:07:32,SELL,OUT,0.01,1.62858,0.37,0.0,-0.01,EURAUD.p,[tp 1.62858]
229122781,307482877,2026-07-24 22:45:00,SELL,IN,0.01,1.6287,0.0,0.0,-0.01,EURAUD.p,E25/TP5
229186491,307582868,2026-07-27 00:08:40,BUY,OUT,0.01,1.62817,0.37,0.04,-0.01,EURAUD.p,[tp 1.62817]
229186516,307582891,2026-07-27 00:09:42,BUY,OUT,0.01,1.4090500000000001,0.43,-0.05,-0.01,USDCAD.p,[tp 1.40905]
229186720,307583099,2026-07-27 00:15:00,BUY,IN,0.01,2.3007400000000002,0.0,0.0,-0.01,GBPNZD.p,E25/TP5
229187306,307583687,2026-07-27 00:35:43,SELL,OUT,0.01,1.33307,0.55,-0.01,-0.01,GBPUSD.p,[tp 1.33307]
229189124,307585502,2026-07-27 01:00:00,BUY,IN,0.01,1.9638900000000001,0.0,0.0,-0.01,EURNZD.p,E25/TP5
229189552,307585918,2026-07-27 01:00:07,SELL,OUT,0.01,200.519,0.36,-0.05,-0.01,CHFJPY.p,[tp 200.519]
229190139,307586523,2026-07-27 01:00:57,SELL,IN,0.01,0.81802,0.0,0.0,-0.01,NZDCAD.p,E25/TP5
229196310,307593464,2026-07-27 01:02:32,SELL,OUT,0.01,1.8807399999999999,-2.35,0.09,-0.01,GBPCAD.p,[tp 1.88074]
229196312,307593465,2026-07-27 01:02:32,SELL,OUT,0.01,1.8807399999999999,3.2,0.04,-0.01,GBPCAD.p,[tp 1.88074]
229204606,307604433,2026-07-27 01:15:00,BUY,IN,0.01,0.57955,0.0,0.0,-0.01,CADCHF.p,E25/TP5
229204607,307604434,2026-07-27 01:15:00,BUY,IN,0.01,1.40863,0.0,0.0,-0.01,USDCAD.p,E25/TP5
229204608,307604436,2026-07-27 01:15:00,BUY,IN,0.01,1.9073,0.0,0.0,-0.01,GBPAUD.p,E25/TP5
229204609,307604437,2026-07-27 01:15:00,BUY,IN,0.01,1.08955,0.0,0.0,-0.01,GBPCHF.p,E25/TP5
229204610,307604438,2026-07-27 01:15:00,SELL,IN,0.01,114.529,0.0,0.0,-0.01,AUDJPY.p,E25/TP5
229204719,307604759,2026-07-27 01:15:00,BUY,IN,0.01,0.93008,0.0,0.0,-0.01,EURCHF.p,E25/TP5
229204722,307604780,2026-07-27 01:15:00,BUY,IN,0.01,1.6280700000000001,0.0,0.0,-0.01,EURAUD.p,E25/TP5
229210690,307612298,2026-07-27 01:30:00,SELL,IN,0.01,200.458,0.0,0.0,-0.01,CHFJPY.p,E25/TP5
229219223,307622108,2026-07-27 01:45:00,SELL,IN,0.01,1.3345500000000001,0.0,0.0,-0.01,GBPUSD.p,E25/TP5
229224380,307629084,2026-07-27 02:00:00,SELL,IN,0.01,1.88002,0.0,0.0,-0.01,GBPCAD.p,E25/TP5
229235476,307643946,2026-07-27 02:33:57,SELL,OUT,0.01,2.30336,-0.87,0.01,-0.01,GBPNZD.p,[tp 2.30336]
229235478,307643947,2026-07-27 02:33:57,SELL,OUT,0.01,2.30336,1.52,0.0,-0.01,GBPNZD.p,[tp 2.30336]
229249997,307659950,2026-07-27 02:54:42,SELL,OUT,0.01,1.9086400000000001,0.94,0.0,-0.01,GBPAUD.p,[tp 1.90864]
229250004,307659956,2026-07-27 02:54:43,SELL,IN,0.01,1.9086400000000001,0.0,0.0,-0.01,GBPAUD.p,E25/TP5
229250138,307660098,2026-07-27 02:55:01,SELL,OUT,0.01,1.62906,0.69,0.0,-0.01,EURAUD.p,[tp 1.62906]
229250159,307660120,2026-07-27 02:55:02,SELL,IN,0.01,1.62908,0.0,0.0,-0.01,EURAUD.p,E25/TP5
229251444,307662140,2026-07-27 02:57:32,BUY,OUT,0.01,114.436,0.57,0.0,-0.01,AUDJPY.p,[tp 114.436]
229275079,307693096,2026-07-27 03:14:52,SELL,OUT,0.01,1.1402700000000001,0.54,-0.12,-0.01,EURUSD.p,[tp 1.14027]
229275246,307693283,2026-07-27 03:15:00,SELL,IN,0.01,2.30043,0.0,0.0,-0.01,GBPNZD.p,E25/TP5
229289974,307712609,2026-07-27 03:29:12,SELL,IN,0.01,200.809,0.0,0.0,-0.01,CHFJPY.p,E25/TP5
229293076,307716626,2026-07-27 03:32:18,BUY,OUT,0.01,0.81416,0.66,-0.3,-0.01,USDCHF.p,[tp 0.81416]
229293143,307716691,2026-07-27 03:32:28,SELL,OUT,0.01,0.58091,0.52,-0.06,-0.01,NZDUSD.p,[tp 0.58091]
229298454,307723349,2026-07-27 03:39:48,BUY,OUT,0.01,0.8171,0.65,0.0,-0.01,NZDCAD.p,[tp 0.81710]
229300418,307725856,2026-07-27 03:45:00,SELL,IN,0.01,0.81707,0.0,0.0,-0.01,NZDCAD.p,E25/TP5
229300465,307725921,2026-07-27 03:45:00,BUY,IN,0.01,0.81484,0.0,0.0,-0.01,USDCHF.p,E25/TP5
229300474,307726034,2026-07-27 03:45:00,SELL,IN,0.01,1.14045,0.0,0.0,-0.01,EURUSD.p,E25/TP5
229300475,307726035,2026-07-27 03:45:00,SELL,IN,0.01,186.548,0.0,0.0,-0.01,EURJPY.p,E25/TP5
229345117,307783085,2026-07-27 04:34:56,SELL,OUT,0.01,1.9663,-0.77,-0.03,-0.01,EURNZD.p,[tp 1.96630]
229345119,307783086,2026-07-27 04:34:56,SELL,OUT,0.01,1.9663,1.4,0.0,-0.01,EURNZD.p,[tp 1.96630]
229363202,307804258,2026-07-27 04:57:24,BUY,OUT,0.01,1.9080599999999999,0.41,0.0,-0.01,GBPAUD.p,[tp 1.90806]
229367051,307808555,2026-07-27 05:00:00,SELL,IN,0.01,1.96604,0.0,0.0,-0.01,EURNZD.p,E25/TP5
229367168,307809303,2026-07-27 05:00:00,SELL,IN,0.01,1.90754,0.0,0.0,-0.01,GBPAUD.p,E25/TP5
229369623,307811726,2026-07-27 05:01:39,BUY,OUT,0.01,163.464,-0.8,-0.32,-0.01,USDJPY.p,[tp 163.464]
229369625,307811727,2026-07-27 05:01:39,BUY,OUT,0.01,163.464,1.51,-0.32,-0.01,USDJPY.p,[tp 163.464]
229371217,307813583,2026-07-27 05:03:54,BUY,OUT,0.01,0.81642,0.46,0.0,-0.01,NZDCAD.p,[tp 0.81642]
229375451,307819291,2026-07-27 05:15:00,BUY,IN,0.01,163.551,0.0,0.0,-0.01,USDJPY.p,E25/TP5
229408207,307864706,2026-07-27 06:33:44,SELL,OUT,0.01,163.609,0.35,0.0,-0.01,USDJPY.p,[tp 163.609]
229421284,307884600,2026-07-27 07:30:00,BUY,IN,0.01,163.582,0.0,0.0,-0.01,USDJPY.p,E25/TP5
229453120,307925547,2026-07-27 08:50:49,BUY,OUT,0.01,1.9069500000000001,0.41,0.0,-0.01,GBPAUD.p,[tp 1.90695]
229453506,307926053,2026-07-27 08:51:44,BUY,OUT,0.01,1.96549,0.32,0.0,-0.01,EURNZD.p,[tp 1.96549]
229463719,307939021,2026-07-27 09:07:50,SELL,OUT,0.01,0.98663,0.39,0.04,-0.01,AUDCAD.p,[tp 0.98663]
229463880,307939269,2026-07-27 09:08:35,SELL,OUT,0.01,1.40916,0.38,0.0,-0.01,USDCAD.p,[tp 1.40916]
229465767,307941637,2026-07-27 09:10:40,SELL,OUT,0.01,1.60815,0.38,-0.1,-0.01,EURCAD.p,[tp 1.60815]
229466470,307942497,2026-07-27 09:11:52,SELL,OUT,0.01,1.4719,0.41,-0.0,-0.01,EURSGD.p,[tp 1.47190]
229475121,307954023,2026-07-27 09:30:00,SELL,IN,0.01,1.6084800000000001,0.0,0.0,-0.01,EURCAD.p,E25/TP5
229475185,307954107,2026-07-27 09:30:00,SELL,IN,0.01,1.40941,0.0,0.0,-0.01,USDCAD.p,E25/TP5
229475756,307954884,2026-07-27 09:31:28,BUY,OUT,0.01,1.6285500000000002,0.37,0.0,-0.01,EURAUD.p,[tp 1.62855]
229478345,307958454,2026-07-27 09:37:20,SELL,OUT,0.01,0.70092,0.53,0.0,-0.01,AUDUSD.p,[tp 0.70092]
229487561,307972442,2026-07-27 09:58:14,BUY,OUT,0.01,2.29985,0.34,0.0,-0.01,GBPNZD.p,[tp 2.29985]
229487787,307972945,2026-07-27 10:00:00,SELL,IN,0.01,0.9876,0.0,0.0,-0.01,AUDCAD.p,E25/TP5
229487851,307973061,2026-07-27 10:00:00,SELL,IN,0.01,0.81807,0.0,0.0,-0.01,NZDCAD.p,E25/TP5
229487861,307973079,2026-07-27 10:00:00,SELL,IN,0.01,1.4715500000000001,0.0,0.0,-0.01,EURSGD.p,E25/TP5
229490800,307976596,2026-07-27 10:02:25,BUY,OUT,0.01,186.494,0.33,0.0,-0.01,EURJPY.p,[tp 186.494]
229490802,307976610,2026-07-27 10:02:25,SELL,IN,0.01,186.493,0.0,0.0,-0.01,EURJPY.p,E25/TP5
229494948,307982346,2026-07-27 10:10:02,BUY,OUT,0.01,1.60763,0.6,0.0,-0.01,EURCAD.p,[tp 1.60763]
229494963,307982368,2026-07-27 10:10:03,SELL,IN,0.01,1.60761,0.0,0.0,-0.01,EURCAD.p,E25/TP5
229502287,307992133,2026-07-27 10:21:28,BUY,OUT,0.01,218.109,0.42,-0.13,-0.01,GBPJPY.p,[tp 218.109]
229505874,307997247,2026-07-27 10:29:10,BUY,OUT,0.01,115.91,-0.77,-0.19,-0.01,CADJPY.p,[tp 115.910]
229505876,307997248,2026-07-27 10:29:10,BUY,OUT,0.01,115.91,1.45,-0.08,-0.01,CADJPY.p,[tp 115.910]
229505949,307997415,2026-07-27 10:29:54,BUY,OUT,0.01,200.574,-0.71,0.0,-0.01,CHFJPY.p,[tp 200.574]
229505951,307997416,2026-07-27 10:29:54,BUY,OUT,0.01,200.574,1.44,0.0,-0.01,CHFJPY.p,[tp 200.574]
229505971,307997437,2026-07-27 10:30:00,BUY,IN,0.01,1.9050099999999999,0.0,0.0,-0.01,GBPAUD.p,E25/TP5
229506035,307997568,2026-07-27 10:30:00,BUY,IN,0.01,2.29931,0.0,0.0,-0.01,GBPNZD.p,E25/TP5
229515282,308010118,2026-07-27 10:45:00,BUY,IN,0.01,115.981,0.0,0.0,-0.01,CADJPY.p,E25/TP5
229515308,308010207,2026-07-27 10:45:00,BUY,IN,0.01,218.096,0.0,0.0,-0.01,GBPJPY.p,E25/TP5
229517461,308013238,2026-07-27 10:48:43,BUY,OUT,0.01,1.334,0.55,0.0,-0.01,GBPUSD.p,[tp 1.33400]
229525294,308022734,2026-07-27 10:58:37,BUY,OUT,0.01,1.13991,0.54,0.0,-0.01,EURUSD.p,[tp 1.13991]
229526402,308024089,2026-07-27 10:59:32,BUY,OUT,0.01,1.6065800000000001,0.73,0.0,-0.01,EURCAD.p,[tp 1.60658]
229526422,308024116,2026-07-27 10:59:33,BUY,OUT,0.01,186.365,0.78,0.0,-0.01,EURJPY.p,[tp 186.365]
229526451,308024147,2026-07-27 10:59:34,BUY,IN,0.01,186.366,0.0,0.0,-0.01,EURJPY.p,E25/TP5
229526466,308024164,2026-07-27 10:59:35,SELL,IN,0.01,1.60657,0.0,0.0,-0.01,EURCAD.p,E25/TP5
229527729,308025639,2026-07-27 11:00:00,BUY,IN,0.01,200.571,0.0,0.0,-0.01,CHFJPY.p,E25/TP5
229530535,308029529,2026-07-27 11:02:03,SELL,OUT,0.01,0.81538,0.66,0.0,-0.01,USDCHF.p,[tp 0.81538]
229532973,308032575,2026-07-27 11:05:11,BUY,OUT,0.01,0.98658,0.72,0.0,-0.01,AUDCAD.p,[tp 0.98658]
229533601,308033375,2026-07-27 11:05:32,BUY,OUT,0.01,1.8794499999999998,0.4,0.0,-0.01,GBPCAD.p,[tp 1.87945]
229536198,308037103,2026-07-27 11:10:10,BUY,OUT,0.01,0.81732,0.53,0.0,-0.01,NZDCAD.p,[tp 0.81732]
229537126,308039359,2026-07-27 11:15:00,SELL,IN,0.01,0.81707,0.0,0.0,-0.01,NZDCAD.p,E25/TP5
229537153,308039397,2026-07-27 11:15:00,SELL,IN,0.01,0.98671,0.0,0.0,-0.01,AUDCAD.p,E25/TP5
229541129,308045437,2026-07-27 11:30:00,BUY,IN,0.01,1.8799700000000001,0.0,0.0,-0.01,GBPCAD.p,E25/TP5
229546859,308053227,2026-07-27 11:43:55,SELL,OUT,0.01,2.29989,0.34,0.0,-0.01,GBPNZD.p,[tp 2.29989]
229547137,308053706,2026-07-27 11:45:00,BUY,IN,0.01,2.30007,0.0,0.0,-0.01,GBPNZD.p,E25/TP5
229547139,308053714,2026-07-27 11:45:00,BUY,IN,0.01,1.13991,0.0,0.0,-0.01,EURUSD.p,E25/TP5
229562089,308074168,2026-07-27 12:13:18,SELL,OUT,0.01,200.671,0.61,0.0,-0.01,CHFJPY.p,[tp 200.671]
229562090,308074169,2026-07-27 12:13:19,BUY,IN,0.01,200.677,0.0,0.0,-0.01,CHFJPY.p,E25/TP5
229563842,308076291,2026-07-27 12:16:41,SELL,OUT,0.01,186.472,0.65,0.0,-0.01,EURJPY.p,[tp 186.472]
229569288,308082672,2026-07-27 12:26:05,BUY,OUT,0.01,1.47046,0.84,0.0,-0.01,EURSGD.p,[tp 1.47046]
229580805,308097034,2026-07-27 12:45:00,BUY,IN,0.01,1.4703300000000001,0.0,0.0,-0.01,EURSGD.p,E25/TP5
229592354,308110163,2026-07-27 12:56:38,SELL,OUT,0.01,1.88064,0.48,0.0,-0.01,GBPCAD.p,[tp 1.88064]
229596627,308115789,2026-07-27 13:02:21,SELL,OUT,0.01,200.736,0.36,0.0,-0.01,CHFJPY.p,[tp 200.736]
229596631,308115793,2026-07-27 13:02:22,SELL,IN,0.01,200.737,0.0,0.0,-0.01,CHFJPY.p,E25/TP5
229608007,308129397,2026-07-27 13:15:00,BUY,IN,0.01,186.388,0.0,0.0,-0.01,EURJPY.p,E25/TP5
229614599,308138228,2026-07-27 13:30:00,BUY,IN,0.01,1.88019,0.0,0.0,-0.01,GBPCAD.p,E25/TP5
229630788,308158573,2026-07-27 13:56:43,BUY,IN,0.01,1.33205,0.0,0.0,-0.01,GBPUSD.p,E25/TP5
229632705,308161131,2026-07-27 14:00:00,BUY,IN,0.01,1.7183000000000002,0.0,0.0,-0.01,GBPSGD.p,E25/TP5
229638244,308168098,2026-07-27 14:07:28,SELL,OUT,0.01,163.641,0.36,0.0,-0.01,USDJPY.p,[tp 163.641]
229638322,308168255,2026-07-27 14:08:07,BUY,IN,0.01,1.9014799999999998,0.0,0.0,-0.01,GBPAUD.p,E25/TP5
229650535,308182724,2026-07-27 14:22:28,SELL,OUT,0.01,116.036,0.34,0.0,-0.01,CADJPY.p,[tp 116.036]
229650540,308182729,2026-07-27 14:22:29,BUY,IN,0.01,116.039,0.0,0.0,-0.01,CADJPY.p,E25/TP5
229675760,308215882,2026-07-27 15:11:20,BUY,OUT,0.01,0.81651,0.4,0.0,-0.01,NZDCAD.p,[tp 0.81651]
229675765,308215887,2026-07-27 15:11:20,BUY,OUT,0.01,1.60603,0.38,0.0,-0.01,EURCAD.p,[tp 1.60603]
229693107,308236452,2026-07-27 15:28:13,SELL,OUT,0.01,2.30064,0.33,0.0,-0.01,GBPNZD.p,[tp 2.30064]
229699990,308245236,2026-07-27 15:39:27,BUY,OUT,0.01,200.678,0.36,0.0,-0.01,CHFJPY.p,[tp 200.678]
229702607,308248388,2026-07-27 15:45:00,SELL,IN,0.01,2.29986,0.0,0.0,-0.01,GBPNZD.p,E25/TP5
229713445,308260912,2026-07-27 16:00:00,BUY,IN,0.01,1.60602,0.0,0.0,-0.01,EURCAD.p,E25/TP5
229713500,308260980,2026-07-27 16:00:00,BUY,IN,0.01,0.81672,0.0,0.0,-0.01,NZDCAD.p,E25/TP5
229716046,308264039,2026-07-27 16:01:27,SELL,OUT,0.01,0.93062,0.66,0.0,-0.01,EURCHF.p,[tp 0.93062]
229716067,308264065,2026-07-27 16:01:28,BUY,IN,0.01,0.93067,0.0,0.0,-0.01,EURCHF.p,E25/TP5
229737702,308290092,2026-07-27 16:28:24,SELL,OUT,0.01,0.58007,0.64,0.0,-0.01,CADCHF.p,[tp 0.58007]
229768809,308327120,2026-07-27 16:45:00,SELL,IN,0.01,0.57981,0.0,0.0,-0.01,CADCHF.p,E25/TP5
229768838,308327153,2026-07-27 16:45:00,SELL,IN,0.01,0.57231,0.0,0.0,-0.01,AUDCHF.p,E25/TP5
229768864,308327184,2026-07-27 16:45:00,BUY,IN,0.01,200.2,0.0,0.0,-0.01,CHFJPY.p,E25/TP5
229768866,308327186,2026-07-27 16:45:00,SELL,IN,0.01,0.81769,0.0,0.0,-0.01,USDCHF.p,E25/TP5
229770468,308329306,2026-07-27 16:46:58,SELL,OUT,0.01,116.094,0.34,0.0,-0.01,CADJPY.p,[tp 116.094]
229787561,308348576,2026-07-27 16:57:26,BUY,OUT,0.01,2.29928,0.34,0.0,-0.01,GBPNZD.p,[tp 2.29928]
229815203,308381512,2026-07-27 17:15:00,BUY,IN,0.01,1.626,0.0,0.0,-0.01,EURAUD.p,E25/TP5
229825155,308393585,2026-07-27 17:24:34,SELL,OUT,0.01,1.90381,-0.84,0.0,-0.01,GBPAUD.p,[tp 1.90381]
229825157,308393586,2026-07-27 17:24:34,SELL,OUT,0.01,1.90381,1.63,0.0,-0.01,GBPAUD.p,[tp 1.90381]
229825267,308393712,2026-07-27 17:24:35,BUY,IN,0.01,1.90388,0.0,0.0,-0.01,GBPAUD.p,E25/TP5
229839259,308410024,2026-07-27 17:31:44,BUY,OUT,0.01,0.98616,0.39,0.0,-0.01,AUDCAD.p,[tp 0.98616]
229842689,308414304,2026-07-27 17:34:37,SELL,OUT,0.01,0.93121,0.66,0.0,-0.01,EURCHF.p,[tp 0.93121]
229870585,308449279,2026-07-27 18:00:00,SELL,IN,0.01,0.93098,0.0,0.0,-0.01,EURCHF.p,E25/TP5
229870757,308449484,2026-07-27 18:00:00,SELL,IN,0.01,2.30056,0.0,0.0,-0.01,GBPNZD.p,E25/TP5
229887531,308469504,2026-07-27 18:18:26,SELL,OUT,0.01,1.62655,0.38,0.0,-0.01,EURAUD.p,[tp 1.62655]
229895794,308480825,2026-07-27 18:30:00,BUY,IN,0.01,1.62671,0.0,0.0,-0.01,EURAUD.p,E25/TP5
229909059,308497023,2026-07-27 18:45:00,SELL,IN,0.02,1.20979,0.0,0.0,-0.02,AUDNZD.p,E25/TP5
229928143,308521088,2026-07-27 19:17:37,SELL,OUT,0.01,1.62725,0.38,0.0,-0.01,EURAUD.p,[tp 1.62725]
229977028,308585013,2026-07-27 20:15:00,BUY,IN,0.01,217.588,0.0,0.0,-0.01,GBPJPY.p,E25/TP5
230062569,308705123,2026-07-28 01:15:00,BUY,IN,0.01,1.62707,0.0,0.0,-0.01,EURAUD.p,E25/TP5
230062625,308705319,2026-07-28 01:15:00,BUY,IN,0.01,94.552,0.0,0.0,-0.01,NZDJPY.p,E25/TP5
230092581,308750435,2026-07-28 03:03:33,SELL,OUT,0.01,1.6276000000000002,0.37,0.0,-0.01,EURAUD.p,[tp 1.62760]
230092665,308750524,2026-07-28 03:03:34,SELL,IN,0.01,1.6276000000000002,0.0,0.0,-0.01,EURAUD.p,E25/TP5
230143639,308816400,2026-07-28 04:04:18,BUY,OUT,0.01,1.62707,0.37,0.0,-0.01,EURAUD.p,[tp 1.62707]
230167573,308846034,2026-07-28 04:30:00,SELL,IN,0.01,1.6271200000000001,0.0,0.0,-0.01,EURAUD.p,E25/TP5
230187623,308880474,2026-07-28 05:07:49,BUY,OUT,0.01,1.62653,0.41,0.0,-0.01,EURAUD.p,[tp 1.62653]
230227661,308934774,2026-07-28 06:35:43,BUY,OUT,0.01,0.57179,0.64,-0.12,-0.01,AUDCHF.p,[tp 0.57179]
230228334,308935696,2026-07-28 06:37:34,SELL,IN,0.01,1.6291099999999998,0.0,0.0,-0.01,EURAUD.p,E25/TP5
230228337,308935700,2026-07-28 06:37:35,SELL,OUT,0.01,1.9044699999999999,0.41,-0.07,-0.01,GBPAUD.p,[tp 1.90447]
230228350,308935715,2026-07-28 06:37:37,SELL,IN,0.01,1.90443,0.0,0.0,-0.01,GBPAUD.p,E25/TP5
230245977,308961934,2026-07-28 07:45:00,BUY,IN,0.01,114.198,0.0,0.0,-0.01,AUDJPY.p,E25/TP5
230245997,308961960,2026-07-28 07:45:00,BUY,IN,0.01,0.98441,0.0,0.0,-0.01,AUDCAD.p,E25/TP5
230260086,308981848,2026-07-28 08:30:00,BUY,IN,0.01,0.69666,0.0,0.0,-0.01,AUDUSD.p,E25/TP5
230299946,309032091,2026-07-28 09:29:02,SELL,OUT,0.01,0.69719,0.53,0.0,-0.01,AUDUSD.p,[tp 0.69719]
230300372,309032591,2026-07-28 09:30:00,BUY,IN,0.01,0.69714,0.0,0.0,-0.01,AUDUSD.p,E25/TP5
230328485,309066793,2026-07-28 10:33:07,SELL,OUT,0.01,1.09007,0.63,0.06,-0.01,GBPCHF.p,[tp 1.09007]
230363068,309107576,2026-07-28 11:18:17,SELL,OUT,0.01,217.909,-1.1400000000000001,0.03,-0.01,GBPJPY.p,[tp 217.909]
230363070,309107577,2026-07-28 11:18:17,SELL,OUT,0.01,217.909,1.96,0.03,-0.01,GBPJPY.p,[tp 217.909]
230378664,309126447,2026-07-28 11:45:00,SELL,IN,0.01,217.907,0.0,0.0,-0.01,GBPJPY.p,E25/TP5
230385565,309135050,2026-07-28 12:00:22,SELL,OUT,0.01,114.252,0.33,0.0,-0.01,AUDJPY.p,[tp 114.252]
230412263,309166697,2026-07-28 12:43:56,BUY,OUT,0.01,217.745,0.99,0.0,-0.01,GBPJPY.p,[tp 217.745]
230437071,309196984,2026-07-28 13:15:00,BUY,IN,0.01,114.155,0.0,0.0,-0.01,AUDJPY.p,E25/TP5
230448369,309210065,2026-07-28 13:30:00,BUY,IN,0.01,217.674,0.0,0.0,-0.01,GBPJPY.p,E25/TP5
230490597,309262807,2026-07-28 14:45:00,BUY,IN,0.01,1.8733499999999998,0.0,0.0,-0.01,GBPCAD.p,E25/TP5
230500468,309274794,2026-07-28 15:00:43,SELL,OUT,0.01,217.741,0.41,0.0,-0.01,GBPJPY.p,[tp 217.741]
230501780,309276291,2026-07-28 15:04:43,SELL,OUT,0.01,114.21,0.34,0.0,-0.01,AUDJPY.p,[tp 114.210]
230503541,309278456,2026-07-28 15:07:38,SELL,OUT,0.01,94.606,0.33,0.0,-0.01,NZDJPY.p,[tp 94.606]
230554971,309341453,2026-07-28 16:15:00,SELL,IN,0.01,217.891,0.0,0.0,-0.01,GBPJPY.p,E25/TP5
230639194,309436811,2026-07-28 17:18:02,BUY,OUT,0.01,217.824,0.41,0.0,-0.01,GBPJPY.p,[tp 217.824]
230639215,309436839,2026-07-28 17:18:04,SELL,IN,0.01,217.81,0.0,0.0,-0.01,GBPJPY.p,E25/TP5
230640688,309438453,2026-07-28 17:19:48,BUY,OUT,0.01,1.20627,-2.45,-0.15,-0.01,AUDNZD.p,[tp 1.20627]
230640690,309438454,2026-07-28 17:19:48,BUY,OUT,0.01,1.20627,-0.4,-0.15,-0.01,AUDNZD.p,[tp 1.20627]
230640692,309438455,2026-07-28 17:19:48,BUY,OUT,0.02,1.20627,4.07,-0.1,-0.02,AUDNZD.p,[tp 1.20627]
230652668,309452491,2026-07-28 17:25:26,SELL,OUT,0.01,1.47085,0.4,0.0,-0.01,EURSGD.p,[tp 1.47085]
230670768,309474028,2026-07-28 17:43:00,SELL,OUT,0.01,186.442,0.33,0.01,-0.01,EURJPY.p,[tp 186.442]
230671664,309475097,2026-07-28 17:43:40,BUY,OUT,0.01,2.29999,0.33,-0.09,-0.01,GBPNZD.p,[tp 2.29999]
230689487,309495745,2026-07-28 18:02:53,BUY,IN,0.01,2.30043,0.0,0.0,-0.01,GBPNZD.p,E25/TP5
230703636,309512588,2026-07-28 18:12:53,SELL,OUT,0.01,200.259,0.36,-0.05,-0.01,CHFJPY.p,[tp 200.259]
230707328,309517074,2026-07-28 18:14:46,SELL,OUT,0.01,0.69767,0.53,0.0,-0.01,AUDUSD.p,[tp 0.69767]
230712732,309523902,2026-07-28 18:18:44,SELL,IN,0.01,94.799,0.0,0.0,-0.01,NZDJPY.p,E25/TP5
230715310,309526755,2026-07-28 18:20:18,BUY,OUT,0.01,0.81715,0.66,-0.15,-0.01,USDCHF.p,[tp 0.81715]
230719383,309531916,2026-07-28 18:22:37,BUY,OUT,0.01,1.40888,0.38,-0.05,-0.01,USDCAD.p,[tp 1.40888]
230734943,309549528,2026-07-28 18:36:51,SELL,IN,0.01,186.558,0.0,0.0,-0.01,EURJPY.p,E25/TP5
230734952,309549539,2026-07-28 18:36:52,SELL,IN,0.01,1.47194,0.0,0.0,-0.01,EURSGD.p,E25/TP5
230749214,309566862,2026-07-28 18:57:32,SELL,OUT,0.01,1.60656,0.38,-0.02,-0.01,EURCAD.p,[tp 1.60656]
230753833,309572934,2026-07-28 19:06:11,SELL,IN,0.01,200.332,0.0,0.0,-0.01,CHFJPY.p,E25/TP5
230753834,309572935,2026-07-28 19:06:12,BUY,IN,0.01,0.81704,0.0,0.0,-0.01,USDCHF.p,E25/TP5
230753837,309572938,2026-07-28 19:06:13,BUY,IN,0.01,1.40927,0.0,0.0,-0.01,USDCAD.p,E25/TP5
230760171,309581609,2026-07-28 19:21:34,SELL,IN,0.01,1.60651,0.0,0.0,-0.01,EURCAD.p,E25/TP5
230760174,309581612,2026-07-28 19:21:35,BUY,IN,0.01,163.668,0.0,0.0,-0.01,USDJPY.p,E25/TP5
230760176,309581618,2026-07-28 19:21:35,BUY,IN,0.01,1.20484,0.0,0.0,-0.01,AUDNZD.p,E25/TP5
230762921,309585221,2026-07-28 19:27:54,SELL,OUT,0.01,1.14045,0.54,-0.06,-0.01,EURUSD.p,[tp 1.14045]
230777397,309602745,2026-07-28 19:53:34,SELL,IN,0.01,1.13984,0.0,0.0,-0.01,EURUSD.p,E25/TP5
230777401,309602750,2026-07-28 19:53:35,SELL,IN,0.01,0.57948,0.0,0.0,-0.01,NZDUSD.p,E25/TP5
230809822,309642487,2026-07-28 20:47:25,BUY,OUT,0.01,217.743,0.41,0.0,-0.01,GBPJPY.p,[tp 217.743]
230869913,309716697,2026-07-29 00:12:41,SELL,OUT,0.01,1.20541,0.33,0.02,-0.01,AUDNZD.p,[tp 1.20541]
230875520,309724110,2026-07-29 01:16:45,BUY,OUT,0.01,199.985,2.12,0.01,-0.01,CHFJPY.p,[tp 199.985]
230875522,309724112,2026-07-29 01:16:46,BUY,IN,0.01,199.981,0.0,0.0,-0.01,CHFJPY.p,E25/TP5
230875830,309724477,2026-07-29 01:18:05,BUY,OUT,0.01,0.57841,1.07,0.01,-0.01,NZDUSD.p,[tp 0.57841]
230875919,309724584,2026-07-29 01:18:13,BUY,OUT,0.01,1.13869,1.15,0.03,-0.01,EURUSD.p,[tp 1.13869]
230876910,309725763,2026-07-29 01:20:20,BUY,OUT,0.01,1.6059700000000001,0.38,-0.02,-0.01,EURCAD.p,[tp 1.60597]
230877022,309725853,2026-07-29 01:20:23,SELL,OUT,0.01,163.872,1.24,0.04,-0.01,USDJPY.p,[tp 163.872]
230877024,309725855,2026-07-29 01:20:23,SELL,OUT,0.01,0.81954,3.05,0.06,-0.01,USDCHF.p,[tp 0.81954]
230877430,309726280,2026-07-29 01:20:27,BUY,IN,0.01,163.87,0.0,0.0,-0.01,USDJPY.p,E25/TP5
230877433,309726283,2026-07-29 01:20:27,BUY,IN,0.01,0.81957,0.0,0.0,-0.01,USDCHF.p,E25/TP5
230879725,309729106,2026-07-29 01:24:28,BUY,OUT,0.01,94.742,0.35,-0.04,-0.01,NZDJPY.p,[tp 94.742]
230879741,309729121,2026-07-29 01:24:29,BUY,IN,0.01,94.747,0.0,0.0,-0.01,NZDJPY.p,E25/TP5
230897352,309749805,2026-07-29 02:07:33,BUY,OUT,0.01,1.47141,0.41,-0.08,-0.01,EURSGD.p,[tp 1.47141]
230917181,309772811,2026-07-29 02:45:00,SELL,IN,0.01,1.47149,0.0,0.0,-0.01,EURSGD.p,E25/TP5
230919121,309775149,2026-07-29 02:48:10,SELL,OUT,0.01,1.41076,1.06,0.02,-0.01,USDCAD.p,[tp 1.41076]
230925398,309782729,2026-07-29 03:00:00,SELL,IN,0.01,1.20638,0.0,0.0,-0.01,AUDNZD.p,E25/TP5
230960495,309824812,2026-07-29 03:42:39,BUY,OUT,0.01,1.20547,0.53,0.0,-0.01,AUDNZD.p,[tp 1.20547]
230960510,309824827,2026-07-29 03:42:40,SELL,IN,0.01,1.20547,0.0,0.0,-0.01,AUDNZD.p,E25/TP5
230962013,309826849,2026-07-29 03:46:46,BUY,OUT,0.01,186.504,0.33,-0.06,-0.01,EURJPY.p,[tp 186.504]
231002400,309875372,2026-07-29 04:30:00,BUY,OUT,0.01,1.2049400000000001,0.31,0.0,-0.01,AUDNZD.p,[tp 1.20494]
231003043,309876066,2026-07-29 04:30:02,BUY,IN,0.01,1.20339,0.0,0.0,-0.01,AUDNZD.p,E25/TP5
231003127,309876151,2026-07-29 04:30:03,BUY,IN,0.01,0.69537,0.0,0.0,-0.01,AUDUSD.p,E25/TP5
231003894,309877012,2026-07-29 04:30:10,BUY,IN,0.01,0.5688,0.0,0.0,-0.01,AUDCHF.p,E25/TP5
231020588,309896714,2026-07-29 04:45:01,SELL,IN,0.01,1.91162,0.0,0.0,-0.01,GBPAUD.p,E25/TP5
231020611,309896741,2026-07-29 04:45:02,BUY,IN,0.01,0.89845,0.0,0.0,-0.01,AUDSGD.p,E25/TP5
231028566,309906352,2026-07-29 04:58:13,SELL,OUT,0.01,200.04,0.36,0.0,-0.01,CHFJPY.p,[tp 200.040]
231029437,309907659,2026-07-29 05:00:00,BUY,IN,0.01,200.021,0.0,0.0,-0.01,CHFJPY.p,E25/TP5
231038080,309917960,2026-07-29 05:15:00,BUY,IN,0.01,113.782,0.0,0.0,-0.01,AUDJPY.p,E25/TP5
231076767,309964098,2026-07-29 06:18:33,SELL,OUT,0.01,200.106,0.52,0.0,-0.01,CHFJPY.p,[tp 200.106]
231076769,309964100,2026-07-29 06:18:34,SELL,IN,0.01,200.105,0.0,0.0,-0.01,CHFJPY.p,E25/TP5
231096494,309988080,2026-07-29 07:11:24,BUY,OUT,0.01,200.035,0.43,0.0,-0.01,CHFJPY.p,[tp 200.035]
231096499,309988090,2026-07-29 07:11:27,SELL,IN,0.01,200.021,0.0,0.0,-0.01,CHFJPY.p,E25/TP5
231109239,310002584,2026-07-29 07:40:39,BUY,OUT,0.01,126.497,-1.0,-0.15,-0.01,SGDJPY.p,[tp 126.497]
231109241,310002585,2026-07-29 07:40:39,BUY,OUT,0.01,126.497,1.6400000000000001,-0.08,-0.01,SGDJPY.p,[tp 126.497]
231116309,310011351,2026-07-29 07:57:17,BUY,OUT,0.01,199.962,0.36,0.0,-0.01,CHFJPY.p,[tp 199.962]
231116754,310011983,2026-07-29 08:00:00,BUY,IN,0.01,126.53,0.0,0.0,-0.01,SGDJPY.p,E25/TP5
231116755,310011984,2026-07-29 08:00:00,BUY,IN,0.01,217.333,0.0,0.0,-0.01,GBPJPY.p,E25/TP5
231116820,310012100,2026-07-29 08:00:01,BUY,IN,0.01,115.99,0.0,0.0,-0.01,CADJPY.p,E25/TP5
231116835,310012124,2026-07-29 08:00:01,BUY,IN,0.01,199.971,0.0,0.0,-0.01,CHFJPY.p,E25/TP5
231116850,310012142,2026-07-29 08:00:01,BUY,IN,0.01,186.329,0.0,0.0,-0.01,EURJPY.p,E25/TP5
231156150,310059987,2026-07-29 09:01:50,SELL,OUT,0.01,217.453,0.73,0.0,-0.01,GBPJPY.p,[tp 217.453]
231156153,310059989,2026-07-29 09:01:50,SELL,OUT,0.01,116.045,0.34,0.0,-0.01,CADJPY.p,[tp 116.045]
231156155,310059995,2026-07-29 09:01:51,BUY,IN,0.01,116.047,0.0,0.0,-0.01,CADJPY.p,E25/TP5
231156157,310059997,2026-07-29 09:01:51,BUY,IN,0.01,217.473,0.0,0.0,-0.01,GBPJPY.p,E25/TP5
231158493,310062938,2026-07-29 09:07:01,SELL,OUT,0.01,126.585,0.34,0.0,-0.01,SGDJPY.p,[tp 126.585]
231158499,310062954,2026-07-29 09:07:03,BUY,IN,0.01,126.59,0.0,0.0,-0.01,SGDJPY.p,E25/TP5
231158529,310062991,2026-07-29 09:07:06,SELL,OUT,0.01,186.383,0.33,0.0,-0.01,EURJPY.p,[tp 186.383]
231158542,310063003,2026-07-29 09:07:07,BUY,IN,0.01,186.392,0.0,0.0,-0.01,EURJPY.p,E25/TP5
231162244,310067457,2026-07-29 09:15:38,SELL,OUT,0.01,0.6959,0.53,0.0,-0.01,AUDUSD.p,[tp 0.69590]
231198166,310110740,2026-07-29 10:23:48,SELL,OUT,0.01,217.54,0.41,0.0,-0.01,GBPJPY.p,[tp 217.540]
231200603,310113696,2026-07-29 10:28:59,SELL,OUT,0.01,126.643,0.32,0.0,-0.01,SGDJPY.p,[tp 126.643]
231200967,310114097,2026-07-29 10:29:32,SELL,OUT,0.01,116.103,0.34,0.0,-0.01,CADJPY.p,[tp 116.103]
231200971,310114101,2026-07-29 10:29:34,BUY,IN,0.01,116.105,0.0,0.0,-0.01,CADJPY.p,E25/TP5
231201806,310115095,2026-07-29 10:31:31,SELL,OUT,0.01,186.447,0.34,0.0,-0.01,EURJPY.p,[tp 186.447]
231201812,310115107,2026-07-29 10:31:32,BUY,IN,0.01,186.453,0.0,0.0,-0.01,EURJPY.p,E25/TP5
231220573,310137303,2026-07-29 11:15:00,SELL,IN,0.01,126.67,0.0,0.0,-0.01,SGDJPY.p,E25/TP5
231220607,310137343,2026-07-29 11:15:00,SELL,IN,0.01,217.601,0.0,0.0,-0.01,GBPJPY.p,E25/TP5
231234752,310154244,2026-07-29 11:45:07,SELL,OUT,0.01,2.301,0.33,0.01,-0.01,GBPNZD.p,[tp 2.30100]
231241782,310162514,2026-07-29 12:00:00,SELL,IN,0.01,1.08982,0.0,0.0,-0.01,GBPCHF.p,E25/TP5
231241815,310162575,2026-07-29 12:00:00,SELL,IN,0.01,2.3003,0.0,0.0,-0.01,GBPNZD.p,E25/TP5
231245416,310167017,2026-07-29 12:12:38,BUY,OUT,0.01,126.599,0.43,0.0,-0.01,SGDJPY.p,[tp 126.599]
231253664,310177113,2026-07-29 12:32:57,BUY,OUT,0.01,217.534,0.41,0.0,-0.01,GBPJPY.p,[tp 217.534]
231261991,310186609,2026-07-29 12:50:40,BUY,OUT,0.01,2.29963,0.39,0.0,-0.01,GBPNZD.p,[tp 2.29963]
231271740,310198080,2026-07-29 13:14:46,SELL,OUT,0.01,0.56932,0.63,0.0,-0.01,AUDCHF.p,[tp 0.56932]
231271817,310198188,2026-07-29 13:15:00,SELL,IN,0.01,2.29979,0.0,0.0,-0.01,GBPNZD.p,E25/TP5
231274364,310201281,2026-07-29 13:21:15,SELL,OUT,0.01,0.82011,0.66,0.0,-0.01,USDCHF.p,[tp 0.82011]
231285450,310214305,2026-07-29 13:45:00,BUY,IN,0.01,217.605,0.0,0.0,-0.01,GBPJPY.p,E25/TP5
231305143,310237397,2026-07-29 14:21:44,BUY,OUT,0.01,2.29922,0.33,0.0,-0.01,GBPNZD.p,[tp 2.29922]
231305146,310237400,2026-07-29 14:21:45,SELL,IN,0.01,2.29919,0.0,0.0,-0.01,GBPNZD.p,E25/TP5
231323343,310258169,2026-07-29 14:59:07,BUY,OUT,0.01,1.4709699999999999,0.4,0.0,-0.01,EURSGD.p,[tp 1.47097]
231346040,310284050,2026-07-29 15:22:24,SELL,OUT,0.01,116.16,0.34,0.0,-0.01,CADJPY.p,[tp 116.160]
231360420,310301016,2026-07-29 15:32:18,BUY,OUT,0.01,1.0893,0.63,0.0,-0.01,GBPCHF.p,[tp 1.08930]
231373467,310316813,2026-07-29 15:45:00,BUY,IN,0.01,1.6042800000000002,0.0,0.0,-0.01,EURCAD.p,E25/TP5
231400675,310348420,2026-07-29 16:17:08,BUY,OUT,0.01,2.2984999999999998,0.4,0.0,-0.01,GBPNZD.p,[tp 2.29850]
231430503,310383318,2026-07-29 16:43:13,SELL,OUT,0.01,200.03,0.36,0.0,-0.01,CHFJPY.p,[tp 200.030]
231431906,310384941,2026-07-29 16:45:00,BUY,IN,0.01,2.29921,0.0,0.0,-0.01,GBPNZD.p,E25/TP5
231435387,310389122,2026-07-29 16:47:52,SELL,OUT,0.01,186.507,0.33,0.0,-0.01,EURJPY.p,[tp 186.507]
231447162,310404582,2026-07-29 16:54:53,SELL,OUT,0.01,217.673,0.42,0.0,-0.01,GBPJPY.p,[tp 217.673]
231457145,310415629,2026-07-29 17:00:00,BUY,IN,0.01,1.08797,0.0,0.0,-0.01,GBPCHF.p,E25/TP5
231482970,310444852,2026-07-29 17:15:00,SELL,IN,0.01,116.268,0.0,0.0,-0.01,CADJPY.p,E25/TP5
231483028,310444996,2026-07-29 17:15:00,SELL,IN,0.01,200.011,0.0,0.0,-0.01,CHFJPY.p,E25/TP5
231503125,310468410,2026-07-29 17:34:54,SELL,OUT,0.01,2.30042,0.7,0.0,-0.01,GBPNZD.p,[tp 2.30042]
231507047,310472991,2026-07-29 17:40:29,SELL,OUT,0.01,1.6048200000000001,0.38,0.0,-0.01,EURCAD.p,[tp 1.60482]
231513602,310480426,2026-07-29 17:45:00,BUY,IN,0.01,1.60484,0.0,0.0,-0.01,EURCAD.p,E25/TP5
231523112,310491672,2026-07-29 17:54:43,SELL,OUT,0.01,1.0895299999999999,1.9,0.0,-0.01,GBPCHF.p,[tp 1.08953]
231523152,310491714,2026-07-29 17:54:46,BUY,IN,0.01,1.08958,0.0,0.0,-0.01,GBPCHF.p,E25/TP5
231527051,310496276,2026-07-29 18:00:34,SELL,IN,0.01,2.30217,0.0,0.0,-0.01,GBPNZD.p,E25/TP5
231527059,310496286,2026-07-29 18:00:35,SELL,IN,0.01,186.506,0.0,0.0,-0.01,EURJPY.p,E25/TP5
231527064,310496293,2026-07-29 18:00:35,SELL,IN,0.01,217.744,0.0,0.0,-0.01,GBPJPY.p,E25/TP5
231527079,310496314,2026-07-29 18:00:36,SELL,IN,0.01,1.64375,0.0,0.0,-0.01,EURAUD.p,E25/TP5
231527087,310496324,2026-07-29 18:00:36,SELL,IN,0.02,1.91909,0.0,0.0,-0.02,GBPAUD.p,E25/TP5
231538963,310510359,2026-07-29 18:16:52,BUY,IN,0.01,0.69301,0.0,0.0,-0.01,AUDUSD.p,E25/TP5
231546258,310519061,2026-07-29 18:27:00,BUY,OUT,0.01,199.76,1.53,0.0,-0.01,CHFJPY.p,[tp 199.760]
231546262,310519069,2026-07-29 18:27:02,BUY,IN,0.01,199.757,0.0,0.0,-0.01,CHFJPY.p,E25/TP5
231613996,310597796,2026-07-29 19:59:31,SELL,OUT,0.01,1.09025,0.82,0.0,-0.01,GBPCHF.p,[tp 1.09025]
231624262,310609675,2026-07-29 20:08:17,SELL,OUT,0.01,199.816,0.36,0.0,-0.01,CHFJPY.p,[tp 199.816]
231624266,310609678,2026-07-29 20:08:18,BUY,IN,0.01,199.82,0.0,0.0,-0.01,CHFJPY.p,E25/TP5
231640344,310628323,2026-07-29 20:21:09,SELL,OUT,0.01,1.60538,0.38,0.0,-0.01,EURCAD.p,[tp 1.60538]
231663084,310656164,2026-07-29 20:49:28,SELL,OUT,0.01,0.69354,0.53,0.0,-0.01,AUDUSD.p,[tp 0.69354]
231663150,310656222,2026-07-29 20:49:30,BUY,IN,0.01,0.69355,0.0,0.0,-0.01,AUDUSD.p,E25/TP5
231665602,310659426,2026-07-29 20:54:08,BUY,OUT,0.01,116.213,0.34,0.0,-0.01,CADJPY.p,[tp 116.213]
231665673,310659503,2026-07-29 20:54:10,SELL,IN,0.01,116.211,0.0,0.0,-0.01,CADJPY.p,E25/TP5
231672446,310667144,2026-07-29 21:00:02,SELL,OUT,0.01,199.88,0.37,0.0,-0.01,CHFJPY.p,[tp 199.880]
231675490,310670118,2026-07-29 21:00:04,SELL,OUT,0.01,1.3326,0.55,-0.02,-0.01,GBPUSD.p,[tp 1.33260]
231675712,310670373,2026-07-29 21:00:04,SELL,IN,0.01,1.08881,0.0,0.0,-0.01,GBPCHF.p,E25/TP5
231676670,310671229,2026-07-29 21:00:05,SELL,IN,0.01,1.60727,0.0,0.0,-0.01,EURCAD.p,E25/TP5
231677767,310672450,2026-07-29 21:00:09,BUY,OUT,0.01,2.30011,1.19,0.0,-0.01,GBPNZD.p,[tp 2.30011]
231678681,310673425,2026-07-29 21:00:11,SELL,IN,0.01,1.333,0.0,0.0,-0.01,GBPUSD.p,E25/TP5
231679017,310673722,2026-07-29 21:00:12,SELL,IN,0.01,2.29897,0.0,0.0,-0.01,GBPNZD.p,E25/TP5
231679073,310673791,2026-07-29 21:00:12,SELL,OUT,0.01,94.802,0.34,0.0,-0.01,NZDJPY.p,[tp 94.802]
231751740,310761058,2026-07-29 21:36:02,BUY,IN,0.01,163.605,0.0,0.0,-0.01,USDJPY.p,E25/TP5
231751770,310761085,2026-07-29 21:36:03,BUY,IN,0.01,1.4733,0.0,0.0,-0.01,EURSGD.p,E25/TP5
231752318,310761941,2026-07-29 21:36:37,SELL,IN,0.01,186.745,0.0,0.0,-0.01,EURJPY.p,E25/TP5
231765197,310775821,2026-07-29 21:41:12,SELL,OUT,0.01,113.836,0.33,0.0,-0.01,AUDJPY.p,[tp 113.836]
231777875,310791452,2026-07-29 21:47:19,SELL,OUT,0.01,0.74928,0.41,0.0,-0.01,NZDSGD.p,[tp 0.74928]
231777882,310791462,2026-07-29 21:47:20,BUY,IN,0.01,0.74929,0.0,0.0,-0.01,NZDSGD.p,E25/TP5
231779223,310792929,2026-07-29 21:47:44,SELL,OUT,0.01,0.81728,0.4,-0.02,-0.01,NZDCAD.p,[tp 0.81728]
231803936,310822404,2026-07-29 21:58:15,SELL,OUT,0.01,1.72208,-1.96,0.08,-0.01,GBPSGD.p,[tp 1.72208]
231803938,310822405,2026-07-29 21:58:15,SELL,OUT,0.01,1.72208,2.93,0.04,-0.01,GBPSGD.p,[tp 1.72208]
231823577,310846159,2026-07-29 22:05:58,SELL,IN,0.01,1.14478,0.0,0.0,-0.01,EURUSD.p,E25/TP5
231823578,310846160,2026-07-29 22:05:58,SELL,IN,0.01,95.039,0.0,0.0,-0.01,NZDJPY.p,E25/TP5
231823588,310846183,2026-07-29 22:06:00,SELL,IN,0.01,114.035,0.0,0.0,-0.01,AUDJPY.p,E25/TP5
231823709,310846329,2026-07-29 22:06:00,SELL,IN,0.01,1.72195,0.0,0.0,-0.01,GBPSGD.p,E25/TP5
231823710,310846330,2026-07-29 22:06:00,BUY,IN,0.01,1.40392,0.0,0.0,-0.01,USDCAD.p,E25/TP5
231823711,310846331,2026-07-29 22:06:00,SELL,IN,0.01,126.753,0.0,0.0,-0.01,SGDJPY.p,E25/TP5
231823883,310846548,2026-07-29 22:06:03,SELL,IN,0.01,0.58196,0.0,0.0,-0.01,NZDUSD.p,E25/TP5
231823884,310846549,2026-07-29 22:06:03,BUY,IN,0.01,1.28883,0.0,0.0,-0.01,USDSGD.p,E25/TP5
231823885,310846551,2026-07-29 22:06:03,SELL,IN,0.01,0.81683,0.0,0.0,-0.01,NZDCAD.p,E25/TP5
231824143,310846836,2026-07-29 22:06:05,BUY,IN,0.01,0.81457,0.0,0.0,-0.01,USDCHF.p,E25/TP5
231824144,310846837,2026-07-29 22:06:05,SELL,IN,0.01,200.547,0.0,0.0,-0.01,CHFJPY.p,E25/TP5
231848518,310877305,2026-07-29 22:18:32,SELL,OUT,0.01,1.8773300000000002,-2.04,0.04,-0.01,GBPCAD.p,[tp 1.87733]
231848520,310877306,2026-07-29 22:18:32,SELL,OUT,0.01,1.8773300000000002,2.84,0.02,-0.01,GBPCAD.p,[tp 1.87733]
231848570,310877387,2026-07-29 22:18:35,SELL,IN,0.01,1.87741,0.0,0.0,-0.01,GBPCAD.p,E25/TP5
231932763,310989497,2026-07-29 23:37:02,BUY,OUT,0.01,0.57929,0.64,-0.14,-0.01,CADCHF.p,[tp 0.57929]
231945012,311006211,2026-07-30 00:07:55,SELL,IN,0.01,0.56574,0.0,0.0,-0.01,AUDCHF.p,E25/TP5
231945385,311006613,2026-07-30 00:14:00,SELL,OUT,0.01,0.69528,1.73,0.01,-0.01,AUDUSD.p,[tp 0.69528]
231945905,311007164,2026-07-30 00:22:55,SELL,IN,0.01,218.237,0.0,0.0,-0.01,GBPJPY.p,E25/TP5
231960547,311024901,2026-07-30 01:15:00,BUY,IN,0.01,0.47188,0.0,0.0,-0.01,NZDCHF.p,E25/TP5
231960548,311024902,2026-07-30 01:15:00,BUY,IN,0.01,0.57965,0.0,0.0,-0.01,CADCHF.p,E25/TP5
231996030,311069955,2026-07-30 02:19:48,BUY,OUT,0.01,1.08771,1.35,-0.71,-0.01,GBPCHF.p,[tp 1.08771]
232047533,311135660,2026-07-30 03:36:53,SELL,OUT,0.01,1.40445,0.38,0.05,-0.01,USDCAD.p,[tp 1.40445]
232049503,311138017,2026-07-30 03:39:31,BUY,OUT,0.01,0.57942,2.54,0.04,-0.01,NZDUSD.p,[tp 0.57942]
232050936,311139791,2026-07-30 03:41:27,BUY,OUT,0.01,113.647,2.37,-0.23,-0.01,AUDJPY.p,[tp 113.647]
232056520,311146901,2026-07-30 03:50:00,BUY,IN,0.01,1.40452,0.0,0.0,-0.01,USDCAD.p,E25/TP5
232056541,311146932,2026-07-30 03:50:01,SELL,IN,0.01,0.57983,0.0,0.0,-0.01,NZDUSD.p,E25/TP5
232080452,311175955,2026-07-30 04:07:52,SELL,IN,0.01,113.77,0.0,0.0,-0.01,AUDJPY.p,E25/TP5
232090606,311188295,2026-07-30 04:15:01,SELL,OUT,0.01,0.47272,1.03,0.0,-0.01,NZDCHF.p,[tp 0.47272]
232095342,311194773,2026-07-30 04:22:02,SELL,OUT,0.01,1.28938,0.43,0.04,-0.01,USDSGD.p,[tp 1.28938]
232128285,311233490,2026-07-30 04:53:36,SELL,OUT,0.01,1.4050500000000001,0.38,0.0,-0.01,USDCAD.p,[tp 1.40505]
232128287,311233492,2026-07-30 04:53:36,SELL,OUT,0.01,0.81511,0.66,0.19,-0.01,USDCHF.p,[tp 0.81511]
232149931,311258896,2026-07-30 05:18:21,BUY,OUT,0.01,1.87554,1.33,-0.31,-0.01,GBPCAD.p,[tp 1.87554]
232152457,311261975,2026-07-30 05:22:10,BUY,OUT,0.01,2.2984,0.33,-0.27,-0.01,GBPNZD.p,[tp 2.29840]
232156521,311267072,2026-07-30 05:30:00,SELL,IN,0.01,1.28942,0.0,0.0,-0.01,USDSGD.p,E25/TP5
232156567,311267239,2026-07-30 05:30:01,BUY,OUT,0.01,1.72141,0.42,-0.46,-0.01,GBPSGD.p,[tp 1.72141]
232159335,311270626,2026-07-30 05:32:25,BUY,OUT,0.01,94.936,0.63,-0.11,-0.01,NZDJPY.p,[tp 94.936]
232173168,311287641,2026-07-30 05:51:10,BUY,OUT,0.01,113.715,0.34,0.0,-0.01,AUDJPY.p,[tp 113.715]
232185818,311302636,2026-07-30 06:00:57,BUY,OUT,0.01,0.81602,0.58,-0.06,-0.01,NZDCAD.p,[tp 0.81602]
232197276,311316615,2026-07-30 06:15:00,SELL,IN,0.01,0.47333,0.0,0.0,-0.01,NZDCHF.p,E25/TP5
232197277,311316616,2026-07-30 06:15:00,BUY,IN,0.01,2.29858,0.0,0.0,-0.01,GBPNZD.p,E25/TP5
232197290,311316643,2026-07-30 06:15:01,SELL,IN,0.01,0.81576,0.0,0.0,-0.01,NZDCAD.p,E25/TP5
232197307,311316662,2026-07-30 06:15:03,SELL,IN,0.01,94.941,0.0,0.0,-0.01,NZDJPY.p,E25/TP5
232213917,311338154,2026-07-30 06:36:55,SELL,OUT,0.01,1.47725,3.06,0.0,-0.01,EURSGD.p,[tp 1.47725]
232224027,311350411,2026-07-30 06:52:39,BUY,OUT,0.01,200.488,0.36,0.02,-0.01,CHFJPY.p,[tp 200.488]
232235981,311364603,2026-07-30 07:15:03,SELL,IN,0.01,0.81537,0.0,0.0,-0.01,USDCHF.p,E25/TP5
232281357,311421151,2026-07-30 08:24:31,SELL,OUT,0.01,2.29915,0.33,0.0,-0.01,GBPNZD.p,[tp 2.29915]
232284668,311425011,2026-07-30 08:30:00,BUY,IN,0.01,2.2993,0.0,0.0,-0.01,GBPNZD.p,E25/TP5
232325062,311474704,2026-07-30 09:02:37,SELL,OUT,0.01,0.58052,1.07,0.0,-0.01,CADCHF.p,[tp 0.58052]
232336131,311491460,2026-07-30 09:15:41,BUY,OUT,0.01,0.8152,0.4,0.0,-0.01,NZDCAD.p,[tp 0.81520]
232336153,311491494,2026-07-30 09:15:42,SELL,IN,0.01,0.81512,0.0,0.0,-0.01,NZDCAD.p,E25/TP5
232336800,311492363,2026-07-30 09:16:13,BUY,OUT,0.01,94.887,0.33,0.0,-0.01,NZDJPY.p,[tp 94.887]
232337750,311493465,2026-07-30 09:18:46,SELL,OUT,0.01,2.29988,0.34,0.0,-0.01,GBPNZD.p,[tp 2.29988]
232368003,311528415,2026-07-30 10:00:32,SELL,OUT,0.01,0.74981,0.4,0.0,-0.01,NZDSGD.p,[tp 0.74981]
232388834,311551883,2026-07-30 10:18:14,BUY,IN,0.01,1.87584,0.0,0.0,-0.01,GBPCAD.p,E25/TP5
232389780,311552894,2026-07-30 10:19:02,BUY,OUT,0.01,1.14424,0.54,0.08,-0.01,EURUSD.p,[tp 1.14424]
232401214,311565935,2026-07-30 10:30:01,BUY,IN,0.01,2.29617,0.0,0.0,-0.01,GBPNZD.p,E25/TP5
232401239,311565959,2026-07-30 10:30:02,SELL,IN,0.01,95.064,0.0,0.0,-0.01,NZDJPY.p,E25/TP5
232449569,311622196,2026-07-30 11:16:26,BUY,IN,0.01,200.512,0.0,0.0,-0.01,CHFJPY.p,E25/TP5
232449591,311622220,2026-07-30 11:16:29,SELL,IN,0.01,1.08966,0.0,0.0,-0.01,GBPCHF.p,E25/TP5
232457674,311631115,2026-07-30 11:23:30,SELL,OUT,0.01,1.87698,0.81,0.0,-0.01,GBPCAD.p,[tp 1.87698]
232497026,311676108,2026-07-30 12:00:51,SELL,IN,0.01,1.72424,0.0,0.0,-0.01,GBPSGD.p,E25/TP5
232497028,311676114,2026-07-30 12:00:52,SELL,IN,0.01,1.87731,0.0,0.0,-0.01,GBPCAD.p,E25/TP5
232516662,311698019,2026-07-30 12:26:20,BUY,OUT,0.01,0.81483,0.66,0.0,-0.01,USDCHF.p,[tp 0.81483]
232516675,311698032,2026-07-30 12:26:22,SELL,IN,0.01,0.8148,0.0,0.0,-0.01,USDCHF.p,E25/TP5
232519670,311701377,2026-07-30 12:30:22,SELL,OUT,0.01,200.649,0.84,0.0,-0.01,CHFJPY.p,[tp 200.649]
232525229,311707372,2026-07-30 12:34:20,BUY,OUT,0.01,126.7,0.32,-0.07,-0.01,SGDJPY.p,[tp 126.700]
232533960,311717112,2026-07-30 12:48:00,BUY,OUT,0.01,1.08914,0.64,0.0,-0.01,GBPCHF.p,[tp 1.08914]
232533983,311717139,2026-07-30 12:48:01,SELL,IN,0.01,1.08912,0.0,0.0,-0.01,GBPCHF.p,E25/TP5
232548369,311734055,2026-07-30 13:05:44,SELL,IN,0.01,200.529,0.0,0.0,-0.01,CHFJPY.p,E25/TP5
232548371,311734059,2026-07-30 13:05:44,BUY,IN,0.01,1.19513,0.0,0.0,-0.01,AUDNZD.p,E25/TP5
232557318,311744921,2026-07-30 13:13:46,BUY,OUT,0.01,1.2888600000000001,0.43,0.0,-0.01,USDSGD.p,[tp 1.28886]
232561764,311749809,2026-07-30 13:16:28,BUY,OUT,0.01,217.677,0.41,-0.4,-0.01,GBPJPY.p,[tp 217.677]
232569690,311759992,2026-07-30 13:28:00,BUY,OUT,0.01,115.932,1.71,-0.11,-0.01,CADJPY.p,[tp 115.932]
232570041,311760378,2026-07-30 13:29:11,SELL,IN,0.01,113.57,0.0,0.0,-0.01,AUDJPY.p,E25/TP5
232571039,311761720,2026-07-30 13:31:17,BUY,OUT,0.01,217.859,2.32,0.0,-0.01,GBPJPY.p,[tp 217.859]
232571041,311761726,2026-07-30 13:31:18,SELL,IN,0.01,217.843,0.0,0.0,-0.01,GBPJPY.p,E25/TP5
232585410,311778896,2026-07-30 13:47:55,SELL,IN,0.01,0.69809,0.0,0.0,-0.01,AUDUSD.p,E25/TP5
232585411,311778897,2026-07-30 13:47:55,SELL,IN,0.01,0.7524,0.0,0.0,-0.01,NZDSGD.p,E25/TP5
232596620,311793636,2026-07-30 14:06:57,SELL,IN,0.01,1.8795,0.0,0.0,-0.01,GBPCAD.p,E25/TP5
232597999,311795302,2026-07-30 14:08:29,BUY,OUT,0.01,1.7236799999999999,0.43,0.0,-0.01,GBPSGD.p,[tp 1.72368]
232607182,311807980,2026-07-30 14:25:05,BUY,IN,0.01,126.46,0.0,0.0,-0.01,SGDJPY.p,E25/TP5
232607185,311807984,2026-07-30 14:25:05,SELL,IN,0.01,1.7230699999999999,0.0,0.0,-0.01,GBPSGD.p,E25/TP5
232607199,311808002,2026-07-30 14:25:06,BUY,IN,0.01,1.28813,0.0,0.0,-0.01,USDSGD.p,E25/TP5
232607235,311808032,2026-07-30 14:25:07,SELL,IN,0.01,1.14678,0.0,0.0,-0.01,EURUSD.p,E25/TP5
232607244,311808041,2026-07-30 14:25:07,BUY,IN,0.01,115.954,0.0,0.0,-0.01,CADJPY.p,E25/TP5
232619522,311825273,2026-07-30 14:51:50,BUY,OUT,0.01,0.81305,2.15,0.0,-0.01,USDCHF.p,[tp 0.81305]
232619536,311825286,2026-07-30 14:51:51,BUY,IN,0.01,0.81304,0.0,0.0,-0.01,USDCHF.p,E25/TP5
232645942,311860162,2026-07-30 15:26:27,BUY,OUT,0.01,1.08741,2.11,0.0,-0.01,GBPCHF.p,[tp 1.08741]
232672975,311893620,2026-07-30 15:47:14,BUY,OUT,0.01,95.01,0.33,0.0,-0.01,NZDJPY.p,[tp 95.010]
232734194,311966708,2026-07-30 16:32:54,BUY,OUT,0.01,200.47,0.36,0.0,-0.01,CHFJPY.p,[tp 200.470]
232734223,311966767,2026-07-30 16:32:55,SELL,IN,0.01,200.464,0.0,0.0,-0.01,CHFJPY.p,E25/TP5
232740079,311973428,2026-07-30 16:36:03,BUY,OUT,0.01,186.572,-0.41,-0.18,-0.01,EURJPY.p,[tp 186.572]
232740081,311973429,2026-07-30 16:36:03,BUY,OUT,0.01,186.572,1.06,-0.18,-0.01,EURJPY.p,[tp 186.572]
232766598,312003400,2026-07-30 16:42:15,BUY,OUT,0.01,0.93044,0.67,-0.64,-0.01,EURCHF.p,[tp 0.93044]
232809958,312054380,2026-07-30 16:59:20,BUY,OUT,0.01,1.91299,-6.01,-0.09,-0.01,GBPAUD.p,[tp 1.91299]
232809960,312054381,2026-07-30 16:59:20,BUY,OUT,0.01,1.91299,-0.96,-0.07,-0.01,GBPAUD.p,[tp 1.91299]
232809962,312054382,2026-07-30 16:59:20,BUY,OUT,0.02,1.91299,8.56,-0.13,-0.02,GBPAUD.p,[tp 1.91299]
232812709,312057764,2026-07-30 17:00:23,BUY,IN,0.01,184.095,0.0,0.0,-0.01,EURJPY.p,E25/TP5
232828164,312075759,2026-07-30 17:04:09,BUY,OUT,0.01,0.47281,0.65,0.0,-0.01,NZDCHF.p,[tp 0.47281]
232909822,312173535,2026-07-30 17:51:14,BUY,IN,0.01,2.29134,0.0,0.0,-0.01,GBPNZD.p,E25/TP5
232946431,312217814,2026-07-30 18:18:46,SELL,IN,0.01,1.6131799999999998,0.0,0.0,-0.01,EURCAD.p,E25/TP5
232946432,312217816,2026-07-30 18:18:46,BUY,IN,0.01,1.28329,0.0,0.0,-0.01,USDSGD.p,E25/TP5
232946451,312217851,2026-07-30 18:18:47,BUY,IN,0.02,159.436,0.0,0.0,-0.02,USDJPY.p,E25/TP5
232946467,312217889,2026-07-30 18:18:48,SELL,IN,0.01,0.82174,0.0,0.0,-0.01,NZDCAD.p,E25/TP5
232946474,312217901,2026-07-30 18:18:48,BUY,IN,0.01,113.751,0.0,0.0,-0.01,CADJPY.p,E25/TP5
232946481,312217916,2026-07-30 18:18:49,BUY,IN,0.01,124.232,0.0,0.0,-0.01,SGDJPY.p,E25/TP5
232946489,312217929,2026-07-30 18:18:49,SELL,IN,0.01,0.58638,0.0,0.0,-0.01,NZDUSD.p,E25/TP5
232946490,312217930,2026-07-30 18:18:49,BUY,IN,0.01,0.80696,0.0,0.0,-0.01,USDCHF.p,E25/TP5
232948874,312220895,2026-07-30 18:21:37,SELL,IN,0.01,1.1512,0.0,0.0,-0.01,EURUSD.p,E25/TP5
232972226,312247784,2026-07-30 18:44:17,SELL,IN,0.01,0.70202,0.0,0.0,-0.01,AUDUSD.p,E25/TP5
232974249,312250135,2026-07-30 18:46:21,BUY,OUT,0.01,214.469,21.17,0.0,-0.01,GBPJPY.p,[tp 214.469]
232977588,312254241,2026-07-30 18:52:17,BUY,OUT,0.01,111.938,10.24,0.0,-0.01,AUDJPY.p,[tp 111.938]
232998193,312279686,2026-07-30 19:16:35,SELL,IN,0.02,1.88544,0.0,0.0,-0.02,GBPCAD.p,E25/TP5
232998199,312279693,2026-07-30 19:16:36,BUY,IN,0.01,1.40029,0.0,0.0,-0.01,USDCAD.p,E25/TP5
232998205,312279699,2026-07-30 19:16:36,BUY,IN,0.01,1.91661,0.0,0.0,-0.01,GBPAUD.p,E25/TP5
232998210,312279704,2026-07-30 19:16:37,BUY,IN,0.01,1.08408,0.0,0.0,-0.01,GBPCHF.p,E25/TP5
233013493,312299061,2026-07-30 19:40:47,BUY,IN,0.01,0.92782,0.0,0.0,-0.01,EURCHF.p,E25/TP5
233013496,312299065,2026-07-30 19:40:48,BUY,IN,0.01,214.846,0.0,0.0,-0.01,GBPJPY.p,E25/TP5
233013500,312299069,2026-07-30 19:40:48,BUY,IN,0.01,112.079,0.0,0.0,-0.01,AUDJPY.p,E25/TP5
233013501,312299070,2026-07-30 19:40:48,BUY,IN,0.01,93.783,0.0,0.0,-0.01,NZDJPY.p,E25/TP5
233013506,312299075,2026-07-30 19:40:49,BUY,IN,0.01,0.57482,0.0,0.0,-0.01,CADCHF.p,E25/TP5
233028870,312316678,2026-07-30 20:06:24,BUY,IN,0.01,0.47313,0.0,0.0,-0.01,NZDCHF.p,E25/TP5
233052557,312342966,2026-07-30 20:37:55,BUY,OUT,0.01,197.574,18.17,0.0,-0.01,CHFJPY.p,[tp 197.574]
233068839,312361201,2026-07-30 20:55:05,BUY,IN,0.01,197.749,0.0,0.0,-0.01,CHFJPY.p,E25/TP5
233086482,312380608,2026-07-30 21:20:17,SELL,IN,0.01,1.34692,0.0,0.0,-0.01,GBPUSD.p,E25/TP5
233110190,312408559,2026-07-30 21:54:21,BUY,OUT,0.01,0.56522,0.65,0.0,-0.01,AUDCHF.p,[tp 0.56522]
233114687,312415335,2026-07-30 22:00:55,BUY,IN,0.01,0.56513,0.0,0.0,-0.01,AUDCHF.p,E25/TP5
233212476,312531995,2026-07-31 01:18:51,SELL,OUT,0.01,184.149,0.34,0.01,-0.01,EURJPY.p,[tp 184.149]
233221756,312542424,2026-07-31 01:44:27,SELL,OUT,0.01,93.903,0.75,0.0,-0.01,NZDJPY.p,[tp 93.903]
233221910,312542652,2026-07-31 01:45:00,SELL,IN,0.01,184.005,0.0,0.0,-0.01,EURJPY.p,E25/TP5
233221931,312542680,2026-07-31 01:45:00,SELL,IN,0.01,93.878,0.0,0.0,-0.01,NZDJPY.p,E25/TP5
233223328,312544398,2026-07-31 01:47:53,SELL,OUT,0.01,214.959,0.71,0.03,-0.01,GBPJPY.p,[tp 214.959]
233224016,312545351,2026-07-31 01:50:35,SELL,OUT,0.01,112.206,0.8,0.02,-0.01,AUDJPY.p,[tp 112.206]
233224065,312545405,2026-07-31 01:50:46,SELL,IN,0.01,112.208,0.0,0.0,-0.01,AUDJPY.p,E25/TP5
233230007,312552215,2026-07-31 02:08:53,SELL,OUT,0.01,198.244,3.1,-0.05,-0.01,CHFJPY.p,[tp 198.244]
233232664,312555178,2026-07-31 02:13:13,SELL,OUT,0.01,1.40084,0.39,0.02,-0.01,USDCAD.p,[tp 1.40084]
233233832,312556433,2026-07-31 02:15:00,BUY,IN,0.01,1.40086,0.0,0.0,-0.01,USDCAD.p,E25/TP5
233238047,312561008,2026-07-31 02:24:46,SELL,OUT,0.01,1.08484,0.94,0.06,-0.01,GBPCHF.p,[tp 1.08484]
233256246,312580863,2026-07-31 03:00:00,SELL,IN,0.01,198.785,0.0,0.0,-0.01,CHFJPY.p,E25/TP5
233258930,312583846,2026-07-31 03:01:46,SELL,OUT,0.01,0.92882,1.24,0.03,-0.01,EURCHF.p,[tp 0.92882]
233263499,312588960,2026-07-31 03:07:48,SELL,OUT,0.01,0.56636,1.53,0.06,-0.01,AUDCHF.p,[tp 0.56636]
233278362,312605877,2026-07-31 03:30:00,SELL,IN,0.01,1.08471,0.0,0.0,-0.01,GBPCHF.p,E25/TP5
233278439,312605982,2026-07-31 03:30:00,SELL,IN,0.01,0.92849,0.0,0.0,-0.01,EURCHF.p,E25/TP5
233281867,312609979,2026-07-31 03:36:15,SELL,OUT,0.01,0.90151,-1.58,0.09,-0.01,AUDSGD.p,[tp 0.90151]
233281869,312609980,2026-07-31 03:36:15,SELL,OUT,0.01,0.90151,2.39,0.05,-0.01,AUDSGD.p,[tp 0.90151]
233281877,312609988,2026-07-31 03:36:15,SELL,OUT,0.01,0.98496,0.39,0.11,-0.01,AUDCAD.p,[tp 0.98496]
233282393,312610562,2026-07-31 03:37:08,SELL,OUT,0.01,0.57538,0.69,0.02,-0.01,CADCHF.p,[tp 0.57538]
233294246,312624617,2026-07-31 04:00:00,SELL,IN,0.01,0.56667,0.0,0.0,-0.01,AUDCHF.p,E25/TP5
233317142,312652028,2026-07-31 04:15:00,SELL,IN,0.01,0.98504,0.0,0.0,-0.01,AUDCAD.p,E25/TP5
233317248,312652204,2026-07-31 04:15:00,SELL,IN,0.01,215.978,0.0,0.0,-0.01,GBPJPY.p,E25/TP5
233333066,312670148,2026-07-31 04:30:00,SELL,IN,0.01,0.90179,0.0,0.0,-0.01,AUDSGD.p,E25/TP5
233333516,312670714,2026-07-31 04:30:30,SELL,OUT,0.01,2.29433,-1.08,0.01,-0.01,GBPNZD.p,[tp 2.29433]
233333518,312670715,2026-07-31 04:30:30,SELL,OUT,0.01,2.29433,1.75,0.01,-0.01,GBPNZD.p,[tp 2.29433]
233338463,312676998,2026-07-31 04:38:17,SELL,OUT,0.01,1.40154,0.49,0.0,-0.01,USDCAD.p,[tp 1.40154]
233341704,312680856,2026-07-31 04:45:00,SELL,IN,0.01,2.29337,0.0,0.0,-0.01,GBPNZD.p,E25/TP5
233366662,312710267,2026-07-31 05:15:00,SELL,IN,0.01,1.40107,0.0,0.0,-0.01,USDCAD.p,E25/TP5
233377300,312724523,2026-07-31 05:35:34,SELL,OUT,0.01,0.47365,0.64,0.02,-0.01,NZDCHF.p,[tp 0.47365]
233428552,312786697,2026-07-31 07:18:02,BUY,OUT,0.01,2.29133,1.2,0.0,-0.01,GBPNZD.p,[tp 2.29133]
233446451,312810659,2026-07-31 08:00:00,BUY,IN,0.01,2.29153,0.0,0.0,-0.01,GBPNZD.p,E25/TP5
233458531,312827204,2026-07-31 08:33:34,BUY,OUT,0.01,215.911,0.42,0.0,-0.01,GBPJPY.p,[tp 215.911]
233466056,312836644,2026-07-31 08:45:00,SELL,IN,0.01,215.994,0.0,0.0,-0.01,GBPJPY.p,E25/TP5
233483620,312857077,2026-07-31 09:07:54,BUY,OUT,0.01,198.726,0.37,0.0,-0.01,CHFJPY.p,[tp 198.726]
233486677,312861020,2026-07-31 09:15:00,BUY,IN,0.01,198.845,0.0,0.0,-0.01,CHFJPY.p,E25/TP5
233503729,312881580,2026-07-31 09:35:57,BUY,OUT,0.01,215.833,1.0,0.0,-0.01,GBPJPY.p,[tp 215.833]
233503734,312881585,2026-07-31 09:35:59,BUY,IN,0.01,215.835,0.0,0.0,-0.01,GBPJPY.p,E25/TP5
233517554,312900016,2026-07-31 10:03:28,SELL,OUT,0.01,2.2921,0.33,0.0,-0.01,GBPNZD.p,[tp 2.29210]
233530316,312915441,2026-07-31 10:21:39,SELL,OUT,0.01,198.905,0.37,0.0,-0.01,CHFJPY.p,[tp 198.905]
233530334,312915462,2026-07-31 10:21:41,BUY,IN,0.01,198.898,0.0,0.0,-0.01,CHFJPY.p,E25/TP5
233535783,312921778,2026-07-31 10:29:48,SELL,OUT,0.01,215.903,0.42,0.0,-0.01,GBPJPY.p,[tp 215.903]
233559715,312950148,2026-07-31 11:00:01,SELL,IN,0.01,215.522,0.0,0.0,-0.01,GBPJPY.p,E25/TP5
233571138,312963584,2026-07-31 11:12:26,BUY,OUT,0.01,0.90127,0.41,0.0,-0.01,AUDSGD.p,[tp 0.90127]
233571248,312963722,2026-07-31 11:12:44,SELL,IN,0.01,0.90125,0.0,0.0,-0.01,AUDSGD.p,E25/TP5
233607715,313006731,2026-07-31 11:45:00,BUY,IN,0.01,2.28833,0.0,0.0,-0.01,GBPNZD.p,E25/TP5
233617958,313019225,2026-07-31 11:55:39,BUY,OUT,0.01,183.937,0.43,0.0,-0.01,EURJPY.p,[tp 183.937]
233620202,313021689,2026-07-31 11:56:34,BUY,OUT,0.01,93.635,1.53,0.0,-0.01,NZDJPY.p,[tp 93.635]
233620273,313021844,2026-07-31 11:56:42,BUY,OUT,0.01,112.041,1.05,0.0,-0.01,AUDJPY.p,[tp 112.041]
233627337,313030716,2026-07-31 12:02:18,BUY,OUT,0.01,1.40054,0.38,0.0,-0.01,USDCAD.p,[tp 1.40054]
233632530,313037000,2026-07-31 12:06:09,BUY,OUT,0.01,213.754,11.14,0.0,-0.01,GBPJPY.p,[tp 213.754]
233645300,313052338,2026-07-31 12:19:18,BUY,IN,0.01,93.827,0.0,0.0,-0.01,NZDJPY.p,E25/TP5
233645304,313052342,2026-07-31 12:19:18,BUY,IN,0.01,112.286,0.0,0.0,-0.01,AUDJPY.p,E25/TP5
233645307,313052345,2026-07-31 12:19:18,BUY,IN,0.01,214.76,0.0,0.0,-0.01,GBPJPY.p,E25/TP5
233645310,313052348,2026-07-31 12:19:19,BUY,IN,0.01,183.731,0.0,0.0,-0.01,EURJPY.p,E25/TP5
233668848,313080177,2026-07-31 12:55:12,BUY,OUT,0.01,1.63591,-4.78,0.19,-0.01,EURAUD.p,[tp 1.63591]
233668850,313080178,2026-07-31 12:55:12,BUY,OUT,0.01,1.63591,5.52,0.15,-0.01,EURAUD.p,[tp 1.63591]
233669039,313080377,2026-07-31 12:55:25,BUY,IN,0.01,1.63597,0.0,0.0,-0.01,EURAUD.p,E25/TP5
233697022,313115469,2026-07-31 13:52:56,SELL,OUT,0.01,2.28891,0.34,0.0,-0.01,GBPNZD.p,[tp 2.28891]
233698772,313118133,2026-07-31 14:00:00,BUY,IN,0.01,2.28927,0.0,0.0,-0.01,GBPNZD.p,E25/TP5
233730587,313158037,2026-07-31 14:49:50,SELL,OUT,0.01,215.015,1.5899999999999999,0.0,-0.01,GBPJPY.p,[tp 215.015]
233731525,313159226,2026-07-31 14:51:46,SELL,OUT,0.01,184.053,2.01,0.0,-0.01,EURJPY.p,[tp 184.053]
233731686,313159427,2026-07-31 14:52:30,SELL,OUT,0.01,112.482,1.22,0.0,-0.01,AUDJPY.p,[tp 112.482]
233731724,313159468,2026-07-31 14:52:39,SELL,OUT,0.01,93.947,0.75,0.0,-0.01,NZDJPY.p,[tp 93.947]
233735467,313164663,2026-07-31 15:00:12,BUY,OUT,0.01,1.14845,-1.67,0.03,-0.01,EURUSD.p,[tp 1.14845]
233735469,313164664,2026-07-31 15:00:12,BUY,OUT,0.01,1.14845,2.75,0.03,-0.01,EURUSD.p,[tp 1.14845]
233742189,313173455,2026-07-31 15:10:40,SELL,OUT,0.01,1.6367500000000001,0.55,0.0,-0.01,EURAUD.p,[tp 1.63675]
233744990,313176675,2026-07-31 15:15:00,BUY,IN,0.01,184.078,0.0,0.0,-0.01,EURJPY.p,E25/TP5
233745018,313176711,2026-07-31 15:15:00,BUY,IN,0.01,215.083,0.0,0.0,-0.01,GBPJPY.p,E25/TP5
233745020,313176713,2026-07-31 15:15:00,BUY,IN,0.01,93.954,0.0,0.0,-0.01,NZDJPY.p,E25/TP5
233745083,313176851,2026-07-31 15:15:01,BUY,IN,0.01,1.14868,0.0,0.0,-0.01,EURUSD.p,E25/TP5
233747375,313179416,2026-07-31 15:18:41,SELL,OUT,0.01,2.28985,0.34,0.0,-0.01,GBPNZD.p,[tp 2.28985]
233753746,313187045,2026-07-31 15:24:37,SELL,OUT,0.01,0.81053,-3.1,0.06,-0.01,USDCHF.p,[tp 0.81053]
233753748,313187046,2026-07-31 15:24:37,SELL,OUT,0.01,0.81053,4.4,0.06,-0.01,USDCHF.p,[tp 0.81053]
233785408,313222204,2026-07-31 15:48:20,BUY,OUT,0.01,0.98449,0.39,0.0,-0.01,AUDCAD.p,[tp 0.98449]
233799296,313237809,2026-07-31 16:00:00,SELL,IN,0.01,2.29086,0.0,0.0,-0.01,GBPNZD.p,E25/TP5
233799434,313237962,2026-07-31 16:00:00,SELL,IN,0.01,1.40367,0.0,0.0,-0.01,USDCAD.p,E25/TP5
233799545,313238070,2026-07-31 16:00:00,SELL,IN,0.01,0.81062,0.0,0.0,-0.01,USDCHF.p,E25/TP5
233821681,313263373,2026-07-31 16:15:00,BUY,IN,0.01,112.51,0.0,0.0,-0.01,AUDJPY.p,E25/TP5
233842336,313287995,2026-07-31 16:31:22,BUY,IN,0.01,196.95,0.0,0.0,-0.01,CHFJPY.p,E25/TP5
233863538,313312101,2026-07-31 16:39:52,BUY,OUT,0.01,1.72253,0.42,-0.15,-0.01,GBPSGD.p,[tp 1.72253]
233863586,313312153,2026-07-31 16:39:52,BUY,IN,0.01,1.72255,0.0,0.0,-0.01,GBPSGD.p,E25/TP5
233868296,313318250,2026-07-31 16:42:00,BUY,OUT,0.01,1.88097,-1.05,-0.1,-0.01,GBPCAD.p,[tp 1.88097]
233868741,313318791,2026-07-31 16:42:19,BUY,OUT,0.01,0.90073,0.4,0.0,-0.01,AUDSGD.p,[tp 0.90073]
233871588,313322018,2026-07-31 16:43:12,BUY,OUT,0.01,1.60873,3.17,-0.02,-0.01,EURCAD.p,[tp 1.60873]
233873433,313324032,2026-07-31 16:43:36,SELL,IN,0.01,0.57865,0.0,0.0,-0.01,CADCHF.p,E25/TP5
233888816,313342765,2026-07-31 16:52:55,BUY,IN,0.01,0.98354,0.0,0.0,-0.01,AUDCAD.p,E25/TP5
233891681,313346407,2026-07-31 16:55:07,BUY,IN,0.01,182.928,0.0,0.0,-0.01,EURJPY.p,E25/TP5
233911041,313371763,2026-07-31 17:07:58,SELL,OUT,0.01,1.91719,0.41,-0.07,-0.01,GBPAUD.p,[tp 1.91719]
233915651,313377284,2026-07-31 17:09:44,BUY,OUT,0.01,0.75188,0.4,-0.05,-0.01,NZDSGD.p,[tp 0.75188]
233922392,313386715,2026-07-31 17:14:50,SELL,IN,0.01,1.08923,0.0,0.0,-0.01,GBPCHF.p,E25/TP5
233936050,313403633,2026-07-31 17:25:21,BUY,IN,0.01,1.63917,0.0,0.0,-0.01,EURAUD.p,E25/TP5
233947130,313419073,2026-07-31 17:35:44,BUY,IN,0.01,1.47497,0.0,0.0,-0.01,EURSGD.p,E25/TP5
233969375,313445385,2026-07-31 17:54:43,SELL,IN,0.01,1.91594,0.0,0.0,-0.01,GBPAUD.p,E25/TP5
233969391,313445411,2026-07-31 17:54:43,BUY,IN,0.01,0.90138,0.0,0.0,-0.01,AUDSGD.p,E25/TP5
234003657,313488900,2026-07-31 18:21:06,SELL,OUT,0.01,1.15002,1.34,0.0,-0.01,EURUSD.p,[tp 1.15002]
234003692,313488948,2026-07-31 18:21:07,BUY,IN,0.01,1.15,0.0,0.0,-0.01,EURUSD.p,E25/TP5
234086144,313606274,2026-07-31 20:24:46,BUY,OUT,0.01,2.28979,0.63,0.0,-0.01,GBPNZD.p,[tp 2.28979]
234086431,313606586,2026-07-31 20:24:50,BUY,OUT,0.01,0.80805,3.18,0.0,-0.01,USDCHF.p,[tp 0.80805]
234093727,313616542,2026-07-31 20:31:34,BUY,OUT,0.01,1.40145,1.58,0.0,-0.01,USDCAD.p,[tp 1.40145]
234101988,313628067,2026-07-31 20:45:07,BUY,IN,0.02,123.44,0.0,0.0,-0.02,SGDJPY.p,E25/TP5
234101995,313628076,2026-07-31 20:45:08,BUY,IN,0.02,112.921,0.0,0.0,-0.02,CADJPY.p,E25/TP5
234112393,313642099,2026-07-31 21:02:05,BUY,IN,0.01,111.607,0.0,0.0,-0.01,AUDJPY.p,E25/TP5
234112982,313642807,2026-07-31 21:02:47,BUY,IN,0.01,0.8076,0.0,0.0,-0.01,USDCHF.p,E25/TP5
234112986,313642814,2026-07-31 21:02:48,BUY,IN,0.01,1.40191,0.0,0.0,-0.01,USDCAD.p,E25/TP5
234112989,313642822,2026-07-31 21:02:48,BUY,IN,0.01,2.29031,0.0,0.0,-0.01,GBPNZD.p,E25/TP5
234138126,313679661,2026-07-31 22:16:08,SELL,OUT,0.01,183.372,-4.44,0.0,-0.01,EURJPY.p,[tp 183.372]
234138128,313679662,2026-07-31 22:16:08,SELL,OUT,0.01,183.372,2.79,0.0,-0.01,EURJPY.p,[tp 183.372]
234149495,313695797,2026-07-31 22:49:54,SELL,OUT,0.01,0.98669,2.25,0.0,-0.01,AUDCAD.p,[tp 0.98669]
234152567,313699415,2026-07-31 22:53:57,BUY,OUT,0.01,0.57643,2.75,0.0,-0.01,CADCHF.p,[tp 0.57643]
234162151,313712127,2026-07-31 23:11:10,SELL,OUT,0.01,1.47818,2.5,0.0,-0.01,EURSGD.p,[tp 1.47818]
234162597,313712664,2026-07-31 23:13:01,SELL,OUT,0.01,1.72818,4.39,0.0,-0.01,GBPSGD.p,[tp 1.72818]
234163670,313713987,2026-07-31 23:16:42,SELL,OUT,0.01,1.15326,3.26,0.0,-0.01,EURUSD.p,[tp 1.15326]
234169305,313721061,2026-07-31 23:35:51,SELL,OUT,0.01,0.90245,0.83,0.0,-0.01,AUDSGD.p,[tp 0.90245]
234171776,313725487,2026-07-31 23:51:50,SELL,OUT,0.01,1.6397,0.37,0.0,-0.01,EURAUD.p,[tp 1.63970]
234269795,313838051,2026-08-03 00:15:00,BUY,IN,0.01,2.28593,0.0,0.0,-0.01,GBPNZD.p,E25/TP5
234291670,313862493,2026-08-03 01:15:00,BUY,IN,0.04,157.007,0.0,0.0,-0.04,USDJPY.p,E25/TP5
234291786,313862850,2026-08-03 01:15:00,BUY,IN,0.04,112.098,0.0,0.0,-0.04,CADJPY.p,E25/TP5
234291806,313862932,2026-08-03 01:15:01,BUY,IN,0.04,122.597,0.0,0.0,-0.04,SGDJPY.p,E25/TP5
234299984,313872426,2026-08-03 01:26:32,BUY,OUT,0.01,1.91535,0.42,-0.02,-0.01,GBPAUD.p,[tp 1.91535]
234302106,313874915,2026-08-03 01:30:00,SELL,IN,0.01,1.91573,0.0,0.0,-0.01,GBPAUD.p,E25/TP5
234302107,313874916,2026-08-03 01:30:00,SELL,IN,0.01,1.15504,0.0,0.0,-0.01,EURUSD.p,E25/TP5
234302110,313874919,2026-08-03 01:30:00,SELL,IN,0.01,1.7292800000000002,0.0,0.0,-0.01,GBPSGD.p,E25/TP5
234302111,313874920,2026-08-03 01:30:00,BUY,IN,0.01,0.57577,0.0,0.0,-0.01,CADCHF.p,E25/TP5
234302113,313874922,2026-08-03 01:30:00,SELL,IN,0.01,1.47955,0.0,0.0,-0.01,EURSGD.p,E25/TP5
234302233,313875076,2026-08-03 01:30:01,BUY,IN,0.01,181.657,0.0,0.0,-0.01,EURJPY.p,E25/TP5
234319109,313894485,2026-08-03 02:00:00,SELL,IN,0.01,0.98714,0.0,0.0,-0.01,AUDCAD.p,E25/TP5
234327778,313904904,2026-08-03 02:15:00,SELL,IN,0.01,0.90257,0.0,0.0,-0.01,AUDSGD.p,E25/TP5
234404222,313995407,2026-08-03 03:33:40,BUY,IN,0.01,211.092,0.0,0.0,-0.01,GBPJPY.p,E25/TP5
234404223,313995408,2026-08-03 03:33:40,BUY,IN,0.02,110.2,0.0,0.0,-0.02,AUDJPY.p,E25/TP5
234431723,314028877,2026-08-03 04:00:39,BUY,IN,0.02,1.28022,0.0,0.0,-0.02,USDSGD.p,E25/TP5
234431736,314028904,2026-08-03 04:00:39,BUY,IN,0.02,193.605,0.0,0.0,-0.02,CHFJPY.p,E25/TP5
234471196,314076755,2026-08-03 04:28:55,SELL,OUT,0.01,1.40265,0.53,0.02,-0.01,USDCAD.p,[tp 1.40265]
234471236,314076795,2026-08-03 04:28:57,BUY,IN,0.01,1.40268,0.0,0.0,-0.01,USDCAD.p,E25/TP5
234495877,314107408,2026-08-03 04:53:42,SELL,OUT,0.01,0.80875,1.42,0.06,-0.01,USDCHF.p,[tp 0.80875]
234527543,314146460,2026-08-03 05:30:01,SELL,IN,0.01,0.80911,0.0,0.0,-0.01,USDCHF.p,E25/TP5
234555027,314180679,2026-08-03 06:00:55,BUY,OUT,0.01,1.15304,2.0,0.0,-0.01,EURUSD.p,[tp 1.15304]
234575357,314205928,2026-08-03 06:28:25,SELL,OUT,0.01,2.28869,-0.95,0.01,-0.01,GBPNZD.p,[tp 2.28869]
234575359,314205929,2026-08-03 06:28:25,SELL,OUT,0.01,2.28869,1.62,0.0,-0.01,GBPNZD.p,[tp 2.28869]
234594611,314230256,2026-08-03 07:00:00,BUY,IN,0.01,1.153,0.0,0.0,-0.01,EURUSD.p,E25/TP5
234599856,314237630,2026-08-03 07:11:16,BUY,OUT,0.01,1.7260900000000001,2.49,0.0,-0.01,GBPSGD.p,[tp 1.72609]
234599888,314237669,2026-08-03 07:11:24,BUY,IN,0.01,1.7261600000000001,0.0,0.0,-0.01,GBPSGD.p,E25/TP5
234600013,314237815,2026-08-03 07:12:00,BUY,OUT,0.01,1.4776500000000001,1.48,0.0,-0.01,EURSGD.p,[tp 1.47765]
234640419,314292992,2026-08-03 08:30:00,SELL,IN,0.01,2.2906,0.0,0.0,-0.01,GBPNZD.p,E25/TP5
234641489,314294441,2026-08-03 08:30:34,BUY,OUT,0.01,0.80846,0.8,0.0,-0.01,USDCHF.p,[tp 0.80846]
234655758,314313305,2026-08-03 08:45:49,SELL,OUT,0.01,1.72675,0.46,0.0,-0.01,GBPSGD.p,[tp 1.72675]
234656812,314314544,2026-08-03 08:47:11,SELL,OUT,0.01,1.15369,0.69,0.0,-0.01,EURUSD.p,[tp 1.15369]
234672809,314335044,2026-08-03 09:05:08,BUY,OUT,0.01,1.9151500000000001,0.41,0.0,-0.01,GBPAUD.p,[tp 1.91515]
234677623,314341278,2026-08-03 09:15:00,SELL,IN,0.01,1.15328,0.0,0.0,-0.01,EURUSD.p,E25/TP5
234684117,314349810,2026-08-03 09:23:19,BUY,OUT,0.01,2.28999,0.36,0.0,-0.01,GBPNZD.p,[tp 2.28999]
234686566,314352903,2026-08-03 09:25:08,SELL,OUT,0.01,1.40326,0.41,0.0,-0.01,USDCAD.p,[tp 1.40326]
234703083,314372473,2026-08-03 09:39:25,SELL,OUT,0.01,0.57644,0.83,0.0,-0.01,CADCHF.p,[tp 0.57644]
234705441,314375789,2026-08-03 09:43:48,BUY,OUT,0.01,0.90135,0.95,0.0,-0.01,AUDSGD.p,[tp 0.90135]
234706110,314376689,2026-08-03 09:45:00,SELL,IN,0.01,2.28975,0.0,0.0,-0.01,GBPNZD.p,E25/TP5
234706883,314377657,2026-08-03 09:46:02,BUY,OUT,0.01,0.98659,0.39,0.0,-0.01,AUDCAD.p,[tp 0.98659]
234721257,314396081,2026-08-03 10:06:56,BUY,OUT,0.01,1.15225,1.03,0.0,-0.01,EURUSD.p,[tp 1.15225]
234721385,314396211,2026-08-03 10:06:58,BUY,IN,0.01,1.15226,0.0,0.0,-0.01,EURUSD.p,E25/TP5
234765338,314450308,2026-08-03 11:00:00,SELL,IN,0.01,1.9182000000000001,0.0,0.0,-0.01,GBPAUD.p,E25/TP5
234847116,314561315,2026-08-03 12:42:55,SELL,OUT,0.01,1.1528,0.54,0.0,-0.01,EURUSD.p,[tp 1.15280]
234849598,314564930,2026-08-03 12:45:00,BUY,IN,0.01,1.15287,0.0,0.0,-0.01,EURUSD.p,E25/TP5
234853067,314569808,2026-08-03 12:49:43,BUY,OUT,0.01,0.56615,0.64,-0.12,-0.01,AUDCHF.p,[tp 0.56615]
234879039,314608161,2026-08-03 13:30:00,SELL,IN,0.01,2.29513,0.0,0.0,-0.01,GBPNZD.p,E25/TP5
234899522,314637392,2026-08-03 14:00:00,BUY,IN,0.01,0.98314,0.0,0.0,-0.01,AUDCAD.p,E25/TP5
234921942,314666605,2026-08-03 14:30:00,SELL,IN,0.01,1.6460599999999999,0.0,0.0,-0.01,EURAUD.p,E25/TP5
234935234,314683550,2026-08-03 14:45:00,BUY,IN,0.01,0.89817,0.0,0.0,-0.01,AUDSGD.p,E25/TP5
234960253,314714227,2026-08-03 15:02:29,SELL,OUT,0.01,1.15341,0.54,0.0,-0.01,EURUSD.p,[tp 1.15341]
235062761,314849957,2026-08-03 16:16:17,BUY,OUT,0.01,0.69953,-1.44,-0.04,-0.01,AUDUSD.p,[tp 0.69953]
235062762,314849958,2026-08-03 16:16:17,BUY,OUT,0.01,0.69953,2.49,-0.04,-0.01,AUDUSD.p,[tp 0.69953]
235087719,314881547,2026-08-03 16:31:46,BUY,IN,0.02,1.19162,0.0,0.0,-0.02,AUDNZD.p,E25/TP5
235113965,314917337,2026-08-03 16:45:00,BUY,IN,0.04,193.184,0.0,0.0,-0.04,CHFJPY.p,E25/TP5
235131176,314944585,2026-08-03 16:59:59,SELL,IN,0.01,1.7239499999999999,0.0,0.0,-0.01,GBPSGD.p,E25/TP5
235167307,314997013,2026-08-03 17:34:28,BUY,OUT,0.01,2.29187,-1.24,0.0,-0.01,GBPNZD.p,[tp 2.29187]
235167311,314997014,2026-08-03 17:34:28,BUY,OUT,0.01,2.29187,1.9100000000000001,0.0,-0.01,GBPNZD.p,[tp 2.29187]
235178580,315011068,2026-08-03 17:45:00,BUY,IN,0.01,0.69942,0.0,0.0,-0.01,AUDUSD.p,E25/TP5
235182829,315016473,2026-08-03 17:51:00,BUY,OUT,0.01,1.64553,0.37,0.0,-0.01,EURAUD.p,[tp 1.64553]
235182845,315016496,2026-08-03 17:51:01,SELL,IN,0.01,1.64554,0.0,0.0,-0.01,EURAUD.p,E25/TP5
235187416,315022315,2026-08-03 17:57:30,BUY,OUT,0.01,1.7234099999999999,0.42,0.0,-0.01,GBPSGD.p,[tp 1.72341]
235203775,315044020,2026-08-03 18:15:00,BUY,IN,0.01,2.28984,0.0,0.0,-0.01,GBPNZD.p,E25/TP5
235227635,315076394,2026-08-03 18:45:00,SELL,IN,0.01,0.81104,0.0,0.0,-0.01,USDCHF.p,E25/TP5
235238272,315089860,2026-08-03 19:00:00,BUY,IN,0.01,1.72314,0.0,0.0,-0.01,GBPSGD.p,E25/TP5
235238328,315089939,2026-08-03 19:00:00,BUY,IN,0.01,1.15099,0.0,0.0,-0.01,EURUSD.p,E25/TP5
235244642,315098805,2026-08-03 19:15:41,BUY,OUT,0.01,1.64404,1.05,0.0,-0.01,EURAUD.p,[tp 1.64404]
235260111,315120660,2026-08-03 19:45:00,BUY,IN,0.01,1.64421,0.0,0.0,-0.01,EURAUD.p,E25/TP5
235324083,315210754,2026-08-03 21:30:32,BUY,OUT,0.01,0.8105,0.67,0.0,-0.01,USDCHF.p,[tp 0.81050]
235324092,315210772,2026-08-03 21:30:34,SELL,IN,0.01,0.81048,0.0,0.0,-0.01,USDCHF.p,E25/TP5
235328735,315218294,2026-08-03 21:42:45,SELL,OUT,0.01,1.64532,0.78,0.0,-0.01,EURAUD.p,[tp 1.64532]
235341737,315234896,2026-08-03 21:55:32,SELL,OUT,0.01,0.69995,0.53,0.0,-0.01,AUDUSD.p,[tp 0.69995]
235421098,315340890,2026-08-04 01:15:00,BUY,IN,0.01,1.6444800000000002,0.0,0.0,-0.01,EURAUD.p,E25/TP5
235421127,315341036,2026-08-04 01:15:00,BUY,IN,0.01,1.47594,0.0,0.0,-0.01,EURSGD.p,E25/TP5
235421128,315341039,2026-08-04 01:15:00,BUY,IN,0.01,0.75275,0.0,0.0,-0.01,NZDSGD.p,E25/TP5
235445291,315377625,2026-08-04 02:46:23,SELL,OUT,0.01,194.536,-27.67,-0.11,-0.01,CHFJPY.p,[tp 194.536]
235445293,315377626,2026-08-04 02:46:23,SELL,OUT,0.01,194.536,-15.31,-0.11,-0.01,CHFJPY.p,[tp 194.536]
235445295,315377627,2026-08-04 02:46:23,SELL,OUT,0.02,194.536,11.81,-0.11,-0.02,CHFJPY.p,[tp 194.536]
235445297,315377628,2026-08-04 02:46:23,SELL,OUT,0.04,194.536,34.3,-0.22,-0.04,CHFJPY.p,[tp 194.536]
235450114,315384351,2026-08-04 03:00:00,SELL,IN,0.01,194.397,0.0,0.0,-0.01,CHFJPY.p,E25/TP5
235460672,315397046,2026-08-04 03:04:13,BUY,OUT,0.01,0.80994,0.67,-0.16,-0.01,USDCHF.p,[tp 0.80994]
235460887,315397401,2026-08-04 03:04:34,SELL,OUT,0.01,1.47649,0.43,0.0,-0.01,EURSGD.p,[tp 1.47649]
235470736,315410386,2026-08-04 03:11:54,BUY,OUT,0.01,1.9176199999999999,0.41,-0.01,-0.01,GBPAUD.p,[tp 1.91762]
235495507,315444220,2026-08-04 03:45:00,SELL,IN,0.01,1.47618,0.0,0.0,-0.01,EURSGD.p,E25/TP5
235505317,315457289,2026-08-04 03:56:36,BUY,OUT,0.01,194.338,0.37,0.0,-0.01,CHFJPY.p,[tp 194.338]
235512065,315466620,2026-08-04 04:00:00,SELL,IN,0.01,194.39,0.0,0.0,-0.01,CHFJPY.p,E25/TP5
235561099,315529578,2026-08-04 04:31:33,SELL,OUT,0.01,0.98369,0.39,0.03,-0.01,AUDCAD.p,[tp 0.98369]
235566153,315536336,2026-08-04 04:35:39,BUY,IN,0.01,1.91647,0.0,0.0,-0.01,GBPAUD.p,E25/TP5
235574715,315547865,2026-08-04 04:41:40,SELL,OUT,0.01,0.89869,0.41,0.02,-0.01,AUDSGD.p,[tp 0.89869]
235612217,315602390,2026-08-04 05:31:38,SELL,IN,0.01,0.89969,0.0,0.0,-0.01,AUDSGD.p,E25/TP5
235633248,315631131,2026-08-04 05:59:21,SELL,OUT,0.01,1.19596,-4.36,0.13,-0.01,AUDNZD.p,[tp 1.19596]
235633250,315631132,2026-08-04 05:59:21,SELL,OUT,0.01,1.19596,0.49,0.07,-0.01,AUDNZD.p,[tp 1.19596]
235633252,315631133,2026-08-04 05:59:21,SELL,OUT,0.02,1.19596,5.09,0.05,-0.02,AUDNZD.p,[tp 1.19596]
235633472,315631549,2026-08-04 06:00:00,SELL,IN,0.01,0.98539,0.0,0.0,-0.01,AUDCAD.p,E25/TP5
235662238,315675451,2026-08-04 07:00:00,SELL,IN,0.01,1.19629,0.0,0.0,-0.01,AUDNZD.p,E25/TP5
235753788,315813238,2026-08-04 09:24:47,SELL,IN,0.01,1.6180400000000001,0.0,0.0,-0.01,EURCAD.p,E25/TP5
235759843,315822505,2026-08-04 09:33:37,SELL,OUT,0.01,1.7237,0.44,0.03,-0.01,GBPSGD.p,[tp 1.72370]
235760821,315824009,2026-08-04 09:35:22,SELL,OUT,0.01,1.28351,-3.6,0.04,-0.01,USDSGD.p,[tp 1.28351]
235760823,315824010,2026-08-04 09:35:22,SELL,OUT,0.01,1.28351,0.17,0.04,-0.01,USDSGD.p,[tp 1.28351]
235760825,315824011,2026-08-04 09:35:22,SELL,OUT,0.02,1.28351,5.13,0.04,-0.02,USDSGD.p,[tp 1.28351]
235763771,315828305,2026-08-04 09:40:30,SELL,IN,0.01,1.40595,0.0,0.0,-0.01,USDCAD.p,E25/TP5
235770288,315836199,2026-08-04 09:46:14,BUY,OUT,0.01,1.19576,0.31,0.0,-0.01,AUDNZD.p,[tp 1.19576]
235772985,315841132,2026-08-04 09:52:59,SELL,IN,0.01,1.19558,0.0,0.0,-0.01,AUDNZD.p,E25/TP5
235784332,315858128,2026-08-04 10:08:26,SELL,OUT,0.01,0.75328,0.41,0.0,-0.01,NZDSGD.p,[tp 0.75328]
235794349,315872608,2026-08-04 10:24:00,SELL,OUT,0.01,1.15153,0.54,-0.06,-0.01,EURUSD.p,[tp 1.15153]
235806499,315888877,2026-08-04 10:39:09,SELL,IN,0.01,0.47546,0.0,0.0,-0.01,NZDCHF.p,E25/TP5
235806515,315888895,2026-08-04 10:39:12,SELL,IN,0.01,0.56862,0.0,0.0,-0.01,AUDCHF.p,E25/TP5
235809767,315893891,2026-08-04 10:45:09,BUY,IN,0.01,0.81033,0.0,0.0,-0.01,USDCHF.p,E25/TP5
235809768,315893892,2026-08-04 10:45:09,SELL,IN,0.01,1.15095,0.0,0.0,-0.01,EURUSD.p,E25/TP5
235809773,315893898,2026-08-04 10:45:09,BUY,IN,0.01,0.57661,0.0,0.0,-0.01,CADCHF.p,E25/TP5
235809779,315893905,2026-08-04 10:45:10,SELL,IN,0.01,0.70175,0.0,0.0,-0.01,AUDUSD.p,E25/TP5
235814350,315900607,2026-08-04 10:53:08,BUY,OUT,0.01,1.405,0.68,0.0,-0.01,USDCAD.p,[tp 1.40500]
235817290,315905372,2026-08-04 11:00:00,SELL,IN,0.01,1.28355,0.0,0.0,-0.01,USDSGD.p,E25/TP5
235836194,315929627,2026-08-04 11:15:01,SELL,IN,0.01,1.72425,0.0,0.0,-0.01,GBPSGD.p,E25/TP5
235904420,316019250,2026-08-04 12:45:00,SELL,IN,0.01,0.7538,0.0,0.0,-0.01,NZDSGD.p,E25/TP5
236439573,316733610,2026-08-04 20:33:24,SELL,IN,0.01,0.93333,0.0,0.0,-0.01,EURCHF.p,E25/TP5
236445410,316742450,2026-08-04 20:45:00,SELL,IN,0.01,1.40723,0.0,0.0,-0.01,USDCAD.p,E25/TP5
236466974,316774024,2026-08-04 21:16:27,SELL,OUT,0.01,181.711,0.34,0.01,-0.01,EURJPY.p,[tp 181.711]
236494499,316810821,2026-08-04 21:57:10,BUY,OUT,0.01,1.28194,1.26,0.0,-0.01,USDSGD.p,[tp 1.28194]
236507950,316828999,2026-08-04 22:15:00,BUY,IN,0.01,1.28205,0.0,0.0,-0.01,USDSGD.p,E25/TP5
236516997,316842587,2026-08-04 22:30:00,BUY,IN,0.01,1.9085999999999999,0.0,0.0,-0.01,GBPAUD.p,E25/TP5
236536918,316871218,2026-08-04 23:15:00,SELL,IN,0.01,0.90345,0.0,0.0,-0.01,AUDSGD.p,E25/TP5
236551541,316893603,2026-08-05 00:28:15,BUY,OUT,0.01,1.19504,0.32,-0.06,-0.01,AUDNZD.p,[tp 1.19504]
236552707,316894803,2026-08-05 01:00:00,BUY,IN,0.01,2.28339,0.0,0.0,-0.01,GBPNZD.p,E25/TP5
236555853,316900055,2026-08-05 01:15:00,BUY,IN,0.01,1.19557,0.0,0.0,-0.01,AUDNZD.p,E25/TP5
236568533,316918011,2026-08-05 01:45:00,SELL,IN,0.01,181.902,0.0,0.0,-0.01,EURJPY.p,E25/TP5
236602204,316965595,2026-08-05 02:36:41,BUY,OUT,0.01,0.75328,0.41,-0.06,-0.01,NZDSGD.p,[tp 0.75328]
236607216,316972746,2026-08-05 02:54:13,SELL,OUT,0.01,2.29041,0.33,0.02,-0.01,GBPNZD.p,[tp 2.29041]
236609518,316976345,2026-08-05 03:00:09,BUY,IN,0.01,0.75327,0.0,0.0,-0.01,NZDSGD.p,E25/TP5
236618053,316989786,2026-08-05 03:18:59,BUY,OUT,0.01,1.4064,0.59,-0.05,-0.01,USDCAD.p,[tp 1.40640]
236662263,317057759,2026-08-05 04:19:45,BUY,OUT,0.01,181.655,1.5699999999999998,0.0,-0.01,EURJPY.p,[tp 181.655]
236664080,317060068,2026-08-05 04:22:53,SELL,OUT,0.01,2.28893,3.25,0.0,-0.01,GBPNZD.p,[tp 2.28893]
236664081,317060069,2026-08-05 04:22:53,SELL,OUT,0.01,1.19894,1.98,0.0,-0.01,AUDNZD.p,[tp 1.19894]
236664102,317060094,2026-08-05 04:22:55,SELL,IN,0.01,1.19896,0.0,0.0,-0.01,AUDNZD.p,E25/TP5
236667649,317064758,2026-08-05 04:28:44,SELL,IN,0.01,2.2891,0.0,0.0,-0.01,GBPNZD.p,E25/TP5
236678197,317078745,2026-08-05 04:39:26,BUY,OUT,0.01,0.47493,0.65,-0.07,-0.01,NZDCHF.p,[tp 0.47493]
236681597,317083511,2026-08-05 04:43:32,BUY,IN,0.01,181.746,0.0,0.0,-0.01,EURJPY.p,E25/TP5
236684164,317086904,2026-08-05 04:46:22,BUY,OUT,0.01,1.72375,0.39,-0.18,-0.01,GBPSGD.p,[tp 1.72375]
236761890,317197773,2026-08-05 06:04:02,BUY,IN,0.01,211.836,0.0,0.0,-0.01,GBPJPY.p,E25/TP5
236805725,317266318,2026-08-05 07:45:46,SELL,OUT,0.01,181.801,0.35,0.0,-0.01,EURJPY.p,[tp 181.801]
236805729,317266321,2026-08-05 07:45:48,BUY,IN,0.01,181.804,0.0,0.0,-0.01,EURJPY.p,E25/TP5
236865161,317349779,2026-08-05 08:51:23,SELL,OUT,0.01,181.876,0.46,0.0,-0.01,EURJPY.p,[tp 181.876]
236939956,317457680,2026-08-05 10:14:23,SELL,IN,0.01,1.8938899999999999,0.0,0.0,-0.01,GBPCAD.p,E25/TP5
236939957,317457681,2026-08-05 10:14:23,SELL,IN,0.01,1.62363,0.0,0.0,-0.01,EURCAD.p,E25/TP5
236965952,317497002,2026-08-05 10:55:51,SELL,IN,0.01,181.956,0.0,0.0,-0.01,EURJPY.p,E25/TP5
236972753,317506587,2026-08-05 11:04:01,SELL,OUT,0.01,111.184,-8.41,0.06,-0.01,AUDJPY.p,[tp 111.184]
236972754,317506588,2026-08-05 11:04:01,SELL,OUT,0.01,111.184,-2.68,0.06,-0.01,AUDJPY.p,[tp 111.184]
236972755,317506589,2026-08-05 11:04:01,SELL,OUT,0.02,111.184,12.48,0.06,-0.02,AUDJPY.p,[tp 111.184]
236980369,317517161,2026-08-05 11:16:25,SELL,IN,0.01,2.2948399999999998,0.0,0.0,-0.01,GBPNZD.p,E25/TP5
237019471,317574919,2026-08-05 12:13:09,SELL,IN,0.01,1.726,0.0,0.0,-0.01,GBPSGD.p,E25/TP5
237249693,317955398,2026-08-05 16:36:26,BUY,OUT,0.01,181.902,0.34,0.0,-0.01,EURJPY.p,[tp 181.902]
237249709,317955431,2026-08-05 16:36:27,SELL,IN,0.01,181.898,0.0,0.0,-0.01,EURJPY.p,E25/TP5
237267395,317983480,2026-08-05 16:48:08,BUY,OUT,0.01,1.72546,0.42,0.0,-0.01,GBPSGD.p,[tp 1.72546]
237319889,318064347,2026-08-05 17:15:52,SELL,IN,0.01,1.72656,0.0,0.0,-0.01,GBPSGD.p,E25/TP5
237358471,318136826,2026-08-05 17:40:05,SELL,IN,0.01,1.47952,0.0,0.0,-0.01,EURSGD.p,E25/TP5
237468746,318375120,2026-08-05 19:21:30,BUY,IN,0.01,1.40164,0.0,0.0,-0.01,USDCAD.p,E25/TP5
237490127,318435696,2026-08-05 19:55:00,BUY,OUT,0.01,2.28959,-0.29,0.0,-0.01,GBPNZD.p,[tp 2.28959]
237490128,318435697,2026-08-05 19:55:00,BUY,OUT,0.01,2.28959,3.09,0.0,-0.01,GBPNZD.p,[tp 2.28959]
237490168,318435790,2026-08-05 19:55:03,BUY,IN,0.01,2.28949,0.0,0.0,-0.01,GBPNZD.p,E25/TP5
237498721,318456270,2026-08-05 20:08:00,BUY,OUT,0.01,1.7248299999999999,1.35,0.0,-0.01,GBPSGD.p,[tp 1.72483]
237507897,318477713,2026-08-05 20:25:55,SELL,OUT,0.01,0.75386,0.46,0.0,-0.01,NZDSGD.p,[tp 0.75386]
237512669,318486610,2026-08-05 20:30:15,BUY,IN,0.01,1.72567,0.0,0.0,-0.01,GBPSGD.p,E25/TP5
237523378,318507620,2026-08-05 20:45:00,SELL,IN,0.01,195.382,0.0,0.0,-0.01,CHFJPY.p,E25/TP5
237566712,318591707,2026-08-05 22:07:25,BUY,OUT,0.01,1.19843,0.31,0.0,-0.01,AUDNZD.p,[tp 1.19843]
237609973,318689535,2026-08-06 01:15:00,BUY,IN,0.01,1.19935,0.0,0.0,-0.01,AUDNZD.p,E25/TP5
237663859,318801446,2026-08-06 03:04:04,BUY,OUT,0.01,1.08646,-2.17,-1.45,-0.01,GBPCHF.p,[tp 1.08646]
237663860,318801447,2026-08-06 03:04:04,BUY,OUT,0.01,1.08646,3.43,-1.45,-0.01,GBPCHF.p,[tp 1.08646]
237707139,318887882,2026-08-06 03:41:05,SELL,OUT,0.01,1.19988,0.31,0.0,-0.01,AUDNZD.p,[tp 1.19988]
237749940,318968742,2026-08-06 04:11:38,SELL,OUT,0.01,2.29006,0.34,0.02,-0.01,GBPNZD.p,[tp 2.29006]
237772672,319011897,2026-08-06 04:28:18,SELL,IN,0.01,2.28827,0.0,0.0,-0.01,GBPNZD.p,E25/TP5
237772677,319011909,2026-08-06 04:28:18,SELL,IN,0.01,1.19874,0.0,0.0,-0.01,AUDNZD.p,E25/TP5
237821833,319112568,2026-08-06 05:15:00,BUY,IN,0.01,1.0862,0.0,0.0,-0.01,GBPCHF.p,E25/TP5
237827665,319127227,2026-08-06 05:28:39,BUY,OUT,0.01,2.28575,1.48,0.0,-0.01,GBPNZD.p,[tp 2.28575]
237847991,319174697,2026-08-06 06:00:03,BUY,IN,0.01,2.28646,0.0,0.0,-0.01,GBPNZD.p,E25/TP5
237851718,319183008,2026-08-06 06:08:40,BUY,OUT,0.01,1.19757,0.69,0.0,-0.01,AUDNZD.p,[tp 1.19757]
237851741,319183069,2026-08-06 06:08:43,BUY,IN,0.01,1.19758,0.0,0.0,-0.01,AUDNZD.p,E25/TP5
237882159,319260128,2026-08-06 07:14:52,SELL,OUT,0.01,2.28779,0.78,0.0,-0.01,GBPNZD.p,[tp 2.28779]
237897476,319293794,2026-08-06 07:44:47,SELL,OUT,0.01,1.19811,0.31,0.0,-0.01,AUDNZD.p,[tp 1.19811]
237897504,319293844,2026-08-06 07:44:51,BUY,IN,0.01,1.19811,0.0,0.0,-0.01,AUDNZD.p,E25/TP5
237898254,319296229,2026-08-06 07:48:32,SELL,OUT,0.01,1.08672,0.64,0.0,-0.01,GBPCHF.p,[tp 1.08672]
237932157,319368079,2026-08-06 08:45:03,SELL,IN,0.01,2.28921,0.0,0.0,-0.01,GBPNZD.p,E25/TP5
237957359,319418287,2026-08-06 09:27:12,SELL,OUT,0.01,1.19865,0.32,0.0,-0.01,AUDNZD.p,[tp 1.19865]
238001949,319496209,2026-08-06 10:45:38,SELL,OUT,0.01,0.57713,0.64,0.08,-0.01,CADCHF.p,[tp 0.57713]
238021989,319531176,2026-08-06 11:13:07,SELL,OUT,0.01,1.72622,0.43,0.09,-0.01,GBPSGD.p,[tp 1.72622]
238088645,319641992,2026-08-06 12:41:45,BUY,OUT,0.01,1.88496,-5.46,-0.76,-0.01,GBPCAD.p,[tp 1.88496]
238088646,319641993,2026-08-06 12:41:45,BUY,OUT,0.02,1.88496,0.69,-1.53,-0.02,GBPCAD.p,[tp 1.88496]
238088647,319641994,2026-08-06 12:41:45,BUY,OUT,0.01,1.88496,6.37,-0.34,-0.01,GBPCAD.p,[tp 1.88496]
238214114,319866645,2026-08-06 15:40:51,SELL,OUT,0.01,1.91311,-2.37,-0.33,-0.01,GBPAUD.p,[tp 1.91311]
238214115,319866646,2026-08-06 15:40:51,SELL,OUT,0.01,1.91311,3.18,-0.33,-0.01,GBPAUD.p,[tp 1.91311]
238343807,320070848,2026-08-06 17:09:40,SELL,OUT,0.01,1.2826,0.43,0.08,-0.01,USDSGD.p,[tp 1.28260]
238352885,320084619,2026-08-06 17:14:52,SELL,OUT,0.01,1.40217,0.38,0.05,-0.01,USDCAD.p,[tp 1.40217]
239203982,321665486,2026-08-07 15:24:31,BUY,IN,0.01,0.57901,0.0,0.0,-0.01,CADCHF.p,E25/TP5
239203987,321665492,2026-08-07 15:24:32,BUY,IN,0.01,0.47588,0.0,0.0,-0.01,NZDCHF.p,E25/TP5
239222054,321686421,2026-08-07 15:30:09,BUY,IN,0.01,1.91039,0.0,0.0,-0.01,GBPAUD.p,E25/TP5
239222567,321686936,2026-08-07 15:30:10,BUY,IN,0.01,1.08931,0.0,0.0,-0.01,GBPCHF.p,E25/TP5
239297851,321801466,2026-08-07 16:03:18,BUY,IN,0.01,1.88256,0.0,0.0,-0.01,GBPCAD.p,E25/TP5
239297864,321801486,2026-08-07 16:03:19,BUY,IN,0.01,0.75334,0.0,0.0,-0.01,NZDSGD.p,E25/TP5
239297865,321801487,2026-08-07 16:03:19,BUY,IN,0.01,1.7245599999999999,0.0,0.0,-0.01,GBPSGD.p,E25/TP5
239297894,321801552,2026-08-07 16:03:20,SELL,IN,0.01,1.19864,0.0,0.0,-0.01,AUDNZD.p,E25/TP5
239321935,321846200,2026-08-07 16:21:23,BUY,OUT,0.01,0.85711,-5.14,0.16,-0.01,EURGBP.p,
239321936,321846201,2026-08-07 16:21:23,SELL,OUT,0.01,157.38,-41.24,0.47,-0.01,USDJPY.p,
239321937,321846202,2026-08-07 16:21:23,BUY,OUT,0.01,1.61365,-4.57,-0.24,-0.01,EURCAD.p,
239321938,321846203,2026-08-07 16:21:23,BUY,OUT,0.01,1.34969,-16.69,-0.11,-0.01,GBPUSD.p,
239321939,321846204,2026-08-07 16:21:23,SELL,OUT,0.01,157.38,-39.55,0.47,-0.01,USDJPY.p,
239321940,321846205,2026-08-07 16:21:23,BUY,OUT,0.01,0.58927,-9.44,0.09,-0.01,NZDUSD.p,
239321941,321846206,2026-08-07 16:21:23,BUY,OUT,0.01,0.82203,-4.95,-0.17,-0.01,NZDCAD.p,
239321942,321846207,2026-08-07 16:21:23,SELL,OUT,0.01,123.167,-20.92,-0.19,-0.01,SGDJPY.p,
239321943,321846208,2026-08-07 16:21:23,SELL,OUT,0.01,112.831,-19.84,0.08,-0.01,CADJPY.p,
239321948,321846217,2026-08-07 16:21:23,SELL,OUT,0.02,157.381,-26.11,0.67,-0.02,USDJPY.p,
239321949,321846218,2026-08-07 16:21:23,BUY,OUT,0.01,0.82203,-0.21,-0.17,-0.01,NZDCAD.p,
239321950,321846219,2026-08-07 16:21:23,SELL,OUT,0.01,112.83,-5.85,0.08,-0.01,CADJPY.p,
239321951,321846220,2026-08-07 16:21:23,SELL,OUT,0.01,123.167,-6.77,-0.19,-0.01,SGDJPY.p,
239321952,321846221,2026-08-07 16:21:23,BUY,OUT,0.01,0.58927,-2.89,0.09,-0.01,NZDUSD.p,
239321953,321846222,2026-08-07 16:21:23,BUY,OUT,0.01,1.34969,-2.77,-0.08,-0.01,GBPUSD.p,
239321954,321846223,2026-08-07 16:21:23,BUY,OUT,0.01,0.93407,-6.91,-0.91,-0.01,EURCHF.p,
239321955,321846224,2026-08-07 16:21:23,SELL,OUT,0.01,212.407,-17.0,0.22,-0.01,GBPJPY.p,
239321956,321846225,2026-08-07 16:21:23,SELL,OUT,0.01,92.741,-7.71,0.01,-0.01,NZDJPY.p,
239321957,321846226,2026-08-07 16:21:23,SELL,OUT,0.02,123.168,-3.46,-0.33,-0.02,SGDJPY.p,
239321958,321846227,2026-08-07 16:21:23,SELL,OUT,0.02,112.83,-1.16,0.13,-0.02,CADJPY.p,
239321959,321846228,2026-08-07 16:21:23,SELL,OUT,0.04,157.381,9.51,1.01,-0.04,USDJPY.p,
239321960,321846229,2026-08-07 16:21:23,SELL,OUT,0.04,112.83,18.6,0.23,-0.04,CADJPY.p,
239321961,321846230,2026-08-07 16:21:23,SELL,OUT,0.04,123.168,14.51,-0.65,-0.04,SGDJPY.p,
239321962,321846231,2026-08-07 16:21:23,SELL,OUT,0.01,212.407,8.36,0.19,-0.01,GBPJPY.p,
239321963,321846232,2026-08-07 16:21:23,SELL,OUT,0.01,1.63742,-4.99,-0.55,-0.01,EURAUD.p,
239321964,321846233,2026-08-07 16:21:23,BUY,OUT,0.01,1.4782,-1.58,-0.5,-0.01,EURSGD.p,
239321965,321846234,2026-08-07 16:21:23,BUY,OUT,0.01,194.937,-3.48,0.04,-0.01,CHFJPY.p,
239321966,321846235,2026-08-07 16:21:23,BUY,OUT,0.01,0.90271,-2.36,-0.54,-0.01,AUDSGD.p,
239321967,321846236,2026-08-07 16:21:23,BUY,OUT,0.01,0.98548,-0.06,-0.35,-0.01,AUDCAD.p,
239321968,321846237,2026-08-07 16:21:23,BUY,OUT,0.01,1.61365,3.15,-0.11,-0.01,EURCAD.p,
239321969,321846238,2026-08-07 16:21:23,BUY,OUT,0.01,0.57045,-2.27,-0.64,-0.01,AUDCHF.p,
239321970,321846239,2026-08-07 16:21:23,SELL,OUT,0.01,0.80744,-3.58,0.31,-0.01,USDCHF.p,
239321971,321846240,2026-08-07 16:21:23,BUY,OUT,0.01,1.1568100000000001,-5.86,0.14,-0.01,EURUSD.p,
239321972,321846241,2026-08-07 16:21:23,BUY,OUT,0.01,0.70649,-4.74,-0.1,-0.01,AUDUSD.p,
239321973,321846242,2026-08-07 16:21:23,BUY,OUT,0.01,0.93407,-0.92,-0.65,-0.01,EURCHF.p,
239321974,321846243,2026-08-07 16:21:23,BUY,OUT,0.01,0.90271,0.58,-0.54,-0.01,AUDSGD.p,
239321975,321846244,2026-08-07 16:21:23,SELL,OUT,0.01,212.407,3.63,0.13,-0.01,GBPJPY.p,
239321976,321846245,2026-08-07 16:21:23,BUY,OUT,0.01,1.61365,7.15,-0.09,-0.01,EURCAD.p,
239321977,321846246,2026-08-07 16:21:23,BUY,OUT,0.01,182.066,-1.07,-0.24,-0.01,EURJPY.p,
239321978,321846247,2026-08-07 16:21:23,BUY,OUT,0.01,1.4782,1.03,-0.4,-0.01,EURSGD.p,
239321979,321846248,2026-08-07 16:21:23,BUY,OUT,0.01,194.937,2.83,0.03,-0.01,CHFJPY.p,
239321980,321846249,2026-08-07 16:21:23,BUY,OUT,0.01,2.29045,-0.73,-0.09,-0.01,GBPNZD.p,
239321981,321846250,2026-08-07 16:21:23,SELL,OUT,0.01,0.57886,-0.19,0.0,-0.01,CADCHF.p,
239321982,321846251,2026-08-07 16:21:23,SELL,OUT,0.01,0.4758,-0.1,0.0,-0.01,NZDCHF.p,
239321983,321846252,2026-08-07 16:21:23,SELL,OUT,0.01,1.91038,-0.01,0.0,-0.01,GBPAUD.p,
239321984,321846253,2026-08-07 16:21:23,SELL,OUT,0.01,1.08981,0.62,0.0,-0.01,GBPCHF.p,
239321985,321846254,2026-08-07 16:21:23,SELL,OUT,0.01,1.88265,0.06,0.0,-0.01,GBPCAD.p,
239321986,321846255,2026-08-07 16:21:23,SELL,OUT,0.01,0.75297,-0.29,0.0,-0.01,NZDSGD.p,
239321987,321846256,2026-08-07 16:21:23,SELL,OUT,0.01,1.72455,-0.01,0.0,-0.01,GBPSGD.p,
239321988,321846257,2026-08-07 16:21:23,BUY,OUT,0.01,1.19891,-0.16,0.0,-0.01,AUDNZD.p,
240532849,0,2026-08-10 17:58:13,2,IN,0.0,0.0,-138.96,0.0,0.0,,reset balance to 100000
240560342,324001321,2026-08-10 18:30:00,SELL,IN,0.01,158.907,0.0,0.0,-0.01,USDJPY.p,E25/T4
240560343,324001322,2026-08-10 18:30:00,SELL,IN,0.01,1.88434,0.0,0.0,-0.01,GBPCAD.p,E25/T4
240560345,324001324,2026-08-10 18:30:00,SELL,IN,0.01,114.035,0.0,0.0,-0.01,CADJPY.p,E25/T4
240560389,324001375,2026-08-10 18:30:00,SELL,IN,0.01,214.87,0.0,0.0,-0.01,GBPJPY.p,E25/T4
240560391,324001376,2026-08-10 18:30:00,SELL,IN,0.01,112.255,0.0,0.0,-0.01,AUDJPY.p,E25/T4
240560393,324001377,2026-08-10 18:30:00,SELL,IN,0.01,196.403,0.0,0.0,-0.01,CHFJPY.p,E25/T4
240560395,324001379,2026-08-10 18:30:00,SELL,IN,0.01,2.29533,0.0,0.0,-0.01,GBPNZD.p,E25/T4
240560396,324001380,2026-08-10 18:30:00,SELL,IN,0.01,124.163,0.0,0.0,-0.01,SGDJPY.p,E25/T4
240560397,324001383,2026-08-10 18:30:00,SELL,IN,0.01,183.527,0.0,0.0,-0.01,EURJPY.p,E25/T4
240584132,324034332,2026-08-10 19:00:00,SELL,IN,0.01,1.73117,0.0,0.0,-0.01,GBPSGD.p,E25/T4
240584134,324034334,2026-08-10 19:00:00,BUY,IN,0.01,1.60894,0.0,0.0,-0.01,EURCAD.p,E25/T4
240584137,324034338,2026-08-10 19:00:00,SELL,IN,0.01,93.586,0.0,0.0,-0.01,NZDJPY.p,E25/T4
240584248,324034509,2026-08-10 19:00:00,SELL,IN,0.01,1.09419,0.0,0.0,-0.01,GBPCHF.p,E25/T4
240584250,324034511,2026-08-10 19:00:00,SELL,IN,0.01,1.9144,0.0,0.0,-0.01,GBPAUD.p,E25/T4
240599333,324056376,2026-08-10 19:15:00,SELL,IN,0.01,1.3523800000000001,0.0,0.0,-0.01,GBPUSD.p,E25/T4
240599362,324056433,2026-08-10 19:15:00,BUY,IN,0.01,1.3931,0.0,0.0,-0.01,USDCAD.p,E25/T4
240633429,324109825,2026-08-10 20:08:54,SELL,OUT,0.01,1.60938,0.32,0.0,-0.01,EURCAD.p,[tp 1.60938]
240633432,324109833,2026-08-10 20:08:55,BUY,IN,0.01,1.60941,0.0,0.0,-0.01,EURCAD.p,E25/T4
240659667,324145353,2026-08-10 20:46:00,BUY,OUT,0.01,1.88344,0.65,0.0,-0.01,GBPCAD.p,[tp 1.88344]
240700931,324211422,2026-08-10 21:51:53,BUY,OUT,0.01,1.35077,1.6099999999999999,0.0,-0.01,GBPUSD.p,[tp 1.35077]
240700954,324211472,2026-08-10 21:51:54,BUY,IN,0.01,1.3508,0.0,0.0,-0.01,GBPUSD.p,E25/T4
240703285,324214663,2026-08-10 21:55:22,SELL,OUT,0.01,1.39428,0.85,0.0,-0.01,USDCAD.p,[tp 1.39428]
240703291,324214684,2026-08-10 21:55:23,SELL,IN,0.01,1.39432,0.0,0.0,-0.01,USDCAD.p,E25/T4
240708093,324222552,2026-08-10 22:10:22,SELL,IN,0.01,159.258,0.0,0.0,-0.01,USDJPY.p,E25/T4
240723633,324246502,2026-08-10 22:32:34,SELL,IN,0.01,183.878,0.0,0.0,-0.01,EURJPY.p,E25/T4
240748493,324290551,2026-08-10 23:30:05,BUY,OUT,0.01,1.72987,1.01,0.0,-0.01,GBPSGD.p,[tp 1.72987]
240748497,324290559,2026-08-10 23:30:05,SELL,IN,0.01,1.72974,0.0,0.0,-0.01,GBPSGD.p,E25/T4
240758743,324311372,2026-08-11 01:15:00,BUY,IN,0.01,1.28052,0.0,0.0,-0.01,USDSGD.p,E25/T4
240758745,324311381,2026-08-11 01:15:00,BUY,IN,0.01,1.1993800000000001,0.0,0.0,-0.01,AUDNZD.p,E25/T4
240758767,324311480,2026-08-11 01:15:00,BUY,IN,0.01,0.75328,0.0,0.0,-0.01,NZDSGD.p,E25/T4
240758768,324311482,2026-08-11 01:15:00,BUY,IN,0.01,1.47811,0.0,0.0,-0.01,EURSGD.p,E25/T4
240758769,324311483,2026-08-11 01:15:00,BUY,IN,0.01,0.90343,0.0,0.0,-0.01,AUDSGD.p,E25/T4
240765230,324325469,2026-08-11 01:45:00,SELL,IN,0.01,1.9622000000000002,0.0,0.0,-0.01,EURNZD.p,E25/T4
240774844,324342849,2026-08-11 02:06:26,BUY,OUT,0.01,1.39372,0.43,-0.05,-0.01,USDCAD.p,[tp 1.39372]
240783974,324363413,2026-08-11 02:45:00,BUY,OUT,0.01,1.9617499999999999,0.26,0.0,-0.01,EURNZD.p,[tp 1.96175]
240788593,324373209,2026-08-11 02:57:49,SELL,OUT,0.01,0.7537,0.33,0.0,-0.01,NZDSGD.p,[tp 0.75370]
240791767,324377919,2026-08-11 03:00:49,BUY,OUT,0.01,2.29486,0.28,-0.09,-0.01,GBPNZD.p,[tp 2.29486]
240796825,324385558,2026-08-11 03:04:37,SELL,OUT,0.01,1.47854,0.34,0.0,-0.01,EURSGD.p,[tp 1.47854]
240802435,324394165,2026-08-11 03:10:35,SELL,OUT,0.01,1.35124,0.44,-0.01,-0.01,GBPUSD.p,[tp 1.35124]
240818179,324418118,2026-08-11 03:30:00,SELL,IN,0.01,1.47823,0.0,0.0,-0.01,EURSGD.p,E25/T4
240818233,324418189,2026-08-11 03:30:00,SELL,IN,0.01,0.75371,0.0,0.0,-0.01,NZDSGD.p,E25/T4
240826316,324431175,2026-08-11 03:42:33,BUY,OUT,0.01,159.034,-0.8,-0.13,-0.01,USDJPY.p,[tp 159.034]
240826317,324431177,2026-08-11 03:42:33,BUY,OUT,0.01,159.034,1.41,-0.13,-0.01,USDJPY.p,[tp 159.034]
240826319,324431178,2026-08-11 03:42:33,BUY,OUT,0.01,183.659,-0.83,-0.06,-0.01,EURJPY.p,[tp 183.659]
240826320,324431179,2026-08-11 03:42:33,BUY,OUT,0.01,183.659,1.38,-0.06,-0.01,EURJPY.p,[tp 183.659]
240826343,324431208,2026-08-11 03:42:34,BUY,IN,0.01,159.021,0.0,0.0,-0.01,USDJPY.p,E25/T4
240826668,324431693,2026-08-11 03:43:03,BUY,OUT,0.01,112.201,0.34,-0.08,-0.01,AUDJPY.p,[tp 112.201]
240826673,324431697,2026-08-11 03:43:03,BUY,OUT,0.01,196.354,0.31,0.01,-0.01,CHFJPY.p,[tp 196.354]
240826698,324431727,2026-08-11 03:43:04,BUY,IN,0.01,112.199,0.0,0.0,-0.01,AUDJPY.p,E25/T4
240826857,324431955,2026-08-11 03:43:15,BUY,OUT,0.01,214.812,0.36,-0.13,-0.01,GBPJPY.p,[tp 214.812]
240828933,324434852,2026-08-11 03:45:00,SELL,IN,0.01,183.646,0.0,0.0,-0.01,EURJPY.p,E25/T4
240828972,324434897,2026-08-11 03:45:00,SELL,IN,0.01,214.901,0.0,0.0,-0.01,GBPJPY.p,E25/T4
240840261,324452140,2026-08-11 04:00:00,BUY,IN,0.01,196.543,0.0,0.0,-0.01,CHFJPY.p,E25/T4
240868708,324491968,2026-08-11 04:13:13,BUY,OUT,0.01,1.72931,0.34,-0.14,-0.01,GBPSGD.p,[tp 1.72931]
240872666,324497445,2026-08-11 04:16:46,BUY,OUT,0.01,1.91392,0.34,-0.02,-0.01,GBPAUD.p,[tp 1.91392]
240895235,324530278,2026-08-11 04:42:00,SELL,OUT,0.01,159.119,0.62,0.0,-0.01,USDJPY.p,[tp 159.119]
240898027,324534275,2026-08-11 04:45:01,BUY,IN,0.01,159.14,0.0,0.0,-0.01,USDJPY.p,E25/T4
240905063,324544477,2026-08-11 04:50:26,SELL,OUT,0.01,112.357,0.99,0.0,-0.01,AUDJPY.p,[tp 112.357]
240917722,324564504,2026-08-11 05:03:21,BUY,OUT,0.01,1.47781,0.33,0.0,-0.01,EURSGD.p,[tp 1.47781]
240917723,324564505,2026-08-11 05:03:21,BUY,OUT,0.01,0.75329,0.33,0.0,-0.01,NZDSGD.p,[tp 0.75329]
240924956,324578257,2026-08-11 05:12:23,SELL,OUT,0.01,196.592,0.31,0.0,-0.01,CHFJPY.p,[tp 196.592]
240939373,324600744,2026-08-11 05:30:00,SELL,IN,0.01,112.386,0.0,0.0,-0.01,AUDJPY.p,E25/T4
240939374,324600745,2026-08-11 05:30:00,SELL,IN,0.01,0.75328,0.0,0.0,-0.01,NZDSGD.p,E25/T4
240939425,324600806,2026-08-11 05:30:00,SELL,IN,0.01,196.571,0.0,0.0,-0.01,CHFJPY.p,E25/T4
240940944,324603313,2026-08-11 05:31:04,SELL,OUT,0.01,159.301,1.01,0.0,-0.01,USDJPY.p,[tp 159.301]
240954626,324624542,2026-08-11 05:45:00,BUY,IN,0.01,1.4778,0.0,0.0,-0.01,EURSGD.p,E25/T4
240967205,324643479,2026-08-11 06:00:00,SELL,IN,0.01,159.264,0.0,0.0,-0.01,USDJPY.p,E25/T4
240985973,324674276,2026-08-11 06:33:00,BUY,OUT,0.01,196.472,0.62,0.0,-0.01,CHFJPY.p,[tp 196.472]
241004978,324711901,2026-08-11 07:18:47,BUY,OUT,0.01,159.171,0.58,0.0,-0.01,USDJPY.p,[tp 159.171]
241011453,324722367,2026-08-11 07:30:12,BUY,OUT,0.01,112.339,0.3,0.0,-0.01,AUDJPY.p,[tp 112.339]
241024761,324742581,2026-08-11 07:45:00,SELL,IN,0.01,0.70455,0.0,0.0,-0.01,AUDUSD.p,E25/T4
241024762,324742582,2026-08-11 07:45:00,SELL,IN,0.01,0.98145,0.0,0.0,-0.01,AUDCAD.p,E25/T4
241024800,324742633,2026-08-11 07:45:00,BUY,IN,0.01,1.91744,0.0,0.0,-0.01,GBPAUD.p,E25/T4
241024809,324742690,2026-08-11 07:45:00,BUY,IN,0.01,1.6381000000000001,0.0,0.0,-0.01,EURAUD.p,E25/T4
241028532,324748204,2026-08-11 07:50:01,BUY,IN,0.01,1.19586,0.0,0.0,-0.01,AUDNZD.p,E25/T4
241036697,324758875,2026-08-11 08:00:00,BUY,IN,0.01,112.234,0.0,0.0,-0.01,AUDJPY.p,E25/T4
241046530,324772652,2026-08-11 08:15:00,BUY,IN,0.01,2.29347,0.0,0.0,-0.01,GBPNZD.p,E25/T4
241046562,324772692,2026-08-11 08:15:00,BUY,IN,0.01,1.95936,0.0,0.0,-0.01,EURNZD.p,E25/T4
241066237,324799038,2026-08-11 08:31:13,SELL,OUT,0.01,1.9182700000000001,0.58,0.0,-0.01,GBPAUD.p,[tp 1.91827]
241087571,324831182,2026-08-11 08:45:00,SELL,IN,0.01,1.91686,0.0,0.0,-0.01,GBPAUD.p,E25/T4
241104614,324857700,2026-08-11 09:00:08,SELL,OUT,0.01,2.29524,1.04,0.0,-0.01,GBPNZD.p,[tp 2.29524]
241104619,324857717,2026-08-11 09:00:09,BUY,IN,0.01,2.29528,0.0,0.0,-0.01,GBPNZD.p,E25/T4
241117714,324879097,2026-08-11 09:15:59,SELL,OUT,0.01,1.1987,-0.4,0.0,-0.01,AUDNZD.p,[tp 1.19870]
241117715,324879098,2026-08-11 09:15:59,SELL,OUT,0.01,1.1987,1.67,0.0,-0.01,AUDNZD.p,[tp 1.19870]
241121746,324885938,2026-08-11 09:19:57,SELL,OUT,0.01,1.96097,0.95,0.0,-0.01,EURNZD.p,[tp 1.96097]
241121775,324886000,2026-08-11 09:19:58,BUY,IN,0.01,1.96102,0.0,0.0,-0.01,EURNZD.p,E25/T4
241126749,324894719,2026-08-11 09:24:56,BUY,OUT,0.01,0.75285,0.34,0.0,-0.01,NZDSGD.p,[tp 0.75285]
241139950,324915392,2026-08-11 09:35:15,BUY,OUT,0.01,1.91487,1.4,0.0,-0.01,GBPAUD.p,[tp 1.91487]
241142308,324919050,2026-08-11 09:37:10,SELL,OUT,0.01,112.301,0.42,0.0,-0.01,AUDJPY.p,[tp 112.301]
241142433,324919194,2026-08-11 09:37:11,SELL,IN,0.01,112.305,0.0,0.0,-0.01,AUDJPY.p,E25/T4
241146840,324926608,2026-08-11 09:44:27,SELL,OUT,0.01,2.29846,1.87,0.0,-0.01,GBPNZD.p,[tp 2.29846]
241148566,324929482,2026-08-11 09:46:59,BUY,OUT,0.01,93.539,0.3,-0.04,-0.01,NZDJPY.p,[tp 93.539]
241152375,324935962,2026-08-11 09:54:32,SELL,OUT,0.01,1.28097,0.35,0.0,-0.01,USDSGD.p,[tp 1.28097]
241156111,324941971,2026-08-11 10:00:00,BUY,IN,0.01,196.372,0.0,0.0,-0.01,CHFJPY.p,E25/T4
241161855,324951493,2026-08-11 10:06:48,SELL,OUT,0.01,1.96365,1.55,0.0,-0.01,EURNZD.p,[tp 1.96365]
241165784,324958646,2026-08-11 10:15:00,SELL,IN,0.01,1.96304,0.0,0.0,-0.01,EURNZD.p,E25/T4
241165806,324958679,2026-08-11 10:15:00,SELL,IN,0.01,2.29777,0.0,0.0,-0.01,GBPNZD.p,E25/T4
241165807,324958680,2026-08-11 10:15:00,BUY,IN,0.01,0.8192,0.0,0.0,-0.01,NZDCAD.p,E25/T4
241165821,324958704,2026-08-11 10:15:00,BUY,IN,0.01,93.635,0.0,0.0,-0.01,NZDJPY.p,E25/T4
241185591,324992031,2026-08-11 10:45:00,BUY,IN,0.01,1.91467,0.0,0.0,-0.01,GBPAUD.p,E25/T4
241189164,324998919,2026-08-11 10:53:19,SELL,OUT,0.01,196.447,0.47,0.0,-0.01,CHFJPY.p,[tp 196.447]
241192817,325004737,2026-08-11 11:00:00,BUY,IN,0.01,196.463,0.0,0.0,-0.01,CHFJPY.p,E25/T4
241229687,325063988,2026-08-11 12:01:06,SELL,OUT,0.01,196.513,0.31,0.0,-0.01,CHFJPY.p,[tp 196.513]
241243670,325090514,2026-08-11 12:30:00,SELL,IN,0.01,1.20098,0.0,0.0,-0.01,AUDNZD.p,E25/T4
241253390,325104385,2026-08-11 12:45:00,BUY,IN,0.01,196.367,0.0,0.0,-0.01,CHFJPY.p,E25/T4
241254964,325106680,2026-08-11 12:49:03,SELL,OUT,0.01,0.90385,0.33,0.0,-0.01,AUDSGD.p,[tp 0.90385]
241266168,325126670,2026-08-11 13:22:39,BUY,OUT,0.01,2.2973,0.28,0.0,-0.01,GBPNZD.p,[tp 2.29730]
241266275,325126839,2026-08-11 13:22:40,SELL,IN,0.01,2.29714,0.0,0.0,-0.01,GBPNZD.p,E25/T4
241267396,325128297,2026-08-11 13:23:01,BUY,OUT,0.01,1.96259,0.26,0.0,-0.01,EURNZD.p,[tp 1.96259]
241267403,325128306,2026-08-11 13:23:02,SELL,IN,0.01,1.96261,0.0,0.0,-0.01,EURNZD.p,E25/T4
241276268,325141717,2026-08-11 13:31:56,SELL,OUT,0.01,196.454,0.55,0.0,-0.01,CHFJPY.p,[tp 196.454]
241294173,325172187,2026-08-11 14:02:49,SELL,OUT,0.01,0.81966,0.33,0.0,-0.01,NZDCAD.p,[tp 0.81966]
241296922,325176063,2026-08-11 14:03:55,BUY,OUT,0.01,2.29417,1.75,0.0,-0.01,GBPNZD.p,[tp 2.29417]
241297417,325176766,2026-08-11 14:04:09,BUY,OUT,0.01,214.844,0.36,0.0,-0.01,GBPJPY.p,[tp 214.844]
241299180,325179587,2026-08-11 14:05:41,BUY,OUT,0.01,1.20055,0.25,0.0,-0.01,AUDNZD.p,[tp 1.20055]
241303030,325185951,2026-08-11 14:10:57,BUY,OUT,0.01,1.09377,0.52,-0.24,-0.01,GBPCHF.p,[tp 1.09377]
241306276,325190808,2026-08-11 14:15:00,SELL,IN,0.01,1.20075,0.0,0.0,-0.01,AUDNZD.p,E25/T4
241314949,325204280,2026-08-11 14:30:00,BUY,IN,0.01,159.189,0.0,0.0,-0.01,USDJPY.p,E25/T4
241314984,325204348,2026-08-11 14:30:00,BUY,IN,0.01,214.915,0.0,0.0,-0.01,GBPJPY.p,E25/T4
241314985,325204350,2026-08-11 14:30:00,SELL,IN,0.01,0.81925,0.0,0.0,-0.01,NZDCAD.p,E25/T4
241314992,325204362,2026-08-11 14:30:00,BUY,IN,0.01,2.29576,0.0,0.0,-0.01,GBPNZD.p,E25/T4
241347160,325252502,2026-08-11 15:15:00,BUY,IN,0.01,196.533,0.0,0.0,-0.01,CHFJPY.p,E25/T4
241367473,325283143,2026-08-11 15:30:48,BUY,OUT,0.01,1.96216,0.26,0.0,-0.01,EURNZD.p,[tp 1.96216]
241368807,325285419,2026-08-11 15:32:10,SELL,OUT,0.01,93.681,0.29,0.0,-0.01,NZDJPY.p,[tp 93.681]
241389746,325316792,2026-08-11 15:51:15,SELL,OUT,0.01,159.29,0.63,0.0,-0.01,USDJPY.p,[tp 159.290]
241389769,325316814,2026-08-11 15:51:16,SELL,OUT,0.01,215.007,0.58,0.0,-0.01,GBPJPY.p,[tp 215.007]
241389771,325316818,2026-08-11 15:51:16,SELL,IN,0.01,159.295,0.0,0.0,-0.01,USDJPY.p,E25/T4
241422307,325366757,2026-08-11 16:23:58,BUY,OUT,0.01,1.20032,0.25,0.0,-0.01,AUDNZD.p,[tp 1.20032]
241426955,325373400,2026-08-11 16:30:00,BUY,IN,0.01,214.97,0.0,0.0,-0.01,GBPJPY.p,E25/T4
241447498,325403212,2026-08-11 16:45:00,BUY,IN,0.01,1.20081,0.0,0.0,-0.01,AUDNZD.p,E25/T4
241447538,325403258,2026-08-11 16:45:00,BUY,IN,0.01,1.9613399999999999,0.0,0.0,-0.01,EURNZD.p,E25/T4
241447666,325403482,2026-08-11 16:45:03,BUY,OUT,0.01,159.209,0.54,0.0,-0.01,USDJPY.p,[tp 159.209]
241490347,325464195,2026-08-11 17:17:01,SELL,OUT,0.01,215.073,0.65,0.0,-0.01,GBPJPY.p,[tp 215.073]
241520874,325508471,2026-08-11 17:46:53,SELL,OUT,0.01,2.29623,0.28,0.0,-0.01,GBPNZD.p,[tp 2.29623]
241521362,325509315,2026-08-11 17:48:25,SELL,OUT,0.01,1.96211,0.45,0.0,-0.01,EURNZD.p,[tp 1.96211]
241521368,325509320,2026-08-11 17:48:26,BUY,IN,0.01,1.96211,0.0,0.0,-0.01,EURNZD.p,E25/T4
241568738,325576672,2026-08-11 18:34:08,BUY,OUT,0.01,0.81879,0.33,0.0,-0.01,NZDCAD.p,[tp 0.81879]
241570662,325578855,2026-08-11 18:34:31,SELL,OUT,0.01,1.96277,0.39,0.0,-0.01,EURNZD.p,[tp 1.96277]
241570712,325578931,2026-08-11 18:34:32,SELL,IN,0.01,1.9627599999999998,0.0,0.0,-0.01,EURNZD.p,E25/T4
241608481,325631779,2026-08-11 19:15:00,SELL,IN,0.01,2.29725,0.0,0.0,-0.01,GBPNZD.p,E25/T4
241620449,325650402,2026-08-11 19:39:21,BUY,OUT,0.01,1.96224,0.31,0.0,-0.01,EURNZD.p,[tp 1.96224]
241620451,325650408,2026-08-11 19:39:22,SELL,IN,0.01,1.96221,0.0,0.0,-0.01,EURNZD.p,E25/T4
241628724,325664035,2026-08-11 20:01:40,BUY,OUT,0.01,2.29579,0.86,0.0,-0.01,GBPNZD.p,[tp 2.29579]
241644601,325687858,2026-08-11 20:30:00,BUY,IN,0.01,1.8792499999999999,0.0,0.0,-0.01,GBPCAD.p,E25/T4
241644637,325687920,2026-08-11 20:30:00,BUY,IN,0.01,2.29594,0.0,0.0,-0.01,GBPNZD.p,E25/T4
241658613,325707573,2026-08-11 20:46:23,BUY,OUT,0.01,1.96176,0.26,0.0,-0.01,EURNZD.p,[tp 1.96176]
241696127,325758278,2026-08-11 21:23:04,SELL,OUT,0.01,2.29641,0.28,0.0,-0.01,GBPNZD.p,[tp 2.29641]
241701064,325764429,2026-08-11 21:30:00,BUY,IN,0.01,2.29656,0.0,0.0,-0.01,GBPNZD.p,E25/T4
241719855,325788653,2026-08-11 22:03:37,SELL,OUT,0.01,1.8797199999999998,0.34,0.0,-0.01,GBPCAD.p,[tp 1.87972]
241719857,325788658,2026-08-11 22:03:38,BUY,IN,0.01,1.8797700000000002,0.0,0.0,-0.01,GBPCAD.p,E25/T4
241748480,325830171,2026-08-11 22:55:42,SELL,OUT,0.01,1.8803800000000002,0.44,0.0,-0.01,GBPCAD.p,[tp 1.88038]
241749852,325832470,2026-08-11 22:57:58,SELL,OUT,0.01,2.29703,0.28,0.0,-0.01,GBPNZD.p,[tp 2.29703]
241753625,325840444,2026-08-11 23:15:00,SELL,IN,0.01,1.8808500000000001,0.0,0.0,-0.01,GBPCAD.p,E25/T4
241765932,325860825,2026-08-12 01:15:00,BUY,IN,0.01,0.93604,0.0,0.0,-0.01,EURCHF.p,E25/T4
241765976,325860972,2026-08-12 01:15:00,BUY,IN,0.01,1.9628299999999999,0.0,0.0,-0.01,EURNZD.p,E25/T4
241765977,325860975,2026-08-12 01:15:00,BUY,IN,0.01,2.29733,0.0,0.0,-0.01,GBPNZD.p,E25/T4
241772498,325870669,2026-08-12 01:45:00,SELL,IN,0.01,93.678,0.0,0.0,-0.01,NZDJPY.p,E25/T4
241783700,325884671,2026-08-12 02:00:00,SELL,IN,0.01,1.72896,0.0,0.0,-0.01,GBPSGD.p,E25/T4
241798090,325903756,2026-08-12 02:15:00,SELL,IN,0.01,0.75266,0.0,0.0,-0.01,NZDSGD.p,E25/T4
241802385,325910102,2026-08-12 02:21:14,SELL,OUT,0.01,1.20124,0.25,0.02,-0.01,AUDNZD.p,[tp 1.20124]
241807695,325918394,2026-08-12 02:29:41,SELL,OUT,0.01,2.2978,0.28,0.0,-0.01,GBPNZD.p,[tp 2.29780]
241811368,325923631,2026-08-12 02:41:18,SELL,OUT,0.01,1.9632800000000001,0.26,0.0,-0.01,EURNZD.p,[tp 1.96328]
241811600,325924047,2026-08-12 02:45:00,SELL,IN,0.01,2.29764,0.0,0.0,-0.01,GBPNZD.p,E25/T4
241816121,325932352,2026-08-12 03:01:10,BUY,OUT,0.01,1.8803800000000002,0.34,-0.1,-0.01,GBPCAD.p,[tp 1.88038]
241816745,325933275,2026-08-12 03:02:01,BUY,OUT,0.01,93.626,0.33,0.0,-0.01,NZDJPY.p,[tp 93.626]
241838990,325965676,2026-08-12 03:45:00,BUY,IN,0.01,93.618,0.0,0.0,-0.01,NZDJPY.p,E25/T4
241839005,325965696,2026-08-12 03:45:00,SELL,IN,0.01,1.2022599999999999,0.0,0.0,-0.01,AUDNZD.p,E25/T4
241839011,325965703,2026-08-12 03:45:00,SELL,IN,0.01,1.96375,0.0,0.0,-0.01,EURNZD.p,E25/T4
241839767,325966725,2026-08-12 03:47:54,SELL,OUT,0.01,0.93649,0.55,0.0,-0.01,EURCHF.p,[tp 0.93649]
241841026,325968330,2026-08-12 03:51:28,BUY,OUT,0.01,0.75214,0.41,0.0,-0.01,NZDSGD.p,[tp 0.75214]
241841028,325968332,2026-08-12 03:51:29,BUY,IN,0.01,0.75216,0.0,0.0,-0.01,NZDSGD.p,E25/T4
241861732,325996298,2026-08-12 04:15:00,SELL,IN,0.01,0.93641,0.0,0.0,-0.01,EURCHF.p,E25/T4
241942430,326116113,2026-08-12 06:45:00,SELL,IN,0.01,215.338,0.0,0.0,-0.01,GBPJPY.p,E25/T4
241942456,326116143,2026-08-12 06:45:00,SELL,IN,0.01,2.30198,0.0,0.0,-0.01,GBPNZD.p,E25/T4
241966924,326147435,2026-08-12 07:43:51,BUY,OUT,0.01,215.281,0.36,0.0,-0.01,GBPJPY.p,[tp 215.281]
241966935,326147450,2026-08-12 07:43:52,SELL,IN,0.01,215.263,0.0,0.0,-0.01,GBPJPY.p,E25/T4
242090663,326318817,2026-08-12 11:00:00,SELL,IN,0.01,1.96824,0.0,0.0,-0.01,EURNZD.p,E25/T4
242108307,326343027,2026-08-12 11:39:32,BUY,OUT,0.01,215.205,0.36,0.0,-0.01,GBPJPY.p,[tp 215.205]
242140249,326382998,2026-08-12 12:23:37,BUY,OUT,0.01,183.602,0.28,-0.06,-0.01,EURJPY.p,[tp 183.602]
242144797,326388188,2026-08-12 12:24:23,BUY,OUT,0.01,112.261,0.28,-0.08,-0.01,AUDJPY.p,[tp 112.261]
242144872,326388289,2026-08-12 12:24:23,BUY,OUT,0.01,113.975,0.38,-0.08,-0.01,CADJPY.p,[tp 113.975]
242144999,326388452,2026-08-12 12:24:25,BUY,OUT,0.01,124.09,0.46,-0.06,-0.01,SGDJPY.p,[tp 124.090]
242152404,326398462,2026-08-12 12:30:00,SELL,IN,0.01,214.982,0.0,0.0,-0.01,GBPJPY.p,E25/T4
242160967,326413273,2026-08-12 12:42:11,BUY,IN,0.01,93.264,0.0,0.0,-0.01,NZDJPY.p,E25/T4
242162091,326415559,2026-08-12 12:45:00,BUY,IN,0.01,159.077,0.0,0.0,-0.01,USDJPY.p,E25/T4
242162137,326415606,2026-08-12 12:45:00,SELL,IN,0.01,1.35151,0.0,0.0,-0.01,GBPUSD.p,E25/T4
242162138,326415607,2026-08-12 12:45:00,BUY,IN,0.01,1.27957,0.0,0.0,-0.01,USDSGD.p,E25/T4
242167106,326425053,2026-08-12 12:53:35,SELL,IN,0.01,1.20577,0.0,0.0,-0.01,AUDNZD.p,E25/T4
242172496,326433332,2026-08-12 13:00:00,BUY,IN,0.01,114.21,0.0,0.0,-0.01,CADJPY.p,E25/T4
242172497,326433333,2026-08-12 13:00:00,BUY,IN,0.01,183.606,0.0,0.0,-0.01,EURJPY.p,E25/T4
242172574,326433470,2026-08-12 13:00:00,SELL,IN,0.02,2.30732,0.0,0.0,-0.02,GBPNZD.p,E25/T4
242172599,326433564,2026-08-12 13:00:00,SELL,IN,0.01,1.8831,0.0,0.0,-0.01,GBPCAD.p,E25/T4
242193985,326465039,2026-08-12 13:45:00,BUY,IN,0.01,195.817,0.0,0.0,-0.01,CHFJPY.p,E25/T4
242226064,326508350,2026-08-12 14:45:02,SELL,IN,0.01,0.98497,0.0,0.0,-0.01,AUDCAD.p,E25/T4
242228367,326511480,2026-08-12 14:53:10,SELL,OUT,0.01,183.65,0.28,0.0,-0.01,EURJPY.p,[tp 183.650]
242231318,326515551,2026-08-12 15:00:00,BUY,IN,0.01,183.662,0.0,0.0,-0.01,EURJPY.p,E25/T4
242238325,326525016,2026-08-12 15:07:48,SELL,OUT,0.01,114.256,0.29,0.0,-0.01,CADJPY.p,[tp 114.256]
242238339,326525034,2026-08-12 15:07:49,BUY,IN,0.01,114.258,0.0,0.0,-0.01,CADJPY.p,E25/T4
242250991,326543105,2026-08-12 15:23:34,BUY,OUT,0.01,1.88263,0.34,0.0,-0.01,GBPCAD.p,[tp 1.88263]
242260931,326555452,2026-08-12 15:29:05,BUY,OUT,0.01,2.3031,-3.21,0.0,-0.01,GBPNZD.p,[tp 2.30310]
242260932,326555453,2026-08-12 15:29:05,BUY,OUT,0.01,2.3031,-0.66,0.0,-0.01,GBPNZD.p,[tp 2.30310]
242260933,326555454,2026-08-12 15:29:05,BUY,OUT,0.02,2.3031,4.96,0.0,-0.02,GBPNZD.p,[tp 2.30310]
242271390,326567033,2026-08-12 15:30:00,SELL,IN,0.01,1.88293,0.0,0.0,-0.01,GBPCAD.p,E25/T4
242274117,326569816,2026-08-12 15:30:03,BUY,IN,0.01,158.685,0.0,0.0,-0.01,USDJPY.p,E25/T4
242282878,326578108,2026-08-12 15:30:11,BUY,OUT,0.01,214.906,0.48,0.0,-0.01,GBPJPY.p,[tp 214.906]
242284973,326580664,2026-08-12 15:30:20,BUY,OUT,0.01,1.35099,0.52,0.0,-0.01,GBPUSD.p,[tp 1.35099]
242285036,326580722,2026-08-12 15:30:20,SELL,OUT,0.01,159.125,0.3,0.0,-0.01,USDJPY.p,[tp 159.125]
242304819,326605522,2026-08-12 15:33:16,BUY,OUT,0.01,1.96555,-1.06,0.0,-0.01,EURNZD.p,[tp 1.96555]
242304820,326605523,2026-08-12 15:33:16,BUY,OUT,0.01,1.96555,1.58,0.0,-0.01,EURNZD.p,[tp 1.96555]
242371680,326695494,2026-08-12 16:00:00,BUY,IN,0.01,124.294,0.0,0.0,-0.01,SGDJPY.p,E25/T4
242371687,326695504,2026-08-12 16:00:00,SELL,IN,0.01,0.90559,0.0,0.0,-0.01,AUDSGD.p,E25/T4
242378078,326703887,2026-08-12 16:01:03,BUY,OUT,0.01,0.93597,0.54,0.0,-0.01,EURCHF.p,[tp 0.93597]
242406721,326743215,2026-08-12 16:15:00,SELL,IN,0.02,1.15504,0.0,0.0,-0.02,EURUSD.p,/// THERANTO V3 ///
242406771,326743297,2026-08-12 16:15:00,BUY,IN,0.01,1.39203,0.0,0.0,-0.01,USDCAD.p,E25/T4
242406803,326743340,2026-08-12 16:15:00,SELL,IN,0.01,1.35262,0.0,0.0,-0.01,GBPUSD.p,E25/T4
242406813,326743355,2026-08-12 16:15:00,SELL,IN,0.01,0.58784,0.0,0.0,-0.01,NZDUSD.p,E25/T4
242406814,326743356,2026-08-12 16:15:00,BUY,IN,0.01,0.81076,0.0,0.0,-0.01,USDCHF.p,E25/T4
242429008,326773998,2026-08-12 16:30:00,BUY,IN,0.01,214.943,0.0,0.0,-0.01,GBPJPY.p,E25/T4
242450891,326802377,2026-08-12 16:38:57,BUY,OUT,0.01,1.72852,0.34,0.0,-0.01,GBPSGD.p,[tp 1.72852]
242467432,326824633,2026-08-12 16:45:00,BUY,IN,0.01,1.63052,0.0,0.0,-0.01,EURAUD.p,E25/T4
242494628,326860480,2026-08-12 16:59:38,SELL,OUT,0.01,183.706,0.28,0.0,-0.01,EURJPY.p,[tp 183.706]
242494637,326860489,2026-08-12 16:59:39,BUY,IN,0.01,183.706,0.0,0.0,-0.01,EURJPY.p,E25/T4
242495412,326861504,2026-08-12 17:00:00,BUY,IN,0.01,1.9657200000000001,0.0,0.0,-0.01,EURNZD.p,E25/T4
242497740,326864427,2026-08-12 17:00:33,SELL,OUT,0.01,114.303,0.28,0.0,-0.01,CADJPY.p,[tp 114.303]
242498827,326865916,2026-08-12 17:01:28,SELL,OUT,0.01,93.485,-0.84,0.0,-0.01,NZDJPY.p,[tp 93.485]
242498828,326865917,2026-08-12 17:01:28,SELL,OUT,0.01,93.485,1.3900000000000001,0.0,-0.01,NZDJPY.p,[tp 93.485]
242508014,326878121,2026-08-12 17:08:09,BUY,IN,0.01,2.30148,0.0,0.0,-0.01,GBPNZD.p,E25/T4
242518141,326891838,2026-08-12 17:17:19,SELL,OUT,0.01,159.154,2.95,0.0,-0.01,USDJPY.p,[tp 159.154]
242519159,326893377,2026-08-12 17:18:49,BUY,OUT,0.01,1.88098,1.4,0.0,-0.01,GBPCAD.p,[tp 1.88098]
242523052,326898625,2026-08-12 17:21:18,SELL,OUT,0.01,196.223,-1.95,-0.05,-0.01,CHFJPY.p,[tp 196.223]
242523053,326898626,2026-08-12 17:21:18,SELL,OUT,0.01,196.223,2.55,0.0,-0.01,CHFJPY.p,[tp 196.223]
242533003,326912701,2026-08-12 17:30:00,SELL,IN,0.01,114.34,0.0,0.0,-0.01,CADJPY.p,E25/T4
242533054,326912793,2026-08-12 17:30:00,SELL,IN,0.01,112.683,0.0,0.0,-0.01,AUDJPY.p,E25/T4
242536583,326917230,2026-08-12 17:31:10,BUY,OUT,0.01,0.90517,0.33,0.0,-0.01,AUDSGD.p,[tp 0.90517]
242537114,326917806,2026-08-12 17:31:11,SELL,IN,0.01,0.90524,0.0,0.0,-0.01,AUDSGD.p,E25/T4
242557665,326946265,2026-08-12 17:45:00,BUY,IN,0.01,1.8811,0.0,0.0,-0.01,GBPCAD.p,E25/T4
242557723,326946391,2026-08-12 17:45:00,SELL,IN,0.01,93.432,0.0,0.0,-0.01,NZDJPY.p,E25/T4
242570983,326964878,2026-08-12 17:52:18,BUY,OUT,0.02,1.154,2.08,0.0,-0.02,EURUSD.p,[tp 1.15400]
242570987,326964887,2026-08-12 17:52:19,SELL,IN,0.02,1.15398,0.0,0.0,-0.02,EURUSD.p,/// THERANTO V3 ///
242607274,327013472,2026-08-12 18:18:48,SELL,OUT,0.01,1.96671,0.58,0.0,-0.01,EURNZD.p,[tp 1.96671]
242608851,327015766,2026-08-12 18:20:29,SELL,OUT,0.01,183.778,0.45,0.0,-0.01,EURJPY.p,[tp 183.778]
242608862,327015777,2026-08-12 18:20:30,SELL,IN,0.01,183.779,0.0,0.0,-0.01,EURJPY.p,E25/T4
242626068,327038612,2026-08-12 18:38:52,SELL,OUT,0.01,124.49,1.23,0.0,-0.01,SGDJPY.p,[tp 124.490]
242645357,327063741,2026-08-12 19:00:00,SELL,IN,0.01,159.23,0.0,0.0,-0.01,USDJPY.p,E25/T4
242645450,327063911,2026-08-12 19:00:00,SELL,IN,0.01,124.44,0.0,0.0,-0.01,SGDJPY.p,E25/T4
242651774,327072346,2026-08-12 19:05:03,BUY,OUT,0.01,1.35071,1.9100000000000001,0.0,-0.01,GBPUSD.p,[tp 1.35071]
242651801,327072386,2026-08-12 19:05:06,BUY,IN,0.01,1.35066,0.0,0.0,-0.01,GBPUSD.p,E25/T4
242653280,327074529,2026-08-12 19:07:39,SELL,OUT,0.01,1.39265,0.45,0.0,-0.01,USDCAD.p,[tp 1.39265]
242653527,327074891,2026-08-12 19:08:14,SELL,OUT,0.01,0.81228,1.87,0.0,-0.01,USDCHF.p,[tp 0.81228]
242653548,327074915,2026-08-12 19:08:17,SELL,IN,0.01,0.81228,0.0,0.0,-0.01,USDCHF.p,E25/T4
242656656,327079310,2026-08-12 19:11:56,SELL,OUT,0.01,215.138,1.22,0.0,-0.01,GBPJPY.p,[tp 215.138]
242668185,327097144,2026-08-12 19:33:07,SELL,OUT,0.01,1.28003,0.36,0.0,-0.01,USDSGD.p,[tp 1.28003]
242668239,327097276,2026-08-12 19:33:09,BUY,OUT,0.01,0.58588,1.96,0.0,-0.01,NZDUSD.p,[tp 0.58588]
242679498,327115269,2026-08-12 19:47:17,SELL,OUT,0.01,2.30463,1.85,0.0,-0.01,GBPNZD.p,[tp 2.30463]
242683684,327120380,2026-08-12 19:50:05,BUY,OUT,0.01,183.715,0.4,0.0,-0.01,EURJPY.p,[tp 183.715]
242699087,327140887,2026-08-12 20:07:10,BUY,OUT,0.01,114.295,0.28,0.0,-0.01,CADJPY.p,[tp 114.295]
242702508,327146281,2026-08-12 20:15:00,SELL,IN,0.01,2.30403,0.0,0.0,-0.01,GBPNZD.p,E25/T4
242702548,327146338,2026-08-12 20:15:00,SELL,IN,0.01,1.968,0.0,0.0,-0.01,EURNZD.p,E25/T4
242712023,327163963,2026-08-12 20:30:00,SELL,IN,0.01,1.39447,0.0,0.0,-0.01,USDCAD.p,E25/T4
242719824,327177702,2026-08-12 20:43:59,BUY,OUT,0.02,1.15244,3.08,0.0,-0.02,EURUSD.p,[tp 1.15244]
242726285,327190816,2026-08-12 21:00:00,SELL,IN,0.01,183.769,0.0,0.0,-0.01,EURJPY.p,E25/T4
242731601,327199781,2026-08-12 21:09:31,BUY,OUT,0.01,1.9672399999999999,0.45,0.0,-0.01,EURNZD.p,[tp 1.96724]
242731605,327199793,2026-08-12 21:09:32,SELL,IN,0.01,1.96722,0.0,0.0,-0.01,EURNZD.p,E25/T4
242733846,327204734,2026-08-12 21:15:00,SELL,IN,0.01,1.28051,0.0,0.0,-0.01,USDSGD.p,E25/T4
242733876,327204803,2026-08-12 21:15:00,BUY,IN,0.02,1.15246,0.0,0.0,-0.02,EURUSD.p,/// THERANTO V3 ///
242733894,327204880,2026-08-12 21:15:02,BUY,IN,0.01,0.58579,0.0,0.0,-0.01,NZDUSD.p,E25/T4
242747935,327230141,2026-08-12 21:45:31,BUY,OUT,0.01,2.30315,0.52,0.0,-0.01,GBPNZD.p,[tp 2.30315]
242754513,327239613,2026-08-12 21:58:32,BUY,OUT,0.01,112.625,0.36,0.0,-0.01,AUDJPY.p,[tp 112.625]
242754759,327240022,2026-08-12 22:00:00,SELL,IN,0.01,112.622,0.0,0.0,-0.01,AUDJPY.p,E25/T4
242754841,327240155,2026-08-12 22:00:02,BUY,OUT,0.01,93.387,0.28,0.0,-0.01,NZDJPY.p,[tp 93.387]
242768747,327261164,2026-08-12 22:45:00,BUY,IN,0.01,2.30355,0.0,0.0,-0.01,GBPNZD.p,E25/T4
242777876,327273694,2026-08-12 23:00:43,BUY,OUT,0.01,1.39404,0.31,0.0,-0.01,USDCAD.p,[tp 1.39404]
242777879,327273697,2026-08-12 23:00:44,SELL,IN,0.01,1.39405,0.0,0.0,-0.01,USDCAD.p,E25/T4
242786438,327287604,2026-08-12 23:37:08,BUY,OUT,0.01,183.725,0.28,0.0,-0.01,EURJPY.p,[tp 183.725]
242787601,327288817,2026-08-12 23:37:26,BUY,OUT,0.01,112.577,0.28,0.0,-0.01,AUDJPY.p,[tp 112.577]
242791785,327296716,2026-08-13 00:12:49,BUY,OUT,0.01,1.96677,0.26,-0.05,-0.01,EURNZD.p,[tp 1.96677]
242791801,327296733,2026-08-13 00:15:00,BUY,IN,0.01,0.57453,0.0,0.0,-0.01,AUDCHF.p,E25/T4
242792162,327297122,2026-08-13 00:30:00,BUY,IN,0.01,0.9379,0.0,0.0,-0.01,EURCHF.p,E25/T4
242792430,327297401,2026-08-13 00:45:52,BUY,OUT,0.01,0.90416,0.84,-0.27,-0.01,AUDSGD.p,[tp 0.90416]
242796505,327302615,2026-08-13 01:08:15,BUY,OUT,0.01,1.28004,0.37,-0.32,-0.01,USDSGD.p,[tp 1.28004]
242796506,327302616,2026-08-13 01:08:16,BUY,IN,0.01,1.27996,0.0,0.0,-0.01,USDSGD.p,E25/T4
242797920,327304493,2026-08-13 01:15:00,BUY,IN,0.01,195.962,0.0,0.0,-0.01,CHFJPY.p,E25/T4
242797921,327304497,2026-08-13 01:15:00,BUY,IN,0.01,0.90405,0.0,0.0,-0.01,AUDSGD.p,E25/T4
242797922,327304498,2026-08-13 01:15:00,BUY,IN,0.01,1.72767,0.0,0.0,-0.01,GBPSGD.p,E25/T4
242797923,327304500,2026-08-13 01:15:00,BUY,IN,0.01,1.09785,0.0,0.0,-0.01,GBPCHF.p,E25/T4
242799093,327306188,2026-08-13 01:19:00,SELL,OUT,0.01,2.30408,0.31,0.02,-0.01,GBPNZD.p,[tp 2.30408]
242805779,327316905,2026-08-13 01:45:00,SELL,IN,0.01,1.96754,0.0,0.0,-0.01,EURNZD.p,E25/T4
242805780,327316906,2026-08-13 01:45:00,SELL,IN,0.01,2.30356,0.0,0.0,-0.01,GBPNZD.p,E25/T4
242826120,327359284,2026-08-13 03:00:31,SELL,OUT,0.01,1.88156,0.33,0.04,-0.01,GBPCAD.p,[tp 1.88156]
242837969,327379778,2026-08-13 03:14:59,SELL,OUT,0.01,196.011,0.31,0.0,-0.01,CHFJPY.p,[tp 196.011]
242843505,327388247,2026-08-13 03:18:24,BUY,OUT,0.01,1.96709,0.26,0.0,-0.01,EURNZD.p,[tp 1.96709]
242843708,327388766,2026-08-13 03:18:45,BUY,OUT,0.01,2.30309,0.28,0.0,-0.01,GBPNZD.p,[tp 2.30309]
242856732,327408159,2026-08-13 03:30:00,SELL,IN,0.01,195.999,0.0,0.0,-0.01,CHFJPY.p,E25/T4
242864207,327419338,2026-08-13 03:34:12,SELL,OUT,0.01,0.58622,0.43,-0.1,-0.01,NZDUSD.p,[tp 0.58622]
242933867,327534371,2026-08-13 04:38:06,BUY,OUT,0.01,195.949,0.31,0.0,-0.01,CHFJPY.p,[tp 195.949]
242966063,327584893,2026-08-13 05:20:00,SELL,OUT,0.01,1.28041,0.35,0.0,-0.01,USDSGD.p,[tp 1.28041]
242975592,327598051,2026-08-13 05:34:12,SELL,IN,0.01,2.30595,0.0,0.0,-0.01,GBPNZD.p,E25/T4
242975606,327598082,2026-08-13 05:34:12,SELL,IN,0.01,1.96962,0.0,0.0,-0.01,EURNZD.p,E25/T4
242997550,327628398,2026-08-13 06:11:25,SELL,OUT,0.01,1.6347399999999999,-2.37,-0.39,-0.01,EURAUD.p,[tp 1.63474]
242997551,327628399,2026-08-13 06:11:25,SELL,OUT,0.01,1.6347399999999999,2.9699999999999998,-0.29,-0.01,EURAUD.p,[tp 1.63474]
243004803,327638521,2026-08-13 06:32:27,SELL,OUT,0.01,1.09827,0.52,0.0,-0.01,GBPCHF.p,[tp 1.09827]
243027685,327673570,2026-08-13 07:17:56,BUY,OUT,0.01,0.98277,-0.95,-0.24,-0.01,AUDCAD.p,[tp 0.98277]
243027686,327673571,2026-08-13 07:17:56,BUY,OUT,0.01,0.98277,1.58,-0.18,-0.01,AUDCAD.p,[tp 0.98277]
243037737,327692018,2026-08-13 07:45:44,BUY,OUT,0.01,124.396,0.28,-0.08,-0.01,SGDJPY.p,[tp 124.396]
243041581,327699640,2026-08-13 08:00:00,BUY,IN,0.01,0.81319,0.0,0.0,-0.01,NZDCAD.p,E25/T4
243041636,327699741,2026-08-13 08:00:00,SELL,IN,0.01,114.206,0.0,0.0,-0.01,CADJPY.p,E25/T4
243041637,327699742,2026-08-13 08:00:00,BUY,IN,0.01,0.58316,0.0,0.0,-0.01,NZDUSD.p,E25/T4
243041662,327699766,2026-08-13 08:00:00,SELL,IN,0.01,124.397,0.0,0.0,-0.01,SGDJPY.p,E25/T4
243055361,327722273,2026-08-13 08:15:00,BUY,IN,0.01,92.944,0.0,0.0,-0.01,NZDJPY.p,E25/T4
243055362,327722274,2026-08-13 08:15:00,BUY,IN,0.01,112.333,0.0,0.0,-0.01,AUDJPY.p,E25/T4
243055393,327722340,2026-08-13 08:15:00,SELL,IN,0.01,1.63452,0.0,0.0,-0.01,EURAUD.p,E25/T4
243055485,327722482,2026-08-13 08:15:01,BUY,IN,0.01,195.747,0.0,0.0,-0.01,CHFJPY.p,E25/T4
243121313,327820938,2026-08-13 09:30:17,BUY,OUT,0.01,1.63398,0.38,0.0,-0.01,EURAUD.p,[tp 1.63398]
243133167,327836575,2026-08-13 09:39:24,SELL,OUT,0.01,195.797,0.31,0.0,-0.01,CHFJPY.p,[tp 195.797]
243136974,327843801,2026-08-13 09:45:00,BUY,IN,0.01,195.824,0.0,0.0,-0.01,CHFJPY.p,E25/T4
243145937,327858225,2026-08-13 10:00:00,SELL,IN,0.01,1.63412,0.0,0.0,-0.01,EURAUD.p,E25/T4
243146213,327858642,2026-08-13 10:00:03,SELL,OUT,0.01,0.81365,0.33,0.0,-0.01,NZDCAD.p,[tp 0.81365]
243146239,327858697,2026-08-13 10:00:05,BUY,IN,0.01,0.8137,0.0,0.0,-0.01,NZDCAD.p,E25/T4
243163129,327881254,2026-08-13 10:30:00,BUY,IN,0.01,214.927,0.0,0.0,-0.01,GBPJPY.p,E25/T4
243171287,327891868,2026-08-13 10:41:58,SELL,OUT,0.01,195.897,0.46,0.0,-0.01,CHFJPY.p,[tp 195.897]
243181417,327904724,2026-08-13 10:51:29,SELL,OUT,0.01,0.58358,0.42,0.0,-0.01,NZDUSD.p,[tp 0.58358]
243181425,327904747,2026-08-13 10:51:32,BUY,IN,0.01,0.58358,0.0,0.0,-0.01,NZDUSD.p,E25/T4
243184489,327908875,2026-08-13 10:57:36,SELL,OUT,0.01,92.988,0.28,0.0,-0.01,NZDJPY.p,[tp 92.988]
243184499,327908889,2026-08-13 10:57:39,BUY,IN,0.01,92.994,0.0,0.0,-0.01,NZDJPY.p,E25/T4
243212788,327953777,2026-08-13 11:32:41,SELL,OUT,0.01,0.81417,0.34,0.0,-0.01,NZDCAD.p,[tp 0.81417]
243224880,327977277,2026-08-13 12:00:00,SELL,IN,0.01,196.094,0.0,0.0,-0.01,CHFJPY.p,E25/T4
243235233,327994145,2026-08-13 12:16:37,SELL,OUT,0.01,93.039,0.28,0.0,-0.01,NZDJPY.p,[tp 93.039]
243240316,328002806,2026-08-13 12:23:56,SELL,OUT,0.01,112.378,0.28,0.0,-0.01,AUDJPY.p,[tp 112.378]
243241543,328005358,2026-08-13 12:25:29,SELL,OUT,0.01,0.584,0.42,0.0,-0.01,NZDUSD.p,[tp 0.58400]
243241555,328005426,2026-08-13 12:25:30,BUY,IN,0.01,0.58399,0.0,0.0,-0.01,NZDUSD.p,E25/T4
243245955,328012590,2026-08-13 12:33:04,SELL,OUT,0.01,214.984,0.36,0.0,-0.01,GBPJPY.p,[tp 214.984]
243245963,328012616,2026-08-13 12:33:06,BUY,IN,0.01,214.997,0.0,0.0,-0.01,GBPJPY.p,E25/T4
243248936,328020096,2026-08-13 12:45:00,BUY,IN,0.01,1.0955300000000001,0.0,0.0,-0.01,GBPCHF.p,E25/T4
243255129,328034018,2026-08-13 13:00:02,SELL,OUT,0.02,1.1535,2.08,-0.37,-0.02,EURUSD.p,[tp 1.15350]
243261846,328044802,2026-08-13 13:15:00,SELL,IN,0.01,112.441,0.0,0.0,-0.01,AUDJPY.p,E25/T4
243273383,328062765,2026-08-13 13:31:17,BUY,OUT,0.01,0.81184,0.54,-0.47,-0.01,USDCHF.p,[tp 0.81184]
243278153,328070656,2026-08-13 13:38:22,BUY,OUT,0.01,1.39362,0.31,-0.15,-0.01,USDCAD.p,[tp 1.39362]
243278188,328070702,2026-08-13 13:38:23,SELL,OUT,0.01,215.099,0.64,0.0,-0.01,GBPJPY.p,[tp 215.099]
243282855,328077758,2026-08-13 13:45:00,SELL,IN,0.01,215.04,0.0,0.0,-0.01,GBPJPY.p,E25/T4
243282856,328077759,2026-08-13 13:45:00,SELL,IN,0.01,93.113,0.0,0.0,-0.01,NZDJPY.p,E25/T4
243306803,328111304,2026-08-13 14:17:49,SELL,OUT,0.01,1.09595,0.52,0.0,-0.01,GBPCHF.p,[tp 1.09595]
243306831,328111377,2026-08-13 14:17:52,BUY,IN,0.01,1.09593,0.0,0.0,-0.01,GBPCHF.p,E25/T4
243319605,328130036,2026-08-13 14:36:04,SELL,OUT,0.01,0.58461,0.62,0.0,-0.01,NZDUSD.p,[tp 0.58461]
243321763,328133133,2026-08-13 14:41:18,BUY,OUT,0.01,112.352,0.56,0.0,-0.01,AUDJPY.p,[tp 112.352]
243336402,328153250,2026-08-13 15:06:27,BUY,OUT,0.01,214.957,0.52,0.0,-0.01,GBPJPY.p,[tp 214.957]
243340016,328158005,2026-08-13 15:10:38,BUY,OUT,0.01,196.044,0.31,0.0,-0.01,CHFJPY.p,[tp 196.044]
243349111,328169617,2026-08-13 15:21:48,SELL,OUT,0.01,1.09703,1.35,0.0,-0.01,GBPCHF.p,[tp 1.09703]
243389611,328226187,2026-08-13 15:45:00,BUY,IN,0.01,196.024,0.0,0.0,-0.01,CHFJPY.p,E25/T4
243401859,328244489,2026-08-13 15:58:54,SELL,OUT,0.01,1.7281,0.34,0.0,-0.01,GBPSGD.p,[tp 1.72810]
243403527,328246728,2026-08-13 15:59:51,BUY,OUT,0.01,159.181,0.31,-0.4,-0.01,USDJPY.p,[tp 159.181]
243403712,328246939,2026-08-13 16:00:00,SELL,IN,0.01,1.09637,0.0,0.0,-0.01,GBPCHF.p,E25/T4
243420268,328270824,2026-08-13 16:08:50,BUY,OUT,0.01,1.63369,0.3,0.0,-0.01,EURAUD.p,[tp 1.63369]
243426325,328280864,2026-08-13 16:15:00,SELL,IN,0.01,0.58522,0.0,0.0,-0.01,NZDUSD.p,E25/T4
243445614,328307554,2026-08-13 16:30:00,BUY,IN,0.01,1.6340400000000002,0.0,0.0,-0.01,EURAUD.p,E25/T4
243468647,328339054,2026-08-13 16:38:44,SELL,OUT,0.01,196.081,0.36,0.0,-0.01,CHFJPY.p,[tp 196.081]
243506808,328388025,2026-08-13 17:00:07,BUY,OUT,0.01,114.161,0.28,0.0,-0.01,CADJPY.p,[tp 114.161]
243530426,328419305,2026-08-13 17:11:04,BUY,OUT,0.01,124.349,0.3,0.0,-0.01,SGDJPY.p,[tp 124.349]
243532249,328421873,2026-08-13 17:11:48,BUY,OUT,0.01,93.068,0.28,0.0,-0.01,NZDJPY.p,[tp 93.068]
243532634,328422288,2026-08-13 17:11:53,SELL,IN,0.01,93.065,0.0,0.0,-0.01,NZDJPY.p,E25/T4
243546823,328442824,2026-08-13 17:19:15,SELL,OUT,0.01,1.3511199999999999,0.46,-0.03,-0.01,GBPUSD.p,[tp 1.35112]
243561434,328465890,2026-08-13 17:30:00,BUY,IN,0.01,159.146,0.0,0.0,-0.01,USDJPY.p,E25/T4
243561461,328465925,2026-08-13 17:30:00,BUY,IN,0.01,114.156,0.0,0.0,-0.01,CADJPY.p,E25/T4
243561506,328465986,2026-08-13 17:30:00,SELL,IN,0.01,1.88255,0.0,0.0,-0.01,GBPCAD.p,E25/T4
243561544,328466032,2026-08-13 17:30:00,SELL,IN,0.01,1.35038,0.0,0.0,-0.01,GBPUSD.p,E25/T4
243575376,328483522,2026-08-13 17:34:25,BUY,IN,0.01,196.029,0.0,0.0,-0.01,CHFJPY.p,E25/T4
243611328,328536767,2026-08-13 18:07:45,SELL,OUT,0.01,1.6344699999999999,0.3,0.0,-0.01,EURAUD.p,[tp 1.63447]
243611348,328536814,2026-08-13 18:07:46,BUY,IN,0.01,1.6344699999999999,0.0,0.0,-0.01,EURAUD.p,E25/T4
243625992,328558995,2026-08-13 18:19:03,BUY,OUT,0.01,0.5848,0.42,0.0,-0.01,NZDUSD.p,[tp 0.58480]
243626078,328559164,2026-08-13 18:19:08,SELL,IN,0.01,0.58478,0.0,0.0,-0.01,NZDUSD.p,E25/T4
243640731,328584638,2026-08-13 18:30:05,SELL,OUT,0.01,114.345,1.19,0.0,-0.01,CADJPY.p,[tp 114.345]
243653583,328602472,2026-08-13 18:39:15,SELL,OUT,0.01,196.109,0.5,0.0,-0.01,CHFJPY.p,[tp 196.109]
243657832,328608906,2026-08-13 18:45:00,SELL,IN,0.01,196.061,0.0,0.0,-0.01,CHFJPY.p,E25/T4
243691412,328654222,2026-08-13 19:22:41,BUY,OUT,0.01,1.87913,2.45,0.0,-0.01,GBPCAD.p,[tp 1.87913]
243698499,328663829,2026-08-13 19:30:07,SELL,OUT,0.01,159.473,2.05,0.0,-0.01,USDJPY.p,[tp 159.473]
243706734,328675769,2026-08-13 19:45:00,SELL,IN,0.01,159.459,0.0,0.0,-0.01,USDJPY.p,E25/T4
243711917,328683126,2026-08-13 20:00:00,BUY,IN,0.01,1.8786,0.0,0.0,-0.01,GBPCAD.p,E25/T4
243714327,328686657,2026-08-13 20:04:38,BUY,OUT,0.01,1.3485,1.88,0.0,-0.01,GBPUSD.p,[tp 1.34850]
243714575,328686941,2026-08-13 20:04:44,BUY,IN,0.01,1.34848,0.0,0.0,-0.01,GBPUSD.p,E25/T4
243719086,328693393,2026-08-13 20:11:47,BUY,OUT,0.01,2.30548,0.27,0.0,-0.01,GBPNZD.p,[tp 2.30548]
243719088,328693435,2026-08-13 20:11:51,BUY,IN,0.01,2.30549,0.0,0.0,-0.01,GBPNZD.p,E25/T4
243728790,328708038,2026-08-13 20:30:00,SELL,IN,0.01,114.473,0.0,0.0,-0.01,CADJPY.p,E25/T4
243767925,328767518,2026-08-13 21:44:29,SELL,OUT,0.01,1.87934,0.53,0.0,-0.01,GBPCAD.p,[tp 1.87934]
243767994,328767635,2026-08-13 21:45:00,BUY,IN,0.01,1.87933,0.0,0.0,-0.01,GBPCAD.p,E25/T4
243770840,328771597,2026-08-13 21:51:32,BUY,OUT,0.01,196.012,0.31,0.0,-0.01,CHFJPY.p,[tp 196.012]
243774223,328776158,2026-08-13 21:57:30,SELL,OUT,0.01,0.93834,0.54,0.0,-0.01,EURCHF.p,[tp 0.93834]
243800058,328811315,2026-08-13 22:44:07,SELL,OUT,0.01,0.57495,0.52,0.0,-0.01,AUDCHF.p,[tp 0.57495]
243816145,328833586,2026-08-13 23:30:00,BUY,IN,0.01,195.889,0.0,0.0,-0.01,CHFJPY.p,E25/T4
243821268,328842821,2026-08-14 00:15:00,BUY,IN,0.01,0.93915,0.0,0.0,-0.01,EURCHF.p,E25/T4
243821380,328842930,2026-08-14 00:31:02,SELL,OUT,0.01,1.34893,0.45,-0.01,-0.01,GBPUSD.p,[tp 1.34893]
243827043,328850580,2026-08-14 01:15:00,BUY,IN,0.01,1.72692,0.0,0.0,-0.01,GBPSGD.p,E25/T4
243880112,328921342,2026-08-14 03:00:09,BUY,OUT,0.01,159.41,0.31,-0.13,-0.01,USDJPY.p,[tp 159.410]
243881452,328923285,2026-08-14 03:02:09,SELL,OUT,0.01,0.90448,0.34,0.01,-0.01,AUDSGD.p,[tp 0.90448]
243884136,328926999,2026-08-14 03:05:41,SELL,OUT,0.01,1.72737,0.35,0.0,-0.01,GBPSGD.p,[tp 1.72737]
243942101,329004310,2026-08-14 03:54:14,BUY,OUT,0.01,1.96917,0.26,-0.02,-0.01,EURNZD.p,[tp 1.96917]
243977398,329049708,2026-08-14 04:15:00,SELL,IN,0.01,1.7274699999999998,0.0,0.0,-0.01,GBPSGD.p,E25/T4
244072509,329177845,2026-08-14 05:47:40,BUY,OUT,0.01,1.7269700000000001,0.39,0.0,-0.01,GBPSGD.p,[tp 1.72697]
244078880,329187076,2026-08-14 06:00:00,BUY,IN,0.01,1.9683000000000002,0.0,0.0,-0.01,EURNZD.p,E25/T4
244089614,329201747,2026-08-14 06:19:10,BUY,OUT,0.01,1.20359,-0.78,-0.23,-0.01,AUDNZD.p,[tp 1.20359]
244089615,329201748,2026-08-14 06:19:10,BUY,OUT,0.01,1.20359,1.28,-0.23,-0.01,AUDNZD.p,[tp 1.20359]
244110244,329232368,2026-08-14 07:30:00,BUY,IN,0.01,1.20386,0.0,0.0,-0.01,AUDNZD.p,E25/T4
244143067,329280015,2026-08-14 08:40:02,BUY,OUT,0.01,114.427,0.29,-0.04,-0.01,CADJPY.p,[tp 114.427]
244147461,329285954,2026-08-14 08:45:56,SELL,OUT,0.01,1.20429,0.25,0.0,-0.01,AUDNZD.p,[tp 1.20429]
244147477,329285973,2026-08-14 08:45:57,BUY,IN,0.01,1.20432,0.0,0.0,-0.01,AUDNZD.p,E25/T4
244178022,329327991,2026-08-14 09:30:00,BUY,IN,0.01,159.277,0.0,0.0,-0.01,USDJPY.p,E25/T4
244203070,329361425,2026-08-14 10:20:52,SELL,OUT,0.01,0.93959,0.54,0.0,-0.01,EURCHF.p,[tp 0.93959]
244251527,329421849,2026-08-14 11:30:00,BUY,IN,0.01,1.38927,0.0,0.0,-0.01,USDCAD.p,E25/T4
244285485,329465855,2026-08-14 12:30:00,SELL,IN,0.01,93.602,0.0,0.0,-0.01,NZDJPY.p,E25/T4
244307872,329494941,2026-08-14 13:15:00,SELL,IN,0.01,1.7298200000000001,0.0,0.0,-0.01,GBPSGD.p,E25/T4
244333716,329532650,2026-08-14 14:16:56,SELL,OUT,0.01,1.4782199999999999,0.33,-0.05,-0.01,EURSGD.p,[tp 1.47822]
244336565,329536356,2026-08-14 14:20:56,SELL,OUT,0.01,0.75258,0.33,-0.01,-0.01,NZDSGD.p,[tp 0.75258]
244341355,329543264,2026-08-14 14:30:00,SELL,IN,0.01,0.5887,0.0,0.0,-0.01,NZDUSD.p,E25/T4
244346314,329550425,2026-08-14 14:34:27,SELL,OUT,0.01,195.937,0.3,-0.05,-0.01,CHFJPY.p,[tp 195.937]
244350280,329555384,2026-08-14 14:38:58,SELL,OUT,0.01,1.8798,0.34,0.01,-0.01,GBPCAD.p,[tp 1.87980]
244353060,329559510,2026-08-14 14:45:00,SELL,IN,0.01,0.70825,0.0,0.0,-0.01,AUDUSD.p,E25/T4
244365389,329574581,2026-08-14 15:00:00,SELL,IN,0.01,215.352,0.0,0.0,-0.01,GBPJPY.p,E25/T4
244365390,329574582,2026-08-14 15:00:00,SELL,IN,0.01,1.87892,0.0,0.0,-0.01,GBPCAD.p,E25/T4
244365393,329574586,2026-08-14 15:00:00,SELL,IN,0.01,184.02,0.0,0.0,-0.01,EURJPY.p,E25/T4
244365395,329574588,2026-08-14 15:00:00,SELL,IN,0.01,1.3535,0.0,0.0,-0.01,GBPUSD.p,E25/T4
244377743,329589064,2026-08-14 15:08:20,BUY,IN,0.01,0.81131,0.0,0.0,-0.01,USDCHF.p,E25/T4
244385418,329598666,2026-08-14 15:15:00,SELL,IN,0.01,195.906,0.0,0.0,-0.01,CHFJPY.p,E25/T4
244398693,329616577,2026-08-14 15:30:00,SELL,IN,0.01,114.479,0.0,0.0,-0.01,CADJPY.p,E25/T4
244398939,329616819,2026-08-14 15:30:00,BUY,IN,0.01,158.8,0.0,0.0,-0.01,USDJPY.p,E25/T4
244421224,329644992,2026-08-14 15:45:00,BUY,IN,0.01,124.309,0.0,0.0,-0.01,SGDJPY.p,E25/T4
244453121,329689192,2026-08-14 16:18:30,BUY,OUT,0.01,183.93,0.57,0.0,-0.01,EURJPY.p,[tp 183.930]
244453126,329689218,2026-08-14 16:18:31,BUY,IN,0.01,183.932,0.0,0.0,-0.01,EURJPY.p,E25/T4
244471043,329711678,2026-08-14 16:33:21,BUY,OUT,0.01,195.842,0.4,0.0,-0.01,CHFJPY.p,[tp 195.842]
244475089,329716313,2026-08-14 16:35:14,BUY,OUT,0.01,215.294,0.36,0.0,-0.01,GBPJPY.p,[tp 215.294]
244519927,329773027,2026-08-14 17:09:20,SELL,OUT,0.01,159.019,-1.62,0.0,-0.01,USDJPY.p,[tp 159.019]
244519928,329773028,2026-08-14 17:09:20,SELL,OUT,0.01,159.019,1.38,0.0,-0.01,USDJPY.p,[tp 159.019]
244519940,329773046,2026-08-14 17:09:21,BUY,IN,0.01,159.035,0.0,0.0,-0.01,USDJPY.p,E25/T4
244519982,329773113,2026-08-14 17:09:29,SELL,OUT,0.01,124.427,0.74,0.0,-0.01,SGDJPY.p,[tp 124.427]
244519986,329773117,2026-08-14 17:09:30,BUY,IN,0.01,124.43,0.0,0.0,-0.01,SGDJPY.p,E25/T4
244539780,329798651,2026-08-14 17:29:19,SELL,OUT,0.01,184.146,1.35,0.0,-0.01,EURJPY.p,[tp 184.146]
244550330,329812787,2026-08-14 17:42:29,SELL,OUT,0.01,0.81175,0.54,0.0,-0.01,USDCHF.p,[tp 0.81175]
244552476,329815599,2026-08-14 17:45:00,SELL,IN,0.01,215.429,0.0,0.0,-0.01,GBPJPY.p,E25/T4
244552511,329815641,2026-08-14 17:45:00,SELL,IN,0.01,195.892,0.0,0.0,-0.01,CHFJPY.p,E25/T4
244552530,329815665,2026-08-14 17:45:00,BUY,IN,0.01,0.81154,0.0,0.0,-0.01,USDCHF.p,E25/T4
244588674,329863098,2026-08-14 18:19:12,SELL,OUT,0.01,159.127,0.58,0.0,-0.01,USDJPY.p,[tp 159.127]
244607694,329888550,2026-08-14 18:40:37,SELL,OUT,0.01,124.486,0.35,0.0,-0.01,SGDJPY.p,[tp 124.486]
244628584,329916358,2026-08-14 19:13:02,SELL,OUT,0.01,0.81198,0.54,0.0,-0.01,USDCHF.p,[tp 0.81198]
244628590,329916367,2026-08-14 19:13:04,BUY,IN,0.01,0.812,0.0,0.0,-0.01,USDCHF.p,E25/T4
244629195,329917282,2026-08-14 19:15:00,SELL,IN,0.01,1.48047,0.0,0.0,-0.01,EURSGD.p,E25/T4
244645842,329940369,2026-08-14 19:45:00,SELL,IN,0.01,184.419,0.0,0.0,-0.01,EURJPY.p,E25/T4
244645876,329940408,2026-08-14 19:45:00,SELL,IN,0.01,112.895,0.0,0.0,-0.01,AUDJPY.p,E25/T4
244648294,329944011,2026-08-14 19:54:07,BUY,OUT,0.01,1.87845,0.34,0.0,-0.01,GBPCAD.p,[tp 1.87845]
244655697,329954185,2026-08-14 20:15:00,SELL,IN,0.01,124.57,0.0,0.0,-0.01,SGDJPY.p,E25/T4
244657894,329956855,2026-08-14 20:17:08,BUY,OUT,0.01,1.35304,0.46,0.0,-0.01,GBPUSD.p,[tp 1.35304]
244658344,329957507,2026-08-14 20:18:55,SELL,OUT,0.01,0.8134,1.72,0.0,-0.01,USDCHF.p,[tp 0.81340]
244662754,329963534,2026-08-14 20:30:00,SELL,IN,0.01,159.365,0.0,0.0,-0.01,USDJPY.p,E25/T4
244668063,329971733,2026-08-14 20:43:22,BUY,OUT,0.01,1.47955,0.72,0.0,-0.01,EURSGD.p,[tp 1.47955]
244669059,329973037,2026-08-14 20:45:00,BUY,IN,0.01,1.87774,0.0,0.0,-0.01,GBPCAD.p,E25/T4
244672658,329979112,2026-08-14 21:00:00,BUY,IN,0.01,1.35325,0.0,0.0,-0.01,GBPUSD.p,E25/T4
244682371,329993761,2026-08-14 21:30:00,SELL,IN,0.01,0.81298,0.0,0.0,-0.01,USDCHF.p,E25/T4
244694647,330012264,2026-08-14 22:03:42,SELL,OUT,0.01,1.8782100000000002,0.34,0.0,-0.01,GBPCAD.p,[tp 1.87821]
244694648,330012269,2026-08-14 22:03:43,BUY,IN,0.01,1.87824,0.0,0.0,-0.01,GBPCAD.p,E25/T4
244699464,330020689,2026-08-14 22:27:20,SELL,OUT,0.01,1.3537,0.45,0.0,-0.01,GBPUSD.p,[tp 1.35370]
244699465,330020694,2026-08-14 22:27:21,BUY,IN,0.01,1.35372,0.0,0.0,-0.01,GBPUSD.p,E25/T4
244702734,330025373,2026-08-14 22:38:12,BUY,OUT,0.01,184.34,0.5,0.0,-0.01,EURJPY.p,[tp 184.340]
244703389,330026917,2026-08-14 22:45:00,SELL,IN,0.01,184.354,0.0,0.0,-0.01,EURJPY.p,E25/T4
244714728,330044459,2026-08-14 23:33:36,BUY,OUT,0.01,112.851,0.28,0.0,-0.01,AUDJPY.p,[tp 112.851]
244714729,330044460,2026-08-14 23:33:36,SELL,IN,0.01,112.845,0.0,0.0,-0.01,AUDJPY.p,E25/T4
244716668,330048917,2026-08-14 23:49:53,BUY,OUT,0.01,184.308,0.29,0.0,-0.01,EURJPY.p,[tp 184.308]
244716669,330048918,2026-08-14 23:49:53,SELL,IN,0.01,184.283,0.0,0.0,-0.01,EURJPY.p,E25/T4
244773487,330108762,2026-08-17 00:45:00,BUY,IN,0.01,0.58623,0.0,0.0,-0.01,CADCHF.p,E25/T4
244784743,330126391,2026-08-17 01:15:00,BUY,IN,0.01,1.27919,0.0,0.0,-0.01,USDSGD.p,E25/T4
244784767,330126545,2026-08-17 01:15:00,BUY,IN,0.01,1.4796,0.0,0.0,-0.01,EURSGD.p,E25/T4
244784768,330126547,2026-08-17 01:15:00,BUY,IN,0.01,0.57624,0.0,0.0,-0.01,AUDCHF.p,E25/T4
244787164,330131710,2026-08-17 01:23:47,BUY,OUT,0.01,159.317,0.3,-0.13,-0.01,USDJPY.p,[tp 159.317]
244789197,330135577,2026-08-17 01:30:00,SELL,IN,0.01,159.31,0.0,0.0,-0.01,USDJPY.p,E25/T4
244792055,330139894,2026-08-17 01:34:35,BUY,OUT,0.01,124.527,0.27,-0.03,-0.01,SGDJPY.p,[tp 124.527]
244792059,330139900,2026-08-17 01:34:36,SELL,IN,0.01,124.526,0.0,0.0,-0.01,SGDJPY.p,E25/T4
244794060,330143036,2026-08-17 01:39:09,BUY,OUT,0.01,195.847,0.28,0.01,-0.01,CHFJPY.p,[tp 195.847]
244803089,330156321,2026-08-17 01:54:37,SELL,OUT,0.01,1.3541699999999999,0.45,-0.01,-0.01,GBPUSD.p,[tp 1.35417]
244803699,330157114,2026-08-17 01:55:25,BUY,OUT,0.01,184.236,0.3,-0.06,-0.01,EURJPY.p,[tp 184.236]
244803700,330157115,2026-08-17 01:55:25,SELL,IN,0.01,184.234,0.0,0.0,-0.01,EURJPY.p,E25/T4
244812347,330170981,2026-08-17 02:07:50,SELL,OUT,0.01,1.8787099999999999,0.34,0.01,-0.01,GBPCAD.p,[tp 1.87871]
244814776,330174967,2026-08-17 02:15:00,SELL,IN,0.01,0.94072,0.0,0.0,-0.01,EURCHF.p,E25/T4
244834126,330209670,2026-08-17 02:41:50,BUY,OUT,0.01,159.181,0.81,0.0,-0.01,USDJPY.p,[tp 159.181]
244834127,330209680,2026-08-17 02:41:51,BUY,IN,0.01,159.181,0.0,0.0,-0.01,USDJPY.p,E25/T4
244845366,330227535,2026-08-17 03:02:00,BUY,OUT,0.01,0.81253,0.55,-0.16,-0.01,USDCHF.p,[tp 0.81253]
244847549,330230312,2026-08-17 03:03:43,BUY,OUT,0.01,124.48,0.29,0.0,-0.01,SGDJPY.p,[tp 124.480]
244847564,330230327,2026-08-17 03:03:44,BUY,IN,0.01,124.481,0.0,0.0,-0.01,SGDJPY.p,E25/T4
244870049,330259721,2026-08-17 03:23:31,BUY,OUT,0.01,184.19,0.28,0.0,-0.01,EURJPY.p,[tp 184.190]
244890163,330293874,2026-08-17 03:51:40,BUY,OUT,0.01,112.801,0.28,-0.08,-0.01,AUDJPY.p,[tp 112.801]
244923012,330342435,2026-08-17 04:15:00,SELL,IN,0.01,0.819,0.0,0.0,-0.01,NZDCAD.p,E25/T4
244923087,330342607,2026-08-17 04:15:00,BUY,IN,0.01,184.17,0.0,0.0,-0.01,EURJPY.p,E25/T4
244952191,330394507,2026-08-17 04:45:00,SELL,IN,0.01,1.87957,0.0,0.0,-0.01,GBPCAD.p,E25/T4
244953447,330397165,2026-08-17 04:46:37,SELL,OUT,0.01,124.524,0.27,0.0,-0.01,SGDJPY.p,[tp 124.524]
244968175,330430550,2026-08-17 05:08:09,SELL,OUT,0.01,1.4800900000000001,0.38,0.0,-0.01,EURSGD.p,[tp 1.48009]
244981212,330464461,2026-08-17 05:32:28,BUY,OUT,0.01,0.9401,0.76,0.0,-0.01,EURCHF.p,[tp 0.94010]
244989446,330483038,2026-08-17 05:45:00,SELL,IN,0.01,1.47987,0.0,0.0,-0.01,EURSGD.p,E25/T4
244997689,330502637,2026-08-17 06:01:53,SELL,OUT,0.01,184.214,0.28,0.0,-0.01,EURJPY.p,[tp 184.214]
245002907,330515409,2026-08-17 06:12:42,BUY,OUT,0.01,1.8789,0.48,0.0,-0.01,GBPCAD.p,[tp 1.87890]
245013225,330541979,2026-08-17 06:37:56,BUY,OUT,0.01,0.81854,0.33,0.0,-0.01,NZDCAD.p,[tp 0.81854]
245016399,330550286,2026-08-17 06:45:01,SELL,IN,0.01,0.81859,0.0,0.0,-0.01,NZDCAD.p,E25/T4
245040311,330616487,2026-08-17 07:45:00,SELL,IN,0.01,112.993,0.0,0.0,-0.01,AUDJPY.p,E25/T4
245072286,330678731,2026-08-17 08:35:48,SELL,OUT,0.01,0.57666,0.52,0.0,-0.01,AUDCHF.p,[tp 0.57666]
245087043,330704522,2026-08-17 08:54:50,BUY,OUT,0.01,1.47945,0.33,0.0,-0.01,EURSGD.p,[tp 1.47945]
245099574,330728480,2026-08-17 09:15:00,SELL,IN,0.01,0.98584,0.0,0.0,-0.01,AUDCAD.p,E25/T4
245131358,330784112,2026-08-17 10:00:00,BUY,IN,0.01,2.28958,0.0,0.0,-0.01,GBPNZD.p,E25/T4
245131441,330784305,2026-08-17 10:00:00,SELL,IN,0.02,94.137,0.0,0.0,-0.02,NZDJPY.p,E25/T4
245131516,330784431,2026-08-17 10:00:01,SELL,IN,0.02,0.59221,0.0,0.0,-0.02,NZDUSD.p,E25/T4
245167871,330854983,2026-08-17 11:00:00,BUY,IN,0.01,0.80832,0.0,0.0,-0.01,USDCHF.p,E25/T4
245167934,330855095,2026-08-17 11:00:00,BUY,IN,0.01,0.93819,0.0,0.0,-0.01,EURCHF.p,E25/T4
245168059,330855218,2026-08-17 11:00:00,SELL,IN,0.02,1.16064,0.0,0.0,-0.02,EURUSD.p,/// THERANTO V3 ///
245181454,330887228,2026-08-17 11:25:47,BUY,OUT,0.01,1.09595,0.52,-0.48,-0.01,GBPCHF.p,[tp 1.09595]
245182634,330890655,2026-08-17 11:30:00,BUY,IN,0.01,1.2751700000000001,0.0,0.0,-0.01,USDSGD.p,E25/T4
245188717,330910642,2026-08-17 11:45:00,SELL,IN,0.01,196.858,0.0,0.0,-0.01,CHFJPY.p,E25/T4
245188736,330910725,2026-08-17 11:45:00,BUY,IN,0.01,1.0958,0.0,0.0,-0.01,GBPCHF.p,E25/T4
245192268,330917831,2026-08-17 11:51:58,BUY,OUT,0.01,1.7293699999999999,0.35,-0.14,-0.01,GBPSGD.p,[tp 1.72937]
245195595,330924451,2026-08-17 12:00:00,SELL,IN,0.01,184.571,0.0,0.0,-0.01,EURJPY.p,E25/T4
245202894,330938107,2026-08-17 12:15:32,SELL,OUT,0.01,0.93863,0.54,0.0,-0.01,EURCHF.p,[tp 0.93863]
245202903,330938127,2026-08-17 12:15:33,BUY,IN,0.01,0.93864,0.0,0.0,-0.01,EURCHF.p,E25/T4
245209796,330953993,2026-08-17 12:36:50,SELL,OUT,0.01,0.80927,1.17,0.0,-0.01,USDCHF.p,[tp 0.80927]
245212715,330960346,2026-08-17 12:45:00,BUY,IN,0.01,0.80928,0.0,0.0,-0.01,USDCHF.p,E25/T4
245217974,330971859,2026-08-17 13:00:34,BUY,OUT,0.01,196.566,1.83,0.0,-0.01,CHFJPY.p,[tp 196.566]
245217979,330971867,2026-08-17 13:00:35,SELL,IN,0.01,196.559,0.0,0.0,-0.01,CHFJPY.p,E25/T4
245221613,330977338,2026-08-17 13:11:44,SELL,OUT,0.01,1.09812,2.86,0.0,-0.01,GBPCHF.p,[tp 1.09812]
245221618,330977344,2026-08-17 13:11:46,BUY,IN,0.01,1.09812,0.0,0.0,-0.01,GBPCHF.p,E25/T4
245231010,330990099,2026-08-17 13:29:10,SELL,OUT,0.01,0.93935,0.88,0.0,-0.01,EURCHF.p,[tp 0.93935]
245240092,331000747,2026-08-17 13:30:52,BUY,OUT,0.01,184.527,0.28,0.0,-0.01,EURJPY.p,[tp 184.527]
245240100,331000763,2026-08-17 13:30:53,SELL,IN,0.01,184.524,0.0,0.0,-0.01,EURJPY.p,E25/T4
245246320,331009136,2026-08-17 13:39:14,BUY,OUT,0.02,1.15923,2.82,0.0,-0.02,EURUSD.p,[tp 1.15923]
245248994,331012732,2026-08-17 13:45:00,SELL,IN,0.02,1.15926,0.0,0.0,-0.02,EURUSD.p,/// THERANTO V3 ///
245252171,331017895,2026-08-17 13:54:12,SELL,OUT,0.01,0.81034,1.31,0.0,-0.01,USDCHF.p,[tp 0.81034]
245261421,331030339,2026-08-17 14:10:40,BUY,OUT,0.01,196.495,0.4,0.0,-0.01,CHFJPY.p,[tp 196.495]
245265828,331035939,2026-08-17 14:18:16,SELL,OUT,0.01,159.229,0.3,0.0,-0.01,USDJPY.p,[tp 159.229]
245273259,331045888,2026-08-17 14:30:00,SELL,IN,0.01,0.81014,0.0,0.0,-0.01,USDCHF.p,E25/T4
245273274,331045934,2026-08-17 14:30:00,SELL,IN,0.01,215.905,0.0,0.0,-0.01,GBPJPY.p,E25/T4
245278107,331053237,2026-08-17 14:41:14,SELL,OUT,0.01,1.09854,0.52,0.0,-0.01,GBPCHF.p,[tp 1.09854]
245279846,331055679,2026-08-17 14:45:00,SELL,IN,0.01,196.513,0.0,0.0,-0.01,CHFJPY.p,E25/T4
245287274,331065777,2026-08-17 15:00:00,SELL,IN,0.01,159.239,0.0,0.0,-0.01,USDJPY.p,E25/T4
245287301,331065849,2026-08-17 15:00:00,SELL,IN,0.01,1.09789,0.0,0.0,-0.01,GBPCHF.p,E25/T4
245346085,331138855,2026-08-17 15:59:34,BUY,OUT,0.01,0.80947,0.83,0.0,-0.01,USDCHF.p,[tp 0.80947]
245376076,331178362,2026-08-17 16:34:50,BUY,OUT,0.01,1.09697,1.1400000000000001,0.0,-0.01,GBPCHF.p,[tp 1.09697]
245382468,331186643,2026-08-17 16:40:08,BUY,OUT,0.01,0.98539,0.32,0.0,-0.01,AUDCAD.p,[tp 0.98539]
245388428,331194556,2026-08-17 16:45:00,BUY,IN,0.01,0.80947,0.0,0.0,-0.01,USDCHF.p,E25/T4
245388461,331194611,2026-08-17 16:45:00,SELL,IN,0.01,115.024,0.0,0.0,-0.01,CADJPY.p,E25/T4
245419026,331237257,2026-08-17 17:00:00,BUY,IN,0.01,0.98566,0.0,0.0,-0.01,AUDCAD.p,E25/T4
245433652,331265124,2026-08-17 17:15:00,BUY,IN,0.01,1.09754,0.0,0.0,-0.01,GBPCHF.p,E25/T4
245487804,331347198,2026-08-17 18:04:17,SELL,OUT,0.01,0.98631,0.47,0.0,-0.01,AUDCAD.p,[tp 0.98631]
245487806,331347201,2026-08-17 18:04:17,BUY,IN,0.01,0.98632,0.0,0.0,-0.01,AUDCAD.p,E25/T4
245497376,331361695,2026-08-17 18:18:00,SELL,OUT,0.01,0.80991,0.54,0.0,-0.01,USDCHF.p,[tp 0.80991]
245497404,331361728,2026-08-17 18:18:01,BUY,OUT,0.02,1.15821,2.1,0.0,-0.02,EURUSD.p,[tp 1.15821]
245503878,331371542,2026-08-17 18:27:16,SELL,OUT,0.01,1.09796,0.52,0.0,-0.01,GBPCHF.p,[tp 1.09796]
245506663,331375045,2026-08-17 18:30:00,BUY,IN,0.01,1.09794,0.0,0.0,-0.01,GBPCHF.p,E25/T4
245552048,331444320,2026-08-17 20:07:26,SELL,OUT,0.01,1.09852,0.72,0.0,-0.01,GBPCHF.p,[tp 1.09852]
245568745,331468475,2026-08-17 20:38:15,SELL,OUT,0.01,1.2776399999999999,-1.21,0.0,-0.01,USDSGD.p,[tp 1.27764]
245568746,331468476,2026-08-17 20:38:15,SELL,OUT,0.01,1.2776399999999999,1.9300000000000002,0.0,-0.01,USDSGD.p,[tp 1.27764]
245597609,331511165,2026-08-17 21:30:00,SELL,IN,0.01,1.09874,0.0,0.0,-0.01,GBPCHF.p,E25/T4
245653844,331609647,2026-08-18 01:15:00,BUY,IN,0.01,1.73049,0.0,0.0,-0.01,GBPSGD.p,E25/T4
245653845,331609648,2026-08-18 01:15:00,BUY,IN,0.01,124.814,0.0,0.0,-0.01,SGDJPY.p,E25/T4
245680133,331649038,2026-08-18 02:39:55,SELL,OUT,0.01,1.73098,0.38,0.0,-0.01,GBPSGD.p,[tp 1.73098]
245723063,331715808,2026-08-18 03:30:00,SELL,IN,0.01,1.7307299999999999,0.0,0.0,-0.01,GBPSGD.p,E25/T4
245732969,331735856,2026-08-18 03:49:26,SELL,OUT,0.01,124.858,0.28,0.0,-0.01,SGDJPY.p,[tp 124.858]
245738209,331745996,2026-08-18 04:00:00,SELL,IN,0.01,124.813,0.0,0.0,-0.01,SGDJPY.p,E25/T4
245770145,331801862,2026-08-18 04:27:18,SELL,OUT,0.01,1.20475,0.25,0.04,-0.01,AUDNZD.p,[tp 1.20475]
245782375,331820391,2026-08-18 04:44:22,BUY,OUT,0.01,0.81813,0.33,-0.02,-0.01,NZDCAD.p,[tp 0.81813]
245818587,331883022,2026-08-18 05:25:41,BUY,OUT,0.01,1.73029,0.34,0.0,-0.01,GBPSGD.p,[tp 1.73029]
245818758,331883440,2026-08-18 05:26:01,BUY,OUT,0.01,1.09832,0.52,-0.24,-0.01,GBPCHF.p,[tp 1.09832]
245819799,331886268,2026-08-18 05:30:00,SELL,IN,0.01,1.0984099999999999,0.0,0.0,-0.01,GBPCHF.p,E25/T4
245846433,331941844,2026-08-18 06:19:39,SELL,OUT,0.01,2.298,-4.41,0.03,-0.01,GBPNZD.p,[tp 2.29800]
245846434,331941845,2026-08-18 06:19:39,SELL,OUT,0.01,2.298,4.96,0.01,-0.01,GBPNZD.p,[tp 2.29800]
245847544,331944389,2026-08-18 06:21:44,BUY,OUT,0.01,0.58906,-4.28,0.03,-0.01,NZDUSD.p,[tp 0.58906]
245847546,331944390,2026-08-18 06:21:44,BUY,OUT,0.01,0.58906,-0.36,0.02,-0.01,NZDUSD.p,[tp 0.58906]
245847547,331944391,2026-08-18 06:21:44,BUY,OUT,0.02,0.58906,6.3,0.03,-0.02,NZDUSD.p,[tp 0.58906]
245866885,331993891,2026-08-18 07:30:00,SELL,IN,0.01,1.20726,0.0,0.0,-0.01,AUDNZD.p,E25/T4
245866928,331994008,2026-08-18 07:30:00,BUY,IN,0.01,1.73018,0.0,0.0,-0.01,GBPSGD.p,E25/T4
245876916,332017462,2026-08-18 08:00:00,SELL,IN,0.01,2.30111,0.0,0.0,-0.01,GBPNZD.p,E25/T4
245876956,332017525,2026-08-18 08:00:00,BUY,IN,0.01,0.75183,0.0,0.0,-0.01,NZDSGD.p,E25/T4
245877017,332017772,2026-08-18 08:00:01,BUY,IN,0.01,0.8162,0.0,0.0,-0.01,NZDCAD.p,E25/T4
245906891,332075987,2026-08-18 08:54:39,SELL,OUT,0.01,1.96875,0.26,-0.06,-0.01,EURNZD.p,[tp 1.96875]
245907912,332079877,2026-08-18 09:00:00,SELL,IN,0.01,1.9682300000000001,0.0,0.0,-0.01,EURNZD.p,E25/T4
245913522,332089680,2026-08-18 09:05:20,BUY,OUT,0.01,1.09799,0.52,0.0,-0.01,GBPCHF.p,[tp 1.09799]
245926514,332116938,2026-08-18 09:30:00,BUY,IN,0.01,1.35327,0.0,0.0,-0.01,GBPUSD.p,E25/T4
245926559,332116991,2026-08-18 09:30:00,BUY,IN,0.01,1.87686,0.0,0.0,-0.01,GBPCAD.p,E25/T4
245942981,332144835,2026-08-18 10:12:21,BUY,OUT,0.01,2.30064,0.28,0.0,-0.01,GBPNZD.p,[tp 2.30064]
245942986,332144843,2026-08-18 10:12:22,SELL,IN,0.01,2.30057,0.0,0.0,-0.01,GBPNZD.p,E25/T4
246050016,332305418,2026-08-18 13:04:04,BUY,OUT,0.01,2.3001,0.28,0.0,-0.01,GBPNZD.p,[tp 2.30010]
246059952,332321189,2026-08-18 13:30:00,BUY,IN,0.01,2.30029,0.0,0.0,-0.01,GBPNZD.p,E25/T4
246148462,332430910,2026-08-18 14:58:43,BUY,OUT,0.01,1.9677799999999999,0.26,0.0,-0.01,EURNZD.p,[tp 1.96778]
246151543,332434453,2026-08-18 15:00:00,SELL,IN,0.01,113.55,0.0,0.0,-0.01,AUDJPY.p,E25/T4
246157882,332442224,2026-08-18 15:04:20,SELL,OUT,0.01,0.98677,0.32,0.02,-0.01,AUDCAD.p,[tp 0.98677]
246167324,332456367,2026-08-18 15:20:03,SELL,OUT,0.01,0.81666,0.33,0.0,-0.01,NZDCAD.p,[tp 0.81666]
246192876,332492480,2026-08-18 15:49:58,SELL,OUT,0.01,0.75228,0.35,0.0,-0.01,NZDSGD.p,[tp 0.75228]
246196239,332497742,2026-08-18 15:55:58,SELL,OUT,0.01,1.8773300000000002,0.34,0.0,-0.01,GBPCAD.p,[tp 1.87733]
246206373,332511799,2026-08-18 16:03:54,SELL,OUT,0.01,1.35372,0.45,0.0,-0.01,GBPUSD.p,[tp 1.35372]
246224999,332538516,2026-08-18 16:21:00,BUY,OUT,0.01,196.464,0.31,0.01,-0.01,CHFJPY.p,[tp 196.464]
246234022,332551530,2026-08-18 16:30:00,BUY,IN,0.01,1.96624,0.0,0.0,-0.01,EURNZD.p,E25/T4
246271391,332602192,2026-08-18 16:45:00,BUY,IN,0.01,196.61,0.0,0.0,-0.01,CHFJPY.p,E25/T4
246321566,332674226,2026-08-18 17:15:00,SELL,IN,0.01,1.87838,0.0,0.0,-0.01,GBPCAD.p,E25/T4
246356778,332723246,2026-08-18 17:36:28,SELL,OUT,0.01,2.30076,0.28,0.0,-0.01,GBPNZD.p,[tp 2.30076]
246356823,332723328,2026-08-18 17:36:31,SELL,OUT,0.01,1.9679,0.98,0.0,-0.01,EURNZD.p,[tp 1.96790]
246368385,332739377,2026-08-18 17:42:17,SELL,OUT,0.01,1.73062,0.34,0.0,-0.01,GBPSGD.p,[tp 1.73062]
246393681,332774332,2026-08-18 17:54:42,BUY,OUT,0.01,1.20683,0.25,0.0,-0.01,AUDNZD.p,[tp 1.20683]
246410372,332797130,2026-08-18 18:00:00,BUY,IN,0.01,1.20709,0.0,0.0,-0.01,AUDNZD.p,E25/T4
246452001,332860655,2026-08-18 18:20:15,BUY,OUT,0.01,113.228,-1.47,-0.07,-0.01,AUDJPY.p,[tp 113.228]
246452003,332860656,2026-08-18 18:20:15,BUY,OUT,0.01,113.228,2.02,0.0,-0.01,AUDJPY.p,[tp 113.228]
246488636,332924127,2026-08-18 18:45:00,SELL,IN,0.01,2.30349,0.0,0.0,-0.01,GBPNZD.p,E25/T4
246499046,332945639,2026-08-18 19:00:00,SELL,IN,0.01,1.96974,0.0,0.0,-0.01,EURNZD.p,E25/T4
246517423,332980982,2026-08-18 19:30:09,SELL,OUT,0.01,1.3897,0.31,0.03,-0.01,USDCAD.p,[tp 1.38970]
246584713,333102509,2026-08-18 21:18:01,SELL,OUT,0.01,1.6098599999999998,0.32,-0.17,-0.01,EURCAD.p,[tp 1.60986]
246600794,333128747,2026-08-18 22:00:00,SELL,IN,0.01,1.60965,0.0,0.0,-0.01,EURCAD.p,E25/T4
246600843,333128873,2026-08-18 22:00:00,SELL,IN,0.01,1.3906100000000001,0.0,0.0,-0.01,USDCAD.p,E25/T4
246607396,333138664,2026-08-18 22:15:00,BUY,IN,0.01,113.098,0.0,0.0,-0.01,AUDJPY.p,E25/T4
246659808,333215019,2026-08-18 23:31:45,BUY,OUT,0.01,1.6084100000000001,0.89,0.0,-0.01,EURCAD.p,[tp 1.60841]
246659809,333215020,2026-08-18 23:31:46,BUY,OUT,0.01,1.38981,0.58,0.0,-0.01,USDCAD.p,[tp 1.38981]
246663492,333221173,2026-08-18 23:45:00,SELL,IN,0.01,1.38977,0.0,0.0,-0.01,USDCAD.p,E25/T4
246670304,333231938,2026-08-19 00:15:00,BUY,IN,0.01,1.60879,0.0,0.0,-0.01,EURCAD.p,E25/T4
246677562,333248294,2026-08-19 01:15:00,BUY,IN,0.01,1.72994,0.0,0.0,-0.01,GBPSGD.p,E25/T4
246677582,333248421,2026-08-19 01:15:00,BUY,IN,0.01,0.90569,0.0,0.0,-0.01,AUDSGD.p,E25/T4
246679802,333253918,2026-08-19 01:20:07,BUY,OUT,0.01,2.30301,0.28,-0.1,-0.01,GBPNZD.p,[tp 2.30301]
246679828,333253971,2026-08-19 01:20:08,BUY,IN,0.01,2.30306,0.0,0.0,-0.01,GBPNZD.p,E25/T4
246714570,333325608,2026-08-19 02:33:34,SELL,OUT,0.01,2.30439,0.78,0.0,-0.01,GBPNZD.p,[tp 2.30439]
246726399,333350358,2026-08-19 02:57:21,BUY,OUT,0.01,93.692,-3.93,-0.14,-0.01,NZDJPY.p,[tp 93.692]
246726400,333350359,2026-08-19 02:57:21,BUY,OUT,0.01,93.692,-0.56,-0.1,-0.01,NZDJPY.p,[tp 93.692]
246726401,333350360,2026-08-19 02:57:21,BUY,OUT,0.02,93.692,5.58,-0.14,-0.02,NZDJPY.p,[tp 93.692]
246726434,333350458,2026-08-19 02:57:34,SELL,OUT,0.01,1.6349,0.3,-0.38,-0.01,EURAUD.p,[tp 1.63490]
246728208,333354528,2026-08-19 03:01:00,SELL,OUT,0.01,1.73051,0.45,0.0,-0.01,GBPSGD.p,[tp 1.73051]
246728784,333355385,2026-08-19 03:01:33,BUY,OUT,0.01,124.769,0.28,-0.03,-0.01,SGDJPY.p,[tp 124.769]
246730239,333357620,2026-08-19 03:02:06,SELL,OUT,0.01,1.6092300000000002,0.32,0.0,-0.01,EURCAD.p,[tp 1.60923]
246747217,333387455,2026-08-19 03:18:56,BUY,OUT,0.01,1.38934,0.31,-0.05,-0.01,USDCAD.p,[tp 1.38934]
246755469,333403747,2026-08-19 03:30:00,SELL,IN,0.01,1.6343800000000002,0.0,0.0,-0.01,EURAUD.p,E25/T4
246766512,333425677,2026-08-19 03:45:00,SELL,IN,0.01,1.73014,0.0,0.0,-0.01,GBPSGD.p,E25/T4
246767921,333429943,2026-08-19 03:50:21,BUY,OUT,0.01,114.706,-1.42,-0.12,-0.01,CADJPY.p,[tp 114.706]
246767922,333429944,2026-08-19 03:50:21,BUY,OUT,0.01,114.706,1.99,-0.08,-0.01,CADJPY.p,[tp 114.706]
246808175,333500309,2026-08-19 04:15:00,BUY,IN,0.01,93.527,0.0,0.0,-0.01,NZDJPY.p,E25/T4
246808212,333500364,2026-08-19 04:15:00,SELL,IN,0.01,2.3068,0.0,0.0,-0.01,GBPNZD.p,E25/T4
246879088,333624241,2026-08-19 05:27:08,BUY,OUT,0.01,1.72942,0.56,0.0,-0.01,GBPSGD.p,[tp 1.72942]
246880726,333627518,2026-08-19 05:30:06,BUY,OUT,0.01,2.30566,0.67,0.0,-0.01,GBPNZD.p,[tp 2.30566]
246886577,333639582,2026-08-19 05:38:29,SELL,OUT,0.01,93.583,0.35,0.0,-0.01,NZDJPY.p,[tp 93.583]
246890454,333647671,2026-08-19 05:45:00,BUY,IN,0.01,0.98259,0.0,0.0,-0.01,AUDCAD.p,E25/T4
246890478,333647717,2026-08-19 05:45:00,BUY,IN,0.01,93.587,0.0,0.0,-0.01,NZDJPY.p,E25/T4
246890490,333647731,2026-08-19 05:45:00,SELL,IN,0.01,2.30539,0.0,0.0,-0.01,GBPNZD.p,E25/T4
246907910,333683765,2026-08-19 06:15:00,BUY,IN,0.01,1.72954,0.0,0.0,-0.01,GBPSGD.p,E25/T4
246914071,333696606,2026-08-19 06:30:00,BUY,IN,0.01,1.3878,0.0,0.0,-0.01,USDCAD.p,E25/T4
246937000,333743490,2026-08-19 07:30:00,SELL,IN,0.01,1.63796,0.0,0.0,-0.01,EURAUD.p,E25/T4
246944903,333754586,2026-08-19 07:44:46,SELL,OUT,0.01,1.9151500000000001,0.34,-0.54,-0.01,GBPAUD.p,[tp 1.91515]
246944984,333754765,2026-08-19 07:45:00,BUY,IN,0.01,112.657,0.0,0.0,-0.01,AUDJPY.p,E25/T4
246952581,333766794,2026-08-19 08:00:00,SELL,IN,0.01,1.91459,0.0,0.0,-0.01,GBPAUD.p,E25/T4
246982799,333814237,2026-08-19 08:34:41,BUY,OUT,0.01,184.48,0.28,-0.12,-0.01,EURJPY.p,[tp 184.480]
247032124,333886905,2026-08-19 09:20:31,BUY,OUT,0.01,159.19,0.31,-0.26,-0.01,USDJPY.p,[tp 159.190]
247032524,333887686,2026-08-19 09:21:01,SELL,OUT,0.01,1.7299799999999999,0.34,0.0,-0.01,GBPSGD.p,[tp 1.72998]
247051232,333920445,2026-08-19 09:45:00,SELL,IN,0.01,1.35516,0.0,0.0,-0.01,GBPUSD.p,E25/T4
247051254,333920477,2026-08-19 09:45:00,BUY,IN,0.01,159.215,0.0,0.0,-0.01,USDJPY.p,E25/T4
247134918,334074659,2026-08-19 11:30:41,SELL,OUT,0.01,1.38824,0.32,0.0,-0.01,USDCAD.p,[tp 1.38824]
247134928,334074683,2026-08-19 11:30:43,BUY,IN,0.01,1.38824,0.0,0.0,-0.01,USDCAD.p,E25/T4
247143717,334091479,2026-08-19 11:45:00,SELL,IN,0.01,1.88212,0.0,0.0,-0.01,GBPCAD.p,E25/T4
247158789,334119285,2026-08-19 12:11:48,BUY,OUT,0.01,1.9140700000000002,0.37,0.0,-0.01,GBPAUD.p,[tp 1.91407]
247158795,334119293,2026-08-19 12:11:49,SELL,IN,0.01,1.91406,0.0,0.0,-0.01,GBPAUD.p,E25/T4
247160490,334122676,2026-08-19 12:16:13,SELL,OUT,0.01,159.264,0.31,0.0,-0.01,USDJPY.p,[tp 159.264]
247160659,334122908,2026-08-19 12:16:14,BUY,IN,0.01,159.27,0.0,0.0,-0.01,USDJPY.p,E25/T4
247164817,334129079,2026-08-19 12:22:19,BUY,OUT,0.01,2.30492,0.28,0.0,-0.01,GBPNZD.p,[tp 2.30492]
247166616,334131801,2026-08-19 12:24:36,SELL,OUT,0.01,93.631,0.28,0.0,-0.01,NZDJPY.p,[tp 93.631]
247177688,334152299,2026-08-19 12:45:00,BUY,IN,0.01,2.30487,0.0,0.0,-0.01,GBPNZD.p,E25/T4
247217857,334226679,2026-08-19 13:58:13,BUY,OUT,0.01,1.88007,-1.22,-0.1,-0.01,GBPCAD.p,[tp 1.88007]
247217858,334226680,2026-08-19 13:58:13,BUY,OUT,0.01,1.88007,1.48,0.0,-0.01,GBPCAD.p,[tp 1.88007]
247220728,334231293,2026-08-19 14:01:26,SELL,OUT,0.01,2.30534,0.28,0.0,-0.01,GBPNZD.p,[tp 2.30534]
247242134,334267324,2026-08-19 14:30:00,BUY,IN,0.01,2.30502,0.0,0.0,-0.01,GBPNZD.p,E25/T4
247242160,334267375,2026-08-19 14:30:00,BUY,IN,0.01,1.20297,0.0,0.0,-0.01,AUDNZD.p,E25/T4
247285303,334332782,2026-08-19 15:22:34,BUY,OUT,0.01,215.611,-1.15,-0.39,-0.01,GBPJPY.p,[tp 215.611]
247285304,334332783,2026-08-19 15:22:34,BUY,OUT,0.01,215.611,1.85,-0.26,-0.01,GBPJPY.p,[tp 215.611]
247304774,334360749,2026-08-19 15:34:28,SELL,OUT,0.01,0.98304,0.32,0.0,-0.01,AUDCAD.p,[tp 0.98304]
247355712,334435590,2026-08-19 15:45:00,BUY,IN,0.01,158.457,0.0,0.0,-0.01,USDJPY.p,E25/T4
247355886,334435814,2026-08-19 15:45:00,SELL,IN,0.01,1.35888,0.0,0.0,-0.01,GBPUSD.p,E25/T4
247355887,334435815,2026-08-19 15:45:00,SELL,IN,0.01,93.478,0.0,0.0,-0.01,NZDJPY.p,E25/T4
247355973,334435922,2026-08-19 15:45:01,BUY,IN,0.01,0.58234,0.0,0.0,-0.01,CADCHF.p,E25/T4
247402138,334505659,2026-08-19 16:00:00,BUY,IN,0.01,215.618,0.0,0.0,-0.01,GBPJPY.p,E25/T4
247402180,334505745,2026-08-19 16:00:00,BUY,IN,0.01,184.538,0.0,0.0,-0.01,EURJPY.p,E25/T4
247402181,334505748,2026-08-19 16:00:00,BUY,IN,0.01,124.527,0.0,0.0,-0.01,SGDJPY.p,E25/T4
247402388,334506078,2026-08-19 16:00:00,BUY,IN,0.01,114.425,0.0,0.0,-0.01,CADJPY.p,E25/T4
247416165,334528672,2026-08-19 16:04:41,BUY,OUT,0.01,1.91357,0.35,0.0,-0.01,GBPAUD.p,[tp 1.91357]
247432014,334554071,2026-08-19 16:10:31,BUY,OUT,0.01,1.96929,0.27,-0.02,-0.01,EURNZD.p,[tp 1.96929]
247432094,334554223,2026-08-19 16:10:32,BUY,IN,0.01,1.96926,0.0,0.0,-0.01,EURNZD.p,E25/T4
247435186,334559058,2026-08-19 16:11:36,BUY,IN,0.01,0.93825,0.0,0.0,-0.01,EURCHF.p,E25/T4
247435237,334559126,2026-08-19 16:11:37,SELL,OUT,0.01,196.659,0.31,-0.06,-0.01,CHFJPY.p,[tp 196.659]
247448399,334578431,2026-08-19 16:15:00,BUY,IN,0.01,2.30072,0.0,0.0,-0.01,GBPNZD.p,E25/T4
247448498,334578554,2026-08-19 16:15:00,SELL,IN,0.01,1.61209,0.0,0.0,-0.01,EURCAD.p,E25/T4
247474834,334622787,2026-08-19 16:30:00,SELL,IN,0.01,0.98509,0.0,0.0,-0.01,AUDCAD.p,E25/T4
247474891,334622863,2026-08-19 16:30:00,BUY,IN,0.01,1.91309,0.0,0.0,-0.01,GBPAUD.p,E25/T4
247479099,334628529,2026-08-19 16:31:19,SELL,OUT,0.01,0.90611,0.33,0.0,-0.01,AUDSGD.p,[tp 0.90611]
247517304,334683169,2026-08-19 16:45:00,BUY,IN,0.01,1.27247,0.0,0.0,-0.01,USDSGD.p,E25/T4
247517386,334683291,2026-08-19 16:45:00,SELL,IN,0.01,1.88277,0.0,0.0,-0.01,GBPCAD.p,E25/T4
247517472,334683394,2026-08-19 16:45:00,SELL,IN,0.01,0.81876,0.0,0.0,-0.01,NZDCAD.p,E25/T4
247546921,334727361,2026-08-19 17:00:00,SELL,IN,0.01,1.73257,0.0,0.0,-0.01,GBPSGD.p,E25/T4
247546960,334727535,2026-08-19 17:00:00,SELL,IN,0.01,0.90565,0.0,0.0,-0.01,AUDSGD.p,E25/T4
247658981,334883880,2026-08-19 18:00:00,BUY,IN,0.01,0.57067,0.0,0.0,-0.01,AUDCHF.p,E25/T4
247659114,334884079,2026-08-19 18:00:00,SELL,IN,0.01,1.48335,0.0,0.0,-0.01,EURSGD.p,E25/T4
247659116,334884082,2026-08-19 18:00:00,SELL,IN,0.01,0.75408,0.0,0.0,-0.01,NZDSGD.p,E25/T4
247659165,334884162,2026-08-19 18:00:00,SELL,IN,0.02,1.16633,0.0,0.0,-0.02,EURUSD.p,/// THERANTO V3 ///
247659184,334884232,2026-08-19 18:00:01,BUY,IN,0.01,1.0907,0.0,0.0,-0.01,GBPCHF.p,E25/T4
247659194,334884262,2026-08-19 18:00:01,BUY,IN,0.01,0.8015,0.0,0.0,-0.01,USDCHF.p,E25/T4
247659202,334884287,2026-08-19 18:00:01,BUY,IN,0.01,0.47521,0.0,0.0,-0.01,NZDCHF.p,E25/T4
247659203,334884288,2026-08-19 18:00:01,SELL,IN,0.01,0.5929,0.0,0.0,-0.01,NZDUSD.p,E25/T4
247659218,334884316,2026-08-19 18:00:02,SELL,IN,0.01,197.578,0.0,0.0,-0.01,CHFJPY.p,E25/T4
247714953,334972031,2026-08-19 18:45:00,BUY,IN,0.02,0.57848,0.0,0.0,-0.02,CADCHF.p,E25/T4
247727405,334994006,2026-08-19 18:55:40,SELL,OUT,0.01,114.634,1.32,0.0,-0.01,CADJPY.p,[tp 114.634]
247727553,334994176,2026-08-19 18:55:41,SELL,IN,0.01,114.64,0.0,0.0,-0.01,CADJPY.p,E25/T4
247729641,334998600,2026-08-19 18:59:08,SELL,OUT,0.01,184.839,1.9,0.0,-0.01,EURJPY.p,[tp 184.839]
247754870,335043826,2026-08-19 19:30:00,SELL,IN,0.01,184.837,0.0,0.0,-0.01,EURJPY.p,E25/T4
247763663,335061157,2026-08-19 19:44:50,BUY,OUT,0.01,1.61161,0.35,0.0,-0.01,EURCAD.p,[tp 1.61161]
247763668,335061188,2026-08-19 19:44:52,SELL,IN,0.01,1.61161,0.0,0.0,-0.01,EURCAD.p,E25/T4
247779475,335089407,2026-08-19 20:07:44,BUY,OUT,0.01,0.98369,1.01,0.0,-0.01,AUDCAD.p,[tp 0.98369]
247784048,335097577,2026-08-19 20:13:11,SELL,OUT,0.01,124.604,0.49,0.0,-0.01,SGDJPY.p,[tp 124.604]
247835204,335184466,2026-08-19 21:17:18,BUY,OUT,0.01,0.90507,0.46,0.0,-0.01,AUDSGD.p,[tp 0.90507]
247835317,335184616,2026-08-19 21:17:22,BUY,IN,0.01,0.90505,0.0,0.0,-0.01,AUDSGD.p,E25/T4
247865581,335233256,2026-08-19 21:45:00,BUY,IN,0.01,0.98345,0.0,0.0,-0.01,AUDCAD.p,E25/T4
247874946,335248539,2026-08-19 21:56:22,BUY,OUT,0.01,1.8791799999999999,2.6,0.0,-0.01,GBPCAD.p,[tp 1.87918]
247874950,335248575,2026-08-19 21:56:23,BUY,IN,0.01,1.8791600000000002,0.0,0.0,-0.01,GBPCAD.p,E25/T4
247906737,335302984,2026-08-19 22:36:19,BUY,OUT,0.01,1.7298900000000001,2.11,0.0,-0.01,GBPSGD.p,[tp 1.72989]
247906743,335302991,2026-08-19 22:36:20,BUY,IN,0.01,1.72987,0.0,0.0,-0.01,GBPSGD.p,E25/T4
247912920,335313470,2026-08-19 22:45:00,BUY,IN,0.01,124.474,0.0,0.0,-0.01,SGDJPY.p,E25/T4
247946553,335362096,2026-08-19 23:43:51,BUY,OUT,0.01,184.703,0.85,0.0,-0.01,EURJPY.p,[tp 184.703]
247946554,335362098,2026-08-19 23:43:51,BUY,OUT,0.01,114.537,0.65,0.0,-0.01,CADJPY.p,[tp 114.537]
247946558,335362106,2026-08-19 23:43:53,BUY,IN,0.01,184.703,0.0,0.0,-0.01,EURJPY.p,E25/T4
247946560,335362108,2026-08-19 23:43:53,BUY,IN,0.01,114.536,0.0,0.0,-0.01,CADJPY.p,E25/T4
247953845,335373775,2026-08-20 00:15:00,BUY,IN,0.01,215.208,0.0,0.0,-0.01,GBPJPY.p,E25/T4
247976387,335431541,2026-08-20 01:54:51,SELL,OUT,0.01,114.58,0.28,0.03,-0.01,CADJPY.p,[tp 114.580]
247976388,335431586,2026-08-20 01:54:52,BUY,IN,0.01,114.587,0.0,0.0,-0.01,CADJPY.p,E25/T4
247981423,335442013,2026-08-20 02:02:20,SELL,OUT,0.01,0.9059,0.67,0.03,-0.01,AUDSGD.p,[tp 0.90590]
247984332,335448050,2026-08-20 02:05:33,SELL,OUT,0.01,0.98394,0.35,0.06,-0.01,AUDCAD.p,[tp 0.98394]
247995007,335473097,2026-08-20 02:30:00,SELL,IN,0.01,0.90574,0.0,0.0,-0.01,AUDSGD.p,E25/T4
247999085,335481788,2026-08-20 02:36:20,SELL,OUT,0.01,184.748,0.28,0.03,-0.01,EURJPY.p,[tp 184.748]
248012764,335514101,2026-08-20 03:01:06,SELL,OUT,0.01,114.636,0.31,0.0,-0.01,CADJPY.p,[tp 114.636]
248020929,335531953,2026-08-20 03:08:05,SELL,OUT,0.01,124.518,0.28,-0.01,-0.01,SGDJPY.p,[tp 124.518]
248040580,335574136,2026-08-20 03:30:00,SELL,IN,0.01,184.865,0.0,0.0,-0.01,EURJPY.p,E25/T4
248053163,335604112,2026-08-20 03:47:43,BUY,OUT,0.01,0.90529,0.35,0.0,-0.01,AUDSGD.p,[tp 0.90529]
248053196,335604234,2026-08-20 03:47:46,SELL,IN,0.01,0.9053,0.0,0.0,-0.01,AUDSGD.p,E25/T4
248064116,335628024,2026-08-20 04:00:00,SELL,IN,0.01,124.537,0.0,0.0,-0.01,SGDJPY.p,E25/T4
248073505,335644044,2026-08-20 04:02:41,SELL,OUT,0.01,215.469,-0.94,0.1,-0.01,GBPJPY.p,[tp 215.469]
248073506,335644045,2026-08-20 04:02:41,SELL,OUT,0.01,215.469,1.65,0.0,-0.01,GBPJPY.p,[tp 215.469]
248104819,335712841,2026-08-20 04:30:09,SELL,OUT,0.01,1.91372,0.45,-0.18,-0.01,GBPAUD.p,[tp 1.91372]
248104912,335713059,2026-08-20 04:30:10,SELL,IN,0.01,1.91428,0.0,0.0,-0.01,GBPAUD.p,E25/T4
248119168,335746541,2026-08-20 04:45:00,SELL,IN,0.01,94.162,0.0,0.0,-0.01,NZDJPY.p,E25/T4
248133062,335775931,2026-08-20 05:00:00,BUY,IN,0.02,2.28843,0.0,0.0,-0.02,GBPNZD.p,E25/T4
248139144,335788690,2026-08-20 05:04:17,SELL,OUT,0.01,1.73031,0.35,0.05,-0.01,GBPSGD.p,[tp 1.73031]
248143649,335800078,2026-08-20 05:09:51,BUY,OUT,0.01,0.90473,0.45,0.0,-0.01,AUDSGD.p,[tp 0.90473]
248143671,335800113,2026-08-20 05:09:52,BUY,IN,0.01,0.90474,0.0,0.0,-0.01,AUDSGD.p,E25/T4
248144679,335802519,2026-08-20 05:11:05,SELL,OUT,0.01,0.47563,0.53,0.06,-0.01,NZDCHF.p,[tp 0.47563]
248146917,335808255,2026-08-20 05:15:00,SELL,IN,0.01,215.677,0.0,0.0,-0.01,GBPJPY.p,E25/T4
248146930,335808281,2026-08-20 05:15:00,SELL,IN,0.01,114.839,0.0,0.0,-0.01,CADJPY.p,E25/T4
248185577,335907283,2026-08-20 06:13:42,BUY,OUT,0.01,1.91255,1.23,0.0,-0.01,GBPAUD.p,[tp 1.91255]
248185583,335907295,2026-08-20 06:13:44,SELL,IN,0.01,1.9125100000000002,0.0,0.0,-0.01,GBPAUD.p,E25/T4
248208870,335974487,2026-08-20 06:55:20,SELL,OUT,0.01,0.90516,0.33,0.0,-0.01,AUDSGD.p,[tp 0.90516]
248214853,335991107,2026-08-20 07:07:19,BUY,OUT,0.01,1.61117,0.32,-0.07,-0.01,EURCAD.p,[tp 1.61117]
248216732,335998940,2026-08-20 07:15:00,BUY,IN,0.01,1.96089,0.0,0.0,-0.01,EURNZD.p,E25/T4
248272183,336146136,2026-08-20 08:47:01,BUY,OUT,0.01,1.9120300000000001,0.34,0.0,-0.01,GBPAUD.p,[tp 1.91203]
248316307,336267641,2026-08-20 10:00:47,BUY,OUT,0.01,215.619,0.37,0.0,-0.01,GBPJPY.p,[tp 215.619]
248361351,336385355,2026-08-20 11:00:00,SELL,IN,0.01,215.871,0.0,0.0,-0.01,GBPJPY.p,E25/T4
248361393,336385532,2026-08-20 11:00:00,SELL,IN,0.01,1.7317,0.0,0.0,-0.01,GBPSGD.p,E25/T4
248399707,336477628,2026-08-20 11:40:26,SELL,OUT,0.01,112.922,-1.11,0.05,-0.01,AUDJPY.p,[tp 112.922]
248399708,336477629,2026-08-20 11:40:26,SELL,OUT,0.01,112.922,1.67,0.04,-0.01,AUDJPY.p,[tp 112.922]
248402497,336486795,2026-08-20 11:45:00,SELL,IN,0.01,185.402,0.0,0.0,-0.01,EURJPY.p,E25/T4
248456937,336624305,2026-08-20 13:00:00,BUY,IN,0.01,1.37648,0.0,0.0,-0.01,USDCAD.p,E25/T4
248479427,336682668,2026-08-20 13:30:00,SELL,IN,0.01,1.91474,0.0,0.0,-0.01,GBPAUD.p,E25/T4
248506378,336753723,2026-08-20 14:15:00,SELL,IN,0.01,115.227,0.0,0.0,-0.01,CADJPY.p,E25/T4
248578457,336900167,2026-08-20 15:05:34,BUY,OUT,0.01,0.8183,0.33,-0.05,-0.01,NZDCAD.p,[tp 0.81830]
248578682,336900568,2026-08-20 15:05:35,SELL,OUT,0.01,1.9655200000000002,-2.22,-0.08,-0.01,EURNZD.p,[tp 1.96552]
248578683,336900569,2026-08-20 15:05:35,SELL,OUT,0.01,1.9655200000000002,2.75,0.0,-0.01,EURNZD.p,[tp 1.96552]
248597696,336938614,2026-08-20 15:15:00,BUY,IN,0.01,0.81875,0.0,0.0,-0.01,NZDCAD.p,E25/T4
248597697,336938615,2026-08-20 15:15:00,SELL,IN,0.01,216.383,0.0,0.0,-0.01,GBPJPY.p,E25/T4
248612863,336978214,2026-08-20 15:30:00,BUY,IN,0.01,0.97934,0.0,0.0,-0.01,AUDCAD.p,E25/T4
248612923,336978282,2026-08-20 15:30:00,BUY,IN,0.01,1.60978,0.0,0.0,-0.01,EURCAD.p,E25/T4
248645528,337075481,2026-08-20 15:52:49,SELL,OUT,0.01,1.8796300000000001,0.34,0.05,-0.01,GBPCAD.p,[tp 1.87963]
248674118,337174563,2026-08-20 16:15:00,SELL,IN,0.01,1.8786,0.0,0.0,-0.01,GBPCAD.p,E25/T4
248718102,337291507,2026-08-20 16:38:41,SELL,OUT,0.01,0.82054,1.3,0.0,-0.01,NZDCAD.p,[tp 0.82054]
248747682,337368870,2026-08-20 16:56:23,SELL,OUT,0.01,0.98092,1.15,0.0,-0.01,AUDCAD.p,[tp 0.98092]
248752407,337382019,2026-08-20 17:00:00,SELL,IN,0.01,0.98071,0.0,0.0,-0.01,AUDCAD.p,E25/T4
248780210,337450865,2026-08-20 17:15:00,BUY,IN,0.01,1.96194,0.0,0.0,-0.01,EURNZD.p,E25/T4
248802423,337508064,2026-08-20 17:30:00,SELL,IN,0.01,113.042,0.0,0.0,-0.01,AUDJPY.p,E25/T4
248817417,337541849,2026-08-20 17:40:07,SELL,OUT,0.01,1.61022,0.32,0.0,-0.01,EURCAD.p,[tp 1.61022]
248817426,337541894,2026-08-20 17:40:08,BUY,IN,0.01,1.6101999999999999,0.0,0.0,-0.01,EURCAD.p,E25/T4
248819364,337546826,2026-08-20 17:41:23,BUY,OUT,0.01,1.91426,0.34,0.0,-0.01,GBPAUD.p,[tp 1.91426]
248841943,337599198,2026-08-20 17:57:02,BUY,OUT,0.01,1.87813,0.34,0.0,-0.01,GBPCAD.p,[tp 1.87813]
248842140,337599530,2026-08-20 17:57:04,SELL,IN,0.01,1.87809,0.0,0.0,-0.01,GBPCAD.p,E25/T4
248846652,337609177,2026-08-20 18:00:00,BUY,IN,0.01,1.91432,0.0,0.0,-0.01,GBPAUD.p,E25/T4
248846664,337609193,2026-08-20 18:00:00,SELL,IN,0.01,0.81999,0.0,0.0,-0.01,NZDCAD.p,E25/T4
248925926,337738752,2026-08-20 18:42:52,SELL,OUT,0.01,158.911,-2.26,0.13,-0.01,USDJPY.p,[tp 158.911]
248925927,337738753,2026-08-20 18:42:52,SELL,OUT,0.01,158.911,2.86,0.13,-0.01,USDJPY.p,[tp 158.911]
248930642,337745364,2026-08-20 18:44:23,SELL,OUT,0.01,1.09112,0.52,0.21,-0.01,GBPCHF.p,[tp 1.09112]
248931235,337747589,2026-08-20 18:45:00,SELL,IN,0.01,124.924,0.0,0.0,-0.01,SGDJPY.p,E25/T4
248948485,337806233,2026-08-20 19:00:00,SELL,IN,0.01,158.853,0.0,0.0,-0.01,USDJPY.p,E25/T4
248948486,337806237,2026-08-20 19:00:00,SELL,IN,0.01,1.09069,0.0,0.0,-0.01,GBPCHF.p,E25/T4
248953133,337823093,2026-08-20 19:04:45,SELL,OUT,0.01,1.96399,1.22,0.0,-0.01,EURNZD.p,[tp 1.96399]
248953143,337823251,2026-08-20 19:04:47,SELL,IN,0.01,1.96399,0.0,0.0,-0.01,EURNZD.p,E25/T4
248978375,337903387,2026-08-20 19:30:00,SELL,IN,0.02,216.777,0.0,0.0,-0.02,GBPJPY.p,E25/T4
249032027,338064655,2026-08-20 20:38:08,BUY,OUT,0.01,0.819,0.72,0.0,-0.01,NZDCAD.p,[tp 0.81900]
249040932,338099978,2026-08-20 20:56:42,SELL,OUT,0.01,1.9161299999999999,1.29,0.0,-0.01,GBPAUD.p,[tp 1.91613]
249040947,338100048,2026-08-20 20:56:45,SELL,IN,0.01,1.9161299999999999,0.0,0.0,-0.01,GBPAUD.p,E25/T4
249042334,338106207,2026-08-20 21:00:00,BUY,IN,0.01,0.81922,0.0,0.0,-0.01,NZDCAD.p,E25/T4
249049115,338119505,2026-08-20 21:07:34,BUY,OUT,0.01,0.98026,0.33,0.0,-0.01,AUDCAD.p,[tp 0.98026]
249132966,338304080,2026-08-20 22:58:11,SELL,OUT,0.01,1.61064,0.32,0.0,-0.01,EURCAD.p,[tp 1.61064]
249156676,338360413,2026-08-21 01:02:22,SELL,OUT,0.01,0.81973,0.37,-0.01,-0.01,NZDCAD.p,[tp 0.81973]
249204506,338501063,2026-08-21 02:50:46,BUY,OUT,0.01,1.96354,0.27,-0.02,-0.01,EURNZD.p,[tp 1.96354]
249212397,338532941,2026-08-21 03:05:43,BUY,OUT,0.01,1.9156499999999999,0.34,-0.03,-0.01,GBPAUD.p,[tp 1.91565]
249238749,338624626,2026-08-21 03:45:00,SELL,IN,0.02,185.893,0.0,0.0,-0.02,EURJPY.p,E25/T4
249339446,338900852,2026-08-21 05:45:00,SELL,IN,0.01,0.98264,0.0,0.0,-0.01,AUDCAD.p,E25/T4
249339541,338900989,2026-08-21 05:45:00,SELL,IN,0.01,0.82186,0.0,0.0,-0.01,NZDCAD.p,E25/T4
249339560,338901016,2026-08-21 05:45:00,BUY,IN,0.01,1.91215,0.0,0.0,-0.01,GBPAUD.p,E25/T4
249339637,338901117,2026-08-21 05:45:01,BUY,IN,0.01,1.9589400000000001,0.0,0.0,-0.01,EURNZD.p,E25/T4
249376364,339006276,2026-08-21 06:43:34,SELL,OUT,0.01,0.57109,0.53,0.23,-0.01,AUDCHF.p,[tp 0.57109]
249400504,339071257,2026-08-21 07:29:29,BUY,OUT,0.01,1.8776199999999998,0.34,-0.11,-0.01,GBPCAD.p,[tp 1.87762]
249401252,339072675,2026-08-21 07:30:12,SELL,OUT,0.01,1.95939,0.27,0.0,-0.01,EURNZD.p,[tp 1.95939]
249409138,339099731,2026-08-21 07:54:06,BUY,OUT,0.01,0.82129,0.41,0.0,-0.01,NZDCAD.p,[tp 0.82129]
249409832,339103682,2026-08-21 08:00:00,BUY,IN,0.01,1.95966,0.0,0.0,-0.01,EURNZD.p,E25/T4
249416754,339120277,2026-08-21 08:15:00,SELL,IN,0.01,0.82115,0.0,0.0,-0.01,NZDCAD.p,E25/T4
249459086,339194404,2026-08-21 09:00:49,BUY,OUT,0.01,158.804,0.31,-0.14,-0.01,USDJPY.p,[tp 158.804]
249520344,339289569,2026-08-21 10:09:47,SELL,OUT,0.01,1.96015,0.29,0.0,-0.01,EURNZD.p,[tp 1.96015]
249520348,339289583,2026-08-21 10:09:48,BUY,IN,0.01,1.96017,0.0,0.0,-0.01,EURNZD.p,E25/T4
249544334,339332316,2026-08-21 10:38:13,BUY,OUT,0.01,1.63575,-0.98,0.13,-0.01,EURAUD.p,[tp 1.63575]
249544335,339332317,2026-08-21 10:38:13,BUY,OUT,0.01,1.63575,1.58,0.13,-0.01,EURAUD.p,[tp 1.63575]
249559453,339355797,2026-08-21 10:59:04,SELL,OUT,0.01,0.5818,-5.53,0.13,-0.01,CADCHF.p,[tp 0.58180]
249559454,339355798,2026-08-21 10:59:04,SELL,OUT,0.01,0.5818,-0.67,0.09,-0.01,CADCHF.p,[tp 0.58180]
249559455,339355799,2026-08-21 10:59:04,SELL,OUT,0.02,0.5818,8.29,0.2,-0.02,CADCHF.p,[tp 0.58180]
249565122,339363283,2026-08-21 11:06:07,BUY,OUT,0.01,0.82069,0.33,0.0,-0.01,NZDCAD.p,[tp 0.82069]
249573568,339374448,2026-08-21 11:15:00,BUY,IN,0.01,1.9068399999999999,0.0,0.0,-0.01,GBPAUD.p,E25/T4
249595863,339402782,2026-08-21 11:30:00,BUY,IN,0.01,0.82172,0.0,0.0,-0.01,NZDCAD.p,E25/T4
249595864,339402783,2026-08-21 11:30:00,BUY,IN,0.01,1.8768099999999999,0.0,0.0,-0.01,GBPCAD.p,E25/T4
249595952,339402909,2026-08-21 11:30:00,SELL,IN,0.02,0.71593,0.0,0.0,-0.02,AUDUSD.p,E25/T4
249610014,339422623,2026-08-21 11:45:00,BUY,IN,0.01,1.26871,0.0,0.0,-0.01,USDSGD.p,E25/T4
249610018,339422629,2026-08-21 11:45:00,BUY,IN,0.01,1.63412,0.0,0.0,-0.01,EURAUD.p,E25/T4
249610065,339422690,2026-08-21 11:45:00,SELL,IN,0.01,0.59786,0.0,0.0,-0.01,NZDUSD.p,E25/T4
249628172,339450918,2026-08-21 12:08:11,BUY,OUT,0.01,185.47,-3.82,-0.06,-0.01,EURJPY.p,[tp 185.470]
249628173,339450919,2026-08-21 12:08:11,BUY,OUT,0.01,185.47,-0.43,-0.06,-0.01,EURJPY.p,[tp 185.470]
249628175,339450920,2026-08-21 12:08:11,BUY,OUT,0.02,185.47,5.34,0.0,-0.02,EURJPY.p,[tp 185.470]
249656573,339490854,2026-08-21 12:30:00,BUY,IN,0.01,158.495,0.0,0.0,-0.01,USDJPY.p,E25/T4
249666496,339505632,2026-08-21 12:45:00,BUY,IN,0.01,185.562,0.0,0.0,-0.01,EURJPY.p,E25/T4
249693404,339544865,2026-08-21 13:21:44,SELL,OUT,0.01,1.63455,0.31,0.0,-0.01,EURAUD.p,[tp 1.63455]
249714893,339575805,2026-08-21 13:53:10,SELL,OUT,0.01,185.731,1.06,0.0,-0.01,EURJPY.p,[tp 185.731]
249714959,339575890,2026-08-21 13:53:11,BUY,IN,0.01,185.73,0.0,0.0,-0.01,EURJPY.p,E25/T4
249718660,339581034,2026-08-21 13:57:31,BUY,OUT,0.01,1.73126,0.35,-0.14,-0.01,GBPSGD.p,[tp 1.73126]
249729531,339594891,2026-08-21 14:06:31,SELL,OUT,0.01,158.734,1.51,0.0,-0.01,USDJPY.p,[tp 158.734]
249729571,339594939,2026-08-21 14:06:32,BUY,IN,0.01,158.74,0.0,0.0,-0.01,USDJPY.p,E25/T4
249756149,339629038,2026-08-21 14:25:32,SELL,OUT,0.01,1.8772799999999998,0.34,0.0,-0.01,GBPCAD.p,[tp 1.87728]
249756187,339629112,2026-08-21 14:25:33,BUY,IN,0.01,1.87738,0.0,0.0,-0.01,GBPCAD.p,E25/T4
249756370,339629320,2026-08-21 14:25:37,SELL,OUT,0.01,0.82218,0.33,0.0,-0.01,NZDCAD.p,[tp 0.82218]
249788725,339676431,2026-08-21 15:00:00,BUY,IN,0.01,1.63337,0.0,0.0,-0.01,EURAUD.p,E25/T4
249788728,339676434,2026-08-21 15:00:00,BUY,IN,0.01,1.6074199999999998,0.0,0.0,-0.01,EURCAD.p,E25/T4
249843739,339750543,2026-08-21 15:37:01,SELL,OUT,0.01,158.789,0.31,0.0,-0.01,USDJPY.p,[tp 158.789]
249870419,339788724,2026-08-21 16:00:00,SELL,IN,0.01,158.753,0.0,0.0,-0.01,USDJPY.p,E25/T4
249884544,339808765,2026-08-21 16:11:08,BUY,IN,0.02,1.90333,0.0,0.0,-0.02,GBPAUD.p,E25/T4
249901657,339832268,2026-08-21 16:24:05,BUY,OUT,0.01,1.48292,0.34,-0.28,-0.01,EURSGD.p,[tp 1.48292]
249972354,339930356,2026-08-21 17:00:00,BUY,IN,0.01,1.62933,0.0,0.0,-0.01,EURAUD.p,E25/T4
249972486,339930560,2026-08-21 17:00:00,BUY,IN,0.01,1.48267,0.0,0.0,-0.01,EURSGD.p,E25/T4
249972489,339930561,2026-08-21 17:00:00,BUY,IN,0.01,1.73153,0.0,0.0,-0.01,GBPSGD.p,E25/T4
249972544,339930711,2026-08-21 17:00:00,BUY,IN,0.01,1.95294,0.0,0.0,-0.01,EURNZD.p,E25/T4
250044961,340049269,2026-08-21 17:44:48,SELL,OUT,0.01,1.60786,0.32,0.0,-0.01,EURCAD.p,[tp 1.60786]
250045646,340050153,2026-08-21 17:45:00,BUY,IN,0.01,1.60792,0.0,0.0,-0.01,EURCAD.p,E25/T4
250086737,340123140,2026-08-21 18:15:00,SELL,IN,0.01,113.945,0.0,0.0,-0.01,AUDJPY.p,E25/T4
250096257,340142082,2026-08-21 18:23:46,SELL,OUT,0.01,0.80194,0.55,0.27,-0.01,USDCHF.p,[tp 0.80194]
250133962,340204220,2026-08-21 18:51:43,SELL,OUT,0.01,1.87785,0.34,0.0,-0.01,GBPCAD.p,[tp 1.87785]
250174521,340294566,2026-08-21 19:21:07,SELL,OUT,0.01,1.60853,0.44,0.0,-0.01,EURCAD.p,[tp 1.60853]
250183084,340307505,2026-08-21 19:25:26,SELL,OUT,0.01,1.48311,0.35,0.0,-0.01,EURSGD.p,[tp 1.48311]
250202738,340339854,2026-08-21 19:45:00,SELL,IN,0.01,1.6081699999999999,0.0,0.0,-0.01,EURCAD.p,E25/T4
250252916,340424394,2026-08-21 20:30:00,BUY,IN,0.01,1.48269,0.0,0.0,-0.01,EURSGD.p,E25/T4
250258150,340432001,2026-08-21 20:34:52,SELL,OUT,0.01,1.7319900000000001,0.36,0.0,-0.01,GBPSGD.p,[tp 1.73199]
250287767,340491601,2026-08-21 21:30:00,SELL,IN,0.01,0.57484,0.0,0.0,-0.01,AUDCHF.p,E25/T4
250287807,340491775,2026-08-21 21:30:02,SELL,OUT,0.01,185.774,0.28,0.0,-0.01,EURJPY.p,[tp 185.774]
250300803,340517529,2026-08-21 21:52:02,BUY,OUT,0.01,1.6076000000000001,0.41,0.0,-0.01,EURCAD.p,[tp 1.60760]
250553947,340893444,2026-08-24 00:01:29,BUY,IN,0.01,1.61351,0.0,0.0,-0.01,EURCAD.p,E25/T4
250555795,340895463,2026-08-24 00:15:00,BUY,IN,0.01,0.58068,0.0,0.0,-0.01,CADCHF.p,E25/T4
250557379,340897104,2026-08-24 00:26:08,BUY,IN,0.02,1.1991100000000001,0.0,0.0,-0.02,AUDNZD.p,E25/T4
250559657,340899320,2026-08-24 00:37:01,BUY,OUT,0.01,158.644,0.69,-0.14,-0.01,USDJPY.p,[tp 158.644]
250559884,340899578,2026-08-24 00:38:48,BUY,OUT,0.01,0.57433,0.64,-0.12,-0.01,AUDCHF.p,[tp 0.57433]
250560517,340900267,2026-08-24 00:45:00,BUY,IN,0.01,158.935,0.0,0.0,-0.01,USDJPY.p,E25/T4
250578449,340929926,2026-08-24 01:15:00,BUY,IN,0.01,185.584,0.0,0.0,-0.01,EURJPY.p,E25/T4
250578484,340930071,2026-08-24 01:15:00,BUY,IN,0.01,0.9104,0.0,0.0,-0.01,AUDSGD.p,E25/T4
250578485,340930072,2026-08-24 01:15:00,BUY,IN,0.01,0.57435,0.0,0.0,-0.01,AUDCHF.p,E25/T4
250578505,340930244,2026-08-24 01:15:00,BUY,IN,0.01,1.7324899999999999,0.0,0.0,-0.01,GBPSGD.p,E25/T4
250596626,340964545,2026-08-24 01:45:00,SELL,IN,0.01,0.82415,0.0,0.0,-0.01,NZDCAD.p,E25/T4
250596659,340964641,2026-08-24 01:45:00,SELL,IN,0.01,1.88188,0.0,0.0,-0.01,GBPCAD.p,E25/T4
250623409,341019255,2026-08-24 02:41:01,SELL,OUT,0.01,158.988,0.33,0.0,-0.01,USDJPY.p,[tp 158.988]
250639389,341049209,2026-08-24 03:00:00,SELL,IN,0.01,158.876,0.0,0.0,-0.01,USDJPY.p,E25/T4
250644901,341064845,2026-08-24 03:04:03,SELL,OUT,0.01,185.637,0.33,0.0,-0.01,EURJPY.p,[tp 185.637]
250675593,341113309,2026-08-24 03:23:31,SELL,OUT,0.01,1.48312,0.34,-0.01,-0.01,EURSGD.p,[tp 1.48312]
250709217,341172219,2026-08-24 03:45:00,SELL,IN,0.01,1.48279,0.0,0.0,-0.01,EURSGD.p,E25/T4
250754508,341246618,2026-08-24 04:15:00,BUY,IN,0.01,185.548,0.0,0.0,-0.01,EURJPY.p,E25/T4
250814517,341365579,2026-08-24 05:02:09,BUY,OUT,0.01,158.828,0.3,0.0,-0.01,USDJPY.p,[tp 158.828]
250848334,341431944,2026-08-24 05:31:47,SELL,OUT,0.01,185.601,0.33,0.0,-0.01,EURJPY.p,[tp 185.601]
250885712,341500305,2026-08-24 06:09:15,BUY,OUT,0.01,0.82369,0.33,0.0,-0.01,NZDCAD.p,[tp 0.82369]
250885722,341500316,2026-08-24 06:09:16,SELL,IN,0.01,0.82366,0.0,0.0,-0.01,NZDCAD.p,E25/T4
250922708,341569834,2026-08-24 07:09:05,BUY,OUT,0.01,1.48237,0.33,0.0,-0.01,EURSGD.p,[tp 1.48237]
251014691,341755450,2026-08-24 09:15:00,SELL,IN,0.01,0.99008,0.0,0.0,-0.01,AUDCAD.p,E25/T4
251062061,341846958,2026-08-24 09:55:36,SELL,OUT,0.01,1.61395,0.32,0.0,-0.01,EURCAD.p,[tp 1.61395]
251072794,341876926,2026-08-24 10:09:26,SELL,OUT,0.01,1.38278,-3.95,0.06,-0.01,USDCAD.p,[tp 1.38278]
251072795,341876927,2026-08-24 10:09:26,SELL,OUT,0.01,1.38278,4.5600000000000005,0.02,-0.01,USDCAD.p,[tp 1.38278]
251084468,341905597,2026-08-24 10:21:13,SELL,OUT,0.01,1.73292,0.34,0.0,-0.01,GBPSGD.p,[tp 1.73292]
251108002,341950399,2026-08-24 10:45:04,SELL,IN,0.01,1.61382,0.0,0.0,-0.01,EURCAD.p,E25/T4
251144581,342011969,2026-08-24 11:13:35,SELL,OUT,0.01,0.57477,0.52,0.0,-0.01,AUDCHF.p,[tp 0.57477]
251172261,342065843,2026-08-24 11:45:00,SELL,IN,0.01,1.8867699999999998,0.0,0.0,-0.01,GBPCAD.p,E25/T4
251172307,342065974,2026-08-24 11:45:00,SELL,IN,0.01,159.217,0.0,0.0,-0.01,USDJPY.p,E25/T4
251172321,342066063,2026-08-24 11:45:01,SELL,IN,0.01,0.80243,0.0,0.0,-0.01,USDCHF.p,E25/T4
251194352,342104928,2026-08-24 12:15:00,SELL,IN,0.01,1.38401,0.0,0.0,-0.01,USDCAD.p,E25/T4
251221635,342155008,2026-08-24 12:54:50,BUY,OUT,0.01,1.61338,0.32,0.0,-0.01,EURCAD.p,[tp 1.61338]
251221659,342155128,2026-08-24 12:54:52,SELL,IN,0.01,1.61338,0.0,0.0,-0.01,EURCAD.p,E25/T4
251244542,342197919,2026-08-24 13:34:59,BUY,OUT,0.01,159.129,0.55,0.0,-0.01,USDJPY.p,[tp 159.129]
251244550,342197943,2026-08-24 13:35:00,SELL,IN,0.01,159.121,0.0,0.0,-0.01,USDJPY.p,E25/T4
251266626,342233836,2026-08-24 14:06:38,SELL,OUT,0.01,1.9569999999999999,-1.8900000000000001,-0.03,-0.01,EURNZD.p,[tp 1.95700]
251266627,342233837,2026-08-24 14:06:38,SELL,OUT,0.01,1.9569999999999999,2.42,-0.03,-0.01,EURNZD.p,[tp 1.95700]
251288637,342269224,2026-08-24 14:34:25,BUY,OUT,0.01,114.988,-0.94,-0.08,-0.01,CADJPY.p,[tp 114.988]
251288638,342269225,2026-08-24 14:34:25,BUY,OUT,0.01,114.988,1.5,-0.08,-0.01,CADJPY.p,[tp 114.988]
251297956,342281005,2026-08-24 14:36:03,BUY,OUT,0.01,0.80199,0.55,0.0,-0.01,USDCHF.p,[tp 0.80199]
251298010,342281163,2026-08-24 14:36:05,SELL,IN,0.01,0.80195,0.0,0.0,-0.01,USDCHF.p,E25/T4
251324320,342318353,2026-08-24 14:45:00,SELL,IN,0.01,185.544,0.0,0.0,-0.01,EURJPY.p,E25/T4
251324384,342318461,2026-08-24 14:45:00,SELL,IN,0.01,1.95613,0.0,0.0,-0.01,EURNZD.p,E25/T4
251338686,342340611,2026-08-24 14:55:05,BUY,OUT,0.01,159.066,0.35,0.0,-0.01,USDJPY.p,[tp 159.066]
251338702,342340636,2026-08-24 14:55:06,SELL,IN,0.01,159.062,0.0,0.0,-0.01,USDJPY.p,E25/T4
251386636,342419669,2026-08-24 15:37:12,BUY,OUT,0.01,1.38358,0.31,0.0,-0.01,USDCAD.p,[tp 1.38358]
251386639,342419672,2026-08-24 15:37:13,SELL,IN,0.01,1.38361,0.0,0.0,-0.01,USDCAD.p,E25/T4
251397449,342436895,2026-08-24 15:45:00,BUY,IN,0.01,114.922,0.0,0.0,-0.01,CADJPY.p,E25/T4
251426739,342484161,2026-08-24 16:11:30,BUY,OUT,0.01,1.95568,0.27,0.0,-0.01,EURNZD.p,[tp 1.95568]
251431379,342491045,2026-08-24 16:15:00,SELL,IN,0.01,1.9560300000000002,0.0,0.0,-0.01,EURNZD.p,E25/T4
251518631,342621486,2026-08-24 16:59:34,BUY,OUT,0.01,1.38287,0.54,0.0,-0.01,USDCAD.p,[tp 1.38287]
251518789,342621846,2026-08-24 16:59:49,BUY,OUT,0.01,1.61294,0.32,0.0,-0.01,EURCAD.p,[tp 1.61294]
251546680,342665753,2026-08-24 17:14:53,SELL,OUT,0.01,115.075,0.96,0.0,-0.01,CADJPY.p,[tp 115.075]
251546926,342666056,2026-08-24 17:15:00,BUY,IN,0.01,1.38296,0.0,0.0,-0.01,USDCAD.p,E25/T4
251546979,342666210,2026-08-24 17:15:00,BUY,IN,0.01,1.61355,0.0,0.0,-0.01,EURCAD.p,E25/T4
251592082,342736388,2026-08-24 17:45:00,SELL,IN,0.01,115.049,0.0,0.0,-0.01,CADJPY.p,E25/T4
251630335,342796182,2026-08-24 18:15:55,SELL,OUT,0.01,1.9068800000000001,-3.77,-0.06,-0.01,GBPAUD.p,[tp 1.90688]
251630336,342796183,2026-08-24 18:15:55,SELL,OUT,0.01,1.9068800000000001,0.03,-0.06,-0.01,GBPAUD.p,[tp 1.90688]
251630337,342796185,2026-08-24 18:15:55,SELL,OUT,0.02,1.9068800000000001,5.08,-0.12,-0.02,GBPAUD.p,[tp 1.90688]
251646422,342825446,2026-08-24 18:30:00,SELL,IN,0.01,1.90645,0.0,0.0,-0.01,GBPAUD.p,E25/T4
251650285,342834069,2026-08-24 18:32:15,SELL,OUT,0.01,1.38353,0.41,0.0,-0.01,USDCAD.p,[tp 1.38353]
251675909,342871681,2026-08-24 18:48:54,SELL,OUT,0.01,1.6147399999999998,0.86,0.0,-0.01,EURCAD.p,[tp 1.61474]
251716906,342935486,2026-08-24 19:15:00,SELL,IN,0.01,1.38402,0.0,0.0,-0.01,USDCAD.p,E25/T4
251722421,342947148,2026-08-24 19:23:41,BUY,OUT,0.01,114.924,0.79,0.0,-0.01,CADJPY.p,[tp 114.924]
251730410,342963162,2026-08-24 19:38:17,BUY,OUT,0.01,159.014,0.3,0.0,-0.01,USDJPY.p,[tp 159.014]
251735785,342972325,2026-08-24 19:45:00,BUY,IN,0.01,114.937,0.0,0.0,-0.01,CADJPY.p,E25/T4
251735809,342972425,2026-08-24 19:45:00,SELL,IN,0.01,1.6147200000000002,0.0,0.0,-0.01,EURCAD.p,E25/T4
251756197,343000387,2026-08-24 20:00:58,SELL,OUT,0.01,1.63177,-1.1400000000000001,-0.09,-0.01,EURAUD.p,[tp 1.63177]
251756198,343000388,2026-08-24 20:00:58,SELL,OUT,0.01,1.63177,1.74,-0.09,-0.01,EURAUD.p,[tp 1.63177]
251763186,343012066,2026-08-24 20:07:43,BUY,OUT,0.01,185.5,0.28,0.0,-0.01,EURJPY.p,[tp 185.500]
251794640,343063123,2026-08-24 20:25:15,SELL,OUT,0.01,1.27104,-1.13,0.05,-0.01,USDSGD.p,[tp 1.27104]
251794641,343063124,2026-08-24 20:25:15,SELL,OUT,0.01,1.27104,1.83,0.01,-0.01,USDSGD.p,[tp 1.27104]
251844897,343155258,2026-08-24 21:15:00,BUY,IN,0.01,0.57348,0.0,0.0,-0.01,AUDCHF.p,E25/T4
251844944,343155481,2026-08-24 21:15:00,BUY,IN,0.01,0.47803,0.0,0.0,-0.01,NZDCHF.p,E25/T4
251858902,343180787,2026-08-24 21:30:00,SELL,IN,0.01,159.144,0.0,0.0,-0.01,USDJPY.p,E25/T4
251858943,343180948,2026-08-24 21:30:00,BUY,IN,0.01,1.48209,0.0,0.0,-0.01,EURSGD.p,E25/T4
251942393,343355283,2026-08-25 01:15:00,BUY,IN,0.01,1.73177,0.0,0.0,-0.01,GBPSGD.p,E25/T4
251995417,343477489,2026-08-25 03:00:24,BUY,OUT,0.01,1.90597,0.34,-0.03,-0.01,GBPAUD.p,[tp 1.90597]
252065219,343597095,2026-08-25 03:53:36,SELL,OUT,0.01,114.982,0.28,0.01,-0.01,CADJPY.p,[tp 114.982]
252096173,343655135,2026-08-25 04:15:00,SELL,IN,0.01,114.933,0.0,0.0,-0.01,CADJPY.p,E25/T4
252096213,343655190,2026-08-25 04:15:00,SELL,IN,0.01,185.665,0.0,0.0,-0.01,EURJPY.p,E25/T4
252116855,343692729,2026-08-25 04:30:00,BUY,IN,0.01,1.63026,0.0,0.0,-0.01,EURAUD.p,E25/T4
252136338,343728921,2026-08-25 04:47:13,BUY,IN,0.01,1.90605,0.0,0.0,-0.01,GBPAUD.p,E25/T4
252140025,343736008,2026-08-25 04:49:28,SELL,OUT,0.01,0.57456,1.35,0.06,-0.01,AUDCHF.p,[tp 0.57456]
252197738,343845442,2026-08-25 05:30:00,SELL,IN,0.01,1.27026,0.0,0.0,-0.01,USDSGD.p,E25/T4
252221577,343884522,2026-08-25 05:41:55,BUY,OUT,0.01,1.9555799999999999,0.27,-0.01,-0.01,EURNZD.p,[tp 1.95558]
252301104,344095455,2026-08-25 06:45:00,BUY,IN,0.01,1.95561,0.0,0.0,-0.01,EURNZD.p,E25/T4
252301132,344095586,2026-08-25 06:45:00,SELL,IN,0.01,0.57478,0.0,0.0,-0.01,AUDCHF.p,E25/T4
252322279,344201952,2026-08-25 07:23:33,SELL,OUT,0.01,1.6309399999999998,0.49,0.0,-0.01,EURAUD.p,[tp 1.63094]
252337520,344235853,2026-08-25 07:45:00,SELL,IN,0.01,1.63073,0.0,0.0,-0.01,EURAUD.p,E25/T4
252338049,344237222,2026-08-25 07:45:15,BUY,OUT,0.01,185.621,0.28,0.0,-0.01,EURJPY.p,[tp 185.621]
252339219,344240498,2026-08-25 07:48:37,BUY,OUT,0.01,114.887,0.29,0.0,-0.01,CADJPY.p,[tp 114.887]
252343828,344256041,2026-08-25 08:00:00,BUY,IN,0.01,114.953,0.0,0.0,-0.01,CADJPY.p,E25/T4
252343885,344256243,2026-08-25 08:00:00,BUY,IN,0.01,185.684,0.0,0.0,-0.01,EURJPY.p,E25/T4
252403208,344397029,2026-08-25 09:10:37,SELL,OUT,0.01,1.9575900000000002,1.18,0.0,-0.01,EURNZD.p,[tp 1.95759]
252410358,344418783,2026-08-25 09:23:21,BUY,OUT,0.01,0.57436,0.52,0.0,-0.01,AUDCHF.p,[tp 0.57436]
252410370,344418810,2026-08-25 09:23:22,SELL,IN,0.01,0.57436,0.0,0.0,-0.01,AUDCHF.p,E25/T4
252415269,344431629,2026-08-25 09:30:00,SELL,IN,0.01,1.95692,0.0,0.0,-0.01,EURNZD.p,E25/T4
252427173,344465630,2026-08-25 09:47:49,BUY,OUT,0.02,1.16528,2.1,0.31,-0.02,EURUSD.p,[tp 1.16528]
252442129,344508978,2026-08-25 10:05:03,SELL,OUT,0.01,185.807,0.77,0.0,-0.01,EURJPY.p,[tp 185.807]
252450945,344530861,2026-08-25 10:15:00,BUY,IN,0.02,1.16591,0.0,0.0,-0.02,EURUSD.p,/// THERANTO V3 ///
252450949,344530879,2026-08-25 10:15:00,SELL,IN,0.01,1.09616,0.0,0.0,-0.01,GBPCHF.p,E25/T4
252462336,344567426,2026-08-25 10:29:17,SELL,OUT,0.01,115.006,0.33,0.0,-0.01,CADJPY.p,[tp 115.006]
252518423,344715266,2026-08-25 11:24:32,SELL,OUT,0.01,0.47846,0.54,0.02,-0.01,NZDCHF.p,[tp 0.47846]
252537320,344773635,2026-08-25 11:43:44,BUY,OUT,0.01,0.57394,0.52,0.0,-0.01,AUDCHF.p,[tp 0.57394]
252537327,344773666,2026-08-25 11:43:46,BUY,IN,0.01,0.57397,0.0,0.0,-0.01,AUDCHF.p,E25/T4
252538633,344776792,2026-08-25 11:45:00,SELL,IN,0.01,185.907,0.0,0.0,-0.01,EURJPY.p,E25/T4
252539696,344779773,2026-08-25 11:46:25,SELL,OUT,0.01,1.7329599999999998,0.94,0.0,-0.01,GBPSGD.p,[tp 1.73296]
252558468,344842338,2026-08-25 12:10:59,SELL,OUT,0.01,1.48252,0.34,-0.01,-0.01,EURSGD.p,[tp 1.48252]
252568677,344884377,2026-08-25 12:30:00,SELL,IN,0.01,1.7332,0.0,0.0,-0.01,GBPSGD.p,E25/T4
252611648,345003540,2026-08-25 13:13:03,BUY,OUT,0.01,185.835,0.45,0.0,-0.01,EURJPY.p,[tp 185.835]
252611720,345003627,2026-08-25 13:13:04,SELL,IN,0.01,185.833,0.0,0.0,-0.01,EURJPY.p,E25/T4
252623977,345052223,2026-08-25 13:40:58,BUY,OUT,0.01,1.95647,0.27,0.0,-0.01,EURNZD.p,[tp 1.95647]
252644142,345125328,2026-08-25 14:15:03,BUY,OUT,0.01,1.6303,0.31,0.0,-0.01,EURAUD.p,[tp 1.63030]
252656844,345171926,2026-08-25 14:40:01,BUY,OUT,0.01,185.751,0.51,0.0,-0.01,EURJPY.p,[tp 185.751]
252656894,345171998,2026-08-25 14:40:02,BUY,IN,0.01,185.752,0.0,0.0,-0.01,EURJPY.p,E25/T4
252659162,345178576,2026-08-25 14:43:40,SELL,OUT,0.01,0.57439,0.52,0.0,-0.01,AUDCHF.p,[tp 0.57439]
252670016,345209926,2026-08-25 15:00:00,BUY,IN,0.01,1.9545599999999999,0.0,0.0,-0.01,EURNZD.p,E25/T4
252683821,345249666,2026-08-25 15:15:00,BUY,IN,0.01,1.6303,0.0,0.0,-0.01,EURAUD.p,E25/T4
252740258,345396933,2026-08-25 16:08:06,SELL,OUT,0.02,1.16695,2.08,0.0,-0.02,EURUSD.p,[tp 1.16695]
252760299,345435395,2026-08-25 16:18:31,SELL,OUT,0.01,185.814,0.39,0.0,-0.01,EURJPY.p,[tp 185.814]
252760307,345435419,2026-08-25 16:18:33,SELL,IN,0.01,185.814,0.0,0.0,-0.01,EURJPY.p,E25/T4
252779152,345464893,2026-08-25 17:22:54,BUY,OUT,0.01,1.61426,0.33,-0.03,-0.01,EURCAD.p,[tp 1.61426]
252791142,345485157,2026-08-25 17:31:17,SELL,OUT,0.01,1.63093,0.45,0.0,-0.01,EURAUD.p,[tp 1.63093]
252791148,345485174,2026-08-25 17:31:17,SELL,OUT,0.01,1.9555799999999999,0.61,0.0,-0.01,EURNZD.p,[tp 1.95558]
252802047,345503212,2026-08-25 17:37:56,BUY,OUT,0.01,1.3833199999999999,0.51,-0.05,-0.01,USDCAD.p,[tp 1.38332]
252802418,345503831,2026-08-25 17:38:10,BUY,IN,0.01,1.3832900000000001,0.0,0.0,-0.01,USDCAD.p,E25/T4
252823219,345544499,2026-08-25 18:00:00,BUY,IN,0.01,1.61443,0.0,0.0,-0.01,EURCAD.p,E25/T4
252972307,345957862,2026-08-25 20:54:06,BUY,OUT,0.01,1.26936,0.71,0.0,-0.01,USDSGD.p,[tp 1.26936]
252973706,345962832,2026-08-25 20:57:23,SELL,IN,0.01,1.6310099999999998,0.0,0.0,-0.01,EURAUD.p,E25/T4
252977939,345974884,2026-08-25 21:05:30,SELL,OUT,0.01,1.90653,0.34,0.0,-0.01,GBPAUD.p,[tp 1.90653]
253000034,346017316,2026-08-25 21:45:00,BUY,IN,0.01,1.95464,0.0,0.0,-0.01,EURNZD.p,E25/T4
253037506,346076695,2026-08-25 22:17:34,BUY,OUT,0.01,0.80151,0.55,-0.16,-0.01,USDCHF.p,[tp 0.80151]
253050193,346098233,2026-08-25 22:30:00,BUY,IN,0.01,1.26931,0.0,0.0,-0.01,USDSGD.p,E25/T4
253051773,346101247,2026-08-25 22:31:43,BUY,OUT,0.01,1.63015,0.62,0.0,-0.01,EURAUD.p,[tp 1.63015]
253073476,346134382,2026-08-25 22:53:17,BUY,OUT,0.01,185.769,0.28,0.0,-0.01,EURJPY.p,[tp 185.769]
253079319,346143936,2026-08-25 22:57:58,BUY,OUT,0.01,159.096,0.3,-0.14,-0.01,USDJPY.p,[tp 159.096]
253081285,346146552,2026-08-25 23:00:00,SELL,IN,0.01,95.159,0.0,0.0,-0.01,NZDJPY.p,E25/T4
253083613,346149755,2026-08-25 23:02:58,SELL,OUT,0.01,1.61487,0.32,0.0,-0.01,EURCAD.p,[tp 1.61487]
253083659,346149808,2026-08-25 23:02:59,BUY,IN,0.01,1.61489,0.0,0.0,-0.01,EURCAD.p,E25/T4
253105306,346185402,2026-08-25 23:37:11,SELL,OUT,0.01,1.38372,0.31,0.0,-0.01,USDCAD.p,[tp 1.38372]
253105314,346185411,2026-08-25 23:37:12,BUY,IN,0.01,1.38375,0.0,0.0,-0.01,USDCAD.p,E25/T4
253107918,346191104,2026-08-25 23:45:00,BUY,IN,0.01,1.6295899999999999,0.0,0.0,-0.01,EURAUD.p,E25/T4
253112255,346201535,2026-08-25 23:55:12,BUY,OUT,0.01,1.73225,0.75,0.0,-0.01,GBPSGD.p,[tp 1.73225]
253123811,346224736,2026-08-26 01:15:00,BUY,IN,0.01,1.90524,0.0,0.0,-0.01,GBPAUD.p,E25/T4
253125135,346227578,2026-08-26 01:16:35,SELL,OUT,0.01,1.61561,0.52,-0.02,-0.01,EURCAD.p,[tp 1.61561]
253125153,346227606,2026-08-26 01:16:40,BUY,IN,0.01,1.61566,0.0,0.0,-0.01,EURCAD.p,E25/T4
253243845,346544742,2026-08-26 04:31:04,SELL,OUT,0.01,0.91082,0.33,0.02,-0.01,AUDSGD.p,[tp 0.91082]
253244498,346545862,2026-08-26 04:31:26,SELL,OUT,0.01,1.95509,0.27,-0.04,-0.01,EURNZD.p,[tp 1.95509]
253246372,346549930,2026-08-26 04:33:13,SELL,OUT,0.01,1.20251,-2.73,0.16,-0.01,AUDNZD.p,[tp 1.20251]
253246374,346549931,2026-08-26 04:33:13,SELL,OUT,0.01,1.20251,-0.27,0.14,-0.01,AUDNZD.p,[tp 1.20251]
253246376,346549933,2026-08-26 04:33:13,SELL,OUT,0.02,1.20251,4.05,0.06,-0.02,AUDNZD.p,[tp 1.20251]
253260313,346578729,2026-08-26 04:47:38,SELL,IN,0.01,0.99359,0.0,0.0,-0.01,AUDCAD.p,E25/T4
253283842,346619231,2026-08-26 05:15:00,SELL,IN,0.01,1.95688,0.0,0.0,-0.01,EURNZD.p,E25/T4
253290291,346639119,2026-08-26 05:30:00,BUY,IN,0.01,158.975,0.0,0.0,-0.01,USDJPY.p,E25/T4
253306030,346685654,2026-08-26 05:45:00,BUY,IN,0.01,114.783,0.0,0.0,-0.01,CADJPY.p,E25/T4
253306073,346685800,2026-08-26 05:45:00,BUY,IN,0.01,185.548,0.0,0.0,-0.01,EURJPY.p,E25/T4
253315049,346709902,2026-08-26 06:00:00,SELL,IN,0.01,0.91151,0.0,0.0,-0.01,AUDSGD.p,E25/T4
253335216,346776124,2026-08-26 06:31:02,SELL,OUT,0.01,1.26976,0.35,0.01,-0.01,USDSGD.p,[tp 1.26976]
253348439,346818533,2026-08-26 07:00:00,SELL,IN,0.01,1.2056499999999999,0.0,0.0,-0.01,AUDNZD.p,E25/T4
253348443,346818543,2026-08-26 07:00:00,SELL,IN,0.01,0.57683,0.0,0.0,-0.01,AUDCHF.p,E25/T4
253421534,347017149,2026-08-26 09:14:38,BUY,OUT,0.01,0.59496,-2.06,0.08,-0.01,NZDUSD.p,[tp 0.59496]
253421535,347017150,2026-08-26 09:14:38,BUY,OUT,0.01,0.59496,2.9,0.03,-0.01,NZDUSD.p,[tp 0.59496]
253447151,347055320,2026-08-26 09:40:57,SELL,OUT,0.01,1.6167500000000001,0.79,0.0,-0.01,EURCAD.p,[tp 1.61675]
253491916,347140204,2026-08-26 10:45:01,SELL,IN,0.01,1.6174,0.0,0.0,-0.01,EURCAD.p,E25/T4
253817555,347593539,2026-08-26 16:45:00,SELL,IN,0.01,114.374,0.0,0.0,-0.01,AUDJPY.p,E25/T4
253824960,347603355,2026-08-26 16:49:46,SELL,OUT,0.01,114.908,0.78,0.0,-0.01,CADJPY.p,[tp 114.908]
253825294,347603735,2026-08-26 16:49:50,SELL,OUT,0.01,0.93869,0.55,0.25,-0.01,EURCHF.p,[tp 0.93869]
253826205,347604848,2026-08-26 16:50:01,SELL,OUT,0.01,185.741,1.21,0.0,-0.01,EURJPY.p,[tp 185.741]
253865256,347654427,2026-08-26 17:15:00,SELL,IN,0.01,114.89,0.0,0.0,-0.01,CADJPY.p,E25/T4
253865282,347654477,2026-08-26 17:15:00,SELL,IN,0.01,185.703,0.0,0.0,-0.01,EURJPY.p,E25/T4
253899299,347697101,2026-08-26 17:45:00,BUY,IN,0.02,1.1648399999999999,0.0,0.0,-0.02,EURUSD.p,/// THERANTO V3 ///
253919697,347726981,2026-08-26 18:00:00,SELL,IN,0.01,1.96273,0.0,0.0,-0.01,EURNZD.p,E25/T4
254156097,348183114,2026-08-26 23:52:09,BUY,OUT,0.01,1.61696,0.32,0.0,-0.01,EURCAD.p,[tp 1.61696]
254160170,348208707,2026-08-27 01:00:00,BUY,IN,0.01,0.93846,0.0,0.0,-0.01,EURCHF.p,E25/T4
254169552,348228205,2026-08-27 01:15:00,BUY,IN,0.01,1.48198,0.0,0.0,-0.01,EURSGD.p,E25/T4
254193769,348275543,2026-08-27 01:48:31,BUY,OUT,0.01,185.607,0.6,-0.17,-0.01,EURJPY.p,[tp 185.607]
254209405,348313785,2026-08-27 02:14:13,BUY,OUT,0.01,1.9595099999999999,-1.56,-0.04,-0.01,EURNZD.p,[tp 1.95951]
254209406,348313786,2026-08-27 02:14:13,BUY,OUT,0.01,1.9595099999999999,1.92,-0.04,-0.01,EURNZD.p,[tp 1.95951]
254209426,348313822,2026-08-27 02:14:14,BUY,IN,0.01,1.9595799999999999,0.0,0.0,-0.01,EURNZD.p,E25/T4
254214588,348324910,2026-08-27 02:19:53,BUY,OUT,0.01,114.772,0.74,-0.1,-0.01,CADJPY.p,[tp 114.772]
254218831,348340722,2026-08-27 02:29:38,SELL,OUT,0.01,1.38776,2.89,0.05,-0.01,USDCAD.p,[tp 1.38776]
254219157,348341436,2026-08-27 02:30:00,BUY,IN,0.01,185.607,0.0,0.0,-0.01,EURJPY.p,E25/T4
254226447,348368203,2026-08-27 02:45:00,BUY,IN,0.01,114.792,0.0,0.0,-0.01,CADJPY.p,E25/T4
254226816,348369912,2026-08-27 02:45:51,SELL,OUT,0.01,159.257,1.77,0.12,-0.01,USDJPY.p,[tp 159.257]
254241487,348427282,2026-08-27 03:06:31,BUY,OUT,0.01,216.396,-3.3,-0.92,-0.01,GBPJPY.p,[tp 216.396]
254241488,348427285,2026-08-27 03:06:31,BUY,OUT,0.01,216.396,-0.08,-0.92,-0.01,GBPJPY.p,[tp 216.396]
254241489,348427286,2026-08-27 03:06:31,BUY,OUT,0.02,216.396,4.79,-1.85,-0.02,GBPJPY.p,[tp 216.396]
254256994,348491439,2026-08-27 03:30:00,BUY,IN,0.01,216.352,0.0,0.0,-0.01,GBPJPY.p,E25/T4
254285070,348585626,2026-08-27 04:00:00,BUY,IN,0.01,159.187,0.0,0.0,-0.01,USDJPY.p,E25/T4
254316343,348671106,2026-08-27 04:17:57,SELL,OUT,0.01,1.9600300000000002,0.27,0.0,-0.01,EURNZD.p,[tp 1.96003]
254336629,348724471,2026-08-27 04:38:39,SELL,OUT,0.01,185.652,0.28,0.0,-0.01,EURJPY.p,[tp 185.652]
254344742,348743870,2026-08-27 04:45:00,BUY,IN,0.01,185.606,0.0,0.0,-0.01,EURJPY.p,E25/T4
254361321,348789319,2026-08-27 05:00:30,SELL,OUT,0.01,216.464,0.7,0.0,-0.01,GBPJPY.p,[tp 216.464]
254361346,348789552,2026-08-27 05:00:32,BUY,IN,0.01,216.473,0.0,0.0,-0.01,GBPJPY.p,E25/T4
254374120,348850597,2026-08-27 05:24:21,SELL,OUT,0.01,114.837,0.28,0.0,-0.01,CADJPY.p,[tp 114.837]
254391579,348919837,2026-08-27 05:45:00,SELL,IN,0.01,114.805,0.0,0.0,-0.01,CADJPY.p,E25/T4
254399783,348959124,2026-08-27 06:00:40,SELL,OUT,0.01,159.347,1.0,0.0,-0.01,USDJPY.p,[tp 159.347]
254409473,348998028,2026-08-27 06:15:00,SELL,IN,0.01,159.307,0.0,0.0,-0.01,USDJPY.p,E25/T4
254418277,349082187,2026-08-27 06:31:16,SELL,OUT,0.01,185.728,0.77,0.0,-0.01,EURJPY.p,[tp 185.728]
254423722,349113954,2026-08-27 06:45:00,BUY,IN,0.01,1.95807,0.0,0.0,-0.01,EURNZD.p,E25/T4
254432842,349175369,2026-08-27 07:14:43,SELL,OUT,0.01,216.547,0.46,0.0,-0.01,GBPJPY.p,[tp 216.547]
254445279,349239340,2026-08-27 07:45:00,SELL,IN,0.01,216.508,0.0,0.0,-0.01,GBPJPY.p,E25/T4
254445309,349239490,2026-08-27 07:45:00,SELL,IN,0.01,185.733,0.0,0.0,-0.01,EURJPY.p,E25/T4
254449143,349272306,2026-08-27 07:59:04,SELL,OUT,0.01,0.9389,0.55,0.0,-0.01,EURCHF.p,[tp 0.93890]
254456325,349311540,2026-08-27 08:13:15,SELL,OUT,0.01,1.959,0.55,0.0,-0.01,EURNZD.p,[tp 1.95900]
254456780,349314818,2026-08-27 08:15:00,BUY,IN,0.01,1.95914,0.0,0.0,-0.01,EURNZD.p,E25/T4
254456783,349314825,2026-08-27 08:15:00,SELL,IN,0.01,0.93877,0.0,0.0,-0.01,EURCHF.p,E25/T4
254540752,349795089,2026-08-27 09:46:18,BUY,OUT,0.01,114.759,0.29,0.0,-0.01,CADJPY.p,[tp 114.759]
254557098,349880062,2026-08-27 10:01:46,BUY,OUT,0.01,185.689,0.28,0.0,-0.01,EURJPY.p,[tp 185.689]
254567544,349942365,2026-08-27 10:12:57,SELL,OUT,0.01,1.95959,0.27,0.0,-0.01,EURNZD.p,[tp 1.95959]
254576975,349998979,2026-08-27 10:23:35,BUY,OUT,0.01,216.451,0.36,0.0,-0.01,GBPJPY.p,[tp 216.451]
254615640,350179742,2026-08-27 11:15:00,SELL,IN,0.01,1.9606,0.0,0.0,-0.01,EURNZD.p,E25/T4
254657905,350348866,2026-08-27 12:15:00,BUY,IN,0.01,216.375,0.0,0.0,-0.01,GBPJPY.p,E25/T4
254660951,350363815,2026-08-27 12:22:37,BUY,OUT,0.01,0.93832,0.56,0.0,-0.01,EURCHF.p,[tp 0.93832]
254719305,350518361,2026-08-27 13:02:18,BUY,OUT,0.01,1.96015,0.27,0.0,-0.01,EURNZD.p,[tp 1.96015]
254719311,350518386,2026-08-27 13:02:20,SELL,IN,0.01,1.96014,0.0,0.0,-0.01,EURNZD.p,E25/T4
254749106,350594412,2026-08-27 13:30:00,BUY,IN,0.01,0.9382,0.0,0.0,-0.01,EURCHF.p,E25/T4
254766950,350640819,2026-08-27 13:53:41,SELL,OUT,0.01,216.532,0.98,0.0,-0.01,GBPJPY.p,[tp 216.532]
254766975,350640852,2026-08-27 13:53:43,SELL,IN,0.01,216.539,0.0,0.0,-0.01,GBPJPY.p,E25/T4
254790032,350704985,2026-08-27 14:31:42,BUY,OUT,0.01,1.95812,1.2,0.0,-0.01,EURNZD.p,[tp 1.95812]
254791682,350709349,2026-08-27 14:32:43,BUY,OUT,0.01,1.8838599999999999,-1.43,-0.54,-0.01,GBPCAD.p,[tp 1.88386]
254791683,350709350,2026-08-27 14:32:43,BUY,OUT,0.01,1.8838599999999999,2.1,-0.54,-0.01,GBPCAD.p,[tp 1.88386]
254803447,350743879,2026-08-27 14:51:32,BUY,OUT,0.01,1.09301,-2.88,-1.71,-0.01,GBPCHF.p,[tp 1.09301]
254803448,350743880,2026-08-27 14:51:32,BUY,OUT,0.01,1.09301,3.91,-0.97,-0.01,GBPCHF.p,[tp 1.09301]
254808995,350760371,2026-08-27 15:00:00,BUY,IN,0.01,1.88331,0.0,0.0,-0.01,GBPCAD.p,E25/T4
254820139,350791625,2026-08-27 15:15:00,BUY,IN,0.01,1.61527,0.0,0.0,-0.01,EURCAD.p,E25/T4
254823669,350801259,2026-08-27 15:18:23,BUY,OUT,0.01,216.433,0.67,0.0,-0.01,GBPJPY.p,[tp 216.433]
254833367,350832011,2026-08-27 15:30:00,BUY,IN,0.01,1.95753,0.0,0.0,-0.01,EURNZD.p,E25/T4
254894672,351001055,2026-08-27 16:15:00,BUY,IN,0.01,216.642,0.0,0.0,-0.01,GBPJPY.p,E25/T4
254909537,351045972,2026-08-27 16:26:49,SELL,OUT,0.01,1.88422,0.66,0.0,-0.01,GBPCAD.p,[tp 1.88422]
254909960,351046583,2026-08-27 16:26:52,BUY,IN,0.01,1.8843,0.0,0.0,-0.01,GBPCAD.p,E25/T4
254910315,351047322,2026-08-27 16:27:04,SELL,OUT,0.02,1.16588,2.08,-0.37,-0.02,EURUSD.p,[tp 1.16588]
254914670,351059755,2026-08-27 16:30:00,BUY,IN,0.01,1.09243,0.0,0.0,-0.01,GBPCHF.p,E25/T4
254953057,351163850,2026-08-27 16:45:00,BUY,IN,0.01,1.38652,0.0,0.0,-0.01,USDCAD.p,E25/T4
254953059,351163852,2026-08-27 16:45:00,BUY,IN,0.01,0.80413,0.0,0.0,-0.01,USDCHF.p,E25/T4
254993577,351278105,2026-08-27 17:02:28,SELL,OUT,0.01,1.95798,0.27,0.0,-0.01,EURNZD.p,[tp 1.95798]
255017572,351353229,2026-08-27 17:17:00,BUY,IN,0.01,1.95773,0.0,0.0,-0.01,EURNZD.p,E25/T4
255127302,351651672,2026-08-27 18:43:31,SELL,OUT,0.01,1.95828,0.33,0.0,-0.01,EURNZD.p,[tp 1.95828]
255140356,351686451,2026-08-27 18:54:23,BUY,OUT,0.01,159.259,0.3,0.0,-0.01,USDJPY.p,[tp 159.259]
255156429,351729510,2026-08-27 19:10:44,SELL,OUT,0.01,1.09285,0.52,0.0,-0.01,GBPCHF.p,[tp 1.09285]
255156449,351729663,2026-08-27 19:10:46,BUY,IN,0.01,1.09285,0.0,0.0,-0.01,GBPCHF.p,E25/T4
255167392,351764826,2026-08-27 19:30:00,BUY,IN,0.01,1.95796,0.0,0.0,-0.01,EURNZD.p,E25/T4
255242593,351987960,2026-08-27 21:25:51,SELL,OUT,0.01,1.95841,0.27,0.0,-0.01,EURNZD.p,[tp 1.95841]
255322911,352184941,2026-08-28 01:15:00,BUY,IN,0.01,1.95841,0.0,0.0,-0.01,EURNZD.p,E25/T4
255322945,352185152,2026-08-28 01:15:00,BUY,IN,0.01,1.72786,0.0,0.0,-0.01,GBPSGD.p,E25/T4
255377582,352328338,2026-08-28 03:27:05,SELL,OUT,0.01,1.09327,0.52,0.07,-0.01,GBPCHF.p,[tp 1.09327]
255420203,352456727,2026-08-28 04:15:00,SELL,IN,0.01,1.09291,0.0,0.0,-0.01,GBPCHF.p,E25/T4
255474952,352645730,2026-08-28 05:13:01,SELL,OUT,0.01,0.80458,0.56,0.06,-0.01,USDCHF.p,[tp 0.80458]
255495704,352715566,2026-08-28 05:49:15,SELL,OUT,0.01,216.696,0.34,0.03,-0.01,GBPJPY.p,[tp 216.696]
255529220,352810321,2026-08-28 07:02:02,SELL,OUT,0.01,0.5811,0.52,0.13,-0.01,CADCHF.p,[tp 0.58110]
255742915,353183543,2026-08-28 11:34:38,BUY,OUT,0.01,1.09249,0.52,0.0,-0.01,GBPCHF.p,[tp 1.09249]
255762153,353226443,2026-08-28 12:15:00,SELL,IN,0.01,125.628,0.0,0.0,-0.01,SGDJPY.p,E25/T4
255782594,353273359,2026-08-28 13:00:00,BUY,IN,0.01,1.09206,0.0,0.0,-0.01,GBPCHF.p,E25/T4
255824010,353341878,2026-08-28 14:00:00,SELL,IN,0.01,216.956,0.0,0.0,-0.01,GBPJPY.p,E25/T4
255855778,353388956,2026-08-28 14:45:00,SELL,IN,0.01,1.21009,0.0,0.0,-0.01,AUDNZD.p,E25/T4
255858726,353392916,2026-08-28 14:48:02,SELL,OUT,0.01,1.95886,0.27,0.0,-0.01,EURNZD.p,[tp 1.95886]
255859641,353394235,2026-08-28 14:49:06,BUY,OUT,0.01,0.8232,0.33,-0.12,-0.01,NZDCAD.p,[tp 0.82320]
255875653,353417511,2026-08-28 15:10:38,SELL,OUT,0.01,1.0924800000000001,0.52,0.0,-0.01,GBPCHF.p,[tp 1.09248]
255880525,353423822,2026-08-28 15:15:00,SELL,IN,0.01,1.95824,0.0,0.0,-0.01,EURNZD.p,E25/T4
255880551,353423864,2026-08-28 15:15:00,BUY,IN,0.01,1.09217,0.0,0.0,-0.01,GBPCHF.p,E25/T4
255895457,353444110,2026-08-28 15:29:07,BUY,OUT,0.01,216.744,1.33,0.0,-0.01,GBPJPY.p,[tp 216.744]
255895466,353444126,2026-08-28 15:29:08,SELL,IN,0.01,216.73,0.0,0.0,-0.01,GBPJPY.p,E25/T4
256023996,353607530,2026-08-28 16:44:11,BUY,OUT,0.01,1.95669,0.92,0.0,-0.01,EURNZD.p,[tp 1.95669]
256025301,353609192,2026-08-28 16:45:00,SELL,IN,0.01,1.9567,0.0,0.0,-0.01,EURNZD.p,E25/T4
256086264,353683110,2026-08-28 17:01:17,BUY,OUT,0.01,216.672,0.36,0.0,-0.01,GBPJPY.p,[tp 216.672]
256094192,353693429,2026-08-28 17:02:17,SELL,OUT,0.01,1.3869500000000001,0.31,0.01,-0.01,USDCAD.p,[tp 1.38695]
256094567,353693912,2026-08-28 17:02:18,BUY,OUT,0.01,1.35655,-1.3900000000000001,-0.11,-0.01,GBPUSD.p,[tp 1.35655]
256094568,353693913,2026-08-28 17:02:18,BUY,OUT,0.01,1.35655,2.33,-0.11,-0.01,GBPUSD.p,[tp 1.35655]
256098643,353698781,2026-08-28 17:02:33,SELL,OUT,0.01,1.09259,0.52,0.0,-0.01,GBPCHF.p,[tp 1.09259]
256098994,353699253,2026-08-28 17:02:35,BUY,IN,0.01,1.09257,0.0,0.0,-0.01,GBPCHF.p,E25/T4
256294445,353954345,2026-08-28 17:45:00,SELL,IN,0.01,1.27365,0.0,0.0,-0.01,USDSGD.p,E25/T4
256294446,353954346,2026-08-28 17:45:00,BUY,IN,0.01,216.574,0.0,0.0,-0.01,GBPJPY.p,E25/T4
256294447,353954347,2026-08-28 17:45:00,SELL,IN,0.01,159.87,0.0,0.0,-0.01,USDJPY.p,E25/T4
256294532,353954459,2026-08-28 17:45:00,SELL,IN,0.01,1.3885100000000001,0.0,0.0,-0.01,USDCAD.p,E25/T4
256294533,353954460,2026-08-28 17:45:00,BUY,IN,0.01,1.35473,0.0,0.0,-0.01,GBPUSD.p,E25/T4
256294534,353954461,2026-08-28 17:45:00,BUY,IN,0.01,0.82315,0.0,0.0,-0.01,NZDCAD.p,E25/T4
256294535,353954462,2026-08-28 17:45:00,SELL,IN,0.01,0.80773,0.0,0.0,-0.01,USDCHF.p,E25/T4
256294536,353954463,2026-08-28 17:45:00,BUY,IN,0.01,1.16076,0.0,0.0,-0.01,EURUSD.p,E25/T4
256294602,353954538,2026-08-28 17:45:01,BUY,IN,0.01,0.59286,0.0,0.0,-0.01,NZDUSD.p,E25/T4
256294608,353954549,2026-08-28 17:45:01,BUY,IN,0.01,185.574,0.0,0.0,-0.01,EURJPY.p,E25/T4
256326924,353997467,2026-08-28 17:56:33,SELL,OUT,0.01,1.7283,0.35,0.0,-0.01,GBPSGD.p,[tp 1.72830]
256327407,353998035,2026-08-28 17:56:38,BUY,IN,0.01,1.72836,0.0,0.0,-0.01,GBPSGD.p,E25/T4
256460643,354177820,2026-08-28 18:54:27,BUY,OUT,0.01,0.75365,0.34,-0.49,-0.01,NZDSGD.p,[tp 0.75365]
256622121,354380053,2026-08-28 19:51:44,SELL,OUT,0.01,185.618,0.27,0.0,-0.01,EURJPY.p,[tp 185.618]
256622240,354380199,2026-08-28 19:51:45,BUY,IN,0.01,185.623,0.0,0.0,-0.01,EURJPY.p,E25/T4
256633252,354394534,2026-08-28 20:00:00,BUY,IN,0.01,0.75345,0.0,0.0,-0.01,NZDSGD.p,E25/T4
256698620,354477861,2026-08-28 20:45:00,BUY,IN,0.01,1.47678,0.0,0.0,-0.01,EURSGD.p,E25/T4
256771263,354572423,2026-08-28 21:52:16,SELL,OUT,0.01,1.09534,3.42,0.0,-0.01,GBPCHF.p,[tp 1.09534]
256807918,354619702,2026-08-28 22:30:00,SELL,IN,0.01,1.09547,0.0,0.0,-0.01,GBPCHF.p,E25/T4
256948559,355154096,2026-08-31 01:00:00,BUY,IN,0.01,1.6177899999999998,0.0,0.0,-0.01,EURAUD.p,E25/T4
256979956,355204320,2026-08-31 01:32:28,SELL,OUT,0.01,0.75402,0.45,-0.0,-0.01,NZDSGD.p,[tp 0.75402]
256980007,355204456,2026-08-31 01:32:42,SELL,OUT,0.01,216.712,0.86,0.03,-0.01,GBPJPY.p,[tp 216.712]
257048129,355319174,2026-08-31 03:00:53,BUY,OUT,0.01,1.09505,0.52,-0.24,-0.01,GBPCHF.p,[tp 1.09505]
257062062,355341983,2026-08-31 03:15:00,SELL,IN,0.01,0.7543,0.0,0.0,-0.01,NZDSGD.p,E25/T4
257062135,355342075,2026-08-31 03:15:00,SELL,IN,0.01,216.666,0.0,0.0,-0.01,GBPJPY.p,E25/T4
257142544,355476965,2026-08-31 04:24:55,BUY,OUT,0.01,159.821,0.31,-0.14,-0.01,USDJPY.p,[tp 159.821]
257181201,355542644,2026-08-31 05:00:00,BUY,IN,0.01,159.829,0.0,0.0,-0.01,USDJPY.p,E25/T4
257200482,355575466,2026-08-31 05:13:59,BUY,OUT,0.01,216.437,1.43,0.0,-0.01,GBPJPY.p,[tp 216.437]
257206430,355586688,2026-08-31 05:21:53,BUY,OUT,0.01,0.75315,0.9,0.0,-0.01,NZDSGD.p,[tp 0.75315]
257206440,355586703,2026-08-31 05:21:54,BUY,IN,0.01,0.75315,0.0,0.0,-0.01,NZDSGD.p,E25/T4
257216343,355603721,2026-08-31 05:32:06,BUY,OUT,0.01,1.2732,0.35,-0.11,-0.01,USDSGD.p,[tp 1.27320]
257235205,355633172,2026-08-31 05:45:00,BUY,IN,0.01,1.27358,0.0,0.0,-0.01,USDSGD.p,E25/T4
257251692,355660545,2026-08-31 06:00:00,BUY,IN,0.01,216.419,0.0,0.0,-0.01,GBPJPY.p,E25/T4
257282729,355717766,2026-08-31 06:51:35,BUY,OUT,0.01,197.529,0.31,0.1,-0.01,CHFJPY.p,[tp 197.529]
257313557,355779465,2026-08-31 08:00:00,BUY,IN,0.01,197.48,0.0,0.0,-0.01,CHFJPY.p,E25/T4
257350849,355842304,2026-08-31 08:46:06,SELL,OUT,0.01,216.477,0.36,0.0,-0.01,GBPJPY.p,[tp 216.477]
257350856,355842313,2026-08-31 08:46:07,BUY,IN,0.01,216.49,0.0,0.0,-0.01,GBPJPY.p,E25/T4
257383408,355900713,2026-08-31 09:29:08,SELL,OUT,0.01,197.529,0.31,0.0,-0.01,CHFJPY.p,[tp 197.529]
257383671,355901331,2026-08-31 09:30:00,BUY,IN,0.01,197.528,0.0,0.0,-0.01,CHFJPY.p,E25/T4
257383831,355901624,2026-08-31 09:30:07,SELL,OUT,0.01,159.878,0.31,0.0,-0.01,USDJPY.p,[tp 159.878]
257383843,355901648,2026-08-31 09:30:09,BUY,IN,0.01,159.878,0.0,0.0,-0.01,USDJPY.p,E25/T4
257409360,355950679,2026-08-31 10:17:25,BUY,IN,0.01,216.139,0.0,0.0,-0.01,GBPJPY.p,E25/T4
257427260,355980280,2026-08-31 10:38:27,BUY,OUT,0.01,0.91109,0.33,-0.44,-0.01,AUDSGD.p,[tp 0.91109]
257441565,356005731,2026-08-31 11:01:23,SELL,OUT,0.01,1.35518,0.45,-0.01,-0.01,GBPUSD.p,[tp 1.35518]
257458859,356038782,2026-08-31 11:30:00,BUY,IN,0.01,114.839,0.0,0.0,-0.01,CADJPY.p,E25/T4
257500548,356123228,2026-08-31 12:59:46,SELL,OUT,0.01,197.578,0.31,0.0,-0.01,CHFJPY.p,[tp 197.578]
257500563,356123249,2026-08-31 12:59:48,BUY,IN,0.01,197.579,0.0,0.0,-0.01,CHFJPY.p,E25/T4
257504845,356131054,2026-08-31 13:06:14,SELL,OUT,0.01,115.018,1.12,0.0,-0.01,CADJPY.p,[tp 115.018]
257505968,356132262,2026-08-31 13:06:24,SELL,OUT,0.01,216.371,-0.75,0.0,-0.01,GBPJPY.p,[tp 216.371]
257505969,356132263,2026-08-31 13:06:24,SELL,OUT,0.01,216.371,1.45,0.0,-0.01,GBPJPY.p,[tp 216.371]
257526887,356173495,2026-08-31 13:45:00,SELL,IN,0.01,115.002,0.0,0.0,-0.01,CADJPY.p,E25/T4
257579240,356277787,2026-08-31 15:15:00,BUY,IN,0.01,216.298,0.0,0.0,-0.01,GBPJPY.p,E25/T4
257590508,356296876,2026-08-31 15:26:53,SELL,OUT,0.01,197.628,0.31,0.0,-0.01,CHFJPY.p,[tp 197.628]
257597816,356308977,2026-08-31 15:33:11,BUY,OUT,0.01,1.38808,0.31,-0.05,-0.01,USDCAD.p,[tp 1.38808]
257654250,356404259,2026-08-31 16:30:00,SELL,IN,0.01,197.706,0.0,0.0,-0.01,CHFJPY.p,E25/T4
257694231,356462136,2026-08-31 16:52:29,SELL,OUT,0.01,216.49,1.2,0.0,-0.01,GBPJPY.p,[tp 216.490]
257705264,356479615,2026-08-31 17:00:00,SELL,IN,0.01,216.449,0.0,0.0,-0.01,GBPJPY.p,E25/T4
257730657,356519494,2026-08-31 17:15:00,BUY,IN,0.01,1.87817,0.0,0.0,-0.01,GBPCAD.p,E25/T4
257737185,356529944,2026-08-31 17:19:35,SELL,OUT,0.01,0.75357,0.33,0.0,-0.01,NZDSGD.p,[tp 0.75357]
257774511,356590151,2026-08-31 17:46:41,SELL,OUT,0.01,1.1612,0.44,-0.06,-0.01,EURUSD.p,[tp 1.16120]
257783686,356605162,2026-08-31 17:53:08,BUY,OUT,0.01,0.80729,0.55,-0.16,-0.01,USDCHF.p,[tp 0.80729]
257789366,356615065,2026-08-31 17:58:58,BUY,OUT,0.01,197.657,0.31,0.0,-0.01,CHFJPY.p,[tp 197.657]
257789394,356615146,2026-08-31 17:59:00,SELL,IN,0.01,197.649,0.0,0.0,-0.01,CHFJPY.p,E25/T4
257791016,356617705,2026-08-31 18:00:09,SELL,OUT,0.01,0.93864,0.54,0.06,-0.01,EURCHF.p,[tp 0.93864]
257851673,356717837,2026-08-31 19:00:00,SELL,IN,0.01,1.16164,0.0,0.0,-0.01,EURUSD.p,E25/T4
257860182,356731655,2026-08-31 19:09:04,BUY,OUT,0.01,216.391,0.36,0.0,-0.01,GBPJPY.p,[tp 216.391]
257888399,356775820,2026-08-31 19:43:04,BUY,OUT,0.01,197.591,0.36,0.0,-0.01,CHFJPY.p,[tp 197.591]
257916337,356827431,2026-08-31 20:30:00,BUY,IN,0.01,1.38589,0.0,0.0,-0.01,USDCAD.p,E25/T4
258017780,357040951,2026-09-01 00:15:00,BUY,IN,0.01,1.72418,0.0,0.0,-0.01,GBPSGD.p,E25/T4
258018078,357045403,2026-09-01 00:30:00,BUY,IN,0.01,0.93947,0.0,0.0,-0.01,EURCHF.p,E25/T4
258027479,357071185,2026-09-01 01:15:00,BUY,IN,0.01,197.639,0.0,0.0,-0.01,CHFJPY.p,E25/T4
258027480,357071186,2026-09-01 01:15:00,BUY,IN,0.01,0.75213,0.0,0.0,-0.01,NZDSGD.p,E25/T4
258057142,357142175,2026-09-01 02:53:02,SELL,OUT,0.01,0.75255,0.33,0.0,-0.01,NZDSGD.p,[tp 0.75255]
258070656,357164076,2026-09-01 03:04:34,SELL,OUT,0.01,197.688,0.31,0.0,-0.01,CHFJPY.p,[tp 197.688]
258070664,357164104,2026-09-01 03:04:35,SELL,OUT,0.01,185.667,0.28,0.02,-0.01,EURJPY.p,[tp 185.667]
258081839,357184435,2026-09-01 03:15:00,SELL,IN,0.01,185.585,0.0,0.0,-0.01,EURJPY.p,E25/T4
258102293,357224836,2026-09-01 03:45:00,SELL,IN,0.01,0.75252,0.0,0.0,-0.01,NZDSGD.p,E25/T4
258136369,357291527,2026-09-01 04:22:02,BUY,OUT,0.01,1.1612,0.44,0.03,-0.01,EURUSD.p,[tp 1.16120]
258138201,357295022,2026-09-01 04:23:55,SELL,OUT,0.01,1.38632,0.31,0.02,-0.01,USDCAD.p,[tp 1.38632]
258153106,357326260,2026-09-01 04:45:00,SELL,IN,0.01,1.38597,0.0,0.0,-0.01,USDCAD.p,E25/T4
258158882,357339827,2026-09-01 04:55:42,BUY,OUT,0.01,185.463,0.76,0.0,-0.01,EURJPY.p,[tp 185.463]
258172128,357367415,2026-09-01 05:15:00,BUY,IN,0.01,185.5,0.0,0.0,-0.01,EURJPY.p,E25/T4
258178551,357383241,2026-09-01 05:30:00,BUY,IN,0.01,197.409,0.0,0.0,-0.01,CHFJPY.p,E25/T4
258205097,357437278,2026-09-01 06:04:25,BUY,OUT,0.01,0.75129,0.97,0.0,-0.01,NZDSGD.p,[tp 0.75129]
258220056,357478433,2026-09-01 06:45:00,BUY,IN,0.01,0.75137,0.0,0.0,-0.01,NZDSGD.p,E25/T4
258224314,357490563,2026-09-01 06:57:24,SELL,OUT,0.01,0.93991,0.54,0.0,-0.01,EURCHF.p,[tp 0.93991]
258249510,357555188,2026-09-01 07:59:52,SELL,OUT,0.01,185.545,0.28,0.0,-0.01,EURJPY.p,[tp 185.545]
258249511,357555196,2026-09-01 07:59:53,BUY,IN,0.01,185.545,0.0,0.0,-0.01,EURJPY.p,E25/T4
258249519,357555269,2026-09-01 08:00:00,SELL,IN,0.01,0.93969,0.0,0.0,-0.01,EURCHF.p,E25/T4
258249775,357555945,2026-09-01 08:00:21,SELL,OUT,0.01,197.458,0.31,0.0,-0.01,CHFJPY.p,[tp 197.458]
258249781,357555956,2026-09-01 08:00:22,BUY,IN,0.01,197.463,0.0,0.0,-0.01,CHFJPY.p,E25/T4
258279473,357616304,2026-09-01 08:44:38,SELL,OUT,0.01,0.75187,0.39,0.0,-0.01,NZDSGD.p,[tp 0.75187]
258280062,357617178,2026-09-01 08:45:00,BUY,IN,0.01,0.75189,0.0,0.0,-0.01,NZDSGD.p,E25/T4
258299589,357657577,2026-09-01 09:15:10,SELL,OUT,0.01,159.927,0.31,0.04,-0.01,USDJPY.p,[tp 159.927]
258330495,357719092,2026-09-01 10:19:20,SELL,OUT,0.01,197.589,0.79,0.0,-0.01,CHFJPY.p,[tp 197.589]
258330497,357719095,2026-09-01 10:19:21,SELL,IN,0.01,197.588,0.0,0.0,-0.01,CHFJPY.p,E25/T4
258458455,357910238,2026-09-01 11:42:25,SELL,OUT,0.01,2.29611,-5.25,0.07,-0.01,GBPNZD.p,[tp 2.29611]
258458456,357910239,2026-09-01 11:42:25,SELL,OUT,0.01,2.29611,-2.7199999999999998,0.07,-0.01,GBPNZD.p,[tp 2.29611]
258458457,357910240,2026-09-01 11:42:25,SELL,OUT,0.02,2.29611,9.06,0.14,-0.02,GBPNZD.p,[tp 2.29611]
258472086,357930280,2026-09-01 11:52:09,BUY,OUT,0.01,0.93925,0.54,0.0,-0.01,EURCHF.p,[tp 0.93925]
258476840,357937543,2026-09-01 11:56:26,BUY,OUT,0.01,197.384,1.28,0.0,-0.01,CHFJPY.p,[tp 197.384]
258480108,357942866,2026-09-01 12:00:00,BUY,IN,0.01,197.445,0.0,0.0,-0.01,CHFJPY.p,E25/T4
258504033,357981044,2026-09-01 12:20:42,SELL,OUT,0.01,1.62411,-3.91,-0.66,-0.01,EURAUD.p,[tp 1.62411]
258504034,357981045,2026-09-01 12:20:42,SELL,OUT,0.01,1.62411,4.51,-0.1,-0.01,EURAUD.p,[tp 1.62411]
258512127,357993884,2026-09-01 12:30:03,BUY,IN,0.01,0.58936,0.0,0.0,-0.01,NZDUSD.p,E25/T4
258526842,358018873,2026-09-01 12:45:00,BUY,IN,0.01,0.90954,0.0,0.0,-0.01,AUDSGD.p,E25/T4
258526874,358018939,2026-09-01 12:45:00,SELL,IN,0.01,2.29681,0.0,0.0,-0.01,GBPNZD.p,E25/T4
258526888,358018957,2026-09-01 12:45:00,SELL,IN,0.01,1.62347,0.0,0.0,-0.01,EURAUD.p,E25/T4
258528133,358020819,2026-09-01 12:46:11,SELL,OUT,0.01,185.589,0.28,0.0,-0.01,EURJPY.p,[tp 185.589]
258566214,358087355,2026-09-01 13:38:52,SELL,OUT,0.01,197.59,0.91,0.0,-0.01,CHFJPY.p,[tp 197.590]
258566217,358087389,2026-09-01 13:38:54,SELL,IN,0.01,197.586,0.0,0.0,-0.01,CHFJPY.p,E25/T4
258599018,358139042,2026-09-01 14:20:24,BUY,OUT,0.01,2.29588,0.55,0.0,-0.01,GBPNZD.p,[tp 2.29588]
258611089,358160053,2026-09-01 14:39:18,BUY,OUT,0.01,1.6225399999999999,0.66,0.0,-0.01,EURAUD.p,[tp 1.62254]
258657575,358236841,2026-09-01 15:27:49,SELL,OUT,0.01,0.90997,0.34,0.0,-0.01,AUDSGD.p,[tp 0.90997]
258660002,358240950,2026-09-01 15:30:00,SELL,IN,0.01,1.62219,0.0,0.0,-0.01,EURAUD.p,E25/T4
258660069,358241039,2026-09-01 15:30:00,BUY,IN,0.01,0.90986,0.0,0.0,-0.01,AUDSGD.p,E25/T4
258701498,358306605,2026-09-01 16:00:00,SELL,IN,0.01,160.106,0.0,0.0,-0.01,USDJPY.p,E25/T4
258740027,358368213,2026-09-01 16:15:00,BUY,IN,0.01,2.29356,0.0,0.0,-0.01,GBPNZD.p,E25/T4
258747879,358381855,2026-09-01 16:21:12,BUY,OUT,0.01,197.537,0.31,0.0,-0.01,CHFJPY.p,[tp 197.537]
258747891,358381892,2026-09-01 16:21:14,SELL,IN,0.01,197.528,0.0,0.0,-0.01,CHFJPY.p,E25/T4
258837749,358526295,2026-09-01 17:16:19,BUY,OUT,0.01,1.62157,0.44,0.0,-0.01,EURAUD.p,[tp 1.62157]
258844569,358536634,2026-09-01 17:22:03,SELL,OUT,0.01,0.91059,0.57,0.0,-0.01,AUDSGD.p,[tp 0.91059]
258847156,358540395,2026-09-01 17:24:11,SELL,OUT,0.01,1.8817,-1.87,0.06,-0.01,GBPCAD.p,[tp 1.88170]
258847157,358540396,2026-09-01 17:24:11,SELL,OUT,0.01,1.8817,2.54,0.02,-0.01,GBPCAD.p,[tp 1.88170]
258868702,358577755,2026-09-01 17:45:00,SELL,IN,0.01,1.88111,0.0,0.0,-0.01,GBPCAD.p,E25/T4
258886906,358610907,2026-09-01 18:00:00,SELL,IN,0.01,1.3903699999999999,0.0,0.0,-0.01,USDCAD.p,E25/T4
258886918,358610926,2026-09-01 18:00:00,SELL,IN,0.01,0.58102,0.0,0.0,-0.01,AUDCHF.p,E25/T4
258890420,358616351,2026-09-01 18:02:17,BUY,OUT,0.01,197.19,2.11,0.0,-0.01,CHFJPY.p,[tp 197.190]
258896536,358625507,2026-09-01 18:07:48,BUY,OUT,0.01,160.052,0.34,0.0,-0.01,USDJPY.p,[tp 160.052]
258903797,358637015,2026-09-01 18:15:00,SELL,IN,0.01,160.06,0.0,0.0,-0.01,USDJPY.p,E25/T4
258903821,358637064,2026-09-01 18:15:00,SELL,IN,0.01,1.09824,0.0,0.0,-0.01,GBPCHF.p,E25/T4
258903823,358637066,2026-09-01 18:15:00,SELL,IN,0.01,0.94098,0.0,0.0,-0.01,EURCHF.p,E25/T4
258903875,358637140,2026-09-01 18:15:00,BUY,IN,0.01,197.231,0.0,0.0,-0.01,CHFJPY.p,E25/T4
258903883,358637152,2026-09-01 18:15:00,SELL,IN,0.01,0.81155,0.0,0.0,-0.01,USDCHF.p,E25/T4
258940425,358699912,2026-09-01 19:00:00,BUY,IN,0.01,1.61938,0.0,0.0,-0.01,EURAUD.p,E25/T4
258952245,358720738,2026-09-01 19:15:00,SELL,IN,0.01,0.91088,0.0,0.0,-0.01,AUDSGD.p,E25/T4
258962355,358738220,2026-09-01 19:26:22,SELL,OUT,0.01,2.2940300000000002,0.28,0.0,-0.01,GBPNZD.p,[tp 2.29403]
258962386,358738262,2026-09-01 19:26:23,BUY,IN,0.01,2.29417,0.0,0.0,-0.01,GBPNZD.p,E25/T4
259021130,358843311,2026-09-01 20:33:54,BUY,OUT,0.01,1.87928,1.32,0.0,-0.01,GBPCAD.p,[tp 1.87928]
259021140,358843355,2026-09-01 20:33:55,BUY,IN,0.01,1.87933,0.0,0.0,-0.01,GBPCAD.p,E25/T4
259035853,358868848,2026-09-01 20:59:03,SELL,OUT,0.01,197.281,0.31,0.0,-0.01,CHFJPY.p,[tp 197.281]
259036174,358869566,2026-09-01 21:00:00,BUY,IN,0.01,197.284,0.0,0.0,-0.01,CHFJPY.p,E25/T4
259042988,358879846,2026-09-01 21:07:26,SELL,OUT,0.01,1.62187,1.78,0.0,-0.01,EURAUD.p,[tp 1.62187]
259049514,358890753,2026-09-01 21:16:59,BUY,OUT,0.01,1.0973600000000001,1.08,0.0,-0.01,GBPCHF.p,[tp 1.09736]
259058561,358905614,2026-09-01 21:30:18,BUY,OUT,0.01,0.94054,0.54,0.0,-0.01,EURCHF.p,[tp 0.94054]
259058582,358905643,2026-09-01 21:30:19,SELL,IN,0.01,0.94052,0.0,0.0,-0.01,EURCHF.p,E25/T4
259069178,358923548,2026-09-01 21:45:00,BUY,IN,0.01,1.09698,0.0,0.0,-0.01,GBPCHF.p,E25/T4
259079104,358939674,2026-09-01 22:00:00,SELL,IN,0.01,1.62164,0.0,0.0,-0.01,EURAUD.p,E25/T4
259079105,358939675,2026-09-01 22:00:00,BUY,IN,0.01,1.35142,0.0,0.0,-0.01,GBPUSD.p,E25/T4
259113588,359000983,2026-09-01 22:56:24,SELL,OUT,0.01,197.407,0.77,0.0,-0.01,CHFJPY.p,[tp 197.407]
259113595,359000996,2026-09-01 22:56:26,SELL,IN,0.01,197.406,0.0,0.0,-0.01,CHFJPY.p,E25/T4
259113726,359001391,2026-09-01 22:57:03,BUY,OUT,0.01,0.90977,0.87,0.0,-0.01,AUDSGD.p,[tp 0.90977]
259127679,359037609,2026-09-01 23:45:00,BUY,IN,0.01,0.91001,0.0,0.0,-0.01,AUDSGD.p,E25/T4
259138488,359080146,2026-09-02 01:15:00,BUY,IN,0.01,216.522,0.0,0.0,-0.01,GBPJPY.p,E25/T4
259157726,359131922,2026-09-02 02:24:05,BUY,OUT,0.01,197.356,0.31,0.01,-0.01,CHFJPY.p,[tp 197.356]
259160028,359137623,2026-09-02 02:30:01,SELL,IN,0.01,197.345,0.0,0.0,-0.01,CHFJPY.p,E25/T4
259216229,359230108,2026-09-02 03:27:45,SELL,OUT,0.01,1.0974,0.52,0.07,-0.01,GBPCHF.p,[tp 1.09740]
259288494,359343648,2026-09-02 04:18:53,BUY,OUT,0.01,1.62121,0.31,0.04,-0.01,EURAUD.p,[tp 1.62121]
259300190,359363402,2026-09-02 04:30:01,SELL,OUT,0.01,0.91043,0.33,0.01,-0.01,AUDSGD.p,[tp 0.91043]
259300380,359363687,2026-09-02 04:30:13,BUY,OUT,0.01,197.284,0.38,0.0,-0.01,CHFJPY.p,[tp 197.284]
259319164,359397097,2026-09-02 04:49:36,SELL,OUT,0.01,216.579,0.36,0.0,-0.01,GBPJPY.p,[tp 216.579]
259335707,359422440,2026-09-02 05:00:00,BUY,IN,0.01,197.288,0.0,0.0,-0.01,CHFJPY.p,E25/T4
259335816,359422623,2026-09-02 05:00:00,BUY,IN,0.01,1.61982,0.0,0.0,-0.01,EURAUD.p,E25/T4
259336166,359423229,2026-09-02 05:00:19,SELL,OUT,0.01,2.2946400000000002,0.28,0.0,-0.01,GBPNZD.p,[tp 2.29464]
259336372,359423462,2026-09-02 05:00:23,BUY,OUT,0.01,94.223,-4.65,-0.51,-0.01,NZDJPY.p,[tp 94.223]
259336374,359423463,2026-09-02 05:00:23,BUY,OUT,0.01,94.223,-0.38,-0.41,-0.01,NZDJPY.p,[tp 94.223]
259336376,359423464,2026-09-02 05:00:23,BUY,OUT,0.01,94.223,5.84,-0.31,-0.01,NZDJPY.p,[tp 94.223]
259350962,359447011,2026-09-02 05:15:00,SELL,IN,0.01,0.47644,0.0,0.0,-0.01,NZDCHF.p,E25/T4
259350963,359447012,2026-09-02 05:15:00,BUY,IN,0.01,2.30449,0.0,0.0,-0.01,GBPNZD.p,E25/T4
259350964,359447013,2026-09-02 05:15:00,SELL,IN,0.01,93.968,0.0,0.0,-0.01,NZDJPY.p,E25/T4
259350965,359447014,2026-09-02 05:15:00,SELL,IN,0.01,1.97592,0.0,0.0,-0.01,EURNZD.p,E25/T4
259350966,359447015,2026-09-02 05:15:00,SELL,IN,0.02,1.21871,0.0,0.0,-0.02,AUDNZD.p,E25/T4
259350967,359447016,2026-09-02 05:15:00,BUY,IN,0.01,0.74641,0.0,0.0,-0.01,NZDSGD.p,E25/T4
259351030,359447115,2026-09-02 05:15:00,BUY,IN,0.01,0.81501,0.0,0.0,-0.01,NZDCAD.p,E25/T4
259351720,359448364,2026-09-02 05:16:03,BUY,IN,0.02,0.58583,0.0,0.0,-0.02,NZDUSD.p,E25/T4
259434291,359600109,2026-09-02 07:04:31,BUY,IN,0.01,216.281,0.0,0.0,-0.01,GBPJPY.p,E25/T4
259434753,359601591,2026-09-02 07:06:01,BUY,IN,0.01,185.445,0.0,0.0,-0.01,EURJPY.p,E25/T4
259445398,359629060,2026-09-02 07:39:53,SELL,OUT,0.01,1.6229900000000002,2.26,0.0,-0.01,EURAUD.p,[tp 1.62299]
259453814,359652042,2026-09-02 08:13:07,BUY,OUT,0.01,160.012,0.3,-0.15,-0.01,USDJPY.p,[tp 160.012]
259454657,359653714,2026-09-02 08:15:00,SELL,IN,0.01,1.6220400000000001,0.0,0.0,-0.01,EURAUD.p,E25/T4
259455401,359654563,2026-09-02 08:15:07,BUY,OUT,0.01,114.956,0.29,-0.08,-0.01,CADJPY.p,[tp 114.956]
259485062,359705319,2026-09-02 08:49:42,SELL,OUT,0.01,2.31173,4.23,0.0,-0.01,GBPNZD.p,[tp 2.31173]
259485068,359705363,2026-09-02 08:49:44,SELL,IN,0.01,2.31171,0.0,0.0,-0.01,GBPNZD.p,E25/T4
259487782,359709516,2026-09-02 08:52:13,BUY,OUT,0.01,93.36,3.8,0.0,-0.01,NZDJPY.p,[tp 93.360]
259512416,359755803,2026-09-02 09:30:00,BUY,IN,0.01,159.636,0.0,0.0,-0.01,USDJPY.p,E25/T4
259512463,359755869,2026-09-02 09:30:00,BUY,IN,0.01,93.299,0.0,0.0,-0.01,NZDJPY.p,E25/T4
259512477,359755894,2026-09-02 09:30:00,BUY,IN,0.01,114.731,0.0,0.0,-0.01,CADJPY.p,E25/T4
259531289,359792831,2026-09-02 09:58:16,BUY,OUT,0.01,0.47487,1.9300000000000002,0.0,-0.01,NZDCHF.p,[tp 0.47487]
259536056,359800717,2026-09-02 10:04:02,BUY,OUT,0.01,1.62013,1.3599999999999999,0.0,-0.01,EURAUD.p,[tp 1.62013]
259545510,359814578,2026-09-02 10:12:24,SELL,OUT,0.01,1.8798,0.34,0.02,-0.01,GBPCAD.p,[tp 1.87980]
259556368,359833368,2026-09-02 10:30:00,BUY,IN,0.01,1.6205,0.0,0.0,-0.01,EURAUD.p,E25/T4
259556419,359833443,2026-09-02 10:30:00,BUY,IN,0.01,196.303,0.0,0.0,-0.01,CHFJPY.p,E25/T4
259587172,359888740,2026-09-02 11:15:00,BUY,IN,0.01,0.47463,0.0,0.0,-0.01,NZDCHF.p,E25/T4
259597764,359908561,2026-09-02 11:33:16,SELL,OUT,0.01,159.69,0.34,0.0,-0.01,USDJPY.p,[tp 159.690]
259606129,359925067,2026-09-02 11:45:00,BUY,IN,0.01,159.728,0.0,0.0,-0.01,USDJPY.p,E25/T4
259618694,359948853,2026-09-02 12:00:00,SELL,IN,0.01,1.8814199999999999,0.0,0.0,-0.01,GBPCAD.p,E25/T4
259618799,359949058,2026-09-02 12:00:00,SELL,IN,0.01,1.1001,0.0,0.0,-0.01,GBPCHF.p,E25/T4
259630857,359973919,2026-09-02 12:14:07,SELL,OUT,0.01,1.62409,2.56,0.0,-0.01,EURAUD.p,[tp 1.62409]
259654019,360019180,2026-09-02 12:43:57,SELL,OUT,0.01,1.27403,0.35,0.02,-0.01,USDSGD.p,[tp 1.27403]
259654512,360020430,2026-09-02 12:45:00,SELL,IN,0.01,1.62459,0.0,0.0,-0.01,EURAUD.p,E25/T4
259692204,360098512,2026-09-02 13:56:16,SELL,OUT,0.01,114.777,0.29,0.0,-0.01,CADJPY.p,[tp 114.777]
259692210,360098558,2026-09-02 13:56:17,BUY,IN,0.01,114.778,0.0,0.0,-0.01,CADJPY.p,E25/T4
259711700,360132713,2026-09-02 14:14:38,BUY,OUT,0.01,1.62194,1.8900000000000001,0.0,-0.01,EURAUD.p,[tp 1.62194]
259712118,360133292,2026-09-02 14:14:40,SELL,IN,0.01,1.62187,0.0,0.0,-0.01,EURAUD.p,E25/T4
259715454,360138283,2026-09-02 14:15:37,BUY,OUT,0.01,1.09907,1.26,0.0,-0.01,GBPCHF.p,[tp 1.09907]
259717905,360142818,2026-09-02 14:17:38,BUY,OUT,0.01,1.87854,2.07,0.0,-0.01,GBPCAD.p,[tp 1.87854]
259717952,360142914,2026-09-02 14:17:39,BUY,IN,0.01,1.8785500000000002,0.0,0.0,-0.01,GBPCAD.p,E25/T4
259719380,360145806,2026-09-02 14:19:14,SELL,OUT,0.01,159.828,0.63,0.0,-0.01,USDJPY.p,[tp 159.828]
259728601,360163617,2026-09-02 14:30:00,SELL,IN,0.01,1.09877,0.0,0.0,-0.01,GBPCHF.p,E25/T4
259755452,360210254,2026-09-02 15:00:00,BUY,IN,0.02,1.7166700000000001,0.0,0.0,-0.02,GBPSGD.p,E25/T4
259755506,360210364,2026-09-02 15:00:00,BUY,IN,0.01,1.88731,0.0,0.0,-0.01,GBPAUD.p,E25/T4
259799647,360278622,2026-09-02 15:30:00,BUY,IN,0.01,159.632,0.0,0.0,-0.01,USDJPY.p,E25/T4
259821767,360315890,2026-09-02 15:53:02,BUY,OUT,0.01,1.61979,1.49,0.0,-0.01,EURAUD.p,[tp 1.61979]
259821775,360315925,2026-09-02 15:53:04,BUY,IN,0.01,1.61982,0.0,0.0,-0.01,EURAUD.p,E25/T4
259826212,360324320,2026-09-02 16:00:00,BUY,IN,0.01,215.06,0.0,0.0,-0.01,GBPJPY.p,E25/T4
259859762,360376561,2026-09-02 16:26:29,BUY,OUT,0.01,124.979,-2.7800000000000002,-0.32,-0.01,SGDJPY.p,[tp 124.979]
259859763,360376563,2026-09-02 16:26:29,BUY,OUT,0.01,124.979,-0.35,-0.32,-0.01,SGDJPY.p,[tp 124.979]
259859764,360376564,2026-09-02 16:26:29,BUY,OUT,0.01,124.979,4.08,-0.09,-0.01,SGDJPY.p,[tp 124.979]
259860039,360376935,2026-09-02 16:26:32,BUY,IN,0.01,124.877,0.0,0.0,-0.01,SGDJPY.p,E25/T4
259860189,360377128,2026-09-02 16:26:33,BUY,OUT,0.01,113.708,-4.2,-0.8,-0.01,AUDJPY.p,[tp 113.708]
259860191,360377131,2026-09-02 16:26:33,BUY,OUT,0.01,113.708,1.49,-0.73,-0.01,AUDJPY.p,[tp 113.708]
259860193,360377133,2026-09-02 16:26:33,BUY,OUT,0.01,113.708,4.2,-0.52,-0.01,AUDJPY.p,[tp 113.708]
259869895,360390709,2026-09-02 16:30:00,BUY,IN,0.01,184.212,0.0,0.0,-0.01,EURJPY.p,E25/T4
259869917,360390735,2026-09-02 16:30:01,BUY,IN,0.02,195.369,0.0,0.0,-0.02,CHFJPY.p,E25/T4
259869918,360390736,2026-09-02 16:30:01,BUY,IN,0.01,114.248,0.0,0.0,-0.01,CADJPY.p,E25/T4
259869964,360390796,2026-09-02 16:30:01,SELL,IN,0.01,113.752,0.0,0.0,-0.01,AUDJPY.p,E25/T4
259903707,360438961,2026-09-02 16:45:00,BUY,IN,0.01,92.6,0.0,0.0,-0.01,NZDJPY.p,E25/T4
259920528,360462783,2026-09-02 16:52:52,BUY,OUT,0.01,1.38775,-1.28,-0.05,-0.01,USDCAD.p,[tp 1.38775]
259920529,360462784,2026-09-02 16:52:52,BUY,OUT,0.01,1.38775,1.8900000000000001,-0.05,-0.01,USDCAD.p,[tp 1.38775]
259933343,360481085,2026-09-02 17:00:00,BUY,IN,0.01,1.874,0.0,0.0,-0.01,GBPCAD.p,E25/T4
259940430,360491724,2026-09-02 17:04:16,BUY,OUT,0.01,2.31123,0.28,0.0,-0.01,GBPNZD.p,[tp 2.31123]
259960150,360519784,2026-09-02 17:15:00,BUY,IN,0.01,1.2705,0.0,0.0,-0.01,USDSGD.p,E25/T4
259960151,360519785,2026-09-02 17:15:00,BUY,IN,0.01,1.38731,0.0,0.0,-0.01,USDCAD.p,E25/T4
259960231,360519887,2026-09-02 17:15:00,BUY,IN,0.01,2.31212,0.0,0.0,-0.01,GBPNZD.p,E25/T4
259960239,360519898,2026-09-02 17:15:00,SELL,IN,0.01,1.15941,0.0,0.0,-0.01,EURUSD.p,E25/T4
259976162,360543898,2026-09-02 17:25:23,BUY,OUT,0.01,1.09792,1.05,0.0,-0.01,GBPCHF.p,[tp 1.09792]
259976175,360543917,2026-09-02 17:25:24,BUY,IN,0.01,1.09785,0.0,0.0,-0.01,GBPCHF.p,E25/T4
260001311,360584985,2026-09-02 17:51:10,SELL,OUT,0.01,0.47505,0.52,0.0,-0.01,NZDCHF.p,[tp 0.47505]
260058339,360686502,2026-09-02 19:00:00,SELL,IN,0.01,0.58701,0.0,0.0,-0.01,CADCHF.p,E25/T4
260128798,360830857,2026-09-02 21:07:09,SELL,OUT,0.01,114.799,0.13,0.0,-0.01,CADJPY.p,[tp 114.799]
260128799,360830858,2026-09-02 21:07:09,SELL,OUT,0.01,114.799,3.4699999999999998,0.0,-0.01,CADJPY.p,[tp 114.799]
260128845,360830965,2026-09-02 21:07:16,SELL,IN,0.01,114.798,0.0,0.0,-0.01,CADJPY.p,E25/T4
260166933,360900458,2026-09-02 22:11:46,BUY,OUT,0.01,1.1583700000000001,1.04,0.0,-0.01,EURUSD.p,[tp 1.15837]
260166962,360900527,2026-09-02 22:11:49,SELL,OUT,0.01,125.045,1.06,0.0,-0.01,SGDJPY.p,[tp 125.045]
260176251,360918512,2026-09-02 22:30:02,BUY,IN,0.01,1.15848,0.0,0.0,-0.01,EURUSD.p,E25/T4
260188590,360945094,2026-09-02 22:57:31,BUY,OUT,0.01,114.753,0.28,0.0,-0.01,CADJPY.p,[tp 114.753]
260190380,360948015,2026-09-02 23:00:00,SELL,IN,0.01,114.73,0.0,0.0,-0.01,CADJPY.p,E25/T4
260197909,360967829,2026-09-02 23:30:00,BUY,IN,0.01,124.861,0.0,0.0,-0.01,SGDJPY.p,E25/T4
260212675,361035574,2026-09-03 01:40:10,SELL,OUT,0.01,124.942,0.51,-0.0,-0.01,SGDJPY.p,[tp 124.942]
260218666,361056034,2026-09-03 02:11:24,SELL,OUT,0.01,1.2711299999999999,0.5,0.03,-0.01,USDSGD.p,[tp 1.27113]
260221441,361067435,2026-09-03 02:30:00,SELL,IN,0.01,124.94,0.0,0.0,-0.01,SGDJPY.p,E25/T4
260222447,361069631,2026-09-03 02:33:04,SELL,OUT,0.01,92.948,-2.21,0.01,-0.01,NZDJPY.p,[tp 92.948]
260222448,361069632,2026-09-03 02:33:04,SELL,OUT,0.01,92.948,2.19,0.01,-0.01,NZDJPY.p,[tp 92.948]
260222451,361069635,2026-09-03 02:33:06,SELL,IN,0.01,92.951,0.0,0.0,-0.01,NZDJPY.p,E25/T4
260248117,361125889,2026-09-03 03:27:07,SELL,OUT,0.01,1.15892,0.44,-0.18,-0.01,EURUSD.p,[tp 1.15892]
260253264,361137675,2026-09-03 03:38:54,BUY,OUT,0.01,113.708,0.28,-0.23,-0.01,AUDJPY.p,[tp 113.708]
260254675,361140847,2026-09-03 03:41:24,BUY,OUT,0.01,114.685,0.28,-0.11,-0.01,CADJPY.p,[tp 114.685]
260254677,361140850,2026-09-03 03:41:25,SELL,IN,0.01,114.675,0.0,0.0,-0.01,CADJPY.p,E25/T4
260266771,361162199,2026-09-03 04:00:00,BUY,IN,0.01,113.734,0.0,0.0,-0.01,AUDJPY.p,E25/T4
260293188,361206019,2026-09-03 04:15:02,BUY,OUT,0.01,124.79,0.95,0.0,-0.01,SGDJPY.p,[tp 124.790]
260294662,361208690,2026-09-03 04:16:09,BUY,OUT,0.01,92.886,0.41,0.0,-0.01,NZDJPY.p,[tp 92.886]
260305992,361229304,2026-09-03 04:30:00,BUY,IN,0.02,183.631,0.0,0.0,-0.02,EURJPY.p,E25/T4
260306074,361229426,2026-09-03 04:30:00,BUY,IN,0.01,158.419,0.0,0.0,-0.01,USDJPY.p,E25/T4
260306087,361229451,2026-09-03 04:30:00,BUY,IN,0.01,2.3008,0.0,0.0,-0.01,GBPNZD.p,E25/T4
260332639,361273794,2026-09-03 05:00:00,BUY,IN,0.01,92.824,0.0,0.0,-0.01,NZDJPY.p,E25/T4
260332640,361273796,2026-09-03 05:00:00,BUY,IN,0.01,124.715,0.0,0.0,-0.01,SGDJPY.p,E25/T4
260344167,361294556,2026-09-03 05:15:00,BUY,IN,0.02,213.467,0.0,0.0,-0.02,GBPJPY.p,E25/T4
260359977,361320445,2026-09-03 05:35:25,BUY,OUT,0.01,114.278,2.51,0.0,-0.01,CADJPY.p,[tp 114.278]
260364871,361330715,2026-09-03 05:45:00,BUY,IN,0.01,114.325,0.0,0.0,-0.01,CADJPY.p,E25/T4
260400557,361400811,2026-09-03 06:45:00,BUY,IN,0.01,1.3829799999999999,0.0,0.0,-0.01,USDCAD.p,E25/T4
260425290,361450481,2026-09-03 07:32:43,BUY,IN,0.01,113.969,0.0,0.0,-0.01,CADJPY.p,E25/T4
260452442,361505888,2026-09-03 08:26:53,BUY,OUT,0.01,0.58659,0.52,-0.24,-0.01,CADCHF.p,[tp 0.58659]
260464985,361527970,2026-09-03 08:40:09,SELL,OUT,0.01,1.62025,0.31,-0.31,-0.01,EURAUD.p,[tp 1.62025]
260475342,361546570,2026-09-03 08:50:22,BUY,OUT,0.01,0.8111,0.55,-0.65,-0.01,USDCHF.p,[tp 0.81110]
260483970,361561964,2026-09-03 09:00:00,BUY,IN,0.04,212.33,0.0,0.0,-0.04,GBPJPY.p,E25/T4
260484059,361562167,2026-09-03 09:00:00,SELL,IN,0.01,1.61934,0.0,0.0,-0.01,EURAUD.p,E25/T4
260484090,361562237,2026-09-03 09:00:00,BUY,IN,0.01,112.727,0.0,0.0,-0.01,AUDJPY.p,E25/T4
260484095,361562248,2026-09-03 09:00:01,BUY,IN,0.01,92.165,0.0,0.0,-0.01,NZDJPY.p,E25/T4
260496166,361583248,2026-09-03 09:15:00,BUY,IN,0.04,1.71231,0.0,0.0,-0.04,GBPSGD.p,E25/T4
260508361,361605030,2026-09-03 09:30:03,BUY,OUT,0.01,0.94001,0.63,-0.53,-0.01,EURCHF.p,[tp 0.94001]
260520969,361633705,2026-09-03 10:00:00,BUY,IN,0.01,0.93993,0.0,0.0,-0.01,EURCHF.p,E25/T4
260521046,361633821,2026-09-03 10:00:00,BUY,IN,0.01,0.47443,0.0,0.0,-0.01,NZDCHF.p,E25/T4
260521047,361633822,2026-09-03 10:00:00,BUY,IN,0.01,0.80998,0.0,0.0,-0.01,USDCHF.p,E25/T4
260521054,361633832,2026-09-03 10:00:00,BUY,IN,0.01,0.58578,0.0,0.0,-0.01,CADCHF.p,E25/T4
260528578,361646121,2026-09-03 10:05:33,SELL,IN,0.01,1.1614,0.0,0.0,-0.01,EURUSD.p,E25/T4
260535446,361660343,2026-09-03 10:15:00,BUY,IN,0.02,113.377,0.0,0.0,-0.02,CADJPY.p,E25/T4
260535494,361660418,2026-09-03 10:15:00,BUY,IN,0.01,123.549,0.0,0.0,-0.01,SGDJPY.p,E25/T4
260535508,361660435,2026-09-03 10:15:00,BUY,IN,0.02,156.77,0.0,0.0,-0.02,USDJPY.p,E25/T4
260535512,361660439,2026-09-03 10:15:00,BUY,IN,0.04,181.959,0.0,0.0,-0.04,EURJPY.p,E25/T4
260600333,361778136,2026-09-03 11:32:56,BUY,OUT,0.01,1.61566,2.64,0.0,-0.01,EURAUD.p,[tp 1.61566]
260615539,361808193,2026-09-03 12:00:00,BUY,IN,0.01,1.61653,0.0,0.0,-0.01,EURAUD.p,E25/T4
260632580,361842684,2026-09-03 12:30:00,BUY,IN,0.04,193.257,0.0,0.0,-0.04,CHFJPY.p,E25/T4
260703883,361979671,2026-09-03 14:24:25,SELL,OUT,0.01,0.47486,0.53,0.0,-0.01,NZDCHF.p,[tp 0.47486]
260705299,361982069,2026-09-03 14:26:17,BUY,OUT,0.01,1.16096,0.44,0.0,-0.01,EURUSD.p,[tp 1.16096]
260707120,361985898,2026-09-03 14:30:00,BUY,IN,0.02,1.8621400000000001,0.0,0.0,-0.02,GBPCAD.p,E25/T4
260710035,361989688,2026-09-03 14:31:20,SELL,OUT,0.01,0.58625,0.58,0.0,-0.01,CADCHF.p,[tp 0.58625]
260718377,362007073,2026-09-03 14:45:00,BUY,IN,0.01,0.58624,0.0,0.0,-0.01,CADCHF.p,E25/T4
260729798,362027839,2026-09-03 15:00:00,BUY,IN,0.02,1.37928,0.0,0.0,-0.02,USDCAD.p,E25/T4
260759307,362078514,2026-09-03 15:30:00,BUY,IN,0.02,91.364,0.0,0.0,-0.02,NZDJPY.p,E25/T4
260759308,362078517,2026-09-03 15:30:00,BUY,IN,0.08,192.574,0.0,0.0,-0.08,CHFJPY.p,E25/T4
260759376,362078625,2026-09-03 15:30:00,SELL,IN,0.01,1.16096,0.0,0.0,-0.01,EURUSD.p,E25/T4
260765314,362084385,2026-09-03 15:30:06,SELL,IN,0.01,0.91199,0.0,0.0,-0.01,AUDSGD.p,E25/T4
260805855,362141570,2026-09-03 15:45:00,BUY,IN,0.04,112.762,0.0,0.0,-0.04,CADJPY.p,E25/T4
260805920,362141666,2026-09-03 15:45:00,BUY,IN,0.04,155.571,0.0,0.0,-0.04,USDJPY.p,E25/T4
260820862,362165588,2026-09-03 15:53:13,SELL,OUT,0.01,1.35187,0.45,-0.05,-0.01,GBPUSD.p,[tp 1.35187]
260832866,362184473,2026-09-03 16:00:00,SELL,IN,0.01,0.72048,0.0,0.0,-0.01,AUDUSD.p,E25/T4
260855464,362221515,2026-09-03 16:14:48,BUY,IN,0.01,0.80648,0.0,0.0,-0.01,USDCHF.p,E25/T4
260855678,362221859,2026-09-03 16:15:00,BUY,IN,0.01,1.26679,0.0,0.0,-0.01,USDSGD.p,E25/T4
260855745,362221947,2026-09-03 16:15:00,SELL,IN,0.01,1.35149,0.0,0.0,-0.01,GBPUSD.p,E25/T4
260923192,362325795,2026-09-03 17:00:00,BUY,IN,0.02,111.822,0.0,0.0,-0.02,AUDJPY.p,E25/T4
260944294,362359636,2026-09-03 17:10:58,SELL,OUT,0.01,1.61696,0.31,0.0,-0.01,EURAUD.p,[tp 1.61696]
260972389,362406740,2026-09-03 17:30:00,SELL,IN,0.01,1.6165699999999998,0.0,0.0,-0.01,EURAUD.p,E25/T4
260993840,362442382,2026-09-03 17:46:08,SELL,OUT,0.01,0.58666,0.52,0.0,-0.01,CADCHF.p,[tp 0.58666]
261101972,362626352,2026-09-03 19:17:16,SELL,OUT,0.01,0.58888,-3.98,-0.18,-0.01,NZDUSD.p,[tp 0.58888]
261101974,362626354,2026-09-03 19:17:16,SELL,OUT,0.01,0.58888,-0.48,-0.12,-0.01,NZDUSD.p,[tp 0.58888]
261101976,362626355,2026-09-03 19:17:16,SELL,OUT,0.02,0.58888,6.1,-0.17,-0.02,NZDUSD.p,[tp 0.58888]
261194489,362826863,2026-09-03 22:41:23,BUY,OUT,0.01,1.6143100000000001,1.63,0.0,-0.01,EURAUD.p,[tp 1.61431]
261203429,362844973,2026-09-03 23:00:00,BUY,IN,0.01,1.61446,0.0,0.0,-0.01,EURAUD.p,E25/T4
261213911,362871138,2026-09-03 23:40:11,SELL,OUT,0.01,1.26726,0.37,0.0,-0.01,USDSGD.p,[tp 1.26726]
261224363,362915479,2026-09-04 01:15:00,BUY,IN,0.01,1.26736,0.0,0.0,-0.01,USDSGD.p,E25/T4
261224364,362915484,2026-09-04 01:15:00,BUY,IN,0.01,0.47518,0.0,0.0,-0.01,NZDCHF.p,E25/T4
261256331,362963541,2026-09-04 02:59:01,SELL,OUT,0.01,1.61489,0.31,-0.1,-0.01,EURAUD.p,[tp 1.61489]
261279592,362998184,2026-09-04 03:46:51,SELL,OUT,0.01,0.4756,0.52,0.0,-0.01,NZDCHF.p,[tp 0.47560]
261304112,363036576,2026-09-04 04:22:21,BUY,IN,0.01,1.61246,0.0,0.0,-0.01,EURAUD.p,E25/T4
261317550,363054473,2026-09-04 04:37:31,SELL,OUT,0.01,91.974,-5.45,0.0,-0.01,NZDJPY.p,[tp 91.974]
261317551,363054474,2026-09-04 04:37:31,SELL,OUT,0.01,91.974,-1.22,0.0,-0.01,NZDJPY.p,[tp 91.974]
261317552,363054475,2026-09-04 04:37:31,SELL,OUT,0.02,91.974,7.82,0.01,-0.02,NZDJPY.p,[tp 91.974]
261321369,363059651,2026-09-04 04:42:56,SELL,OUT,0.01,112.572,-7.45,0.02,-0.01,AUDJPY.p,[tp 112.572]
261321370,363059652,2026-09-04 04:42:56,SELL,OUT,0.01,112.572,-0.99,0.02,-0.01,AUDJPY.p,[tp 112.572]
261321371,363059653,2026-09-04 04:42:56,SELL,OUT,0.02,112.572,9.61,0.03,-0.02,AUDJPY.p,[tp 112.572]
261322983,363061714,2026-09-04 04:45:00,BUY,IN,0.02,2.29508,0.0,0.0,-0.02,GBPNZD.p,E25/T4
261332453,363075214,2026-09-04 05:00:00,SELL,IN,0.01,91.916,0.0,0.0,-0.01,NZDJPY.p,E25/T4
261332454,363075215,2026-09-04 05:00:00,SELL,IN,0.01,112.424,0.0,0.0,-0.01,AUDJPY.p,E25/T4
261338243,363085717,2026-09-04 05:15:00,SELL,IN,0.01,0.47611,0.0,0.0,-0.01,NZDCHF.p,E25/T4
261370187,363134320,2026-09-04 06:28:37,SELL,OUT,0.01,1.6133,0.61,0.0,-0.01,EURAUD.p,[tp 1.61330]
261370226,363134366,2026-09-04 06:28:43,BUY,IN,0.01,1.61327,0.0,0.0,-0.01,EURAUD.p,E25/T4
261372671,363137703,2026-09-04 06:39:05,SELL,OUT,0.01,113.306,-6.52,0.01,-0.01,CADJPY.p,[tp 113.306]
261372672,363137705,2026-09-04 06:39:05,SELL,OUT,0.01,113.306,-4.24,0.01,-0.01,CADJPY.p,[tp 113.306]
261372673,363137706,2026-09-04 06:39:05,SELL,OUT,0.02,113.306,-0.91,0.02,-0.02,CADJPY.p,[tp 113.306]
261372674,363137707,2026-09-04 06:39:05,SELL,OUT,0.04,113.306,13.92,0.03,-0.04,CADJPY.p,[tp 113.306]
261393125,363167355,2026-09-04 07:45:00,SELL,IN,0.01,113.314,0.0,0.0,-0.01,CADJPY.p,E25/T4
261433891,363220998,2026-09-04 09:04:39,SELL,OUT,0.01,193.67,-23.13,-0.24,-0.01,CHFJPY.p,[tp 193.670]
261433892,363221000,2026-09-04 09:04:39,SELL,OUT,0.01,193.67,-16.83,-0.24,-0.01,CHFJPY.p,[tp 193.670]
261433893,363221001,2026-09-04 09:04:39,SELL,OUT,0.02,193.67,-21.72,-0.49,-0.02,CHFJPY.p,[tp 193.670]
261433894,363221002,2026-09-04 09:04:39,SELL,OUT,0.04,193.67,10.56,-0.25,-0.04,CHFJPY.p,[tp 193.670]
261433895,363221003,2026-09-04 09:04:39,SELL,OUT,0.08,193.67,56.05,-0.5,-0.08,CHFJPY.p,[tp 193.670]
261433929,363221048,2026-09-04 09:04:47,SELL,IN,0.01,193.68,0.0,0.0,-0.01,CHFJPY.p,E25/T4
261446680,363237316,2026-09-04 09:24:27,SELL,OUT,0.01,1.6137000000000001,0.31,0.0,-0.01,EURAUD.p,[tp 1.61370]
261450880,363243365,2026-09-04 09:30:00,BUY,IN,0.01,1.61355,0.0,0.0,-0.01,EURAUD.p,E25/T4
261453439,363246663,2026-09-04 09:33:17,BUY,OUT,0.01,113.223,0.58,0.0,-0.01,CADJPY.p,[tp 113.223]
261453553,363246811,2026-09-04 09:33:24,SELL,IN,0.01,113.219,0.0,0.0,-0.01,CADJPY.p,E25/T4
261486657,363292477,2026-09-04 10:22:02,SELL,OUT,0.01,0.80866,-1.63,0.07,-0.01,USDCHF.p,[tp 0.80866]
261486658,363292478,2026-09-04 10:22:02,SELL,OUT,0.01,0.80866,2.7,0.07,-0.01,USDCHF.p,[tp 0.80866]
261507708,363321927,2026-09-04 10:47:43,SELL,OUT,0.01,2.30123,-6.41,0.01,-0.01,GBPNZD.p,[tp 2.30123]
261507709,363321928,2026-09-04 10:47:43,SELL,OUT,0.01,2.30123,0.25,0.0,-0.01,GBPNZD.p,[tp 2.30123]
261507710,363321929,2026-09-04 10:47:43,SELL,OUT,0.02,2.30123,7.24,0.0,-0.02,GBPNZD.p,[tp 2.30123]
261508399,363322615,2026-09-04 10:48:02,BUY,OUT,0.01,0.47569,0.52,0.0,-0.01,NZDCHF.p,[tp 0.47569]
261540492,363367695,2026-09-04 11:45:00,SELL,IN,0.01,2.29956,0.0,0.0,-0.01,GBPNZD.p,E25/T4
261544768,363372631,2026-09-04 11:53:06,BUY,OUT,0.01,193.411,1.72,0.0,-0.01,CHFJPY.p,[tp 193.411]
261575122,363413498,2026-09-04 12:34:31,SELL,OUT,0.01,1.6145399999999999,0.71,0.0,-0.01,EURAUD.p,[tp 1.61454]
261577314,363416423,2026-09-04 12:38:24,SELL,OUT,0.01,0.94037,0.54,0.04,-0.01,EURCHF.p,[tp 0.94037]
261580393,363420449,2026-09-04 12:45:00,SELL,IN,0.01,1.61418,0.0,0.0,-0.01,EURAUD.p,E25/T4
261580433,363420502,2026-09-04 12:45:00,SELL,IN,0.04,1.22498,0.0,0.0,-0.04,AUDNZD.p,E25/T4
261580454,363420535,2026-09-04 12:45:00,BUY,IN,0.01,0.47573,0.0,0.0,-0.01,NZDCHF.p,E25/T4
261625697,363476526,2026-09-04 13:45:00,BUY,IN,0.01,193.213,0.0,0.0,-0.01,CHFJPY.p,E25/T4
261636847,363499000,2026-09-04 14:14:13,BUY,OUT,0.01,91.872,0.28,0.0,-0.01,NZDJPY.p,[tp 91.872]
261648115,363517697,2026-09-04 14:35:11,BUY,OUT,0.01,113.173,0.29,0.0,-0.01,CADJPY.p,[tp 113.173]
261669138,363549788,2026-09-04 15:15:06,BUY,OUT,0.01,1.61324,0.68,0.0,-0.01,EURAUD.p,[tp 1.61324]
261669155,363549805,2026-09-04 15:15:08,BUY,IN,0.01,1.61324,0.0,0.0,-0.01,EURAUD.p,E25/T4
261670652,363551768,2026-09-04 15:17:51,BUY,OUT,0.01,2.29909,0.28,0.0,-0.01,GBPNZD.p,[tp 2.29909]
261670654,363551777,2026-09-04 15:17:53,SELL,IN,0.01,2.29908,0.0,0.0,-0.01,GBPNZD.p,E25/T4
261672670,363554222,2026-09-04 15:20:01,SELL,OUT,0.01,0.47615,0.52,0.0,-0.01,NZDCHF.p,[tp 0.47615]
261687099,363572081,2026-09-04 15:30:01,BUY,OUT,0.01,1.1602999999999999,0.66,0.03,-0.01,EURUSD.p,[tp 1.16030]
261687180,363572159,2026-09-04 15:30:01,BUY,OUT,0.01,0.91156,0.34,-0.09,-0.01,AUDSGD.p,[tp 0.91156]
261688116,363573100,2026-09-04 15:30:04,SELL,IN,0.01,0.81165,0.0,0.0,-0.01,USDCHF.p,E25/T4
261688249,363573283,2026-09-04 15:30:06,SELL,OUT,0.01,1.38297,-3.14,0.07,-0.01,USDCAD.p,[tp 1.38297]
261688251,363573285,2026-09-04 15:30:06,SELL,OUT,0.01,1.38297,-0.01,0.02,-0.01,USDCAD.p,[tp 1.38297]
261688253,363573286,2026-09-04 15:30:06,SELL,OUT,0.02,1.38297,5.34,0.03,-0.02,USDCAD.p,[tp 1.38297]
261688873,363573989,2026-09-04 15:30:07,BUY,OUT,0.01,1.34863,2.86,-0.01,-0.01,GBPUSD.p,[tp 1.34863]
261697019,363581084,2026-09-04 15:30:13,SELL,OUT,0.01,1.2678099999999999,0.35,0.0,-0.01,USDSGD.p,[tp 1.26781]
261704782,363590003,2026-09-04 15:30:25,SELL,OUT,0.01,1.8696700000000002,-6.41,0.08,-0.01,GBPCAD.p,[tp 1.86967]
261704785,363590004,2026-09-04 15:30:25,SELL,OUT,0.01,1.8696700000000002,-3.13,0.08,-0.01,GBPCAD.p,[tp 1.86967]
261704787,363590005,2026-09-04 15:30:25,SELL,OUT,0.02,1.8696700000000002,10.87,0.04,-0.02,GBPCAD.p,[tp 1.86967]
261727375,363619437,2026-09-04 15:32:50,SELL,IN,0.01,0.94138,0.0,0.0,-0.01,EURCHF.p,E25/T4
261755383,363658994,2026-09-04 15:37:41,BUY,OUT,0.01,112.378,0.29,0.0,-0.01,AUDJPY.p,[tp 112.378]
261779835,363692377,2026-09-04 15:45:00,BUY,IN,0.01,1.8713199999999999,0.0,0.0,-0.01,GBPCAD.p,E25/T4
261780070,363692662,2026-09-04 15:45:00,BUY,IN,0.02,1.47136,0.0,0.0,-0.02,EURSGD.p,E25/T4
261780075,363692671,2026-09-04 15:45:00,BUY,IN,0.01,1.3863699999999999,0.0,0.0,-0.01,USDCAD.p,E25/T4
261780222,363692870,2026-09-04 15:45:00,SELL,IN,0.01,0.58652,0.0,0.0,-0.01,NZDUSD.p,E25/T4
261797331,363718506,2026-09-04 15:50:32,SELL,IN,0.02,0.9971,0.0,0.0,-0.02,AUDCAD.p,E25/T4
261817073,363747556,2026-09-04 16:00:00,BUY,IN,0.01,1.35042,0.0,0.0,-0.01,GBPUSD.p,E25/T4
261864046,363816215,2026-09-04 16:15:00,BUY,IN,0.01,112.62,0.0,0.0,-0.01,CADJPY.p,E25/T4
261864130,363816324,2026-09-04 16:15:00,BUY,IN,0.01,112.245,0.0,0.0,-0.01,AUDJPY.p,E25/T4
261868703,363822862,2026-09-04 16:17:08,BUY,IN,0.01,91.616,0.0,0.0,-0.01,NZDJPY.p,E25/T4
261888587,363851370,2026-09-04 16:30:00,BUY,IN,0.01,0.91269,0.0,0.0,-0.01,AUDSGD.p,E25/T4
262155036,364236846,2026-09-04 19:49:16,BUY,OUT,0.01,2.2954,2.17,0.0,-0.01,GBPNZD.p,[tp 2.29540]
262155055,364236885,2026-09-04 19:49:17,BUY,IN,0.01,2.29539,0.0,0.0,-0.01,GBPNZD.p,E25/T4
262224152,364329601,2026-09-04 21:33:04,SELL,OUT,0.01,91.85,1.5,0.0,-0.01,NZDJPY.p,[tp 91.850]
262224277,364329815,2026-09-04 21:33:46,SELL,OUT,0.01,112.875,1.63,0.0,-0.01,CADJPY.p,[tp 112.875]
262228059,364335694,2026-09-04 21:47:21,SELL,OUT,0.01,112.541,1.8900000000000001,0.0,-0.01,AUDJPY.p,[tp 112.541]
262229957,364338754,2026-09-04 22:00:00,SELL,IN,0.01,112.882,0.0,0.0,-0.01,CADJPY.p,E25/T4
262230450,364339483,2026-09-04 22:00:49,SELL,OUT,0.01,2.29803,1.55,0.0,-0.01,GBPNZD.p,[tp 2.29803]
262231208,364340572,2026-09-04 22:04:11,SELL,OUT,0.01,1.3515,1.08,0.0,-0.01,GBPUSD.p,[tp 1.35150]
262234498,364345058,2026-09-04 22:15:00,BUY,IN,0.01,1.16125,0.0,0.0,-0.01,EURUSD.p,E25/T4
262234936,364345655,2026-09-04 22:16:10,BUY,OUT,0.01,0.80998,2.06,0.0,-0.01,USDCHF.p,[tp 0.80998]
262234943,364345665,2026-09-04 22:16:12,SELL,IN,0.01,0.80996,0.0,0.0,-0.01,USDCHF.p,E25/T4
262241663,364354723,2026-09-04 22:30:00,SELL,IN,0.01,2.2978,0.0,0.0,-0.01,GBPNZD.p,E25/T4
262244480,364358622,2026-09-04 22:35:55,SELL,OUT,0.01,0.91311,0.33,0.0,-0.01,AUDSGD.p,[tp 0.91311]
262250767,364368213,2026-09-04 23:00:00,SELL,IN,0.01,0.91306,0.0,0.0,-0.01,AUDSGD.p,E25/T4
262255755,364375949,2026-09-04 23:30:00,SELL,IN,0.01,112.565,0.0,0.0,-0.01,AUDJPY.p,E25/T4
262417409,364657920,2026-09-07 01:15:00,BUY,IN,0.01,91.874,0.0,0.0,-0.01,NZDJPY.p,E25/T4
262437244,364698904,2026-09-07 02:17:58,BUY,OUT,0.01,112.518,0.3,-0.08,-0.01,AUDJPY.p,[tp 112.518]
262437246,364698912,2026-09-07 02:17:59,SELL,IN,0.01,112.516,0.0,0.0,-0.01,AUDJPY.p,E25/T4
262461453,364737936,2026-09-07 03:00:37,SELL,OUT,0.01,91.921,0.3,0.0,-0.01,NZDJPY.p,[tp 91.921]
262461482,364737979,2026-09-07 03:00:42,BUY,OUT,0.01,2.29733,0.28,-0.09,-0.01,GBPNZD.p,[tp 2.29733]
262469557,364748453,2026-09-07 03:10:39,BUY,OUT,0.01,112.836,0.29,-0.04,-0.01,CADJPY.p,[tp 112.836]
262473691,364753917,2026-09-07 03:15:00,SELL,IN,0.01,91.828,0.0,0.0,-0.01,NZDJPY.p,E25/T4
262479915,364762126,2026-09-07 03:22:57,SELL,OUT,0.01,1.1616900000000001,0.44,-0.06,-0.01,EURUSD.p,[tp 1.16169]
262484237,364768063,2026-09-07 03:30:33,BUY,OUT,0.01,0.91264,0.33,-0.09,-0.01,AUDSGD.p,[tp 0.91264]
262484344,364768214,2026-09-07 03:30:34,SELL,IN,0.01,0.91264,0.0,0.0,-0.01,AUDSGD.p,E25/T4
262489356,364775943,2026-09-07 03:39:30,BUY,OUT,0.01,0.80952,0.54,-0.16,-0.01,USDCHF.p,[tp 0.80952]
262492948,364780997,2026-09-07 03:45:00,BUY,IN,0.01,112.716,0.0,0.0,-0.01,CADJPY.p,E25/T4
262492983,364781054,2026-09-07 03:45:00,SELL,IN,0.01,2.29888,0.0,0.0,-0.01,GBPNZD.p,E25/T4
262516860,364814920,2026-09-07 04:05:33,BUY,OUT,0.01,112.349,1.07,0.0,-0.01,AUDJPY.p,[tp 112.349]
262530721,364834508,2026-09-07 04:15:00,BUY,IN,0.01,112.398,0.0,0.0,-0.01,AUDJPY.p,E25/T4
262611442,364964368,2026-09-07 05:57:24,BUY,OUT,0.01,91.661,1.07,0.0,-0.01,NZDJPY.p,[tp 91.661]
262611459,364964442,2026-09-07 05:57:30,BUY,IN,0.01,91.66,0.0,0.0,-0.01,NZDJPY.p,E25/T4
262628632,365001301,2026-09-07 06:35:00,SELL,OUT,0.01,112.818,0.65,0.0,-0.01,CADJPY.p,[tp 112.818]
262633368,365009777,2026-09-07 06:45:00,BUY,IN,0.01,112.82,0.0,0.0,-0.01,CADJPY.p,E25/T4
262639416,365024697,2026-09-07 07:07:42,SELL,OUT,0.01,112.462,0.41,0.0,-0.01,AUDJPY.p,[tp 112.462]
262655039,365053590,2026-09-07 07:45:00,SELL,IN,0.01,112.407,0.0,0.0,-0.01,AUDJPY.p,E25/T4
262706190,365145287,2026-09-07 09:00:00,BUY,IN,0.01,192.263,0.0,0.0,-0.01,CHFJPY.p,E25/T4
262738463,365188593,2026-09-07 09:30:00,SELL,IN,0.02,0.58458,0.0,0.0,-0.02,AUDCHF.p,E25/T4
262774473,365240746,2026-09-07 10:23:48,BUY,OUT,0.01,112.36,0.3,0.0,-0.01,AUDJPY.p,[tp 112.360]
262778277,365245873,2026-09-07 10:30:00,SELL,IN,0.01,112.366,0.0,0.0,-0.01,AUDJPY.p,E25/T4
262778336,365245959,2026-09-07 10:30:00,SELL,IN,0.01,2.30329,0.0,0.0,-0.01,GBPNZD.p,E25/T4
262821816,365302418,2026-09-07 11:09:20,SELL,OUT,0.01,1.8717899999999998,0.34,0.02,-0.01,GBPCAD.p,[tp 1.87179]
262822100,365302756,2026-09-07 11:09:25,BUY,OUT,0.01,0.94093,0.56,-0.13,-0.01,EURCHF.p,[tp 0.94093]
262827340,365310249,2026-09-07 11:15:00,BUY,IN,0.01,91.058,0.0,0.0,-0.01,NZDJPY.p,E25/T4
262853913,365348780,2026-09-07 11:45:00,BUY,IN,0.01,1.26577,0.0,0.0,-0.01,USDSGD.p,E25/T4
262853930,365348808,2026-09-07 11:45:00,SELL,IN,0.01,1.35349,0.0,0.0,-0.01,GBPUSD.p,E25/T4
262853951,365348846,2026-09-07 11:45:00,SELL,IN,0.01,1.16254,0.0,0.0,-0.01,EURUSD.p,E25/T4
262883616,365400529,2026-09-07 12:53:01,BUY,OUT,0.01,2.30136,-1.46,0.0,-0.01,GBPNZD.p,[tp 2.30136]
262883617,365400530,2026-09-07 12:53:01,BUY,OUT,0.01,2.30136,1.1400000000000001,0.0,-0.01,GBPNZD.p,[tp 2.30136]
262892027,365416603,2026-09-07 13:15:00,SELL,IN,0.01,2.30176,0.0,0.0,-0.01,GBPNZD.p,E25/T4
262897134,365423677,2026-09-07 13:24:09,BUY,OUT,0.01,111.581,5.08,0.0,-0.01,AUDJPY.p,[tp 111.581]
262897182,365423821,2026-09-07 13:24:16,BUY,IN,0.01,111.577,0.0,0.0,-0.01,AUDJPY.p,E25/T4
262972857,365524296,2026-09-07 15:03:31,BUY,OUT,0.01,1.35304,0.45,0.0,-0.01,GBPUSD.p,[tp 1.35304]
262972862,365524302,2026-09-07 15:03:33,SELL,IN,0.01,1.35302,0.0,0.0,-0.01,GBPUSD.p,E25/T4
262978906,365532329,2026-09-07 15:15:43,SELL,OUT,0.01,111.659,0.53,0.0,-0.01,AUDJPY.p,[tp 111.659]
262978917,365532346,2026-09-07 15:15:45,BUY,IN,0.01,111.656,0.0,0.0,-0.01,AUDJPY.p,E25/T4
262992072,365550399,2026-09-07 15:45:00,BUY,IN,0.01,1.38111,0.0,0.0,-0.01,USDCAD.p,E25/T4
263005721,365568817,2026-09-07 16:06:26,SELL,OUT,0.01,1.2662499999999999,0.38,0.0,-0.01,USDSGD.p,[tp 1.26625]
263036851,365611144,2026-09-07 17:00:54,BUY,OUT,0.01,2.30129,0.28,0.0,-0.01,GBPNZD.p,[tp 2.30129]
263036918,365611225,2026-09-07 17:00:56,SELL,IN,0.01,2.30124,0.0,0.0,-0.01,GBPNZD.p,E25/T4
263092626,365686741,2026-09-07 18:21:43,BUY,IN,0.01,1.26604,0.0,0.0,-0.01,USDSGD.p,E25/T4
263152490,365772808,2026-09-08 00:45:00,BUY,IN,0.02,1.87637,0.0,0.0,-0.02,GBPAUD.p,E25/T4
263349020,366046132,2026-09-08 05:03:45,BUY,OUT,0.01,0.91222,0.33,-0.08,-0.01,AUDSGD.p,[tp 0.91222]
263384685,366095541,2026-09-08 06:00:00,BUY,IN,0.01,0.91202,0.0,0.0,-0.01,AUDSGD.p,E25/T4
263414055,366138681,2026-09-08 06:47:27,BUY,OUT,0.01,0.5861,0.42,0.02,-0.01,NZDUSD.p,[tp 0.58610]
263420055,366147585,2026-09-08 07:00:00,BUY,IN,0.02,0.74077,0.0,0.0,-0.02,NZDSGD.p,E25/T4
263420059,366147590,2026-09-08 07:00:00,SELL,IN,0.02,1.98485,0.0,0.0,-0.02,EURNZD.p,E25/T4
263437383,366173294,2026-09-08 07:30:00,BUY,IN,0.01,0.58547,0.0,0.0,-0.01,NZDUSD.p,E25/T4
263485881,366239096,2026-09-08 08:40:00,SELL,OUT,0.01,0.91268,0.52,0.0,-0.01,AUDSGD.p,[tp 0.91268]
263554171,366333185,2026-09-08 09:45:00,BUY,IN,0.01,1.86744,0.0,0.0,-0.01,GBPCAD.p,E25/T4
263562630,366346779,2026-09-08 10:00:01,BUY,OUT,0.01,1.1621,0.44,0.03,-0.01,EURUSD.p,[tp 1.16210]
263573114,366362312,2026-09-08 10:15:00,BUY,IN,0.01,1.60216,0.0,0.0,-0.01,EURCAD.p,E25/T4
263582920,366376274,2026-09-08 10:30:00,SELL,IN,0.08,1.2335,0.0,0.0,-0.08,AUDNZD.p,E25/T4
263601481,366403344,2026-09-08 10:45:00,BUY,IN,0.02,0.80613,0.0,0.0,-0.02,NZDCAD.p,E25/T4
263612218,366420441,2026-09-08 11:00:00,SELL,IN,0.01,0.81069,0.0,0.0,-0.01,USDCHF.p,E25/T4
263629142,366443688,2026-09-08 11:14:52,BUY,OUT,0.01,1.35257,0.45,-0.01,-0.01,GBPUSD.p,[tp 1.35257]
263648900,366472541,2026-09-08 11:45:06,SELL,OUT,0.01,1.2664900000000001,0.36,0.01,-0.01,USDSGD.p,[tp 1.26649]
263664361,366495307,2026-09-08 12:04:00,SELL,OUT,0.01,1.09827,0.52,0.4,-0.01,GBPCHF.p,[tp 1.09827]
263678706,366514366,2026-09-08 12:30:00,SELL,IN,0.01,1.09784,0.0,0.0,-0.01,GBPCHF.p,E25/T4
263689150,366531110,2026-09-08 12:41:45,SELL,OUT,0.01,1.86791,0.34,0.0,-0.01,GBPCAD.p,[tp 1.86791]
263689291,366531336,2026-09-08 12:41:50,BUY,IN,0.01,1.86795,0.0,0.0,-0.01,GBPCAD.p,E25/T4
263778037,366661363,2026-09-08 15:00:00,SELL,IN,0.01,2.31871,0.0,0.0,-0.01,GBPNZD.p,E25/T4
263840999,366749630,2026-09-08 15:49:29,BUY,OUT,0.01,0.81025,0.54,0.0,-0.01,USDCHF.p,[tp 0.81025]
263863195,366778924,2026-09-08 16:03:20,BUY,OUT,0.01,1.09742,0.52,0.0,-0.01,GBPCHF.p,[tp 1.09742]
263863243,366779026,2026-09-08 16:03:27,SELL,IN,0.01,1.09741,0.0,0.0,-0.01,GBPCHF.p,E25/T4
263872300,366790863,2026-09-08 16:10:44,SELL,OUT,0.01,1.86842,0.34,0.0,-0.01,GBPCAD.p,[tp 1.86842]
263872353,366790927,2026-09-08 16:10:51,SELL,IN,0.01,1.8684699999999999,0.0,0.0,-0.01,GBPCAD.p,E25/T4
263874448,366793596,2026-09-08 16:12:52,SELL,OUT,0.01,0.58589,0.42,0.0,-0.01,NZDUSD.p,[tp 0.58589]
263895152,366821562,2026-09-08 16:30:00,SELL,IN,0.01,1.3554300000000001,0.0,0.0,-0.01,GBPUSD.p,E25/T4
263929486,366865832,2026-09-08 16:45:00,BUY,IN,0.01,0.80954,0.0,0.0,-0.01,USDCHF.p,E25/T4
263929521,366865888,2026-09-08 16:45:00,SELL,IN,0.01,0.58553,0.0,0.0,-0.01,NZDUSD.p,E25/T4
263998672,366958717,2026-09-08 17:30:00,BUY,IN,0.02,1.3768,0.0,0.0,-0.02,USDCAD.p,E25/T4
264203712,367235190,2026-09-08 21:48:16,BUY,OUT,0.01,1.35464,0.79,0.0,-0.01,GBPUSD.p,[tp 1.35464]
264205752,367237446,2026-09-08 21:48:28,BUY,OUT,0.01,1.86658,1.37,0.0,-0.01,GBPCAD.p,[tp 1.86658]
264238199,367277914,2026-09-08 21:59:46,BUY,OUT,0.01,1.0959,1.87,0.0,-0.01,GBPCHF.p,[tp 1.09590]
264238789,367278679,2026-09-08 22:00:00,BUY,IN,0.02,121.48,0.0,0.0,-0.02,SGDJPY.p,E25/T4
264238792,367278687,2026-09-08 22:00:00,BUY,IN,0.08,208.115,0.0,0.0,-0.08,GBPJPY.p,E25/T4
264238940,367278932,2026-09-08 22:00:00,SELL,IN,0.01,1.35464,0.0,0.0,-0.01,GBPUSD.p,E25/T4
264286065,367348590,2026-09-08 23:00:00,BUY,IN,0.01,1.09635,0.0,0.0,-0.01,GBPCHF.p,E25/T4
264382951,367516618,2026-09-09 03:15:00,BUY,IN,0.08,178.323,0.0,0.0,-0.08,EURJPY.p,E25/T4
264383030,367516732,2026-09-09 03:15:00,BUY,IN,0.16,207.698,0.0,0.0,-0.16,GBPJPY.p,E25/T4
264383043,367516753,2026-09-09 03:15:01,BUY,IN,0.01,111.302,0.0,0.0,-0.01,CADJPY.p,E25/T4
264457932,367631038,2026-09-09 04:33:02,BUY,OUT,0.01,1.35419,0.45,-0.01,-0.01,GBPUSD.p,[tp 1.35419]
264683498,368068353,2026-09-09 11:09:34,BUY,OUT,0.01,0.58511,0.42,0.01,-0.01,NZDUSD.p,[tp 0.58511]
264710993,368128188,2026-09-09 12:10:32,SELL,OUT,0.01,1.09677,0.52,0.06,-0.01,GBPCHF.p,[tp 1.09677]
264722392,368151741,2026-09-09 12:35:37,SELL,OUT,0.01,0.80998,0.54,0.06,-0.01,USDCHF.p,[tp 0.80998]
264738278,368179696,2026-09-09 13:00:00,SELL,IN,0.04,1.9909400000000002,0.0,0.0,-0.04,EURNZD.p,E25/T4
264760689,368217370,2026-09-09 13:30:00,BUY,IN,0.01,0.58345,0.0,0.0,-0.01,NZDUSD.p,E25/T4
264798141,368285258,2026-09-09 14:26:06,BUY,IN,0.01,1.35567,0.0,0.0,-0.01,GBPUSD.p,E25/T4
264812644,368309987,2026-09-09 14:45:00,SELL,IN,0.01,1.867,0.0,0.0,-0.01,GBPCAD.p,E25/T4
264866867,368390906,2026-09-09 15:30:00,BUY,IN,0.01,1.09477,0.0,0.0,-0.01,GBPCHF.p,E25/T4
264866868,368390907,2026-09-09 15:30:00,BUY,IN,0.01,0.80766,0.0,0.0,-0.01,USDCHF.p,E25/T4
264873263,368401205,2026-09-09 15:36:26,SELL,OUT,0.01,0.58557,2.12,0.0,-0.01,NZDUSD.p,[tp 0.58557]
264971963,368547040,2026-09-09 16:45:00,SELL,IN,0.01,0.58545,0.0,0.0,-0.01,NZDUSD.p,E25/T4
265018414,368616330,2026-09-09 17:14:34,SELL,OUT,0.01,1.35635,0.68,0.0,-0.01,GBPUSD.p,[tp 1.35635]
265018520,368616455,2026-09-09 17:14:36,SELL,IN,0.01,1.3563399999999999,0.0,0.0,-0.01,GBPUSD.p,E25/T4
265110346,368747280,2026-09-09 18:05:27,SELL,OUT,0.01,1.38069,-4.11,0.06,-0.01,USDCAD.p,[tp 1.38069]
265110348,368747281,2026-09-09 18:05:27,SELL,OUT,0.01,1.38069,-0.3,0.04,-0.01,USDCAD.p,[tp 1.38069]
265110350,368747282,2026-09-09 18:05:27,SELL,OUT,0.02,1.38069,5.63,0.04,-0.02,USDCAD.p,[tp 1.38069]
265110628,368747615,2026-09-09 18:05:30,SELL,IN,0.01,1.38068,0.0,0.0,-0.01,USDCAD.p,E25/T4
265152291,368800937,2026-09-09 18:15:00,SELL,IN,0.01,1.16234,0.0,0.0,-0.01,EURUSD.p,E25/T4
265223098,368898815,2026-09-09 18:47:20,SELL,OUT,0.01,1.09749,3.36,0.0,-0.01,GBPCHF.p,[tp 1.09749]
265223123,368898885,2026-09-09 18:47:21,SELL,IN,0.01,1.09743,0.0,0.0,-0.01,GBPCHF.p,E25/T4
265224593,368901334,2026-09-09 18:48:59,SELL,OUT,0.01,0.81007,2.98,0.0,-0.01,USDCHF.p,[tp 0.81007]
265224686,368901427,2026-09-09 18:49:01,SELL,IN,0.01,0.81007,0.0,0.0,-0.01,USDCHF.p,E25/T4
265316340,369036608,2026-09-09 20:37:57,BUY,OUT,0.01,0.58403,1.42,0.0,-0.01,NZDUSD.p,[tp 0.58403]
265334066,369064132,2026-09-09 21:16:12,BUY,OUT,0.01,1.35565,0.69,0.0,-0.01,GBPUSD.p,[tp 1.35565]
265338568,369071283,2026-09-09 21:30:00,SELL,IN,0.01,1.35548,0.0,0.0,-0.01,GBPUSD.p,E25/T4
265405312,369177268,2026-09-10 00:15:00,BUY,IN,0.01,0.58387,0.0,0.0,-0.01,NZDUSD.p,E25/T4
265405568,369177596,2026-09-10 00:33:34,BUY,OUT,0.01,1.3802400000000001,0.32,-0.17,-0.01,USDCAD.p,[tp 1.38024]
265405969,369178091,2026-09-10 01:00:00,BUY,IN,0.01,0.94268,0.0,0.0,-0.01,EURCHF.p,E25/T4
265412824,369188616,2026-09-10 01:15:00,BUY,IN,0.01,1.3803,0.0,0.0,-0.01,USDCAD.p,E25/T4
265417387,369197072,2026-09-10 01:30:16,BUY,OUT,0.01,0.8096,0.58,-0.46,-0.01,USDCHF.p,[tp 0.80960]
265422051,369204845,2026-09-10 01:43:43,BUY,OUT,0.01,1.09701,0.52,-0.72,-0.01,GBPCHF.p,[tp 1.09701]
265422053,369204865,2026-09-10 01:43:45,SELL,IN,0.01,1.097,0.0,0.0,-0.01,GBPCHF.p,E25/T4
265450924,369250996,2026-09-10 03:00:54,BUY,OUT,0.01,1.35487,0.61,-0.03,-0.01,GBPUSD.p,[tp 1.35487]
265450983,369251076,2026-09-10 03:00:56,SELL,IN,0.01,1.35484,0.0,0.0,-0.01,GBPUSD.p,E25/T4
265460811,369264352,2026-09-10 03:13:18,SELL,OUT,0.01,0.58439,0.52,0.0,-0.01,NZDUSD.p,[tp 0.58439]
265460843,369264392,2026-09-10 03:13:20,SELL,IN,0.01,0.58439,0.0,0.0,-0.01,NZDUSD.p,E25/T4
265523626,369351664,2026-09-10 04:29:34,SELL,OUT,0.01,1.38096,0.48,0.0,-0.01,USDCAD.p,[tp 1.38096]
265523819,369351954,2026-09-10 04:29:41,SELL,IN,0.01,1.38097,0.0,0.0,-0.01,USDCAD.p,E25/T4
265526886,369356402,2026-09-10 04:32:01,SELL,OUT,0.01,1.61367,0.31,-0.55,-0.01,EURAUD.p,[tp 1.61367]
265529468,369360263,2026-09-10 04:34:59,BUY,OUT,0.01,1.0965799999999999,0.52,0.0,-0.01,GBPCHF.p,[tp 1.09658]
265536164,369370793,2026-09-10 04:45:00,SELL,IN,0.01,1.61296,0.0,0.0,-0.01,EURAUD.p,E25/T4
265563701,369413473,2026-09-10 05:15:00,BUY,IN,0.01,1.09668,0.0,0.0,-0.01,GBPCHF.p,E25/T4
265586065,369452420,2026-09-10 05:45:01,SELL,IN,0.01,1.87167,0.0,0.0,-0.01,GBPCAD.p,E25/T4
265620615,369526059,2026-09-10 07:06:03,BUY,OUT,0.01,1.61193,0.74,0.0,-0.01,EURAUD.p,[tp 1.61193]
265689790,369669292,2026-09-10 08:53:13,BUY,OUT,0.01,1.38049,0.35,0.0,-0.01,USDCAD.p,[tp 1.38049]
265694447,369679560,2026-09-10 09:00:00,SELL,IN,0.01,1.38032,0.0,0.0,-0.01,USDCAD.p,E25/T4
265765760,369805138,2026-09-10 10:13:50,SELL,OUT,0.01,1.0971,0.52,0.0,-0.01,GBPCHF.p,[tp 1.09710]
265765958,369805432,2026-09-10 10:13:56,BUY,IN,0.01,1.0971,0.0,0.0,-0.01,GBPCHF.p,E25/T4
265830559,369922843,2026-09-10 11:42:01,SELL,OUT,0.01,0.94312,0.54,0.0,-0.01,EURCHF.p,[tp 0.94312]
265874107,370009874,2026-09-10 12:42:07,BUY,OUT,0.01,1.35439,0.45,0.0,-0.01,GBPUSD.p,[tp 1.35439]
265911135,370084044,2026-09-10 13:25:57,SELL,OUT,0.01,1.09809,1.22,0.0,-0.01,GBPCHF.p,[tp 1.09809]
265911157,370084097,2026-09-10 13:25:59,SELL,IN,0.01,1.09809,0.0,0.0,-0.01,GBPCHF.p,E25/T4
265914138,370090762,2026-09-10 13:30:35,BUY,OUT,0.01,0.58396,0.43,0.0,-0.01,NZDUSD.p,[tp 0.58396]
265971599,370191016,2026-09-10 14:11:41,BUY,IN,0.01,1.35312,0.0,0.0,-0.01,GBPUSD.p,E25/T4
266001090,370252660,2026-09-10 14:45:00,SELL,IN,0.01,1.61523,0.0,0.0,-0.01,EURAUD.p,E25/T4
266016529,370279001,2026-09-10 14:57:04,BUY,OUT,0.01,1.1619,0.44,0.08,-0.01,EURUSD.p,[tp 1.16190]
266025350,370292123,2026-09-10 15:02:40,BUY,OUT,0.01,1.86887,-1.35,-0.32,-0.01,GBPCAD.p,[tp 1.86887]
266025352,370292124,2026-09-10 15:02:40,BUY,OUT,0.01,1.86887,2.03,0.0,-0.01,GBPCAD.p,[tp 1.86887]
266054853,370334927,2026-09-10 15:21:32,BUY,OUT,0.01,0.99164,-6.51,-1.21,-0.01,AUDCAD.p,[tp 0.99164]
266054855,370334928,2026-09-10 15:21:32,BUY,OUT,0.01,0.99164,-1.13,-1.15,-0.01,AUDCAD.p,[tp 0.99164]
266054858,370334929,2026-09-10 15:21:32,BUY,OUT,0.01,0.99164,1.41,-1.03,-0.01,AUDCAD.p,[tp 0.99164]
266054860,370334930,2026-09-10 15:21:32,BUY,OUT,0.02,0.99164,7.9,-0.71,-0.02,AUDCAD.p,[tp 0.99164]
266065525,370352292,2026-09-10 15:30:00,SELL,IN,0.02,2.3245,0.0,0.0,-0.02,GBPNZD.p,E25/T4
266065614,370352430,2026-09-10 15:30:00,BUY,IN,0.01,1.16231,0.0,0.0,-0.01,EURUSD.p,E25/T4
266166087,370484565,2026-09-10 16:00:00,SELL,IN,0.01,0.81301,0.0,0.0,-0.01,USDCHF.p,E25/T4
266166208,370484753,2026-09-10 16:00:00,SELL,IN,0.01,1.26738,0.0,0.0,-0.01,USDSGD.p,E25/T4
266166237,370484804,2026-09-10 16:00:00,BUY,IN,0.01,1.86785,0.0,0.0,-0.01,GBPCAD.p,E25/T4
266166260,370484851,2026-09-10 16:00:00,SELL,IN,0.01,0.5881,0.0,0.0,-0.01,CADCHF.p,E25/T4
266236838,370580285,2026-09-10 16:30:00,BUY,IN,0.01,0.90776,0.0,0.0,-0.01,AUDSGD.p,E25/T4
266237000,370580475,2026-09-10 16:30:00,BUY,IN,0.01,0.58016,0.0,0.0,-0.01,NZDUSD.p,E25/T4
266237216,370580728,2026-09-10 16:30:01,BUY,OUT,0.01,1.09767,0.52,0.0,-0.01,GBPCHF.p,[tp 1.09767]
266237345,370580889,2026-09-10 16:30:03,SELL,IN,0.01,1.09764,0.0,0.0,-0.01,GBPCHF.p,E25/T4
266257712,370607606,2026-09-10 16:36:09,SELL,OUT,0.01,1.88679,-13.21,-1.08,-0.01,GBPAUD.p,[tp 1.88679]
266257714,370607607,2026-09-10 16:36:09,SELL,OUT,0.01,1.88679,-0.37,-0.62,-0.01,GBPAUD.p,[tp 1.88679]
266257716,370607608,2026-09-10 16:36:09,SELL,OUT,0.02,1.88679,14.92,-0.51,-0.02,GBPAUD.p,[tp 1.88679]
266257889,370607808,2026-09-10 16:36:11,SELL,IN,0.01,1.8868,0.0,0.0,-0.01,GBPAUD.p,E25/T4
266316468,370686503,2026-09-10 17:00:00,BUY,IN,0.01,0.99006,0.0,0.0,-0.01,AUDCAD.p,E25/T4
266316469,370686504,2026-09-10 17:00:00,BUY,IN,0.01,0.47163,0.0,0.0,-0.01,NZDCHF.p,E25/T4
266417297,370828819,2026-09-10 17:52:12,BUY,OUT,0.01,0.58134,-5.5600000000000005,-2.09,-0.01,AUDCHF.p,[tp 0.58134]
266417299,370828820,2026-09-10 17:52:12,BUY,OUT,0.01,0.58134,-0.39,-1.3599999999999999,-0.01,AUDCHF.p,[tp 0.58134]
266417301,370828821,2026-09-10 17:52:12,BUY,OUT,0.02,0.58134,7.99,-1.16,-0.02,AUDCHF.p,[tp 0.58134]
266447645,370875960,2026-09-10 18:15:00,BUY,IN,0.01,0.58172,0.0,0.0,-0.01,AUDCHF.p,E25/T4
266471425,370918313,2026-09-10 18:36:24,SELL,OUT,0.01,1.16288,0.57,0.0,-0.01,EURUSD.p,[tp 1.16288]
266471454,370918419,2026-09-10 18:36:27,SELL,IN,0.01,1.16289,0.0,0.0,-0.01,EURUSD.p,E25/T4
266585118,371127454,2026-09-10 20:36:24,SELL,OUT,0.01,0.99052,0.33,0.0,-0.01,AUDCAD.p,[tp 0.99052]
266585124,371127478,2026-09-10 20:36:25,BUY,IN,0.01,0.99054,0.0,0.0,-0.01,AUDCAD.p,E25/T4
266586425,371130829,2026-09-10 20:38:52,BUY,OUT,0.01,0.58768,0.52,0.0,-0.01,CADCHF.p,[tp 0.58768]
266592487,371143013,2026-09-10 20:45:01,SELL,IN,0.01,0.5878,0.0,0.0,-0.01,CADCHF.p,E25/T4
266631633,371208497,2026-09-10 21:21:14,SELL,OUT,0.01,1.8687200000000002,0.63,0.0,-0.01,GBPCAD.p,[tp 1.86872]
266673338,371272726,2026-09-10 22:00:50,BUY,OUT,0.01,1.1612,1.69,0.0,-0.01,EURUSD.p,[tp 1.16120]
266702826,371316065,2026-09-10 22:30:00,BUY,IN,0.01,1.16121,0.0,0.0,-0.01,EURUSD.p,E25/T4
266722538,371357577,2026-09-10 23:12:53,SELL,OUT,0.01,0.58215,0.53,0.0,-0.01,AUDCHF.p,[tp 0.58215]
266722540,371357582,2026-09-10 23:12:54,BUY,IN,0.01,0.58213,0.0,0.0,-0.01,AUDCHF.p,E25/T4
266735701,371393557,2026-09-11 00:30:00,BUY,IN,0.04,0.73672,0.0,0.0,-0.04,NZDSGD.p,E25/T4
266742636,371406103,2026-09-11 01:15:00,BUY,IN,0.01,1.86897,0.0,0.0,-0.01,GBPCAD.p,E25/T4
266757919,371440144,2026-09-11 01:56:35,SELL,OUT,0.01,0.58059,0.43,-0.03,-0.01,NZDUSD.p,[tp 0.58059]
266757934,371440155,2026-09-11 01:56:37,SELL,OUT,0.01,0.47208,0.55,0.03,-0.01,NZDCHF.p,[tp 0.47208]
266763154,371453775,2026-09-11 02:15:00,SELL,IN,0.01,0.58049,0.0,0.0,-0.01,NZDUSD.p,E25/T4
266764490,371457500,2026-09-11 02:21:57,SELL,OUT,0.01,0.90818,0.33,0.01,-0.01,AUDSGD.p,[tp 0.90818]
266773613,371479426,2026-09-11 02:45:00,SELL,IN,0.01,0.4721,0.0,0.0,-0.01,NZDCHF.p,E25/T4
266773614,371479427,2026-09-11 02:45:00,SELL,IN,0.01,0.90783,0.0,0.0,-0.01,AUDSGD.p,E25/T4
266797726,371515776,2026-09-11 03:08:00,BUY,OUT,0.01,0.58738,0.52,-0.07,-0.01,CADCHF.p,[tp 0.58738]
266833260,371568197,2026-09-11 03:46:28,SELL,OUT,0.01,0.99099,0.33,0.02,-0.01,AUDCAD.p,[tp 0.99099]
266836323,371573135,2026-09-11 03:49:02,BUY,OUT,0.01,1.88632,0.34,-0.03,-0.01,GBPAUD.p,[tp 1.88632]
266836709,371574114,2026-09-11 03:49:32,SELL,OUT,0.01,0.58255,0.52,0.06,-0.01,AUDCHF.p,[tp 0.58255]
266853526,371600680,2026-09-11 04:04:57,SELL,OUT,0.01,1.16165,0.44,-0.06,-0.01,EURUSD.p,[tp 1.16165]
266861142,371611731,2026-09-11 04:12:17,BUY,OUT,0.01,0.81257,0.54,-0.15,-0.01,USDCHF.p,[tp 0.81257]
266863995,371615738,2026-09-11 04:15:00,SELL,IN,0.01,0.5822,0.0,0.0,-0.01,AUDCHF.p,E25/T4
266945714,371736587,2026-09-11 05:30:00,SELL,IN,0.01,1.38429,0.0,0.0,-0.01,USDCAD.p,E25/T4
266950218,371742410,2026-09-11 05:31:34,BUY,OUT,0.01,0.90741,0.33,0.0,-0.01,AUDSGD.p,[tp 0.90741]
267022999,371851675,2026-09-11 06:34:01,BUY,IN,0.01,1.34961,0.0,0.0,-0.01,GBPUSD.p,E25/T4
267071100,371934514,2026-09-11 07:33:56,BUY,OUT,0.01,2.31678,-9.06,-0.37,-0.01,GBPNZD.p,[tp 2.31678]
267071102,371934515,2026-09-11 07:33:56,BUY,OUT,0.01,2.31678,1.12,-0.31,-0.01,GBPNZD.p,[tp 2.31678]
267071104,371934516,2026-09-11 07:33:56,BUY,OUT,0.02,2.31678,9.0,-0.13,-0.02,GBPNZD.p,[tp 2.31678]
267087735,371965631,2026-09-11 08:00:00,BUY,IN,0.01,2.3174799999999998,0.0,0.0,-0.01,GBPNZD.p,E25/T4
267102430,371990066,2026-09-11 08:18:46,SELL,OUT,0.01,1.86944,0.34,0.0,-0.01,GBPCAD.p,[tp 1.86944]
267145988,372055587,2026-09-11 09:00:00,SELL,OUT,0.01,1.35153,-1.5899999999999999,-0.01,-0.01,GBPUSD.p,[tp 1.35153]
267145990,372055588,2026-09-11 09:00:00,SELL,OUT,0.01,1.35153,1.92,0.0,-0.01,GBPUSD.p,[tp 1.35153]
267163545,372081709,2026-09-11 09:12:53,SELL,IN,0.01,1.87094,0.0,0.0,-0.01,GBPCAD.p,E25/T4
267167199,372086809,2026-09-11 09:15:00,BUY,IN,0.01,1.8854,0.0,0.0,-0.01,GBPAUD.p,E25/T4
267188766,372120046,2026-09-11 09:45:00,SELL,IN,0.01,0.99253,0.0,0.0,-0.01,AUDCAD.p,E25/T4
267241504,372219583,2026-09-11 11:03:38,SELL,OUT,0.01,2.31824,0.44,0.0,-0.01,GBPNZD.p,[tp 2.31824]
267254298,372239125,2026-09-11 11:15:00,BUY,IN,0.01,2.31889,0.0,0.0,-0.01,GBPNZD.p,E25/T4
267320755,372368626,2026-09-11 12:55:06,BUY,OUT,0.01,1.87038,0.4,0.0,-0.01,GBPCAD.p,[tp 1.87038]
267347114,372415798,2026-09-11 13:30:00,SELL,IN,0.01,1.8704800000000001,0.0,0.0,-0.01,GBPCAD.p,E25/T4
267365651,372448381,2026-09-11 14:00:00,SELL,IN,0.01,1.1013,0.0,0.0,-0.01,GBPCHF.p,E25/T4
267365745,372448610,2026-09-11 14:00:00,BUY,IN,0.02,89.609,0.0,0.0,-0.02,NZDJPY.p,E25/T4
267388643,372484307,2026-09-11 14:30:12,SELL,OUT,0.01,2.31949,0.35,0.0,-0.01,GBPNZD.p,[tp 2.31949]
267388664,372484386,2026-09-11 14:30:16,SELL,IN,0.01,2.31948,0.0,0.0,-0.01,GBPNZD.p,E25/T4
267400839,372504274,2026-09-11 14:45:00,BUY,IN,0.02,188.778,0.0,0.0,-0.02,CHFJPY.p,E25/T4
267537677,372681388,2026-09-11 15:45:00,BUY,IN,0.08,153.685,0.0,0.0,-0.08,USDJPY.p,E25/T4
267537680,372681396,2026-09-11 15:45:00,BUY,IN,0.02,110.86,0.0,0.0,-0.02,CADJPY.p,E25/T4
267537794,372681578,2026-09-11 15:45:00,SELL,IN,0.01,1.35084,0.0,0.0,-0.01,GBPUSD.p,E25/T4
267537809,372681602,2026-09-11 15:45:00,BUY,IN,0.01,0.90921,0.0,0.0,-0.01,AUDSGD.p,E25/T4
267542882,372687960,2026-09-11 15:46:16,BUY,OUT,0.01,1.26693,0.36,-0.09,-0.01,USDSGD.p,[tp 1.26693]
267543096,372688279,2026-09-11 15:46:19,BUY,IN,0.01,1.26695,0.0,0.0,-0.01,USDSGD.p,E25/T4
267564700,372715392,2026-09-11 15:51:38,BUY,OUT,0.01,1.6148,0.31,0.03,-0.01,EURAUD.p,[tp 1.61480]
267586383,372744092,2026-09-11 16:00:00,SELL,IN,0.01,0.99605,0.0,0.0,-0.01,AUDCAD.p,E25/T4
267599118,372761979,2026-09-11 16:03:39,SELL,OUT,0.01,1.60915,-4.41,-0.31,-0.01,EURCAD.p,[tp 1.60915]
267599120,372761980,2026-09-11 16:03:39,SELL,OUT,0.01,1.60915,5.04,-0.1,-0.01,EURCAD.p,[tp 1.60915]
267630270,372805864,2026-09-11 16:15:00,BUY,IN,0.01,1.61652,0.0,0.0,-0.01,EURAUD.p,E25/T4
267764396,372999749,2026-09-11 17:15:00,SELL,IN,0.01,1.6095899999999999,0.0,0.0,-0.01,EURCAD.p,E25/T4
267824047,373077092,2026-09-11 17:45:47,SELL,IN,0.02,1.3878,0.0,0.0,-0.02,USDCAD.p,E25/T4
267829147,373083614,2026-09-11 17:48:11,SELL,OUT,0.01,1.8858899999999998,0.35,0.0,-0.01,GBPAUD.p,[tp 1.88589]
267899855,373177452,2026-09-11 18:30:00,SELL,IN,0.01,1.8850799999999999,0.0,0.0,-0.01,GBPAUD.p,E25/T4
267899888,373177510,2026-09-11 18:30:00,SELL,IN,0.01,0.94674,0.0,0.0,-0.01,EURCHF.p,E25/T4
268002776,373339183,2026-09-11 20:10:35,BUY,OUT,0.01,0.99439,-1.34,0.0,-0.01,AUDCAD.p,[tp 0.99439]
268002777,373339184,2026-09-11 20:10:35,BUY,OUT,0.01,0.99439,1.2,0.0,-0.01,AUDCAD.p,[tp 0.99439]
268002782,373339191,2026-09-11 20:10:37,SELL,IN,0.01,0.99437,0.0,0.0,-0.01,AUDCAD.p,E25/T4
268032933,373384795,2026-09-11 20:42:53,SELL,OUT,0.01,1.61696,0.32,0.0,-0.01,EURAUD.p,[tp 1.61696]
268034731,373387367,2026-09-11 20:45:00,BUY,IN,0.01,1.61684,0.0,0.0,-0.01,EURAUD.p,E25/T4
268065582,373434467,2026-09-11 21:19:16,BUY,OUT,0.01,1.60775,1.33,0.0,-0.01,EURCAD.p,[tp 1.60775]
268091843,373476120,2026-09-11 22:00:00,BUY,IN,0.01,1.60768,0.0,0.0,-0.01,EURCAD.p,E25/T4
268139900,373552706,2026-09-11 23:34:24,SELL,OUT,0.01,1.26758,0.5,0.0,-0.01,USDSGD.p,[tp 1.26758]
268322534,373801436,2026-09-14 00:01:00,SELL,OUT,0.01,1.61754,0.5,-0.09,-0.01,EURAUD.p,[tp 1.61754]
268322851,373801947,2026-09-14 00:08:57,BUY,OUT,0.01,0.99389,0.35,-0.06,-0.01,AUDCAD.p,[tp 0.99389]
268324630,373804273,2026-09-14 00:45:00,BUY,IN,0.01,0.99418,0.0,0.0,-0.01,AUDCAD.p,E25/T4
268347229,373837090,2026-09-14 01:15:00,BUY,IN,0.01,1.26658,0.0,0.0,-0.01,USDSGD.p,E25/T4
268361199,373860546,2026-09-14 01:30:00,SELL,IN,0.01,1.61894,0.0,0.0,-0.01,EURAUD.p,E25/T4
268396825,373938530,2026-09-14 02:45:00,BUY,IN,0.01,109.797,0.0,0.0,-0.01,AUDJPY.p,E25/T4
268436650,374004050,2026-09-14 03:21:05,BUY,OUT,0.01,0.58007,0.42,0.01,-0.01,NZDUSD.p,[tp 0.58007]
268500233,374100677,2026-09-14 04:06:18,SELL,OUT,0.01,1.2681200000000001,1.21,0.0,-0.01,USDSGD.p,[tp 1.26812]
268500594,374101086,2026-09-14 04:06:20,SELL,IN,0.01,1.2681,0.0,0.0,-0.01,USDSGD.p,E25/T4
268639021,374291859,2026-09-14 05:15:00,SELL,IN,0.01,2.3336,0.0,0.0,-0.01,GBPNZD.p,E25/T4
268703223,374397390,2026-09-14 06:13:45,BUY,OUT,0.01,1.6185100000000001,0.31,0.0,-0.01,EURAUD.p,[tp 1.61851]
268703224,374397393,2026-09-14 06:13:47,BUY,IN,0.01,1.61848,0.0,0.0,-0.01,EURAUD.p,E25/T4
268719880,374432232,2026-09-14 06:40:58,BUY,OUT,0.01,1.35039,0.45,-0.01,-0.01,GBPUSD.p,[tp 1.35039]
268743145,374492818,2026-09-14 07:35:17,BUY,OUT,0.01,0.9463,0.54,-0.13,-0.01,EURCHF.p,[tp 0.94630]
268762515,374529428,2026-09-14 08:00:00,BUY,IN,0.01,1.15658,0.0,0.0,-0.01,EURUSD.p,E25/T4
268785074,374570719,2026-09-14 08:33:02,SELL,OUT,0.01,1.6189200000000001,0.31,0.0,-0.01,EURAUD.p,[tp 1.61892]
268785094,374570767,2026-09-14 08:33:03,BUY,IN,0.01,1.6189200000000001,0.0,0.0,-0.01,EURAUD.p,E25/T4
268836790,374651102,2026-09-14 09:15:00,BUY,IN,0.01,1.6036899999999998,0.0,0.0,-0.01,EURCAD.p,E25/T4
268856407,374690013,2026-09-14 09:45:00,BUY,IN,0.01,1.35003,0.0,0.0,-0.01,GBPUSD.p,E25/T4
268959041,374863618,2026-09-14 11:15:00,BUY,IN,0.04,1.46615,0.0,0.0,-0.04,EURSGD.p,E25/T4
269013297,374963304,2026-09-14 12:15:10,BUY,OUT,0.01,0.7126,-8.05,-0.65,-0.01,AUDUSD.p,[tp 0.71260]
269013298,374963305,2026-09-14 12:15:10,BUY,OUT,0.01,0.7126,-4.35,-0.55,-0.01,AUDUSD.p,[tp 0.71260]
269013299,374963306,2026-09-14 12:15:10,BUY,OUT,0.02,0.7126,6.66,-0.78,-0.02,AUDUSD.p,[tp 0.71260]
269013300,374963307,2026-09-14 12:15:10,BUY,OUT,0.01,0.7126,7.88,-0.17,-0.01,AUDUSD.p,[tp 0.71260]
269032824,374990650,2026-09-14 12:22:28,SELL,OUT,0.01,1.6193499999999998,0.31,0.0,-0.01,EURAUD.p,[tp 1.61935]
269034071,374993349,2026-09-14 12:23:30,BUY,OUT,0.01,0.47168,0.51,-0.08,-0.01,NZDCHF.p,[tp 0.47168]
269067006,375041071,2026-09-14 12:45:00,BUY,IN,0.01,0.71283,0.0,0.0,-0.01,AUDUSD.p,E25/T4
269067035,375041116,2026-09-14 12:45:00,SELL,IN,0.01,1.61929,0.0,0.0,-0.01,EURAUD.p,E25/T4
269083528,375069161,2026-09-14 13:00:00,BUY,IN,0.01,0.47162,0.0,0.0,-0.01,NZDCHF.p,E25/T4
269083633,375069370,2026-09-14 13:00:00,BUY,IN,0.01,0.94312,0.0,0.0,-0.01,EURCHF.p,E25/T4
269083645,375069407,2026-09-14 13:00:00,SELL,IN,0.01,1.89232,0.0,0.0,-0.01,GBPAUD.p,E25/T4
269212571,375304223,2026-09-14 15:31:54,SELL,IN,0.04,1.39136,0.0,0.0,-0.04,USDCAD.p,E25/T4
269273675,375386863,2026-09-14 16:00:00,SELL,IN,0.01,1.27196,0.0,0.0,-0.01,USDSGD.p,E25/T4
269281062,375396948,2026-09-14 16:02:44,BUY,OUT,0.01,0.58178,0.51,-0.12,-0.01,AUDCHF.p,[tp 0.58178]
269285429,375402618,2026-09-14 16:04:18,BUY,IN,0.01,1.34646,0.0,0.0,-0.01,GBPUSD.p,E25/T4
269316565,375444520,2026-09-14 16:16:31,SELL,OUT,0.01,0.94356,0.54,0.0,-0.01,EURCHF.p,[tp 0.94356]
269333666,375469295,2026-09-14 16:30:00,BUY,IN,0.01,0.58193,0.0,0.0,-0.01,AUDCHF.p,E25/T4
269333743,375469380,2026-09-14 16:30:00,BUY,IN,0.01,0.94361,0.0,0.0,-0.01,EURCHF.p,E25/T4
269345959,375485285,2026-09-14 16:35:24,SELL,OUT,0.01,1.6061299999999998,-1.11,-0.02,-0.01,EURCAD.p,[tp 1.60613]
269345960,375485286,2026-09-14 16:35:24,SELL,OUT,0.01,1.6061299999999998,1.75,0.0,-0.01,EURCAD.p,[tp 1.60613]
269397448,375551254,2026-09-14 17:00:00,SELL,IN,0.01,1.60486,0.0,0.0,-0.01,EURCAD.p,E25/T4
269485503,375669059,2026-09-14 17:59:26,BUY,OUT,0.01,1.61886,0.31,0.0,-0.01,EURAUD.p,[tp 1.61886]
269486598,375670305,2026-09-14 18:00:00,SELL,IN,0.01,1.61882,0.0,0.0,-0.01,EURAUD.p,E25/T4
269495171,375681630,2026-09-14 18:05:42,SELL,OUT,0.01,0.71326,0.43,0.0,-0.01,AUDUSD.p,[tp 0.71326]
269496646,375683104,2026-09-14 18:05:45,BUY,IN,0.01,0.71332,0.0,0.0,-0.01,AUDUSD.p,E25/T4
269500656,375687919,2026-09-14 18:06:28,SELL,OUT,0.01,0.47204,0.51,0.0,-0.01,NZDCHF.p,[tp 0.47204]
269501171,375688597,2026-09-14 18:06:34,BUY,IN,0.01,0.47199,0.0,0.0,-0.01,NZDCHF.p,E25/T4
269655775,375906498,2026-09-14 20:11:17,SELL,OUT,0.01,1.35084,0.81,0.0,-0.01,GBPUSD.p,[tp 1.35084]
269655776,375906499,2026-09-14 20:11:17,SELL,OUT,0.01,1.35084,4.38,0.0,-0.01,GBPUSD.p,[tp 1.35084]
269659208,375911914,2026-09-14 20:15:00,BUY,IN,0.01,0.81604,0.0,0.0,-0.01,USDCHF.p,E25/T4
269679492,375944795,2026-09-14 20:45:00,SELL,IN,0.01,1.35056,0.0,0.0,-0.01,GBPUSD.p,E25/T4
269680871,375947318,2026-09-14 20:47:43,SELL,OUT,0.01,0.58319,1.54,0.0,-0.01,AUDCHF.p,[tp 0.58319]
269703901,375990940,2026-09-14 21:24:01,BUY,OUT,0.01,1.61749,0.95,0.0,-0.01,EURAUD.p,[tp 1.61749]
269718205,376013009,2026-09-14 21:45:00,BUY,IN,0.01,1.6176599999999999,0.0,0.0,-0.01,EURAUD.p,E25/T4
269783972,376110173,2026-09-14 23:21:32,SELL,OUT,0.01,0.94405,0.54,0.0,-0.01,EURCHF.p,[tp 0.94405]
269798450,376130921,2026-09-15 01:01:32,SELL,OUT,0.01,0.71398,0.66,0.0,-0.01,AUDUSD.p,[tp 0.71398]
269823051,376168670,2026-09-15 02:05:05,SELL,OUT,0.01,1.6181,0.31,-0.1,-0.01,EURAUD.p,[tp 1.61810]
269835527,376191318,2026-09-15 02:32:08,BUY,OUT,0.01,1.35007,0.49,-0.01,-0.01,GBPUSD.p,[tp 1.35007]
269835546,376191349,2026-09-15 02:32:10,SELL,IN,0.01,1.35004,0.0,0.0,-0.01,GBPUSD.p,E25/T4
269836080,376192145,2026-09-15 02:32:53,SELL,OUT,0.01,0.81739,1.65,0.06,-0.01,USDCHF.p,[tp 0.81739]
269950958,376386194,2026-09-15 05:34:58,BUY,OUT,0.01,1.34847,1.5699999999999998,0.0,-0.01,GBPUSD.p,[tp 1.34847]
269959888,376399855,2026-09-15 05:45:00,BUY,IN,0.04,0.80111,0.0,0.0,-0.04,NZDCAD.p,E25/T4
269968577,376413685,2026-09-15 06:00:00,BUY,IN,0.01,1.3489,0.0,0.0,-0.01,GBPUSD.p,E25/T4
269980067,376437157,2026-09-15 06:30:00,BUY,IN,0.08,0.73185,0.0,0.0,-0.08,NZDSGD.p,E25/T4
270009722,376483233,2026-09-15 07:45:00,SELL,IN,0.01,1.61997,0.0,0.0,-0.01,EURAUD.p,E25/T4
270056898,376555959,2026-09-15 09:00:42,BUY,OUT,0.01,1.60442,0.32,-0.03,-0.01,EURCAD.p,[tp 1.60442]
270077353,376588454,2026-09-15 09:30:00,BUY,IN,0.01,1.1529,0.0,0.0,-0.01,EURUSD.p,E25/T4
270115100,376648677,2026-09-15 10:31:27,BUY,OUT,0.01,1.61954,0.31,0.0,-0.01,EURAUD.p,[tp 1.61954]
270115162,376648766,2026-09-15 10:31:28,SELL,IN,0.01,1.61952,0.0,0.0,-0.01,EURAUD.p,E25/T4
270159269,376709950,2026-09-15 11:05:42,SELL,OUT,0.01,111.506,-8.47,0.07,-0.01,CADJPY.p,[tp 111.506]
270159270,376709951,2026-09-15 11:05:42,SELL,OUT,0.01,111.506,1.32,0.05,-0.01,CADJPY.p,[tp 111.506]
270159271,376709952,2026-09-15 11:05:42,SELL,OUT,0.02,111.506,8.33,0.03,-0.02,CADJPY.p,[tp 111.506]
270181886,376740155,2026-09-15 11:30:00,SELL,IN,0.01,111.411,0.0,0.0,-0.01,CADJPY.p,E25/T4
270257657,376844184,2026-09-15 13:25:42,BUY,OUT,0.01,1.6189200000000001,0.43,0.0,-0.01,EURAUD.p,[tp 1.61892]
270258776,376846715,2026-09-15 13:30:00,BUY,IN,0.01,1.61894,0.0,0.0,-0.01,EURAUD.p,E25/T4
270275251,376871959,2026-09-15 14:02:21,BUY,OUT,0.01,111.242,1.09,0.0,-0.01,CADJPY.p,[tp 111.242]
270298305,376906191,2026-09-15 14:45:00,BUY,IN,0.01,111.254,0.0,0.0,-0.01,CADJPY.p,E25/T4
270298323,376906226,2026-09-15 14:45:00,SELL,IN,0.01,1.60591,0.0,0.0,-0.01,EURCAD.p,E25/T4
270394893,377038548,2026-09-15 16:13:09,SELL,OUT,0.01,1.61992,0.7,0.0,-0.01,EURAUD.p,[tp 1.61992]
270395679,377040308,2026-09-15 16:15:00,SELL,IN,0.08,2.0059,0.0,0.0,-0.08,EURNZD.p,E25/T4
270395715,377040365,2026-09-15 16:15:00,SELL,IN,0.16,1.23828,0.0,0.0,-0.16,AUDNZD.p,E25/T4
270411452,377063242,2026-09-15 16:30:00,SELL,IN,0.01,1.61959,0.0,0.0,-0.01,EURAUD.p,E25/T4
270446164,377108456,2026-09-15 16:51:49,SELL,OUT,0.01,1.34935,0.45,0.0,-0.01,GBPUSD.p,[tp 1.34935]
270478571,377151189,2026-09-15 17:15:00,SELL,IN,0.02,1.10499,0.0,0.0,-0.02,GBPCHF.p,E25/T4
270502788,377180891,2026-09-15 17:30:00,SELL,IN,0.02,2.34486,0.0,0.0,-0.02,GBPNZD.p,E25/T4
270509933,377189981,2026-09-15 17:33:22,SELL,OUT,0.01,1.15518,-1.4,-0.06,-0.01,EURUSD.p,[tp 1.15518]
270509939,377189983,2026-09-15 17:33:22,SELL,OUT,0.01,1.15518,2.2800000000000002,0.0,-0.01,EURUSD.p,[tp 1.15518]
270541160,377231341,2026-09-15 17:56:27,SELL,OUT,0.01,1.71733,-8.67,0.24,-0.01,GBPSGD.p,[tp 1.71733]
270541161,377231342,2026-09-15 17:56:27,SELL,OUT,0.01,1.71733,-5.38,0.2,-0.01,GBPSGD.p,[tp 1.71733]
270541162,377231343,2026-09-15 17:56:27,SELL,OUT,0.02,1.71733,1.04,0.33,-0.02,GBPSGD.p,[tp 1.71733]
270541163,377231344,2026-09-15 17:56:27,SELL,OUT,0.04,1.71733,15.78,0.52,-0.04,GBPSGD.p,[tp 1.71733]
270544320,377235550,2026-09-15 18:00:00,SELL,IN,0.01,0.94568,0.0,0.0,-0.01,EURCHF.p,E25/T4
270589137,377294416,2026-09-15 18:45:24,SELL,OUT,0.01,111.422,1.08,0.0,-0.01,CADJPY.p,[tp 111.422]
270589355,377294654,2026-09-15 18:45:29,SELL,IN,0.01,111.424,0.0,0.0,-0.01,CADJPY.p,E25/T4
270637285,377360597,2026-09-15 19:40:59,BUY,OUT,0.01,1.60547,0.32,0.0,-0.01,EURCAD.p,[tp 1.60547]
270639028,377363203,2026-09-15 19:45:00,BUY,IN,0.01,1.6057000000000001,0.0,0.0,-0.01,EURCAD.p,E25/T4
270756511,377555461,2026-09-15 23:01:20,BUY,OUT,0.01,1.61829,0.93,0.0,-0.01,EURAUD.p,[tp 1.61829]
270768200,377578386,2026-09-16 00:09:02,BUY,OUT,0.01,0.94481,1.06,-0.13,-0.01,EURCHF.p,[tp 0.94481]
270772376,377583364,2026-09-16 01:03:07,SELL,OUT,0.01,1.60686,0.83,-0.02,-0.01,EURCAD.p,[tp 1.60686]
270772393,377583379,2026-09-16 01:03:09,BUY,IN,0.01,1.60698,0.0,0.0,-0.01,EURCAD.p,E25/T4
270779936,377590709,2026-09-16 01:15:00,BUY,IN,0.01,1.7152500000000002,0.0,0.0,-0.01,GBPSGD.p,E25/T4
270779968,377590830,2026-09-16 01:15:00,BUY,IN,0.01,0.94502,0.0,0.0,-0.01,EURCHF.p,E25/T4
270792471,377604239,2026-09-16 01:30:00,SELL,IN,0.01,1.6184699999999999,0.0,0.0,-0.01,EURAUD.p,E25/T4
270822679,377652541,2026-09-16 02:37:41,SELL,OUT,0.01,155.258,-28.17,0.57,-0.01,USDJPY.p,[tp 155.258]
270822680,377652542,2026-09-16 02:37:41,SELL,OUT,0.01,155.258,-20.36,0.44,-0.01,USDJPY.p,[tp 155.258]
270822681,377652543,2026-09-16 02:37:41,SELL,OUT,0.02,155.258,-19.48,0.91,-0.02,USDJPY.p,[tp 155.258]
270822682,377652544,2026-09-16 02:37:41,SELL,OUT,0.04,155.258,-8.06,1.81,-0.04,USDJPY.p,[tp 155.258]
270822683,377652545,2026-09-16 02:37:41,SELL,OUT,0.08,155.258,81.05,0.97,-0.08,USDJPY.p,[tp 155.258]
270823366,377653682,2026-09-16 02:39:12,SELL,OUT,0.01,209.299,-44.93,0.43,-0.01,GBPJPY.p,[tp 209.299]
270823367,377653683,2026-09-16 02:39:12,SELL,OUT,0.01,209.299,-37.08,0.43,-0.01,GBPJPY.p,[tp 209.299]
270823368,377653684,2026-09-16 02:39:12,SELL,OUT,0.02,209.299,-53.65,0.67,-0.02,GBPJPY.p,[tp 209.299]
270823369,377653685,2026-09-16 02:39:12,SELL,OUT,0.04,209.299,-78.03,1.3599999999999999,-0.04,GBPJPY.p,[tp 209.299]
270823370,377653686,2026-09-16 02:39:12,SELL,OUT,0.08,209.299,60.96,2.0,-0.08,GBPJPY.p,[tp 209.299]
270823371,377653687,2026-09-16 02:39:12,SELL,OUT,0.16,209.299,164.86,3.5,-0.16,GBPJPY.p,[tp 209.299]
270823380,377653709,2026-09-16 02:39:15,SELL,IN,0.01,209.27,0.0,0.0,-0.01,GBPJPY.p,E25/T4
270830484,377665949,2026-09-16 03:00:00,SELL,IN,0.01,155.284,0.0,0.0,-0.01,USDJPY.p,E25/T4
270864800,377719682,2026-09-16 04:02:30,SELL,OUT,0.01,110.771,-5.7,0.12,-0.01,AUDJPY.p,[tp 110.771]
270864801,377719683,2026-09-16 04:02:30,SELL,OUT,0.01,110.771,6.27,0.04,-0.01,AUDJPY.p,[tp 110.771]
270915903,377790779,2026-09-16 05:08:27,SELL,OUT,0.01,1.6074199999999998,0.32,0.0,-0.01,EURCAD.p,[tp 1.60742]
270927895,377807803,2026-09-16 05:23:25,SELL,OUT,0.01,1.7156799999999999,0.34,0.0,-0.01,GBPSGD.p,[tp 1.71568]
270974830,377873671,2026-09-16 06:00:42,BUY,OUT,0.01,155.235,0.32,0.0,-0.01,USDJPY.p,[tp 155.235]
270974860,377873709,2026-09-16 06:00:44,SELL,IN,0.01,155.232,0.0,0.0,-0.01,USDJPY.p,E25/T4
271018610,377932421,2026-09-16 06:30:54,SELL,IN,0.04,2.34837,0.0,0.0,-0.04,GBPNZD.p,E25/T4
271028490,377947627,2026-09-16 06:45:00,SELL,IN,0.01,1.71638,0.0,0.0,-0.01,GBPSGD.p,E25/T4
271028511,377947680,2026-09-16 06:45:00,SELL,IN,0.01,1.60785,0.0,0.0,-0.01,EURCAD.p,E25/T4
271085406,378040616,2026-09-16 08:55:08,BUY,OUT,0.01,155.179,0.34,0.0,-0.01,USDJPY.p,[tp 155.179]
271097831,378056949,2026-09-16 09:08:03,BUY,OUT,0.01,209.212,0.37,0.0,-0.01,GBPJPY.p,[tp 209.212]
271097836,378056962,2026-09-16 09:08:04,SELL,IN,0.01,209.194,0.0,0.0,-0.01,GBPJPY.p,E25/T4
271101048,378061599,2026-09-16 09:12:41,BUY,OUT,0.01,111.379,0.29,-0.04,-0.01,CADJPY.p,[tp 111.379]
271102051,378063588,2026-09-16 09:15:00,SELL,IN,0.01,1.34855,0.0,0.0,-0.01,GBPUSD.p,E25/T4
271111750,378077733,2026-09-16 09:30:00,BUY,IN,0.01,155.11,0.0,0.0,-0.01,USDJPY.p,E25/T4
271112070,378078198,2026-09-16 09:30:39,BUY,OUT,0.01,2.3432,-13.65,-0.22,-0.01,GBPNZD.p,[tp 2.34320]
271112071,378078199,2026-09-16 09:30:39,BUY,OUT,0.01,2.3432,-5.52,-0.16,-0.01,GBPNZD.p,[tp 2.34320]
271112072,378078200,2026-09-16 09:30:39,BUY,OUT,0.02,2.3432,1.9100000000000001,-0.16,-0.02,GBPNZD.p,[tp 2.34320]
271112073,378078201,2026-09-16 09:30:39,BUY,OUT,0.04,2.3432,11.9,0.0,-0.04,GBPNZD.p,[tp 2.34320]
271112106,378078256,2026-09-16 09:30:42,BUY,IN,0.01,2.3430400000000002,0.0,0.0,-0.01,GBPNZD.p,E25/T4
271119639,378089941,2026-09-16 09:45:23,BUY,OUT,0.01,1.71582,0.44,0.0,-0.01,GBPSGD.p,[tp 1.71582]
271131558,378105760,2026-09-16 10:00:00,BUY,IN,0.04,189.348,0.0,0.0,-0.04,CHFJPY.p,E25/T4
271141369,378118918,2026-09-16 10:08:03,SELL,OUT,0.01,0.94546,0.54,0.0,-0.01,EURCHF.p,[tp 0.94546]
271166925,378154049,2026-09-16 10:45:00,BUY,IN,0.01,111.198,0.0,0.0,-0.01,CADJPY.p,E25/T4
271221742,378230749,2026-09-16 11:52:20,BUY,OUT,0.01,1.6074000000000002,0.32,0.0,-0.01,EURCAD.p,[tp 1.60740]
271221807,378230826,2026-09-16 11:52:28,SELL,IN,0.01,1.6074000000000002,0.0,0.0,-0.01,EURCAD.p,E25/T4
271286001,378330875,2026-09-16 13:15:12,BUY,OUT,0.01,1.6180400000000001,0.31,0.0,-0.01,EURAUD.p,[tp 1.61804]
271294503,378344044,2026-09-16 13:27:08,BUY,OUT,0.01,1.88823,-2.25,-0.07,-0.01,GBPAUD.p,[tp 1.88823]
271294504,378344045,2026-09-16 13:27:08,BUY,OUT,0.01,1.88823,2.92,-0.04,-0.01,GBPAUD.p,[tp 1.88823]
271303688,378360009,2026-09-16 13:44:46,BUY,OUT,0.01,208.962,1.5,0.0,-0.01,GBPJPY.p,[tp 208.962]
271303734,378360088,2026-09-16 13:44:54,BUY,IN,0.01,208.964,0.0,0.0,-0.01,GBPJPY.p,E25/T4
271306265,378365691,2026-09-16 13:52:23,BUY,OUT,0.01,1.34671,1.8399999999999999,0.0,-0.01,GBPUSD.p,[tp 1.34671]
271306279,378365708,2026-09-16 13:52:27,BUY,IN,0.01,1.34671,0.0,0.0,-0.01,GBPUSD.p,E25/T4
271322333,378390799,2026-09-16 14:10:16,BUY,IN,0.01,1.8877899999999999,0.0,0.0,-0.01,GBPAUD.p,E25/T4
271335328,378413478,2026-09-16 14:35:45,BUY,OUT,0.01,1.10182,-5.11,-0.96,-0.01,GBPCHF.p,[tp 1.10182]
271335329,378413479,2026-09-16 14:35:45,BUY,OUT,0.01,1.10182,-0.64,-0.72,-0.01,GBPCHF.p,[tp 1.10182]
271335330,378413480,2026-09-16 14:35:45,BUY,OUT,0.02,1.10182,7.75,-0.48,-0.02,GBPCHF.p,[tp 1.10182]
271343773,378427503,2026-09-16 14:46:33,SELL,OUT,0.01,111.259,0.39,0.0,-0.01,CADJPY.p,[tp 111.259]
271368596,378462420,2026-09-16 15:15:00,BUY,IN,0.01,111.284,0.0,0.0,-0.01,CADJPY.p,E25/T4
271377779,378475331,2026-09-16 15:24:55,SELL,OUT,0.01,155.158,0.31,0.0,-0.01,USDJPY.p,[tp 155.158]
271377885,378475471,2026-09-16 15:25:02,BUY,IN,0.01,155.15,0.0,0.0,-0.01,USDJPY.p,E25/T4
271396640,378501780,2026-09-16 15:45:00,BUY,IN,0.01,1.7132800000000001,0.0,0.0,-0.01,GBPSGD.p,E25/T4
271566509,378731909,2026-09-16 17:51:13,SELL,OUT,0.01,111.329,0.29,0.0,-0.01,CADJPY.p,[tp 111.329]
271614079,378797049,2026-09-16 18:30:00,BUY,IN,0.01,111.29,0.0,0.0,-0.01,CADJPY.p,E25/T4
271739860,378962991,2026-09-16 21:00:09,SELL,OUT,0.01,0.99463,0.32,0.06,-0.01,AUDCAD.p,[tp 0.99463]
271754978,378980846,2026-09-16 21:01:12,SELL,OUT,0.01,155.198,0.31,0.0,-0.01,USDJPY.p,[tp 155.198]
271755423,378981371,2026-09-16 21:01:15,BUY,OUT,0.01,1.60696,0.32,0.0,-0.01,EURCAD.p,[tp 1.60696]
271759068,378985574,2026-09-16 21:01:35,BUY,IN,0.01,1.15157,0.0,0.0,-0.01,EURUSD.p,E25/T4
271826691,379068105,2026-09-16 21:13:40,SELL,OUT,0.01,111.336,0.3,0.0,-0.01,CADJPY.p,[tp 111.336]
271832222,379075250,2026-09-16 21:15:00,BUY,IN,0.01,155.441,0.0,0.0,-0.01,USDJPY.p,E25/T4
271832349,379075405,2026-09-16 21:15:00,SELL,IN,0.08,1.39602,0.0,0.0,-0.08,USDCAD.p,E25/T4
271832370,379075439,2026-09-16 21:15:00,SELL,IN,0.01,0.71139,0.0,0.0,-0.01,AUDUSD.p,E25/T4
271832382,379075459,2026-09-16 21:15:00,BUY,IN,0.01,111.352,0.0,0.0,-0.01,CADJPY.p,E25/T4
271832392,379075476,2026-09-16 21:15:00,BUY,IN,0.01,0.8214,0.0,0.0,-0.01,USDCHF.p,E25/T4
271832408,379075495,2026-09-16 21:15:01,BUY,IN,0.01,1.34117,0.0,0.0,-0.01,GBPUSD.p,E25/T4
271883301,379139269,2026-09-16 21:30:00,BUY,IN,0.01,1.6063800000000001,0.0,0.0,-0.01,EURCAD.p,E25/T4
272011132,379298996,2026-09-16 22:00:00,BUY,IN,0.01,1.70965,0.0,0.0,-0.01,GBPSGD.p,E25/T4
272044942,379342872,2026-09-16 22:09:13,SELL,OUT,0.01,1.88828,0.35,0.0,-0.01,GBPAUD.p,[tp 1.88828]
272045041,379343018,2026-09-16 22:09:16,BUY,IN,0.01,1.8885100000000001,0.0,0.0,-0.01,GBPAUD.p,E25/T4
272057294,379358624,2026-09-16 22:11:42,SELL,OUT,0.01,2.34351,0.27,0.0,-0.01,GBPNZD.p,[tp 2.34351]
272068941,379374350,2026-09-16 22:15:00,SELL,IN,0.01,1.10381,0.0,0.0,-0.01,GBPCHF.p,E25/T4
272136603,379462837,2026-09-16 22:40:51,SELL,OUT,0.01,209.022,0.37,0.0,-0.01,GBPJPY.p,[tp 209.022]
272145578,379474096,2026-09-16 22:45:00,BUY,IN,0.01,0.99127,0.0,0.0,-0.01,AUDCAD.p,E25/T4
272145653,379474202,2026-09-16 22:45:00,BUY,IN,0.01,0.57117,0.0,0.0,-0.01,NZDUSD.p,E25/T4
272145654,379474203,2026-09-16 22:45:00,SELL,IN,0.01,2.34345,0.0,0.0,-0.01,GBPNZD.p,E25/T4
272145695,379474266,2026-09-16 22:45:00,SELL,IN,0.01,0.58947,0.0,0.0,-0.01,CADCHF.p,E25/T4
272145696,379474267,2026-09-16 22:45:00,SELL,IN,0.01,1.6188799999999999,0.0,0.0,-0.01,EURAUD.p,E25/T4
272196379,379541337,2026-09-17 00:01:00,SELL,IN,0.01,110.713,0.0,0.0,-0.01,AUDJPY.p,E25/T4
272196622,379541656,2026-09-17 00:15:00,BUY,IN,0.01,0.94704,0.0,0.0,-0.01,EURCHF.p,E25/T4
272196765,379541819,2026-09-17 00:22:34,BUY,IN,0.01,0.9057,0.0,0.0,-0.01,AUDSGD.p,E25/T4
272196766,379541820,2026-09-17 00:22:35,BUY,IN,0.08,1.46264,0.0,0.0,-0.08,EURSGD.p,E25/T4
272197013,379542093,2026-09-17 00:45:00,BUY,IN,0.01,0.85671,0.0,0.0,-0.01,EURGBP.p,E25/T4
272208932,379558702,2026-09-17 01:30:00,SELL,IN,0.01,209.029,0.0,0.0,-0.01,GBPJPY.p,E25/T4
272219886,379574068,2026-09-17 01:45:15,SELL,OUT,0.01,0.47241,0.51,0.11,-0.01,NZDCHF.p,[tp 0.47241]
272278769,379656120,2026-09-17 03:13:55,BUY,OUT,0.01,0.7089,2.49,-0.06,-0.01,AUDUSD.p,[tp 0.70890]
272281007,379659271,2026-09-17 03:15:14,SELL,OUT,0.01,111.515,1.05,0.02,-0.01,CADJPY.p,[tp 111.515]
272292680,379676067,2026-09-17 03:30:00,BUY,IN,0.01,0.70899,0.0,0.0,-0.01,AUDUSD.p,E25/T4
272406455,379834831,2026-09-17 05:21:24,SELL,OUT,0.01,156.159,4.6,0.12,-0.01,USDJPY.p,[tp 156.159]
272406483,379834880,2026-09-17 05:21:31,SELL,IN,0.01,156.162,0.0,0.0,-0.01,USDJPY.p,E25/T4
272412368,379843976,2026-09-17 05:35:01,SELL,OUT,0.01,0.82584,5.38,0.19,-0.01,USDCHF.p,[tp 0.82584]
272440509,379885146,2026-09-17 06:15:00,SELL,IN,0.01,0.82576,0.0,0.0,-0.01,USDCHF.p,E25/T4
272451738,379901583,2026-09-17 06:41:23,BUY,OUT,0.01,1.61341,3.89,0.12,-0.01,EURAUD.p,[tp 1.61341]
272457503,379910502,2026-09-17 06:57:17,BUY,OUT,0.01,2.33662,3.91,-0.24,-0.01,GBPNZD.p,[tp 2.33662]
272459208,379913117,2026-09-17 07:01:44,SELL,OUT,0.01,0.99405,1.99,0.08,-0.01,AUDCAD.p,[tp 0.99405]
272464515,379921880,2026-09-17 07:20:30,SELL,OUT,0.01,0.57255,1.38,-0.08,-0.01,NZDUSD.p,[tp 0.57255]
272474975,379937195,2026-09-17 07:45:00,BUY,IN,0.01,1.61295,0.0,0.0,-0.01,EURAUD.p,E25/T4
272481268,379946465,2026-09-17 08:00:00,BUY,IN,0.01,2.33617,0.0,0.0,-0.01,GBPNZD.p,E25/T4
272483052,379949739,2026-09-17 08:06:32,BUY,OUT,0.01,208.722,1.97,0.0,-0.01,GBPJPY.p,[tp 208.722]
272507360,379984572,2026-09-17 08:45:00,SELL,IN,0.01,0.9944,0.0,0.0,-0.01,AUDCAD.p,E25/T4
272516520,379996985,2026-09-17 08:55:47,BUY,OUT,0.01,110.663,0.32,0.0,-0.01,AUDJPY.p,[tp 110.663]
272516812,379997310,2026-09-17 08:55:55,SELL,IN,0.01,110.653,0.0,0.0,-0.01,AUDJPY.p,E25/T4
272533692,380020566,2026-09-17 09:15:00,BUY,IN,0.01,208.464,0.0,0.0,-0.01,GBPJPY.p,E25/T4
272538048,380026071,2026-09-17 09:17:53,BUY,OUT,0.01,1.10339,0.51,-0.71,-0.01,GBPCHF.p,[tp 1.10339]
272545936,380037253,2026-09-17 09:30:11,SELL,OUT,0.01,0.9078,-1.11,0.07,-0.01,AUDSGD.p,[tp 0.90780]
272545941,380037255,2026-09-17 09:30:11,SELL,OUT,0.01,0.9078,1.65,0.0,-0.01,AUDSGD.p,[tp 0.90780]
272546051,380037456,2026-09-17 09:30:19,BUY,OUT,0.01,0.58905,0.51,-0.23,-0.01,CADCHF.p,[tp 0.58905]
272556482,380052654,2026-09-17 09:41:48,BUY,OUT,0.01,155.612,3.5300000000000002,0.0,-0.01,USDJPY.p,[tp 155.612]
272558674,380055706,2026-09-17 09:45:00,BUY,IN,0.01,111.302,0.0,0.0,-0.01,CADJPY.p,E25/T4
272558715,380055764,2026-09-17 09:45:00,BUY,IN,0.01,155.621,0.0,0.0,-0.01,USDJPY.p,E25/T4
272558718,380055768,2026-09-17 09:45:00,BUY,IN,0.01,0.5894,0.0,0.0,-0.01,CADCHF.p,E25/T4
272576006,380080351,2026-09-17 10:09:00,BUY,OUT,0.01,0.82407,2.05,0.0,-0.01,USDCHF.p,[tp 0.82407]
272584202,380091817,2026-09-17 10:15:00,SELL,IN,0.01,0.90718,0.0,0.0,-0.01,AUDSGD.p,E25/T4
272584275,380091916,2026-09-17 10:15:00,SELL,IN,0.01,0.57353,0.0,0.0,-0.01,NZDUSD.p,E25/T4
272584310,380091971,2026-09-17 10:15:00,BUY,IN,0.01,0.82426,0.0,0.0,-0.01,USDCHF.p,E25/T4
272592393,380102888,2026-09-17 10:20:11,SELL,OUT,0.01,0.85717,0.62,0.0,-0.01,EURGBP.p,[tp 0.85717]
272592501,380103073,2026-09-17 10:20:18,BUY,IN,0.01,0.85717,0.0,0.0,-0.01,EURGBP.p,E25/T4
272653818,380195049,2026-09-17 11:39:37,SELL,OUT,0.01,0.71134,2.35,0.0,-0.01,AUDUSD.p,[tp 0.71134]
272673882,380223951,2026-09-17 12:08:14,SELL,OUT,0.01,0.94748,0.53,0.0,-0.01,EURCHF.p,[tp 0.94748]
272692181,380248692,2026-09-17 12:30:00,SELL,IN,0.01,0.71126,0.0,0.0,-0.01,AUDUSD.p,E25/T4
272701933,380262241,2026-09-17 12:45:00,SELL,IN,0.01,0.94753,0.0,0.0,-0.01,EURCHF.p,E25/T4
272706374,380268186,2026-09-17 12:53:25,SELL,OUT,0.01,2.33664,0.27,0.0,-0.01,GBPNZD.p,[tp 2.33664]
272709480,380272287,2026-09-17 12:59:59,SELL,IN,0.01,1.10665,0.0,0.0,-0.01,GBPCHF.p,E25/T4
272709515,380272337,2026-09-17 13:00:00,BUY,IN,0.01,2.3366,0.0,0.0,-0.01,GBPNZD.p,E25/T4
272757989,380342776,2026-09-17 14:05:42,BUY,OUT,0.01,1.86999,0.35,-0.65,-0.01,GBPCAD.p,[tp 1.86999]
272771694,380361816,2026-09-17 14:15:00,SELL,IN,0.01,1.87013,0.0,0.0,-0.01,GBPCAD.p,E25/T4
272771731,380361877,2026-09-17 14:15:00,BUY,IN,0.02,1.70516,0.0,0.0,-0.02,GBPSGD.p,E25/T4
272805994,380409404,2026-09-17 14:52:17,SELL,OUT,0.01,1.61398,0.73,0.0,-0.01,EURAUD.p,[tp 1.61398]
272857516,380476892,2026-09-17 15:19:46,SELL,OUT,0.01,1.60682,0.31,-0.07,-0.01,EURCAD.p,[tp 1.60682]
272899486,380530999,2026-09-17 15:44:25,SELL,OUT,0.01,155.67,0.31,0.0,-0.01,USDJPY.p,[tp 155.670]
272900023,380531704,2026-09-17 15:45:00,BUY,IN,0.01,1.6135899999999999,0.0,0.0,-0.01,EURAUD.p,E25/T4
272900085,380531798,2026-09-17 15:45:00,BUY,IN,0.01,155.677,0.0,0.0,-0.01,USDJPY.p,E25/T4
272900097,380531817,2026-09-17 15:45:00,SELL,IN,0.01,1.6060699999999999,0.0,0.0,-0.01,EURCAD.p,E25/T4
273068216,380772859,2026-09-17 17:45:26,SELL,OUT,0.01,111.412,0.71,0.0,-0.01,CADJPY.p,[tp 111.412]
273068278,380772964,2026-09-17 17:45:33,SELL,IN,0.01,111.416,0.0,0.0,-0.01,CADJPY.p,E25/T4
273136169,380864577,2026-09-17 18:45:22,SELL,OUT,0.01,0.8247,0.53,0.0,-0.01,USDCHF.p,[tp 0.82470]
273136963,380865713,2026-09-17 18:46:34,BUY,OUT,0.01,0.57311,0.42,0.0,-0.01,NZDUSD.p,[tp 0.57311]
273186663,380936477,2026-09-17 19:54:36,SELL,OUT,0.01,0.58983,0.52,0.0,-0.01,CADCHF.p,[tp 0.58983]
273219643,380987892,2026-09-17 20:42:18,BUY,OUT,0.01,1.10126,6.53,0.0,-0.01,GBPCHF.p,[tp 1.10126]
273220258,380988923,2026-09-17 20:43:16,BUY,OUT,0.01,1.86711,2.16,0.0,-0.01,GBPCAD.p,[tp 1.86711]
273220287,380989033,2026-09-17 20:43:25,BUY,IN,0.01,1.8671,0.0,0.0,-0.01,GBPCAD.p,E25/T4
273224723,380997733,2026-09-17 20:53:18,SELL,OUT,0.01,0.85988,3.62,0.0,-0.01,EURGBP.p,[tp 0.85988]
273238045,381021248,2026-09-17 21:15:00,SELL,IN,0.01,0.85942,0.0,0.0,-0.01,EURGBP.p,E25/T4
273238082,381021315,2026-09-17 21:15:00,BUY,IN,0.01,1.1014599999999999,0.0,0.0,-0.01,GBPCHF.p,E25/T4
273269349,381066854,2026-09-17 22:07:18,SELL,OUT,0.01,1.6141299999999998,0.38,0.0,-0.01,EURAUD.p,[tp 1.61413]
273269462,381067043,2026-09-17 22:07:45,BUY,OUT,0.01,0.94645,1.31,0.0,-0.01,EURCHF.p,[tp 0.94645]
273295471,381103720,2026-09-17 22:55:06,BUY,OUT,0.01,1.6054,0.48,0.0,-0.01,EURCAD.p,[tp 1.60540]
273297766,381107100,2026-09-17 22:59:57,SELL,OUT,0.01,155.98,1.94,0.0,-0.01,USDJPY.p,[tp 155.980]
273298095,381107644,2026-09-17 23:00:06,SELL,IN,0.01,1.6055899999999999,0.0,0.0,-0.01,EURCAD.p,E25/T4
273307461,381122051,2026-09-17 23:30:00,SELL,IN,0.01,155.967,0.0,0.0,-0.01,USDJPY.p,E25/T4
273315243,381136437,2026-09-18 00:45:00,BUY,IN,0.01,0.94656,0.0,0.0,-0.01,EURCHF.p,E25/T4
273317495,381139459,2026-09-18 01:01:26,SELL,OUT,0.01,1.86886,1.26,0.02,-0.01,GBPCAD.p,[tp 1.86886]
273317536,381139583,2026-09-18 01:01:33,SELL,IN,0.01,1.86887,0.0,0.0,-0.01,GBPCAD.p,E25/T4
273359874,381199127,2026-09-18 02:39:35,SELL,OUT,0.01,1.10188,0.51,0.06,-0.01,GBPCHF.p,[tp 1.10188]
273363176,381203858,2026-09-18 02:51:57,SELL,OUT,0.01,208.522,0.37,0.03,-0.01,GBPJPY.p,[tp 208.522]
273413183,381271433,2026-09-18 04:00:00,SELL,IN,0.01,208.674,0.0,0.0,-0.01,GBPJPY.p,E25/T4
273445390,381317240,2026-09-18 04:30:00,SELL,IN,0.01,111.189,0.0,0.0,-0.01,AUDJPY.p,E25/T4
273495553,381386089,2026-09-18 05:34:16,BUY,OUT,0.01,1.8683999999999998,0.34,0.0,-0.01,GBPCAD.p,[tp 1.86840]
273509293,381405598,2026-09-18 05:54:57,SELL,OUT,0.01,0.947,0.53,0.0,-0.01,EURCHF.p,[tp 0.94700]
273510815,381407576,2026-09-18 05:55:47,SELL,OUT,0.01,122.851,-11.89,-0.05,-0.01,SGDJPY.p,[tp 122.851]
273510816,381407577,2026-09-18 05:55:47,SELL,OUT,0.01,122.851,-4.45,-0.05,-0.01,SGDJPY.p,[tp 122.851]
273510817,381407578,2026-09-18 05:55:47,SELL,OUT,0.02,122.851,17.49,-0.06,-0.02,SGDJPY.p,[tp 122.851]
273510888,381407678,2026-09-18 05:55:55,SELL,IN,0.01,122.906,0.0,0.0,-0.01,SGDJPY.p,E25/T4
273510987,381407817,2026-09-18 05:56:00,SELL,OUT,0.01,190.121,-19.72,-0.78,-0.01,CHFJPY.p,[tp 190.121]
273510988,381407818,2026-09-18 05:56:00,SELL,OUT,0.01,190.121,-13.66,-0.72,-0.01,CHFJPY.p,[tp 190.121]
273510989,381407819,2026-09-18 05:56:00,SELL,OUT,0.02,190.121,17.13,-0.76,-0.02,CHFJPY.p,[tp 190.121]
273510990,381407820,2026-09-18 05:56:00,SELL,OUT,0.04,190.121,19.72,-0.85,-0.04,CHFJPY.p,[tp 190.121]
273511045,381407903,2026-09-18 05:56:03,SELL,IN,0.01,190.131,0.0,0.0,-0.01,CHFJPY.p,E25/T4
273515091,381413404,2026-09-18 06:00:00,SELL,IN,0.01,156.655,0.0,0.0,-0.01,USDJPY.p,E25/T4
273515147,381413494,2026-09-18 06:00:00,SELL,IN,0.01,112.044,0.0,0.0,-0.01,CADJPY.p,E25/T4
273519378,381419469,2026-09-18 06:04:51,SELL,OUT,0.01,2.3370699999999998,0.27,-0.0,-0.01,GBPNZD.p,[tp 2.33707]
273519474,381419599,2026-09-18 06:04:59,SELL,IN,0.01,2.33711,0.0,0.0,-0.01,GBPNZD.p,E25/T4
273527092,381430273,2026-09-18 06:15:00,SELL,IN,0.32,1.24613,0.0,0.0,-0.32,AUDNZD.p,E25/T4
